sentence_id,company_id,company_name,report_year,section,sentence_text,matched_surface_forms,matched_core_ids,matched_pattern_ids,candidate_labels,dedup_key,specific_technology_labels,product_labels,ai_general_anchor,company_attribution,status_code,max_embedding_similarity,rule_confidence,final_confidence,is_candidate,evidence_terms,notes,source_file,pdf_page,report_page,subheading,text_type,original_sentence_id,embedding_pass_labels,embedding_review_labels,embedding_score_summary
CAND-00001,000567.SZ,海德股份,2025,研发投入,拟达到的目标：通过数据驱动与智能决策能力建设，显著降低运营成本与合规风险，加速资产包回款周期，强化公司在个贷不良处置领域的科技壁垒，为规模化、平台化发展奠定坚实基础。,智能决策,AIFT-109,ALS-0447,TECH_DECISION,MDAF0000056+TECH_DECISION,TECH_DECISION,,1,COMPANY,WEAK_GENERIC,0.467261,0.6,0.6,1,智能决策,,000567.SZ_海德股份_2025_管理层讨论与分析.pdf,11,20,,表格行,MDAF0000056,,TECH_DECISION,TECH_DECISION=0.4673/0.1675
CAND-00002,000750.SZ,国海证券,2025,业务概要,公司财富管理业务代理客户买卖股票、债券、基金、期货及其他可交易证券，根据客户需求提供全方位、可定制的投资顾问、理财规划、资产配置等服务，同时为专业投资者提供基金运营、投资交易风控系统等服务。,交易风控,AIFT-239,ALS-0970,PRODUCT_PAYMENT,MDAF0000092+PRODUCT_PAYMENT,,PRODUCT_PAYMENT,0,COMPANY,,0.319109,0.45,0.45,1,交易风控,anchor未满足,000750.SZ_国海证券_2025_管理层讨论与分析.pdf,1,27,（一）财富管理业务,正文,MDAF0000092,,PRODUCT_PAYMENT,PRODUCT_PAYMENT=0.3191/-0.0217
CAND-00003,000750.SZ,国海证券,2025,业务概要,传媒、海外、化工、银行、汽车、商社、电新、农业等行业在各大权威评选中具有品牌影响力，在政策、大宗商品、地缘政治、资产配置、新材料、房地产、潮玩、可转债、美债、铝、中药、风电、大众品、游戏、AIGC、港美股、区块链等方向形成了鲜明的特色，荣获新财富杂志、新浪金麒麟、水晶球、全国保险资管协会、金牛奖等最佳分析师权威评选奖项。,AIGC,AIFT-110,ALS-0452,TECH_LLM,MDAF0000108+TECH_LLM,TECH_LLM,,1,UNKNOWN,,0.328306,0.95,0.95,1,AIGC,,000750.SZ_国海证券_2025_管理层讨论与分析.pdf,4,30,（五）研究业务,正文,MDAF0000108,,TECH_LLM,TECH_LLM=0.3283/0.0198
CAND-00004,000750.SZ,国海证券,2025,核心竞争力,作为国内首批设立并在广西区内注册的唯一一家综合性证券公司，也是广西唯一一家上市金融机构，公司扎实落实“一区两地一园一通道”“打造面向东盟的人工智能合作高地”建设等战略部署，在引资、引产、引智上持续发力，助力地方经济和资本市场高质量发展，同时树立了较强的品牌效应，具有较强的品牌认知度和忠诚度，积累了丰富的机构及财富管理客户资源。,人工智能,AIFT-001,ALS-0001,AI_GENERAL,MDAF0000111+AI_GENERAL,,,1,COMPANY,APPLIED,0.378776,0.65,0.65,1,人工智能,,000750.SZ_国海证券_2025_管理层讨论与分析.pdf,7,33,（一）符合国家战略的区位优势,正文,MDAF0000111,,AI_GENERAL,AI_GENERAL=0.3788/0.0158
CAND-00005,000987.SZ,越秀资本,2025,研发投入,升级创新工具底座，接入新一代大模型并引入低代码平台，成功应用于数据填报等场景，并探索资本市场商机挖掘等高阶应用，有效提升运营效率。,大模型,,ANCHOR:大模型,TECH_LLM,MDAF0000206+TECH_LLM,TECH_LLM,,1,UNKNOWN,APPLIED,0.430108,0.8,0.8,1,大模型,,000987.SZ_越秀资本_2025_管理层讨论与分析.pdf,10,23,,正文,MDAF0000206,,TECH_LLM,TECH_LLM=0.4301/0.0273
CAND-00006,000997.SZ,新大陆,2025,业务概要,依托多年在细分领域积累的客户资源及行业经验，公司充分发挥人工智能、边缘计算、大数据等核心技术优势，持续巩固基石产业，积极培育创新赛道，深化全球化布局。,人工智能,AIFT-001,ALS-0001,AI_GENERAL,MDAF0000221+AI_GENERAL,,,1,COMPANY,,0.392976,0.6,0.6,1,人工智能,,000997.SZ_新大陆_2025_管理层讨论与分析.pdf,1,11,,正文,MDAF0000221,,AI_GENERAL,AI_GENERAL=0.3930/0.0443
CAND-00007,000997.SZ,新大陆,2025,业务概要,公司商户运营及增值服务主要聚焦于我国实体经济的重要组成部分——线下中小微商户，以聚合支付为入口，以合规风控为基石，依托公司全场景智能支付设备，结合各类定制化场景解决方案，为商户提供聚合支付、库存管理、会员营销等数字化服务，并通过大数据分析，帮助商户增加收入、提升经营效率、降低运营成本与融资难度。,智能支付,AIFT-238,ALS-0963,PRODUCT_PAYMENT,MDAF0000234+PRODUCT_PAYMENT,,PRODUCT_PAYMENT,0,COMPANY,WEAK_GENERIC,0.476933,0.1,0.1,1,智能支付,anchor未满足；仅弱词无锚点,000997.SZ_新大陆_2025_管理层讨论与分析.pdf,2,12,1、商户运营及增值服务,正文,MDAF0000234,,PRODUCT_PAYMENT,PRODUCT_PAYMENT=0.4769/-0.0217
CAND-00008,000997.SZ,新大陆,2025,业务概要,新大陆识别公司、江苏智联公司、思必拓公司、优迈捷公司主要从事感知识别产品、机器视觉产品及专用芯片的设计、研发和销售，拥有多个自主研发的解码芯片，结合人工智能技术在嵌入式系统底层开发与定制剪裁，形成与各行业应用场景深入匹配的智能化硬件产品与解决方案。,人工智能; 人工智能技术; 机器视觉,AIFT-001; AIFT-071,ALS-0001; ALS-0004; ALS-0295,AI_GENERAL; TECH_CV,MDAF0000236+TECH_CV,TECH_CV,,1,COMPANY,R_AND_D,0.375233,0.85,0.85,1,人工智能; 人工智能技术; 机器视觉,,000997.SZ_新大陆_2025_管理层讨论与分析.pdf,2,12,2、智能感知识别终端业务,正文,MDAF0000236,,AI_GENERAL;TECH_CV,TECH_CV=0.3752/-0.0395; AI_GENERAL=0.3327/-0.0140
CAND-00009,000997.SZ,新大陆,2025,业务概要,杉昊智能公司主要从事线下商户服务平台的研发，整合各类SaaS 产品，结合AI 与大数据处理分析技术为中小微商户提供数字化解决方案，覆盖零售、餐饮、医疗、烟草等多个行业。,AI,AIFT-001,ALS-0002,AI_GENERAL,MDAF0000238+AI_GENERAL,,,1,COMPANY,R_AND_D,0.386096,0.65,0.65,1,AI,,000997.SZ_新大陆_2025_管理层讨论与分析.pdf,2,12,1、商户运营及增值服务,正文,MDAF0000238,,AI_GENERAL,AI_GENERAL=0.3861/0.0689
CAND-00010,000997.SZ,新大陆,2025,业务概要,主要产品线包括一揽子大模型解决方案、大数据框架平台等基础产品和业务系统，同时提供相关系统的咨询、运营、集成、维护和第三方测试等服务，产品和服务涵盖电信运营商业务支撑服务域和网络支撑运营服务域的核心环节。,大模型,,ANCHOR:大模型,TECH_LLM,MDAF0000240+TECH_LLM,TECH_LLM,,1,UNKNOWN,R_AND_D,0.476305,0.8,0.8,1,大模型,,000997.SZ_新大陆_2025_管理层讨论与分析.pdf,3,13,2、电信运营商数字化服务,正文,MDAF0000240,,TECH_LLM,TECH_LLM=0.4763/0.0222
CAND-00011,000997.SZ,新大陆,2025,业务概要,新大陆软件公司是通信行业领先的数智化资产建设服务运营商，以新一代数智化云原生业务系统为平台全栈产品线提供支撑，主要在运营商领域为客户提供企业级大数据、云计算、人工智能等平台、产品、服务，以及业务运营、网络支撑等方面的行业数智化解决方案。,人工智能,AIFT-001,ALS-0001,AI_GENERAL,MDAF0000243+AI_GENERAL,,,1,COMPANY,,0.371705,0.6,0.6,1,人工智能,,000997.SZ_新大陆_2025_管理层讨论与分析.pdf,3,13,2、电信运营商数字化服务,正文,MDAF0000243,,AI_GENERAL,AI_GENERAL=0.3717/-0.0198
CAND-00012,000997.SZ,新大陆,2025,核心竞争力,上述交叉优势进而推动了公司将AI 能力推向行业数字化建设，在商户运营、政务服务、智慧交通、数字身份安全等应用场景中逐渐显现，全方位赋能线下商业场景、制造业等领域的数字化转型升级。,AI,AIFT-001,ALS-0002,AI_GENERAL,MDAF0000245+AI_GENERAL,,,1,COMPANY,APPLIED,0.424623,0.65,0.65,1,AI,,000997.SZ_新大陆_2025_管理层讨论与分析.pdf,7,17,3、多元场景和核心数据处理能力的交叉优势。公司一方面在长期经营中积累了人脸识别、条码识读、,正文,MDAF0000245,,AI_GENERAL,AI_GENERAL=0.4246/-0.0728
CAND-00013,000997.SZ,新大陆,2025,核心竞争力,息智能处理等产业环节中，尤其是数字支付、智能感知识别领域拥有全系列产品和软硬件创新能力，同时伴随人工智能等技术的演进，公司加码AI 算法，通过云侧和边缘侧结合，在全系智能终端上形成边缘侧算法优势，建立分布式算力能力，赋能产业数字化。,人工智能; AI,AIFT-001,ALS-0001; ALS-0002,AI_GENERAL,MDAF0000252+AI_GENERAL,,,1,COMPANY,WEAK_GENERIC,0.413001,0.6,0.6,1,人工智能; AI,,000997.SZ_新大陆_2025_管理层讨论与分析.pdf,7,17,2、端边一体化能力。公司依靠自主创新形成的产业核心技术，在物联网的信息识读、信息传输、信,正文,MDAF0000252,,AI_GENERAL,AI_GENERAL=0.4130/-0.0281
CAND-00014,000997.SZ,新大陆,2025,研发投入,主要研发项目名称：人工智能赋能的高端智能支付系统软件研发。,人工智能; 智能支付,AIFT-001; AIFT-238,ALS-0001; ALS-0963,AI_GENERAL; PRODUCT_PAYMENT,MDAF0000287+PRODUCT_PAYMENT,,PRODUCT_PAYMENT,1,UNKNOWN,R_AND_D,0.459761,0.6,0.6,1,人工智能; 智能支付,,000997.SZ_新大陆_2025_管理层讨论与分析.pdf,18,28,,表格行,MDAF0000287,,AI_GENERAL;PRODUCT_PAYMENT,AI_GENERAL=0.4598/0.0894; PRODUCT_PAYMENT=0.4126/-0.0060
CAND-00015,000997.SZ,新大陆,2025,研发投入,主要研发项目名称：商户AI 智能审核平台。,AI,AIFT-001,ALS-0002,AI_GENERAL,MDAF0000288+AI_GENERAL,,,1,UNKNOWN,R_AND_D,0.438139,0.6,0.6,1,AI,,000997.SZ_新大陆_2025_管理层讨论与分析.pdf,18,28,,表格行,MDAF0000288,,AI_GENERAL,AI_GENERAL=0.4381/0.0755
CAND-00016,000997.SZ,新大陆,2025,研发投入,主要研发项目名称：基于银联一体化终端安全规范与开放生态的技术创新下的智能支付终端系统研发。,智能支付,AIFT-238,ALS-0963,PRODUCT_PAYMENT,MDAF0000289+PRODUCT_PAYMENT,,PRODUCT_PAYMENT,0,UNKNOWN,R_AND_D,0.459362,0.25,0.25,1,智能支付,anchor未满足,000997.SZ_新大陆_2025_管理层讨论与分析.pdf,18,28,,表格行,MDAF0000289,,PRODUCT_PAYMENT,PRODUCT_PAYMENT=0.4594/0.0075
CAND-00017,000997.SZ,新大陆,2025,研发投入,拟达到的目标：构筑公司智能支付核心技术壁垒。,智能支付,AIFT-238,ALS-0963,PRODUCT_PAYMENT,MDAF0000302+PRODUCT_PAYMENT,,PRODUCT_PAYMENT,0,COMPANY,,0.476969,0.1,0.1,1,智能支付,anchor未满足；仅弱词无锚点,000997.SZ_新大陆_2025_管理层讨论与分析.pdf,18,28,,表格行,MDAF0000302,,PRODUCT_PAYMENT,PRODUCT_PAYMENT=0.4770/0.0504
CAND-00018,000997.SZ,新大陆,2025,研发投入,项目目的：开发安全合规的智能支付终端。,智能支付,AIFT-238,ALS-0963,PRODUCT_PAYMENT,MDAF0000304+PRODUCT_PAYMENT,,PRODUCT_PAYMENT,0,UNKNOWN,R_AND_D,0.48941,0.25,0.25,1,智能支付,anchor未满足,000997.SZ_新大陆_2025_管理层讨论与分析.pdf,18,28,,表格行,MDAF0000304,,PRODUCT_PAYMENT,PRODUCT_PAYMENT=0.4894/0.0468
CAND-00019,000997.SZ,新大陆,2025,研发投入,项目目的：构建 AI 驱动的智能支付核心。,AI; 智能支付,AIFT-001; AIFT-238,ALS-0002; ALS-0963,AI_GENERAL; PRODUCT_PAYMENT,MDAF0000307+PRODUCT_PAYMENT,,PRODUCT_PAYMENT,1,UNKNOWN,R_AND_D,0.486828,0.6,0.6,1,AI; 智能支付,,000997.SZ_新大陆_2025_管理层讨论与分析.pdf,18,28,,表格行,MDAF0000307,,AI_GENERAL;PRODUCT_PAYMENT,PRODUCT_PAYMENT=0.4868/0.0548; AI_GENERAL=0.4383/0.0487
CAND-00020,000997.SZ,新大陆,2025,研发投入,预计对公司未来发展的影响：提升数字商业板块智能风控能力。,智能风控,AIFT-173,ALS-0701,PRODUCT_CREDIT,MDAF0000313+PRODUCT_CREDIT,,PRODUCT_CREDIT,0,COMPANY,,0.532923,0.95,0.95,1,智能风控,,000997.SZ_新大陆_2025_管理层讨论与分析.pdf,18,28,,表格行,MDAF0000313,,PRODUCT_CREDIT,PRODUCT_CREDIT=0.5329/0.1845
CAND-00021,002537.SZ,海联金汇,2025,核心竞争力,在合同评审环节，通过AI 辅助信息提取、智能比对及自动处理，相关业务流程效率提升近40%；在办公协同环节，依托AI 办公模块实现智能文档、会议纪要自动生成等，大幅减少员工重复性、机械性的文案工作，提升办公效率；在数据分析环节，通过落实智能报表建设，覆盖采购、生产、销售等关键节点，数据处理与经营分析能力得以提升，“数智化”水平不断提高。,AI,AIFT-001,ALS-0002,AI_GENERAL,MDAF0000449+AI_GENERAL,,,1,UNKNOWN,COMMERCIAL,0.429236,0.6,0.6,1,AI,,002537.SZ_海联金汇_2025_管理层讨论与分析.pdf,7,16,（四）深化AI 技术应用赋能，智能驱动、管理提效,正文,MDAF0000449,,AI_GENERAL,AI_GENERAL=0.4292/0.0491
CAND-00022,002537.SZ,海联金汇,2025,核心竞争力,在数字化转型升级过程中，公司积极推动AI 技术与业务场景深度融合，围绕合同评审、办公协同、数据分析等环节全面落地智能应用，助力管理提效。,AI,AIFT-001,ALS-0002,AI_GENERAL,MDAF0000450+AI_GENERAL,,,1,COMPANY,APPLIED,0.484803,0.65,0.65,1,AI,,002537.SZ_海联金汇_2025_管理层讨论与分析.pdf,7,16,（四）深化AI 技术应用赋能，智能驱动、管理提效,正文,MDAF0000450,,AI_GENERAL,AI_GENERAL=0.4848/0.0256
CAND-00023,002537.SZ,海联金汇,2025,研发投入,与模具传热学原理，开发分区精准控温与流量动态平衡技术，实现对复杂形状模具冷却速率的精确控制：1.个性化上行路由技术：通过创建智能路由表，实现上行短信的精准分发，显著提升处理效率； 2.共享黑名单智能管理：构建支持亿级数据量的黑名单库，实现短信内容的实时智能过滤； 3.多维度短信内容审核：结合白模板、黑模板与人工审核流程，确保短信内容的。,智能路由,AIFT-241,ALS-0975,PRODUCT_PAYMENT,MDAF0000480+PRODUCT_PAYMENT,,PRODUCT_PAYMENT,0,UNKNOWN,R_AND_D,0.452808,0.25,0.25,1,智能路由,anchor未满足,002537.SZ_海联金汇_2025_管理层讨论与分析.pdf,13,22,,表格行,MDAF0000480,,PRODUCT_PAYMENT,PRODUCT_PAYMENT=0.4528/0.1091
CAND-00024,002537.SZ,海联金汇,2025,研发投入,与模具传热学原理，开发分区精准控温与流量动态平衡技术，实现对复杂形状模具冷却速率的精确控制：采用最新的高功率光纤激光器技术，能量利用率高、切割速度快，满足工业化生产的需求；结合人工智能和机器人技术，实现全自动化的切割和上下料过程，减少人工干预，提高生产效率。,人工智能,AIFT-001,ALS-0001,AI_GENERAL,MDAF0000508+AI_GENERAL,,,1,UNKNOWN,R_AND_D,0.32174,0.6,0.6,1,人工智能,,002537.SZ_海联金汇_2025_管理层讨论与分析.pdf,13,22,,表格行,MDAF0000508,,AI_GENERAL,AI_GENERAL=0.3217/0.1043
CAND-00025,002647.SZ,仁东控股,2025,业务概要,经过不断地丰富和发展，目前合利宝业务涵盖智慧零售、金融科技、跨境支付、电商文化、旅游出行、教育考试等多个领域，推出了多种创新扫码支付产品，比如智能POS 机、4G 云音响、4G 语音台卡、立牌、贴纸等，智慧支付解决方案已聚合多种支付渠道，涵盖支付宝、微信、云闪付等多种支付方式，能够满足消费者多样化的付款需求，显著提高商家收银效率，为数百万商户提供可靠的支付及增值服务，交易额稳居头部，是国内领先的第三方支付机构。,智慧支付,AIFT-238,ALS-0965,PRODUCT_PAYMENT,MDAF0000521+PRODUCT_PAYMENT,,PRODUCT_PAYMENT,0,UNKNOWN,APPLIED,0.437155,0.25,0.25,1,智慧支付,anchor未满足,002647.SZ_仁东控股_2025_管理层讨论与分析.pdf,1,10,,正文,MDAF0000521,,PRODUCT_PAYMENT,PRODUCT_PAYMENT=0.4372/-0.1049
CAND-00026,002647.SZ,仁东控股,2025,业务概要,公司秉承“支付赋能产业，AI 引领未来”的战略愿景，构建智能科技生态闭环，打造共生、共创、共享的智能科技产业生态。,AI,AIFT-001,ALS-0002,AI_GENERAL,MDAF0000527+AI_GENERAL,,,1,COMPANY,R_AND_D,0.427871,0.65,0.65,1,AI,,002647.SZ_仁东控股_2025_管理层讨论与分析.pdf,2,11,5、积极谋划业务第二增长曲线,正文,MDAF0000527,,AI_GENERAL,AI_GENERAL=0.4279/0.0613
CAND-00027,002647.SZ,仁东控股,2025,核心竞争力,为满足客户便捷化的服务需求，合利宝智能客户系统实现全新升级，能自主优化系统流程，提升人机协作水平，准确理解用户需求并解决问题，目前合利宝已搭建包括智能客服系统、人工客服等在内的全新多元化客服载体，随时对用户发起的提问做出响应。,智能客服,AIFT-204,ALS-0826,PRODUCT_CUSTOMER,MDAF0000537+PRODUCT_CUSTOMER,,PRODUCT_CUSTOMER,0,UNKNOWN,R_AND_D,0.452369,0.95,0.95,1,智能客服,,002647.SZ_仁东控股_2025_管理层讨论与分析.pdf,3,12,3、产品及服务优势。合利宝针对不同行业的商户，按需定制个性化的智慧经营解决方案，围绕产业支付需求，提供,正文,MDAF0000537,,PRODUCT_CUSTOMER,PRODUCT_CUSTOMER=0.4524/0.1057
CAND-00028,002647.SZ,仁东控股,2025,研发投入,争护城河：依据客户的需求，融合智能算法，持续优化最优换汇策略模型，为客户提供一站式、低成本、多元化的外汇解决方案，全面提升资金运营效率与体验。,智能算法,AIFT-001,ALS-0006,AI_GENERAL,MDAF0000563+AI_GENERAL,,,1,UNKNOWN,R_AND_D,0.29817,0.6,0.6,1,智能算法,,002647.SZ_仁东控股_2025_管理层讨论与分析.pdf,8,17,,表格行,MDAF0000563,,AI_GENERAL,AI_GENERAL=0.2982/0.0135
CAND-00029,002647.SZ,仁东控股,2025,研发投入,争护城河：基于大数据构建智能化、系统化的风控机制，聚焦于事前智能化风险评估与事后系统化交易核验，并结合事中多维度风控模型，形成覆盖交易全流程、智能化的风险监测体系。,系统化交易,AIFT-217,ALS-0881,PRODUCT_INVEST,MDAF0000569+PRODUCT_INVEST,,PRODUCT_INVEST,0,UNKNOWN,R_AND_D,0.490778,0.25,0.25,1,系统化交易,anchor未满足,002647.SZ_仁东控股_2025_管理层讨论与分析.pdf,8,17,,表格行,MDAF0000569,,PRODUCT_INVEST,PRODUCT_INVEST=0.4908/0.0850
CAND-00030,002647.SZ,仁东控股,2025,研发投入,争护城河：打造一个全线上化、 智能化的商户自助注册与身份认证平台， 支持多语言、多证件类型识别与自动校验，简化入驻流程， 提升审核效率，帮助中小型企业快速完成入网并开展业务，降低人工介入与操作成本。,身份认证,AIFT-195,ALS-0792,PRODUCT_FRAUD,MDAF0000574+PRODUCT_FRAUD,,PRODUCT_FRAUD,0,UNKNOWN,WEAK_GENERIC,0.487386,0.1,0.1,1,身份认证,anchor未满足；仅弱词无锚点,002647.SZ_仁东控股_2025_管理层讨论与分析.pdf,8,17,,表格行,MDAF0000574,,PRODUCT_FRAUD,PRODUCT_FRAUD=0.4874/0.1143
CAND-00031,002657.SZ,中科金财,2025,业务概要,公司AI 业务流程智能体原生平台通过国家工业信息安全发展研究中心软件所“软件智能化成熟度等级”测评，在智能理解与生成、智能交互、智能分析与决策、智能检索与智能集成这五方面均满足三级能力要求。,AI; 智能检索; 智能体,AIFT-001; AIFT-049; AIFT-128,ALS-0002; ALS-0200; ALS-0523,AI_GENERAL; TECH_NLP,MDAF0000620+TECH_NLP,TECH_NLP,,1,COMPANY,WEAK_GENERIC,0.502281,0.8,0.8,1,AI; 智能检索; 智能体,,002657.SZ_中科金财_2025_管理层讨论与分析.pdf,1,10,（一）人工智能综合服务,正文,MDAF0000620,,AI_GENERAL;TECH_NLP,AI_GENERAL=0.5023/0.1002; TECH_NLP=0.4112/0.0852
CAND-00032,002657.SZ,中科金财,2025,业务概要,公司与阿里云、百度、火山引擎等头部厂商建立了稳固共赢的生态合作，合作范围覆盖基础设施、平台工具、产品实施、场景交付全链条服务，解决方案及应用更趋多元丰富，覆盖AI 原生智能体平台、知识库、智能营销、智能问数、全流程智能贷款、手机银行、OCR、客户画像等核心场景，合作客户覆盖股份制、城商行、农商农信、证券、保险等金融机构。,AI; OCR; 智能体; 客户画像; 智能营销,AIFT-001; AIFT-079; AIFT-128; AIFT-206; AIFT-208,ALS-0002; ALS-0326; ALS-0523; ALS-0835; ALS-0844,AI_GENERAL; PRODUCT_CUSTOMER; TECH_CV; TECH_LLM,MDAF0000621+TECH_CV,TECH_CV; TECH_LLM,PRODUCT_CUSTOMER,1,COMPANY,COMMERCIAL,0.552056,0.85,0.85,1,AI; OCR; 智能体; 客户画像; 智能营销,,002657.SZ_中科金财_2025_管理层讨论与分析.pdf,1,10,（一）人工智能综合服务,正文,MDAF0000621,,AI_GENERAL;PRODUCT_CUSTOMER;TECH_CV;TECH_LLM,TECH_LLM=0.5521/0.2305; AI_GENERAL=0.4325/0.0239; PRODUCT_CUSTOMER=0.4274/0.1163; TECH_CV=0.4117/0.1652
CAND-00033,002657.SZ,中科金财,2025,业务概要,公司坚守AI-Native 技术设计理念，以本体构建、语义模型研发为核心技术架构，整合动力层与动态层形成完善技术框架，着力推动业务与技术的深度融合，全力搭建从底层架构、交互逻辑到应用场景均以AI 为核心进行重构的人工智能服务链条。,人工智能; AI,AIFT-001,ALS-0001; ALS-0002,AI_GENERAL,MDAF0000622+AI_GENERAL,,,1,COMPANY,APPLIED,0.494012,0.65,0.65,1,人工智能; AI,,002657.SZ_中科金财_2025_管理层讨论与分析.pdf,1,10,（一）人工智能综合服务,正文,MDAF0000622,,AI_GENERAL,AI_GENERAL=0.4940/0.0613
CAND-00034,002657.SZ,中科金财,2025,业务概要,公司建立了多层次生态合作模式，覆盖AI 全产业链合作。,AI,AIFT-001,ALS-0002,AI_GENERAL,MDAF0000623+AI_GENERAL,,,1,COMPANY,,0.427991,0.6,0.6,1,AI,,002657.SZ_中科金财_2025_管理层讨论与分析.pdf,1,10,（一）人工智能综合服务,正文,MDAF0000623,,AI_GENERAL,AI_GENERAL=0.4280/0.0396
CAND-00035,002657.SZ,中科金财,2025,业务概要,公司立足于全球AI 发展前沿，与国际国内AI 领域各龙头企业建立广泛联系与合作，保持科技的领先性和业务的前瞻性，坚持大客户战略，加大研发投入，进一步推动AI 技术在垂类行业的落地。,AI,AIFT-001,ALS-0002,AI_GENERAL,MDAF0000625+AI_GENERAL,,,1,COMPANY,APPLIED,0.476877,0.65,0.65,1,AI,,002657.SZ_中科金财_2025_管理层讨论与分析.pdf,1,10,（一）人工智能综合服务,正文,MDAF0000625,,AI_GENERAL,AI_GENERAL=0.4769/-0.0030
CAND-00036,002657.SZ,中科金财,2025,业务概要,公司遵循国家数字经济发展方向，以数字科技为切入点，围绕金融机构、政府与公共事业、企业等客户群体，提供人工智能综合服务、金融科技综合服务和数据中心综合服务，通过科技赋能帮助客户实现新一轮数字化、智能化升级。,人工智能,AIFT-001,ALS-0001,AI_GENERAL,MDAF0000626+AI_GENERAL,,,1,COMPANY,R_AND_D,0.494632,0.65,0.65,1,人工智能,,002657.SZ_中科金财_2025_管理层讨论与分析.pdf,1,10,,正文,MDAF0000626,,AI_GENERAL,AI_GENERAL=0.4946/0.0076
CAND-00037,002657.SZ,中科金财,2025,业务概要,在生态合作方面，公司构建了“头部AI 厂商合作＋小B 协同赋能”双轮驱动的生态体系，整合行业上下游，形成“理论研究—技术研发—场景适配—项目交付—价值变现”全链条闭环。,AI,AIFT-001,ALS-0002,AI_GENERAL,MDAF0000627+AI_GENERAL,,,1,COMPANY,COMMERCIAL,0.421033,0.65,0.65,1,AI,,002657.SZ_中科金财_2025_管理层讨论与分析.pdf,1,10,（一）人工智能综合服务,正文,MDAF0000627,,AI_GENERAL,AI_GENERAL=0.4210/0.0444
CAND-00038,002657.SZ,中科金财,2025,业务概要,截至目前，公司在人工智能领域累计获得《基于大模型的本体建模平台V1.0》《基于本体的智能问数平台V1.0》《AI 业务流程智能体原生平台V1.0》《多模态大模型数据集及数据管理平台V1.0》《银行大模型应用及大模型管理平台 V1.0》《多模态AI 视频工具平台 V1.0》等178项软件著作权、13项发明专利。,人工智能; AI; 本体建模; 多模态大模型; 智能体; 建模平台; 模型管理平台; 大模型,AIFT-001; AIFT-103; AIFT-116; AIFT-128; AIFT-149; AIFT-153,ALS-0001; ALS-0002; ALS-0422; ALS-0475; ALS-0523; ALS-0608; ALS-0621; ANCHOR:大模型,AI_ENGINEERING; AI_GENERAL; TECH_KG; TECH_LLM,MDAF0000628+TECH_KG,TECH_KG; TECH_LLM,,1,COMPANY,APPLIED,0.518413,0.85,0.85,1,人工智能; AI; 本体建模; 多模态大模型; 智能体; 建模平台; 模型管理平台; 大模型,,002657.SZ_中科金财_2025_管理层讨论与分析.pdf,1,10,（一）人工智能综合服务,正文,MDAF0000628,,AI_ENGINEERING;AI_GENERAL;TECH_KG;TECH_LLM,AI_GENERAL=0.5184/0.1142; AI_ENGINEERING=0.4913/0.2347; TECH_LLM=0.4609/0.0283; TECH_KG=0.3087/0.0812
CAND-00039,002657.SZ,中科金财,2025,业务概要,"报告期内，公司人工智能综合服务业务结构优化，人工智能综合服务营业收入217,938,046.6元，较上年同期上升7.27%；毛利额72,903,446.12元，较上年同期上升69.58%；毛利率33.45%，较上年同期提升12.29个百分点，销售合同签订金额270,151,625.85元，续签客户数量达77.48%。",人工智能,AIFT-001,ALS-0001,AI_GENERAL,MDAF0000629+AI_GENERAL,,,1,COMPANY,COMMERCIAL,0.362244,0.65,0.65,1,人工智能,,002657.SZ_中科金财_2025_管理层讨论与分析.pdf,1,10,（一）人工智能综合服务,正文,MDAF0000629,,AI_GENERAL,AI_GENERAL=0.3622/0.0196
CAND-00040,002657.SZ,中科金财,2025,业务概要,报告期内，公司在AI 本体应用、AI Agent 等方向投入研发，并形成解决方案。,AI; Agent; AI Agent,AIFT-001; AIFT-128; AIFT-129,ALS-0002; ALS-0524; ALS-0529,AI_GENERAL; TECH_LLM,MDAF0000630+TECH_LLM,TECH_LLM,,1,COMPANY,APPLIED,0.521308,0.85,0.85,1,AI; Agent; AI Agent,,002657.SZ_中科金财_2025_管理层讨论与分析.pdf,1,10,（一）人工智能综合服务,正文,MDAF0000630,,AI_GENERAL;TECH_LLM,AI_GENERAL=0.5213/0.0641; TECH_LLM=0.4254/0.0143
CAND-00041,002657.SZ,中科金财,2025,业务概要,报告期内，公司深度聚焦银行智能化转型需求，持续打造和增强覆盖银行前、中、后台的全链路智能银行解决方案，在数据治理、软件开发与维护、数据库建设等领域落地项目，以数据为驱动，以智能化为引擎，助力银行突破传统服务边界，实现效率提升、风险可控与业务创新的协同发展。,数据治理,AIFT-168,ALS-0681,AI_ENGINEERING,MDAF0000638+AI_ENGINEERING,,,0,COMPANY,APPLIED,0.424769,0.3,0.3,1,数据治理,anchor未满足,002657.SZ_中科金财_2025_管理层讨论与分析.pdf,2,11,（二）金融科技综合服务,正文,MDAF0000638,,AI_ENGINEERING,AI_ENGINEERING=0.4248/0.0613
CAND-00042,002657.SZ,中科金财,2025,核心竞争力,伴随着软件及信息技术的不断迭代，公司在软件集成、大数据、人工智能等领域不断拓展，得到政府部门、资本市场与社会各界的广泛认可。,人工智能,AIFT-001,ALS-0001,AI_GENERAL,MDAF0000642+AI_GENERAL,,,1,COMPANY,R_AND_D,0.422549,0.65,0.65,1,人工智能,,002657.SZ_中科金财_2025_管理层讨论与分析.pdf,5,14,1、在数字经济领域长期坚定的发展战略和广受信任的品牌形象,正文,MDAF0000642,,AI_GENERAL,AI_GENERAL=0.4225/0.0124
CAND-00043,002657.SZ,中科金财,2025,核心竞争力,公司成立至今，获得北京市“四个一批”工程企业、中关村“十百千工程”及新锐百强企业、中关村最具影响力星级企业、中国软件和信息服务综合竞争力百强企业、北京市软件和信息服务业综合实力百强企业、中国智能运维百强企业、中关村TOP100 高成长企业、中国十佳金融行业软件开发商、中国金融科技竞争力百强企业、中国金软件金服务十大杰出企业、AAA 级信用企业。,智能运维,AIFT-262,ALS-1060,APP_INTERNAL,MDAF0000643+APP_INTERNAL,,,0,COMPANY,R_AND_D,0.369274,0.3,0.3,1,智能运维,anchor未满足,002657.SZ_中科金财_2025_管理层讨论与分析.pdf,5,14,1、在数字经济领域长期坚定的发展战略和广受信任的品牌形象,正文,MDAF0000643,,APP_INTERNAL,APP_INTERNAL=0.3693/0.1174
CAND-00044,002657.SZ,中科金财,2025,核心竞争力,公司累计参与了《信息技术服务-分类与代码》《区块链和分布式记账技术》等6项国家标准制定，参与了《信息技术服务-咨询设计》《银行监管报表 XBRL 扩展分类标准》《票据自助柜员机（ATM）终端规范》3项行业标准制定，参与了《软件技能人才评价规范》《工业区块链应用参考架构和使用要求》《信息技术服务运行维护服务能力成熟度模型》《基于大模型的数字人系统技术要求和评估方法》4项团体标准制定。,大模型,,ANCHOR:大模型,TECH_LLM,MDAF0000645+TECH_LLM,TECH_LLM,,1,COMPANY,APPLIED,0.364979,0.85,0.85,1,大模型,,002657.SZ_中科金财_2025_管理层讨论与分析.pdf,5,14,1、在数字经济领域长期坚定的发展战略和广受信任的品牌形象,正文,MDAF0000645,,TECH_LLM,TECH_LLM=0.3650/0.0396
CAND-00045,002657.SZ,中科金财,2025,核心竞争力,AI 头部厂商在算力供给、大模型研发及产品工具领域优势显著，公司凭借深耕金融领域二十余年的场景落地能力与其形成了高度战略互补。,AI; 大模型,AIFT-001,ALS-0002; ANCHOR:大模型,AI_GENERAL; TECH_LLM,MDAF0000647+TECH_LLM,TECH_LLM,,1,COMPANY,APPLIED,0.517352,0.85,0.85,1,AI; 大模型,,002657.SZ_中科金财_2025_管理层讨论与分析.pdf,6,15,2、立足全球技术发展前沿，紧跟技术创新趋势，与科技产业龙头、行业伙伴精诚合作,正文,MDAF0000647,,AI_GENERAL;TECH_LLM,TECH_LLM=0.5174/0.1198; AI_GENERAL=0.4856/0.0740
CAND-00046,002657.SZ,中科金财,2025,核心竞争力,公司与北京区块链技术应用协会、中关村创新研修学院、阿里云等科研机构及行业领军企业共同推出《中国通用人工智能发展报告（2025）》，与区块链技术与数据安全工信部重点实验室、北京区块链技术应用协会共同推出《中国互联网3.0 发展报告（2025）》，以上报告均由公司董事长朱烨东担任主编，获得了诸多业内专家的一致认可及行业用户的高度重视。,人工智能,AIFT-001,ALS-0001,AI_GENERAL,MDAF0000651+AI_GENERAL,,,1,COMPANY,APPLIED,0.358756,0.65,0.65,1,人工智能,,002657.SZ_中科金财_2025_管理层讨论与分析.pdf,6,15,1、在数字经济领域长期坚定的发展战略和广受信任的品牌形象,正文,MDAF0000651,,AI_GENERAL,AI_GENERAL=0.3588/0.0352
CAND-00047,002657.SZ,中科金财,2025,核心竞争力,公司与头部AI 厂商合作范围覆盖基础设施、平台工具、产品实施、场景交付全链条服务，落地应用多元丰富，覆盖AI 原生智能体平台、知识库、智能营销、智能问数、全流程智能贷款、手机银行、OCR、客户画像等核心场景，合作客户覆盖股份制银行、城商行、农商农信、证券、保险等金融机构。,AI; OCR; 智能体; 客户画像; 智能营销,AIFT-001; AIFT-079; AIFT-128; AIFT-206; AIFT-208,ALS-0002; ALS-0326; ALS-0523; ALS-0835; ALS-0844,AI_GENERAL; PRODUCT_CUSTOMER; TECH_CV; TECH_LLM,MDAF0000653+TECH_CV,TECH_CV; TECH_LLM,PRODUCT_CUSTOMER,1,COMPANY,APPLIED,0.570032,0.85,0.85,1,AI; OCR; 智能体; 客户画像; 智能营销,,002657.SZ_中科金财_2025_管理层讨论与分析.pdf,6,15,2、立足全球技术发展前沿，紧跟技术创新趋势，与科技产业龙头、行业伙伴精诚合作,正文,MDAF0000653,,AI_GENERAL;PRODUCT_CUSTOMER;TECH_CV;TECH_LLM,TECH_LLM=0.5700/0.2178; AI_GENERAL=0.5133/0.0738; PRODUCT_CUSTOMER=0.4311/0.1102; TECH_CV=0.4132/0.1440
CAND-00048,002657.SZ,中科金财,2025,核心竞争力,公司以银行为核心客户群体，累计服务国内外银行客户500 余家，落地交付银行项目6200 余个，打造了一支专业领先、经验丰富的银行业务及技术团队，形成了扎实的AI 技术能力、业务数据治理能力及业务Know-How。,AI; 数据治理,AIFT-001; AIFT-168,ALS-0002; ALS-0681,AI_ENGINEERING; AI_GENERAL,MDAF0000654+AI_ENGINEERING,,,1,COMPANY,COMMERCIAL,0.501006,0.65,0.65,1,AI; 数据治理,,002657.SZ_中科金财_2025_管理层讨论与分析.pdf,6,15,3、AI 技术+业务数据治理能力+业务Know-How，铸就银行业数智化服务核心竞争力,正文,MDAF0000654,,AI_ENGINEERING;AI_GENERAL,AI_GENERAL=0.5010/0.1029; AI_ENGINEERING=0.4564/0.1209
CAND-00049,002657.SZ,中科金财,2025,核心竞争力,公司凭借基于本体理论的业务模型、业务数据治理及语义模型领域的前瞻性布局与技术积淀，构筑起差异化竞争优势。,数据治理,AIFT-168,ALS-0681,AI_ENGINEERING,MDAF0000656+AI_ENGINEERING,,,0,COMPANY,,0.38217,0.1,0.1,1,数据治理,anchor未满足；仅弱词无锚点,002657.SZ_中科金财_2025_管理层讨论与分析.pdf,6,15,3、AI 技术+业务数据治理能力+业务Know-How，铸就银行业数智化服务核心竞争力,正文,MDAF0000656,,AI_ENGINEERING,AI_ENGINEERING=0.3822/0.0392
CAND-00050,002657.SZ,中科金财,2025,核心竞争力,公司研发的业务数据治理体系，通过统一业务术语、指标口径、实体关系与业务规则，构建覆盖全业务域的语义标准与知识图谱，实现数据从技术字段到业务知识的转化，破解跨系统数据孤岛、用数门槛高、AI 应用语义偏差等痛点。,AI; 知识图谱; 数据治理,AIFT-001; AIFT-089; AIFT-168,ALS-0002; ALS-0365; ALS-0681,AI_ENGINEERING; AI_GENERAL; TECH_KG,MDAF0000660+TECH_KG,TECH_KG,,1,COMPANY,APPLIED,0.468675,0.85,0.85,1,AI; 知识图谱; 数据治理,,002657.SZ_中科金财_2025_管理层讨论与分析.pdf,6,15,3、AI 技术+业务数据治理能力+业务Know-How，铸就银行业数智化服务核心竞争力,正文,MDAF0000660,,AI_ENGINEERING;AI_GENERAL;TECH_KG,AI_GENERAL=0.4687/0.1241; TECH_KG=0.4394/0.1246; AI_ENGINEERING=0.4258/-0.0236
CAND-00051,002657.SZ,中科金财,2025,核心竞争力,公司与清华大学五道口金融学院、南开大学金融学院、中国信通院开展战略合作，和昆山杜克大学建立了人工智能联合实验室，以及和北京邮电大学开展深入科研合作，形成了整套“产学研用”研发培训、协同创新体系。,人工智能,AIFT-001,ALS-0001,AI_GENERAL,MDAF0000667+AI_GENERAL,,,1,COMPANY,R_AND_D,0.407826,0.65,0.65,1,人工智能,,002657.SZ_中科金财_2025_管理层讨论与分析.pdf,7,16,5、以客户为中心，前瞻且全面的科技创新能力,正文,MDAF0000667,,AI_GENERAL,AI_GENERAL=0.4078/0.0860
CAND-00052,002657.SZ,中科金财,2025,核心竞争力,公司长期以来为金融机构、政府与公共事业、企业客户提供人工智能、金融科技、数据中心等科技服务。,人工智能,AIFT-001,ALS-0001,AI_GENERAL,MDAF0000669+AI_GENERAL,,,1,COMPANY,,0.604978,0.6,0.6,1,人工智能,,002657.SZ_中科金财_2025_管理层讨论与分析.pdf,7,16,5、以客户为中心，前瞻且全面的科技创新能力,正文,MDAF0000669,,AI_GENERAL,AI_GENERAL=0.6050/0.0999
CAND-00053,002657.SZ,中科金财,2025,核心竞争力,针对AI 技术在垂类行业规模化应用过程中面临的自然语言理解不足、业务场景适配有限、专业逻辑转化不畅等核心难点，公司积极整合外部专业高端智力资源，组建由国内语言学专家、社会学专家、哲学专家等构成的咨询团队，形成“技术人才攻坚+专家智库赋能”的协同创新模式，持续强化在AI 垂直场景应用领域的差异化竞争优势。,AI; 自然语言理解,AIFT-001; AIFT-038,ALS-0002; ALS-0158,AI_GENERAL; TECH_NLP,MDAF0000673+TECH_NLP,TECH_NLP,,1,COMPANY,APPLIED,0.433854,0.85,0.85,1,AI; 自然语言理解,,002657.SZ_中科金财_2025_管理层讨论与分析.pdf,7,16,5、以客户为中心，前瞻且全面的科技创新能力,正文,MDAF0000673,,AI_GENERAL;TECH_NLP,AI_GENERAL=0.4339/-0.0092; TECH_NLP=0.3552/0.0536
CAND-00054,002657.SZ,中科金财,2025,研发投入,预计对公司未来发展：业务流程智能体研发项目。,智能体,AIFT-128,ALS-0523,AI_GENERAL,MDAF0000675+AI_GENERAL,,,1,COMPANY,R_AND_D,0.600709,0.6,0.6,1,智能体,,002657.SZ_中科金财_2025_管理层讨论与分析.pdf,12,21,,表格行,MDAF0000675,,AI_GENERAL,AI_GENERAL=0.6007/0.3064
CAND-00055,002657.SZ,中科金财,2025,研发投入,预计对公司未来发展：利用业务流程管理与 AI Agent 等技术对银行业务流程进行全链路智能重构，智能化升级银行业务管理和运营模式，支持业务流程自动化编排、调度和执行，实现降本增效。,AI; Agent; AI Agent,AIFT-001; AIFT-128; AIFT-129,ALS-0002; ALS-0524; ALS-0529,AI_GENERAL; TECH_LLM,MDAF0000680+TECH_LLM,TECH_LLM,,1,COMPANY,R_AND_D,0.478795,0.85,0.85,1,AI; Agent; AI Agent,,002657.SZ_中科金财_2025_管理层讨论与分析.pdf,12,21,,表格行,MDAF0000680,,AI_GENERAL;TECH_LLM,TECH_LLM=0.4788/0.2085; AI_GENERAL=0.4673/-0.0138
CAND-00056,002657.SZ,中科金财,2025,研发投入,预计对公司未来发展：基于大模型的OCR 识别平台研发项目。,OCR; 大模型,AIFT-079,ALS-0326; ANCHOR:大模型,TECH_CV; TECH_LLM,MDAF0000682+TECH_CV,TECH_CV; TECH_LLM,,1,COMPANY,R_AND_D,0.562985,0.85,0.85,1,OCR; 大模型,,002657.SZ_中科金财_2025_管理层讨论与分析.pdf,12,21,,表格行,MDAF0000682,,TECH_CV;TECH_LLM,TECH_CV=0.5630/0.2073; TECH_LLM=0.4448/0.0545
CAND-00057,002657.SZ,中科金财,2025,研发投入,预计对公司未来发展：应用AI 技术处理银行影像数据。,AI,AIFT-001,ALS-0002,AI_GENERAL,MDAF0000683+AI_GENERAL,,,1,COMPANY,APPLIED,0.567832,0.65,0.65,1,AI,,002657.SZ_中科金财_2025_管理层讨论与分析.pdf,12,21,,表格行,MDAF0000683,,AI_GENERAL,AI_GENERAL=0.5678/0.0420
CAND-00058,002657.SZ,中科金财,2025,研发投入,预计对公司未来发展：建成具备多语言、复杂排版识别能力的 OCR 识别平台，赋能业务场景。,OCR,AIFT-079,ALS-0326,TECH_CV,MDAF0000684+TECH_CV,TECH_CV,,1,COMPANY,,0.582355,0.8,0.8,1,OCR,,002657.SZ_中科金财_2025_管理层讨论与分析.pdf,12,21,,表格行,MDAF0000684,,TECH_CV,TECH_CV=0.5824/0.2218
CAND-00059,002657.SZ,中科金财,2025,研发投入,预计对公司未来发展：形成账户管理 Agent、智能客服 Agent、智能营销 Agent、智能授权 Agent，通过AI Agent 降本增效。,AI; Agent; AI Agent; 智能客服; 智能营销,AIFT-001; AIFT-128; AIFT-129; AIFT-204; AIFT-208,ALS-0002; ALS-0524; ALS-0529; ALS-0826; ALS-0844,AI_GENERAL; PRODUCT_CUSTOMER; TECH_LLM,MDAF0000687+TECH_LLM,TECH_LLM,PRODUCT_CUSTOMER,1,COMPANY,,0.482834,0.98,0.98,1,AI; Agent; AI Agent; 智能客服; 智能营销,,002657.SZ_中科金财_2025_管理层讨论与分析.pdf,12,21,,表格行,MDAF0000687,,AI_GENERAL;PRODUCT_CUSTOMER;TECH_LLM,PRODUCT_CUSTOMER=0.4828/0.0595; TECH_LLM=0.4723/0.1695; AI_GENERAL=0.4293/0.0457
CAND-00060,002657.SZ,中科金财,2025,研发投入,预计对公司未来发展：持续探索AI 技术在场景的应用，提升公司。,AI,AIFT-001,ALS-0002,AI_GENERAL,MDAF0000689+AI_GENERAL,,,1,COMPANY,APPLIED,0.546019,0.65,0.65,1,AI,,002657.SZ_中科金财_2025_管理层讨论与分析.pdf,12,21,,表格行,MDAF0000689,,AI_GENERAL,AI_GENERAL=0.5460/0.1206
CAND-00061,002657.SZ,中科金财,2025,研发投入,预计对公司未来发展：持续探索AI 技术在场景的应用，提升公司解决方案的竞争力。,AI,AIFT-001,ALS-0002,AI_GENERAL,MDAF0000690+AI_GENERAL,,,1,COMPANY,APPLIED,0.510439,0.65,0.65,1,AI,,002657.SZ_中科金财_2025_管理层讨论与分析.pdf,12,21,,表格行,MDAF0000690,,AI_GENERAL,AI_GENERAL=0.5104/0.1039
CAND-00062,002657.SZ,中科金财,2025,研发投入,预计对公司未来发展：构建融合业务流程管理与AI Agent 等技术的银行核心业务系统，支持自动化生成业务流程、设计业务产品与执行操作。,AI; Agent; AI Agent,AIFT-001; AIFT-128; AIFT-129,ALS-0002; ALS-0524; ALS-0529,AI_GENERAL; TECH_LLM,MDAF0000692+TECH_LLM,TECH_LLM,,1,COMPANY,R_AND_D,0.518921,0.85,0.85,1,AI; Agent; AI Agent,,002657.SZ_中科金财_2025_管理层讨论与分析.pdf,12,21,,表格行,MDAF0000692,,AI_GENERAL;TECH_LLM,TECH_LLM=0.5189/0.2288; AI_GENERAL=0.5088/0.0808
CAND-00063,002657.SZ,中科金财,2025,研发投入,预计对公司未来发展：结合公司多年在银行业务中的知识和技术积累，融合AI 技术， 提升公司金融科技解决方案的竞争力，推动银行业务智能化转型。,AI,AIFT-001,ALS-0002,AI_GENERAL,MDAF0000695+AI_GENERAL,,,1,COMPANY,WEAK_GENERIC,0.531035,0.6,0.6,1,AI,,002657.SZ_中科金财_2025_管理层讨论与分析.pdf,12,21,,表格行,MDAF0000695,,AI_GENERAL,AI_GENERAL=0.5310/-0.0107
CAND-00064,002657.SZ,中科金财,2025,研发投入,预计对公司未来发展：融合大模型语义理解能力，提升复杂场景下文本识别精度与效率。,大模型,,ANCHOR:大模型,TECH_LLM,MDAF0000696+TECH_LLM,TECH_LLM,,1,COMPANY,,0.487203,0.8,0.8,1,大模型,,002657.SZ_中科金财_2025_管理层讨论与分析.pdf,12,21,,表格行,MDAF0000696,,TECH_LLM,TECH_LLM=0.4872/0.1144
CAND-00065,002657.SZ,中科金财,2025,研发投入,预计对公司未来发展：通过AI Agent 赋能金融业务场景。,AI; Agent; AI Agent,AIFT-001; AIFT-128; AIFT-129,ALS-0002; ALS-0524; ALS-0529,AI_GENERAL; TECH_LLM,MDAF0000697+TECH_LLM,TECH_LLM,,1,COMPANY,,0.580043,0.8,0.8,1,AI; Agent; AI Agent,,002657.SZ_中科金财_2025_管理层讨论与分析.pdf,12,21,,表格行,MDAF0000697,,AI_GENERAL;TECH_LLM,TECH_LLM=0.5800/0.2079; AI_GENERAL=0.5363/0.0348
CAND-00066,002657.SZ,中科金财,2025,研发投入,预计对公司未来发展：金融业务Agent 研发项目。,Agent,AIFT-128,ALS-0524,AI_GENERAL,MDAF0000698+AI_GENERAL,,,1,COMPANY,R_AND_D,0.47159,0.6,0.6,1,Agent,,002657.SZ_中科金财_2025_管理层讨论与分析.pdf,12,21,,表格行,MDAF0000698,,AI_GENERAL,AI_GENERAL=0.4716/0.1326
CAND-00067,002657.SZ,中科金财,2025,研发投入,预计对公司未来发展：银行AI 影像研发项目。,AI,AIFT-001,ALS-0002,AI_GENERAL,MDAF0000699+AI_GENERAL,,,1,COMPANY,R_AND_D,0.533057,0.65,0.65,1,AI,,002657.SZ_中科金财_2025_管理层讨论与分析.pdf,12,21,,表格行,MDAF0000699,,AI_GENERAL,AI_GENERAL=0.5331/0.1384
CAND-00068,002657.SZ,中科金财,2025,研发投入,预计对公司未来发展：银行AI 运管风控研发项目。,AI,AIFT-001,ALS-0002,AI_GENERAL,MDAF0000700+AI_GENERAL,,,1,COMPANY,R_AND_D,0.520895,0.65,0.65,1,AI,,002657.SZ_中科金财_2025_管理层讨论与分析.pdf,12,21,,表格行,MDAF0000700,,AI_GENERAL,AI_GENERAL=0.5209/0.1336
CAND-00069,002657.SZ,中科金财,2025,研发投入,业务数据治理平台研发项目。,数据治理,AIFT-168,ALS-0681,AI_ENGINEERING,MDAF0000736+AI_ENGINEERING,,,0,UNKNOWN,R_AND_D,0.410954,0.25,0.25,1,数据治理,anchor未满足,002657.SZ_中科金财_2025_管理层讨论与分析.pdf,13,22,,表格行,MDAF0000736,,AI_ENGINEERING,AI_ENGINEERING=0.4110/0.0056
CAND-00070,002657.SZ,中科金财,2025,研发投入,多模态AI 应用研发项目。,AI,AIFT-001,ALS-0002,AI_GENERAL,MDAF0000747+AI_GENERAL,,,1,UNKNOWN,APPLIED,0.420775,0.6,0.6,1,AI,,002657.SZ_中科金财_2025_管理层讨论与分析.pdf,13,22,,表格行,MDAF0000747,,AI_GENERAL,AI_GENERAL=0.4208/0.0546
CAND-00071,002657.SZ,中科金财,2025,研发投入,实现本体建模效率提升，适配业务场景。,本体建模,AIFT-103,ALS-0422,TECH_KG,MDAF0000748+TECH_KG,TECH_KG,,1,UNKNOWN,,0.347597,0.75,0.75,1,本体建模,,002657.SZ_中科金财_2025_管理层讨论与分析.pdf,13,22,,表格行,MDAF0000748,,TECH_KG,TECH_KG=0.3476/0.1218
CAND-00072,002657.SZ,中科金财,2025,研发投入,形成多模态AI 应用产品矩阵。,AI,AIFT-001,ALS-0002,AI_GENERAL,MDAF0000751+AI_GENERAL,,,1,UNKNOWN,APPLIED,0.461365,0.6,0.6,1,AI,,002657.SZ_中科金财_2025_管理层讨论与分析.pdf,13,22,,表格行,MDAF0000751,,AI_GENERAL,AI_GENERAL=0.4614/0.0806
CAND-00073,002657.SZ,中科金财,2025,研发投入,持续探索AI 技术在场景的应用，提升公司解决方案的竞争力。,AI,AIFT-001,ALS-0002,AI_GENERAL,MDAF0000752+AI_GENERAL,,,1,COMPANY,APPLIED,0.499178,0.65,0.65,1,AI,,002657.SZ_中科金财_2025_管理层讨论与分析.pdf,13,22,,表格行,MDAF0000752,,AI_GENERAL,AI_GENERAL=0.4992/0.0994
CAND-00074,002657.SZ,中科金财,2025,研发投入,本体语义大模型操作系统建设研发项目。,大模型,,ANCHOR:大模型,TECH_LLM,MDAF0000753+TECH_LLM,TECH_LLM,,1,UNKNOWN,R_AND_D,0.493176,0.8,0.8,1,大模型,,002657.SZ_中科金财_2025_管理层讨论与分析.pdf,13,22,,表格行,MDAF0000753,,TECH_LLM,TECH_LLM=0.4932/0.1483
CAND-00075,002657.SZ,中科金财,2025,研发投入,构建本体语义大模型操作系统，打通数据孤岛，实现AI 与业务逻辑的深度融合。,AI; 大模型,AIFT-001,ALS-0002; ANCHOR:大模型,AI_GENERAL; TECH_LLM,MDAF0000754+TECH_LLM,TECH_LLM,,1,UNKNOWN,R_AND_D,0.530738,0.8,0.8,1,AI; 大模型,,002657.SZ_中科金财_2025_管理层讨论与分析.pdf,13,22,,表格行,MDAF0000754,,AI_GENERAL;TECH_LLM,AI_GENERAL=0.5307/0.1602; TECH_LLM=0.4719/0.0992
CAND-00076,002670.SZ,国盛证券,2025,核心竞争力,公司专门成立AI 专项小组、制定专项战略规划，建成AI 基础算力服务器，推动多项AI 应用场景落地见效，有效优化员工端智能化服务，提升业务运营与客户服务效率。,AI,AIFT-001,ALS-0002,AI_GENERAL,MDAF0000769+AI_GENERAL,,,1,COMPANY,APPLIED,0.492734,0.65,0.65,1,AI,,002670.SZ_国盛证券_2025_管理层讨论与分析.pdf,2,21,（四）金融科技后发优势持续释放，数字化转型成效显著,正文,MDAF0000769,,AI_GENERAL,AI_GENERAL=0.4927/0.0663
CAND-00077,002670.SZ,国盛证券,2025,研发投入,主要研发项目名称：智能数据质量监测系统的研究开发。,数据质量,AIFT-170,ALS-0690,AI_ENGINEERING,MDAF0000782+AI_ENGINEERING,,,0,UNKNOWN,R_AND_D,0.448254,0.25,0.25,1,数据质量,anchor未满足,002670.SZ_国盛证券_2025_管理层讨论与分析.pdf,5,24,,表格行,MDAF0000782,,AI_ENGINEERING,AI_ENGINEERING=0.4483/0.1005
CAND-00078,002670.SZ,国盛证券,2025,研发投入,拟达到的目标：通过发现和评估数据质量问题，持续跟踪数据全生命周期中的各个环节， 提供针对性的改进方案，优化数据采集、存储和处理流。,数据质量,AIFT-170,ALS-0690,AI_ENGINEERING,MDAF0000783+AI_ENGINEERING,,,0,UNKNOWN,R_AND_D,0.481818,0.25,0.25,1,数据质量,anchor未满足,002670.SZ_国盛证券_2025_管理层讨论与分析.pdf,5,24,,表格行,MDAF0000783,,AI_ENGINEERING,AI_ENGINEERING=0.4818/0.0861
CAND-00079,002670.SZ,国盛证券,2025,研发投入,项目目的：旨在发现数据质量存在的问题、评估数据的质量状况、 持续跟踪，有助于提高数据质量，还能为数据治理、决策支持和合规管理。,数据治理; 数据质量,AIFT-168; AIFT-170,ALS-0681; ALS-0690,AI_ENGINEERING,MDAF0000784+AI_ENGINEERING,,,0,UNKNOWN,,0.533606,0.1,0.1,1,数据治理; 数据质量,anchor未满足；仅弱词无锚点,002670.SZ_国盛证券_2025_管理层讨论与分析.pdf,5,24,,表格行,MDAF0000784,,AI_ENGINEERING,AI_ENGINEERING=0.5336/0.1253
CAND-00080,002670.SZ,国盛证券,2025,研发投入,预计对公司未来发展的影响：1）提升数据可靠性，降低数据质量问题引发的损失； 2）加快问题响应，减少运维与修。,数据质量,AIFT-170,ALS-0690,AI_ENGINEERING,MDAF0000786+AI_ENGINEERING,,,0,COMPANY,,0.404761,0.1,0.1,1,数据质量,anchor未满足；仅弱词无锚点,002670.SZ_国盛证券_2025_管理层讨论与分析.pdf,5,24,,表格行,MDAF0000786,,AI_ENGINEERING,AI_ENGINEERING=0.4048/-0.0049
CAND-00081,002670.SZ,国盛证券,2025,研发投入,AI 驱动下的UI 自动化平台建设的研究开发。,AI,AIFT-001,ALS-0002,AI_GENERAL,MDAF0000809+AI_GENERAL,,,1,UNKNOWN,R_AND_D,0.427521,0.6,0.6,1,AI,,002670.SZ_国盛证券_2025_管理层讨论与分析.pdf,6,25,,表格行,MDAF0000809,,AI_GENERAL,AI_GENERAL=0.4275/0.0314
CAND-00082,002670.SZ,国盛证券,2025,研发投入,基于大模型的归因分析及业务预测平台的研究开发。,大模型,,ANCHOR:大模型,TECH_LLM,MDAF0000819+TECH_LLM,TECH_LLM,,1,UNKNOWN,R_AND_D,0.527832,0.8,0.8,1,大模型,,002670.SZ_国盛证券_2025_管理层讨论与分析.pdf,6,25,,表格行,MDAF0000819,,TECH_LLM,TECH_LLM=0.5278/0.1071
CAND-00083,002670.SZ,国盛证券,2025,研发投入,通过引入大模型技术，建立智能化的归因分析和业务预测平台，提升金融机构的业务分析能力和决策效率。,大模型,,ANCHOR:大模型,TECH_LLM,MDAF0000825+TECH_LLM,TECH_LLM,,1,UNKNOWN,WEAK_GENERIC,0.515114,0.75,0.75,1,大模型,,002670.SZ_国盛证券_2025_管理层讨论与分析.pdf,6,25,,表格行,MDAF0000825,,TECH_LLM,TECH_LLM=0.5151/0.1478
CAND-00084,002670.SZ,国盛证券,2025,研发投入,通过引入大模型技术，显著提升金融机构在业务分析和决策支持方面的技术水平，推动行业智能化转型。,大模型,,ANCHOR:大模型,TECH_LLM,MDAF0000826+TECH_LLM,TECH_LLM,,1,UNKNOWN,WEAK_GENERIC,0.468128,0.75,0.75,1,大模型,,002670.SZ_国盛证券_2025_管理层讨论与分析.pdf,6,25,,表格行,MDAF0000826,,TECH_LLM,TECH_LLM=0.4681/0.0827
CAND-00085,002721.SZ,金一文化,2025,业务概要,此外，开科唯识还自主研发了量化金融市场计算技术、金融指标实时计算、以及基于人工智能的金融模型开发、训练及测试技术等核心技术，应用先进的技术能力、将精密的金融模型应用到具体业务场景中，进一步支持相应业务的智能化、数字化发展。,人工智能,AIFT-001,ALS-0001,AI_GENERAL,MDAF0000894+AI_GENERAL,,,1,UNKNOWN,R_AND_D,0.426134,0.6,0.6,1,人工智能,,002721.SZ_金一文化_2025_管理层讨论与分析.pdf,3,12,（2）软件外包工作量模式,正文,MDAF0000894,,AI_GENERAL,AI_GENERAL=0.4261/0.0005
CAND-00086,002721.SZ,金一文化,2025,核心竞争力,根据软件及信息技术服务业务的未来发展战略规划，开科唯识将聚焦于财富管理与支付清算领域的创新发展，助力金融行业智能化转型，将AI 和大模型技术深度融入财富管理、支付清算、营销服务、客户经营、风险控制等核心场景，打造行业智能金融解决方案；优先构建垂直领域智能体，如理财师助手、客户经理助手等大模型助手，同时推动代码生成、智能问答、数据分析等场景的自动化工具开发，通过AI 技术降低传统开发人力成本，实现人均效能提升，以及深化生态伙伴合作，形成大模型多场景联合解决方案，提供大模型软硬件一体化全栈服务能力。,AI; 智能问答; 智能体; 代码生成; 大模型,AIFT-001; AIFT-053; AIFT-128; AIFT-251,ALS-0002; ALS-0216; ALS-0523; ALS-1015; ANCHOR:大模型,AI_GENERAL; APP_INTERNAL; TECH_LLM; TECH_NLP,MDAF0000915+TECH_LLM,TECH_LLM; TECH_NLP,,1,UNKNOWN,R_AND_D,0.51939,0.8,0.8,1,AI; 智能问答; 智能体; 代码生成; 大模型,,002721.SZ_金一文化_2025_管理层讨论与分析.pdf,6,15,3、国资体系的资源配置与产业协同的赋能,正文,MDAF0000915,,AI_GENERAL;APP_INTERNAL;TECH_LLM;TECH_NLP,TECH_LLM=0.5194/0.1994; AI_GENERAL=0.4406/-0.0073; TECH_NLP=0.3779/0.0583; APP_INTERNAL=0.3700/0.1122
CAND-00087,002721.SZ,金一文化,2025,核心竞争力,软件和信息技术服务业是北京市海淀区第一大产业，目前正在全力打造具有全球影响力的人工智能产业高地。,人工智能,AIFT-001,ALS-0001,AI_GENERAL,MDAF0000918+AI_GENERAL,,,1,UNKNOWN,,0.39114,0.55,0.55,1,人工智能,,002721.SZ_金一文化_2025_管理层讨论与分析.pdf,6,15,3、国资体系的资源配置与产业协同的赋能,正文,MDAF0000918,,AI_GENERAL,AI_GENERAL=0.3911/0.0466
CAND-00088,002839.SZ,张家港行,2025,核心竞争力,AI技术深度融入业务场景，BI看板全面覆盖核心领域，科技赋能贯穿业务全链条，驱动数字化经营整体跃升。,AI; AI技术,AIFT-001,ALS-0002; ALS-0003,AI_GENERAL,MDAF0001050+AI_GENERAL,,,1,UNKNOWN,WEAK_GENERIC,0.463592,0.55,0.55,1,AI; AI技术,,002839.SZ_张家港行_2025_管理层讨论与分析.pdf,3,12,,正文,MDAF0001050,,AI_GENERAL,AI_GENERAL=0.4636/0.0502
CAND-00089,002936.SZ,郑州银行,2025,核心竞争力,定期开展制度梳理和合规审查，坚持对经营管理活动事前、事中、事后各环节实施检查，全面筑牢内控合规工作基础；深入推进员工行为管理，逐级落实案件防控责任，树立主动合规导向；重视员工合规理念和合规技能教育，筑牢合规发展基石，促进各项业务稳步健康发展；持续强化风险三道防线建设，加大违规问责力度，及时消除风险隐患。,合规审查,AIFT-200,ALS-0810,PRODUCT_FRAUD,MDAF0001111+PRODUCT_FRAUD,,PRODUCT_FRAUD,0,UNKNOWN,,0.412434,0.1,0.1,1,合规审查,anchor未满足；仅弱词无锚点,002936.SZ_郑州银行_2025_管理层讨论与分析.pdf,3,15,,正文,MDAF0001111,,PRODUCT_FRAUD,PRODUCT_FRAUD=0.4124/-0.0233
CAND-00090,002987.SZ,京北方,2025,业务概要,公司充分利用AI 引领的产业变革，“抢抓机遇”全面满足客户在核心业务、渠道营销、运营管理、风险控制及数据平台等方面的数智化赋能需求，致力于在智能经济生态中，以效果为导向引导客户落地“数据－决策－行动”的数智神经中枢，通过多元业态与创新模式助力客户实现增收创利、降本增效。,AI,AIFT-001,ALS-0002,AI_GENERAL,MDAF0001124+AI_GENERAL,,,1,COMPANY,APPLIED,0.430504,0.65,0.65,1,AI,,002987.SZ_京北方_2025_管理层讨论与分析.pdf,1,10,,正文,MDAF0001124,,AI_GENERAL,AI_GENERAL=0.4305/-0.0090
CAND-00091,002987.SZ,京北方,2025,业务概要,在京北方研究院主导的“产学研用”协同创新体系推动下，公司自主研发了众多国产化适配软件产品及AI 智能体，形成“咨询+产品+解决方案+服务”四位一体的综合服务体系。,AI; 智能体,AIFT-001; AIFT-128,ALS-0002; ALS-0523,AI_GENERAL,MDAF0001125+AI_GENERAL,,,1,COMPANY,R_AND_D,0.391148,0.65,0.65,1,AI; 智能体,,002987.SZ_京北方_2025_管理层讨论与分析.pdf,1,10,,正文,MDAF0001125,,AI_GENERAL,AI_GENERAL=0.3911/0.0463
CAND-00092,002987.SZ,京北方,2025,业务概要,本公司作为国内领先的数智技术与金融科技服务商，依托人工智能、大数据、区块链、云计算、隐私计算、数字孪生及量子科技等新一代信息技术，为银行、非银金融机构以及优质非金融企业客户，提供人工智能与大数据创新产品、金融科技解决方案及全链条数智化运营服务。,人工智能; 隐私计算,AIFT-001; AIFT-032,ALS-0001; ALS-0131,AI_GENERAL; TECH_PRIVACY,MDAF0001126+TECH_PRIVACY,TECH_PRIVACY,,1,COMPANY,NON_FINANCIAL,0.536433,0.8,0.8,1,人工智能; 隐私计算,,002987.SZ_京北方_2025_管理层讨论与分析.pdf,1,10,,正文,MDAF0001126,,AI_GENERAL;TECH_PRIVACY,AI_GENERAL=0.5364/0.0007; TECH_PRIVACY=0.4749/0.1292
CAND-00093,002987.SZ,京北方,2025,核心竞争力,公司通过将多年积累的金融业务逻辑、合规约束等封装为AI Agent 的行动指南，助力AI 智能体实现从“工具调用”到“价值创造”的跨越。,AI; 工具调用; 智能体; Agent; AI Agent,AIFT-001; AIFT-127; AIFT-128; AIFT-129,ALS-0002; ALS-0519; ALS-0523; ALS-0524; ALS-0529,AI_GENERAL; TECH_LLM,MDAF0001132+TECH_LLM,TECH_LLM,,1,COMPANY,,0.570157,0.8,0.8,1,AI; 工具调用; 智能体; Agent; AI Agent,,002987.SZ_京北方_2025_管理层讨论与分析.pdf,3,12,2、兼具广度与深度的行业经验积淀,正文,MDAF0001132,,AI_GENERAL;TECH_LLM,TECH_LLM=0.5702/0.2306; AI_GENERAL=0.5072/0.0760
CAND-00094,002987.SZ,京北方,2025,核心竞争力,在AI 驱动软件的范式变革中，场景化Know-how 已成为决定大模型落地价值的决定性因素，支撑业务运转的底层业务逻辑依然掌握在具备深厚行业积淀的服务商手中。,AI; 大模型,AIFT-001,ALS-0002; ANCHOR:大模型,AI_GENERAL; TECH_LLM,MDAF0001135+TECH_LLM,TECH_LLM,,1,UNKNOWN,APPLIED,0.507347,0.8,0.8,1,AI; 大模型,,002987.SZ_京北方_2025_管理层讨论与分析.pdf,3,12,2、兼具广度与深度的行业经验积淀,正文,MDAF0001135,,AI_GENERAL;TECH_LLM,AI_GENERAL=0.5073/0.1626; TECH_LLM=0.4234/0.0478
CAND-00095,002987.SZ,京北方,2025,核心竞争力,京北方研究院通过持续培养和引进各领域技术专家，聚焦大模型智能体、计算机视觉、大数据、云计算、区块链及隐私计算等战略领域，建立常态化技术跟踪机制，密切追踪全球科技趋势，提升预研能力与产品标准化水平，同时密切关注量子科技、具身智能的发展，调研其在金融领域相关应用。,隐私计算; 计算机视觉; 智能体; 大模型智能体; 大模型,AIFT-032; AIFT-071; AIFT-128; AIFT-129,ALS-0131; ALS-0292; ALS-0523; ALS-0530; ANCHOR:大模型,AI_GENERAL; TECH_CV; TECH_LLM; TECH_PRIVACY,MDAF0001137+TECH_CV,TECH_CV; TECH_LLM; TECH_PRIVACY,,1,UNKNOWN,APPLIED,0.474242,0.8,0.8,1,隐私计算; 计算机视觉; 智能体; 大模型智能体; 大模型,,002987.SZ_京北方_2025_管理层讨论与分析.pdf,4,13,3、体系化的研发组织及创新能力,正文,MDAF0001137,,AI_GENERAL;TECH_CV;TECH_LLM;TECH_PRIVACY,TECH_LLM=0.4742/0.1501; AI_GENERAL=0.4179/0.0533; TECH_PRIVACY=0.4015/0.2017; TECH_CV=0.3383/0.1231
CAND-00096,002987.SZ,京北方,2025,核心竞争力,在产品创新方面，公司已构建涵盖大模型智能体类、计算机视觉类、大数据类、盘庚测试云平台、影像及流程管理类、基础技术平台类等在内的通用产品与技术体系，并面向银行、保险、证券等金融行业客户，形成覆盖集约化运营、运营管理与风控、电子渠道、数字人民币、资产管理、供应链金融、普惠金融、同业业务管理、风险管理等多领域的行业应用解决方案，持续拓展产品广度与应用深度。,计算机视觉; 智能体; 大模型智能体; 大模型,AIFT-071; AIFT-128; AIFT-129,ALS-0292; ALS-0523; ALS-0530; ANCHOR:大模型,AI_GENERAL; TECH_CV; TECH_LLM,MDAF0001143+TECH_CV,TECH_CV; TECH_LLM,,1,COMPANY,APPLIED,0.520052,0.85,0.85,1,计算机视觉; 智能体; 大模型智能体; 大模型,,002987.SZ_京北方_2025_管理层讨论与分析.pdf,4,13,3、体系化的研发组织及创新能力,正文,MDAF0001143,,AI_GENERAL;TECH_CV;TECH_LLM,TECH_LLM=0.5201/0.0822; AI_GENERAL=0.4913/0.0343; TECH_CV=0.4088/0.0216
CAND-00097,002987.SZ,京北方,2025,研发投入,主要研发项目名称：AI 智能体门户与场景智能体。,AI; 智能体,AIFT-001; AIFT-128,ALS-0002; ALS-0523,AI_GENERAL,MDAF0001149+AI_GENERAL,,,1,UNKNOWN,R_AND_D,0.517979,0.6,0.6,1,AI; 智能体,,002987.SZ_京北方_2025_管理层讨论与分析.pdf,12,21,,表格行,MDAF0001149,,AI_GENERAL,AI_GENERAL=0.5180/0.1070
CAND-00098,002987.SZ,京北方,2025,研发投入,主要研发项目名称：AI 测试智能体。,AI; 智能体; 测试智能体,AIFT-001; AIFT-128; AIFT-254,ALS-0002; ALS-0523; ALS-1029,AI_GENERAL; APP_INTERNAL,MDAF0001150+AI_GENERAL,,,1,UNKNOWN,R_AND_D,0.49639,0.8,0.8,1,AI; 智能体; 测试智能体,,002987.SZ_京北方_2025_管理层讨论与分析.pdf,12,21,,表格行,MDAF0001150,,AI_GENERAL;APP_INTERNAL,AI_GENERAL=0.4964/0.0440; APP_INTERNAL=0.4015/0.1359
CAND-00099,002987.SZ,京北方,2025,研发投入,拟达到的目标：1.功能目标：实现AI 驱动的全流程测试能力，涵盖需求分析智能化、测试点自动生成、测试用例生成与优化、测试执行自动化、测试结果分析与缺陷定位，形成闭环式智能测试流程； 2.效率目标：相较于传统人工测试，大幅缩短测试周期（如核心测试环节效率提升 50%以上），减少人工投入，降低测试成本，支撑创新产品快速交付迭代； 3.质量目标：提升测试覆盖率，减少漏测、误测问题，精准定位产品缺陷，助力产品交付质量提升。,AI; 智能测试,AIFT-001; AIFT-253,ALS-0002; ALS-1025,AI_GENERAL; APP_INTERNAL,MDAF0001151+AI_GENERAL,,,1,UNKNOWN,COMMERCIAL,0.46209,0.8,0.8,1,AI; 智能测试,,002987.SZ_京北方_2025_管理层讨论与分析.pdf,12,21,,表格行,MDAF0001151,,AI_GENERAL;APP_INTERNAL,APP_INTERNAL=0.4621/0.1654; AI_GENERAL=0.3896/0.1048
CAND-00100,002987.SZ,京北方,2025,研发投入,拟达到的目标：1、搭建大模型应用服务平台，支持多种业务智能体集成与功能展示； 2、完成智能营销、智能合规、智能运维、 智能办公、智能报告等智能体研发。,智能体; 智能合规; 智能营销; 智能运维; 大模型,AIFT-128; AIFT-199; AIFT-208; AIFT-262,ALS-0523; ALS-0806; ALS-0844; ALS-1060; ANCHOR:大模型,AI_GENERAL; APP_INTERNAL; PRODUCT_CUSTOMER; PRODUCT_FRAUD; TECH_LLM,MDAF0001152+TECH_LLM,TECH_LLM,PRODUCT_CUSTOMER; PRODUCT_FRAUD,1,UNKNOWN,APPLIED,0.581021,0.98,0.98,1,智能体; 智能合规; 智能营销; 智能运维; 大模型,,002987.SZ_京北方_2025_管理层讨论与分析.pdf,12,21,,表格行,MDAF0001152,,AI_GENERAL;APP_INTERNAL;PRODUCT_CUSTOMER;PRODUCT_FRAUD;TECH_LLM,AI_GENERAL=0.5810/0.2919; TECH_LLM=0.4902/0.0862; PRODUCT_CUSTOMER=0.4716/0.1939; APP_INTERNAL=0.3854/0.0862; PRODUCT_FRAUD=0.3703/0.1365
CAND-00101,002987.SZ,京北方,2025,研发投入,项目目的：大模型应用服务平台基于前沿大语言模型技术构建，支持AI 能力集成与按需灵活拓展，可无缝搭载智能营销、智能合规、智能运维、 智能办公等多场景业务智能体，通过清晰直观的功能体系，为企业提供全流程、高适配的业务智能赋能服务。,AI; 大语言模型; 智能体; 智能合规; 智能营销; 智能运维; 大模型,AIFT-001; AIFT-111; AIFT-128; AIFT-199; AIFT-208; AIFT-262,ALS-0002; ALS-0455; ALS-0523; ALS-0806; ALS-0844; ALS-1060; ANCHOR:大模型,AI_GENERAL; APP_INTERNAL; PRODUCT_CUSTOMER; PRODUCT_FRAUD; TECH_LLM,MDAF0001154+TECH_LLM,TECH_LLM,PRODUCT_CUSTOMER; PRODUCT_FRAUD,1,UNKNOWN,APPLIED,0.554548,0.98,0.98,1,AI; 大语言模型; 智能体; 智能合规; 智能营销; 智能运维; 大模型,,002987.SZ_京北方_2025_管理层讨论与分析.pdf,12,21,,表格行,MDAF0001154,,AI_GENERAL;APP_INTERNAL;PRODUCT_CUSTOMER;PRODUCT_FRAUD;TECH_LLM,AI_GENERAL=0.5545/0.2086; PRODUCT_CUSTOMER=0.5226/0.2295; TECH_LLM=0.5060/0.0507; APP_INTERNAL=0.4090/0.1095; PRODUCT_FRAUD=0.3715/0.1474
CAND-00102,002987.SZ,京北方,2025,研发投入,项目目的：用AI 智能体替代传统人工/ 自动化测试，实现自主规划、自主执行、自主分析、 自主修复的测试闭环，解决传统测试效率低、覆盖率不足、回归成本高、问题定位慢等痛点，提升研发交付质量与速度。,AI; 智能体,AIFT-001; AIFT-128,ALS-0002; ALS-0523,AI_GENERAL,MDAF0001155+AI_GENERAL,,,1,UNKNOWN,COMMERCIAL,0.463052,0.6,0.6,1,AI; 智能体,,002987.SZ_京北方_2025_管理层讨论与分析.pdf,12,21,,表格行,MDAF0001155,,AI_GENERAL,AI_GENERAL=0.4631/0.1179
CAND-00103,002987.SZ,京北方,2025,研发投入,项目进展：1、完成平台整体框架设计与功能模块划分； 2、完成大模型应用服务平台研发； 3、完成运维智能体、 合规智能体、智能报告生成、智能办公等多业务场景的智能体研发与接入。,智能体; 大模型,AIFT-128,ALS-0523; ANCHOR:大模型,AI_GENERAL; TECH_LLM,MDAF0001156+TECH_LLM,TECH_LLM,,1,UNKNOWN,APPLIED,0.565886,0.8,0.8,1,智能体; 大模型,,002987.SZ_京北方_2025_管理层讨论与分析.pdf,12,21,,表格行,MDAF0001156,,AI_GENERAL;TECH_LLM,AI_GENERAL=0.5659/0.2914; TECH_LLM=0.4531/0.0619
CAND-00104,002987.SZ,京北方,2025,研发投入,项目进展：1、完成解析需求文档、生成测试点和测试用例功能； 2、完成知识库搭建， 知识向量化和RAG 调优； 3、完成人工用例生成自动化脚本，以及自动执行脚本； 4、完成测试结果智能分析； 5、正在实现AI 生成测试业务数据。,AI; RAG,AIFT-001; AIFT-122,ALS-0002; ALS-0500,AI_GENERAL; TECH_LLM,MDAF0001157+TECH_LLM,TECH_LLM,,1,UNKNOWN,PILOT,0.563922,0.8,0.8,1,AI; RAG,,002987.SZ_京北方_2025_管理层讨论与分析.pdf,12,21,,表格行,MDAF0001157,,AI_GENERAL;TECH_LLM,TECH_LLM=0.5639/0.2263; AI_GENERAL=0.4832/0.1729
CAND-00105,002987.SZ,京北方,2025,研发投入,预计对公司未来发展的影响：推动技术创新：引入 AI 大模型等技术，提升测试能力，积累技术优势，为未来创新和业务拓展奠定基础。,AI; 大模型,AIFT-001,ALS-0002; ANCHOR:大模型,AI_GENERAL; TECH_LLM,MDAF0001158+TECH_LLM,TECH_LLM,,1,COMPANY,R_AND_D,0.453912,0.85,0.85,1,AI; 大模型,,002987.SZ_京北方_2025_管理层讨论与分析.pdf,12,21,,表格行,MDAF0001158,,AI_GENERAL;TECH_LLM,AI_GENERAL=0.4539/0.0945; TECH_LLM=0.3367/0.0138
CAND-00106,002987.SZ,京北方,2025,研发投入,预计对公司未来发展的影响：支持多业务场景智能体的灵活搭载与快速拓展，通过即插即用的AI 能力，深度赋能智能营销、合规、运维及办公场景，为企业打造全流程闭环的智能服务体系。,AI; 智能体; 智能营销,AIFT-001; AIFT-128; AIFT-208,ALS-0002; ALS-0523; ALS-0844,AI_GENERAL; PRODUCT_CUSTOMER,MDAF0001159+PRODUCT_CUSTOMER,,PRODUCT_CUSTOMER,1,COMPANY,,0.545072,0.6,0.6,1,AI; 智能体; 智能营销,,002987.SZ_京北方_2025_管理层讨论与分析.pdf,12,21,,表格行,MDAF0001159,,AI_GENERAL;PRODUCT_CUSTOMER,AI_GENERAL=0.5451/0.1828; PRODUCT_CUSTOMER=0.3965/0.1114
CAND-00107,300033.SZ,同花顺,2025,业务概要,依托长期积累的金融数据资源、技术能力与用户基础，公司持续推进人工智能技术与主营业务深度融合，加快向AI 驱动型金融科技平台转型升级。,人工智能; AI; 人工智能技术,AIFT-001,ALS-0001; ALS-0002; ALS-0004,AI_GENERAL,MDAF0001161+AI_GENERAL,,,1,COMPANY,R_AND_D,0.561352,0.65,0.65,1,人工智能; AI; 人工智能技术,,300033.SZ_同花顺_2025_管理层讨论与分析.pdf,1,9,（一）公司主营业务及经营情况,正文,MDAF0001161,,AI_GENERAL,AI_GENERAL=0.5614/0.0682
CAND-00108,300033.SZ,同花顺,2025,业务概要,公司是国内领先的互联网金融信息服务提供商，围绕资本市场生态打造“AI+金融信息服务”一体化平台，服务对象覆盖证券公司、基金公司、银行、保险机构、政府部门、研究机构、上市公司等机构客户及广大个人投资者。,AI,AIFT-001,ALS-0002,AI_GENERAL,MDAF0001164+AI_GENERAL,,,1,COMPANY,,0.502083,0.6,0.6,1,AI,,300033.SZ_同花顺_2025_管理层讨论与分析.pdf,1,9,（一）公司主营业务及经营情况,正文,MDAF0001164,,AI_GENERAL,AI_GENERAL=0.5021/0.0667
CAND-00109,300033.SZ,同花顺,2025,业务概要,同时积极布局人工智能产业生态，探索模型能力输出及场景合作机会，培育新增量业务。,人工智能,AIFT-001,ALS-0001,AI_GENERAL,MDAF0001165+AI_GENERAL,,,1,UNKNOWN,,0.487273,0.55,0.55,1,人工智能,,300033.SZ_同花顺_2025_管理层讨论与分析.pdf,1,9,（一）公司主营业务及经营情况,正文,MDAF0001165,,AI_GENERAL,AI_GENERAL=0.4873/0.1479
CAND-00110,300033.SZ,同花顺,2025,业务概要,报告期内公司实现营业收入和净利润增长，主要由于公司加大人工智能等领域的投入力度，推进产品与大模型技术融合创新，优化核心产品竞争力与用户体验，公司各项业务取得了较快增长；同时，国内资本市场活跃度持续回升，投资者信心较强，市场交投活跃度明显提升，投资者对金融信息服务需求增强；另外，由于同花顺网站与APP 用户活跃度提升，公司大力拓展生活、消费、科技类客户，同时证券、基金等金融客户需求有所增加，公司广告及互联网推广服务收入相应增长。,人工智能; 大模型,AIFT-001,ALS-0001; ANCHOR:大模型,AI_GENERAL; TECH_LLM,MDAF0001167+TECH_LLM,TECH_LLM,,1,COMPANY,APPLIED,0.42308,0.85,0.85,1,人工智能; 大模型,,300033.SZ_同花顺_2025_管理层讨论与分析.pdf,1,9,（一）公司主营业务及经营情况,正文,MDAF0001167,,AI_GENERAL;TECH_LLM,AI_GENERAL=0.4231/0.0208; TECH_LLM=0.3867/-0.0130
CAND-00111,300033.SZ,同花顺,2025,业务概要,报告期内，公司立足主业稳步推进年度经营计划，持续加大人工智能研发投入，强化自研大模型能力建设，提升模型在金融专业场景中的准确性与应用深度，推动产品智能化升级。,人工智能; 大模型,AIFT-001,ALS-0001; ANCHOR:大模型,AI_GENERAL; TECH_LLM,MDAF0001169+TECH_LLM,TECH_LLM,,1,COMPANY,APPLIED,0.546532,0.85,0.85,1,人工智能; 大模型,,300033.SZ_同花顺_2025_管理层讨论与分析.pdf,1,9,（一）公司主营业务及经营情况,正文,MDAF0001169,,AI_GENERAL;TECH_LLM,TECH_LLM=0.5465/0.1570; AI_GENERAL=0.5400/0.1020
CAND-00112,300033.SZ,同花顺,2025,业务概要,通过将大模型能力嵌入内容生成、智能问答、策略分析与产品推荐等环节，持续优化用户体验，提升活跃度与付费转化率，增强平台黏性与生态协同效应。,智能问答; 大模型,AIFT-053,ALS-0216; ANCHOR:大模型,TECH_LLM; TECH_NLP,MDAF0001170+TECH_LLM,TECH_LLM; TECH_NLP,,1,UNKNOWN,R_AND_D,0.478023,0.8,0.8,1,智能问答; 大模型,,300033.SZ_同花顺_2025_管理层讨论与分析.pdf,1,9,（一）公司主营业务及经营情况,正文,MDAF0001170,,TECH_LLM;TECH_NLP,TECH_LLM=0.4780/0.0940; TECH_NLP=0.3672/0.0772
CAND-00113,300033.SZ,同花顺,2025,业务概要,通过持续优化大模型在金融垂直场景中的适配能力，公司不断增强产品智能化水平和差异化竞争优势。,大模型,,ANCHOR:大模型,TECH_LLM,MDAF0001171+TECH_LLM,TECH_LLM,,1,COMPANY,R_AND_D,0.579042,0.85,0.85,1,大模型,,300033.SZ_同花顺_2025_管理层讨论与分析.pdf,1,9,（一）公司主营业务及经营情况,正文,MDAF0001171,,TECH_LLM,TECH_LLM=0.5790/0.1919
CAND-00114,300033.SZ,同花顺,2025,业务概要,面向个人端，公司依托网站及移动应用平台，为投资者提供基于AI 的投资助理、金融资讯、行情分析工具、策略辅助及理财产品交易服务。,AI,AIFT-001,ALS-0002,AI_GENERAL,MDAF0001172+AI_GENERAL,,,1,COMPANY,APPLIED,0.467801,0.65,0.65,1,AI,,300033.SZ_同花顺_2025_管理层讨论与分析.pdf,1,9,（一）公司主营业务及经营情况,正文,MDAF0001172,,AI_GENERAL,AI_GENERAL=0.4678/0.0517
CAND-00115,300033.SZ,同花顺,2025,业务概要,面向机构端，公司为证券、基金、银行、保险等金融机构提供AI 应用产品、系统建设及维护服务、金融数据服务和智能推广服务，涵盖投研辅助与决策支持系统、数据终端及接口服务、智能营销解决方案及运维支持，助力客户提升投研效率、风险管理能力和数字化运营水平。,AI; 智能营销,AIFT-001; AIFT-208,ALS-0002; ALS-0844,AI_GENERAL; PRODUCT_CUSTOMER,MDAF0001173+PRODUCT_CUSTOMER,,PRODUCT_CUSTOMER,1,COMPANY,APPLIED,0.554996,0.65,0.65,1,AI; 智能营销,,300033.SZ_同花顺_2025_管理层讨论与分析.pdf,1,9,（一）公司主营业务及经营情况,正文,MDAF0001173,,AI_GENERAL;PRODUCT_CUSTOMER,AI_GENERAL=0.5550/0.0442; PRODUCT_CUSTOMER=0.5184/0.2168
CAND-00116,300033.SZ,同花顺,2025,业务概要,与此同时，公司进一步深化与高校及科研机构的产学研协同创新，围绕金融知识建模、逻辑推理优化及领域微调等方向开展联合攻关，加快科研成果向实际应用转化。,领域微调,AIFT-117,ALS-0482,TECH_LLM,MDAF0001174+TECH_LLM,TECH_LLM,,1,COMPANY,APPLIED,0.530147,0.85,0.85,1,领域微调,,300033.SZ_同花顺_2025_管理层讨论与分析.pdf,2,10,1、强化人工智能核心技术攻关，提升大模型金融应用能力,正文,MDAF0001174,,TECH_LLM,TECH_LLM=0.5301/0.2607
CAND-00117,300033.SZ,同花顺,2025,业务概要,公司持续增强模型多模态理解能力，提高其在复杂金融语境下的信息处理与分析能力，进一步提升在风险识别、数据解析和智能问答等场景中的应用效果。,智能问答,AIFT-053,ALS-0216,TECH_NLP,MDAF0001175+TECH_NLP,TECH_NLP,,1,COMPANY,APPLIED,0.459998,0.85,0.85,1,智能问答,,300033.SZ_同花顺_2025_管理层讨论与分析.pdf,2,10,1、强化人工智能核心技术攻关，提升大模型金融应用能力,正文,MDAF0001175,,TECH_NLP,TECH_NLP=0.4600/0.1950
CAND-00118,300033.SZ,同花顺,2025,业务概要,同时，公司积极参与行业技术规范研究与交流，推动金融人工智能在准确性、可解释性和安全性方面的标准建设，助力行业规范化、可持续发展。,人工智能,AIFT-001,ALS-0001,AI_GENERAL,MDAF0001178+AI_GENERAL,,,1,COMPANY,,0.514507,0.6,0.6,1,人工智能,,300033.SZ_同花顺_2025_管理层讨论与分析.pdf,2,10,2、深化人工智能与金融业务融合，驱动服务模式升级,正文,MDAF0001178,,AI_GENERAL,AI_GENERAL=0.5145/0.0494
CAND-00119,300033.SZ,同花顺,2025,业务概要,在技术应用层面，公司坚持效果与安全并重，通过引入检索增强生成（RAG）、优化提示词工程及构建领域知识库等方式，降低模型幻觉风险，提升输出结果的准确性与专业性。,提示词工程; 检索增强生成; RAG,AIFT-121; AIFT-122,ALS-0497; ALS-0499; ALS-0500,TECH_LLM,MDAF0001180+TECH_LLM,TECH_LLM,,1,COMPANY,APPLIED,0.55186,0.85,0.85,1,提示词工程; 检索增强生成; RAG,,300033.SZ_同花顺_2025_管理层讨论与分析.pdf,2,10,2、深化人工智能与金融业务融合，驱动服务模式升级,正文,MDAF0001180,,TECH_LLM,TECH_LLM=0.5519/0.2120
CAND-00120,300033.SZ,同花顺,2025,业务概要,平台整合股票、ETF、基金、个人养老金、期货、保险等产品资源，依托用户画像与行为分析技术，提供差异化、场景化的资产配置建议与服务支持，提升服务精准度与客户体验。,用户画像,AIFT-206,ALS-0836,PRODUCT_CUSTOMER,MDAF0001181+PRODUCT_CUSTOMER,,PRODUCT_CUSTOMER,0,UNKNOWN,,0.550497,0.1,0.1,1,用户画像,anchor未满足；仅弱词无锚点,300033.SZ_同花顺_2025_管理层讨论与分析.pdf,2,10,3、打造智能化互联网财富管理平台，完善全链条服务生态,正文,MDAF0001181,,PRODUCT_CUSTOMER,PRODUCT_CUSTOMER=0.5505/0.2562
CAND-00121,300033.SZ,同花顺,2025,业务概要,报告期内，公司围绕人工智能核心技术持续投入，重点提升大模型在金融场景等垂域中的应用水平。,人工智能; 大模型,AIFT-001,ALS-0001; ANCHOR:大模型,AI_GENERAL; TECH_LLM,MDAF0001182+TECH_LLM,TECH_LLM,,1,COMPANY,APPLIED,0.583347,0.85,0.85,1,人工智能; 大模型,,300033.SZ_同花顺_2025_管理层讨论与分析.pdf,2,10,1、强化人工智能核心技术攻关，提升大模型金融应用能力,正文,MDAF0001182,,AI_GENERAL;TECH_LLM,AI_GENERAL=0.5833/0.0895; TECH_LLM=0.5702/0.1703
CAND-00122,300033.SZ,同花顺,2025,业务概要,报告期内，公司持续推进人工智能技术与金融信息服务全流程融合，推动信息获取、数据分析与决策支持环节的智能化升级。,人工智能; 人工智能技术,AIFT-001,ALS-0001; ALS-0004,AI_GENERAL,MDAF0001183+AI_GENERAL,,,1,COMPANY,R_AND_D,0.595647,0.65,0.65,1,人工智能; 人工智能技术,,300033.SZ_同花顺_2025_管理层讨论与分析.pdf,2,10,2、深化人工智能与金融业务融合，驱动服务模式升级,正文,MDAF0001183,,AI_GENERAL,AI_GENERAL=0.5956/0.0506
CAND-00123,300033.SZ,同花顺,2025,业务概要,报告期内，公司自主构建并开源金融大语言模型评测基准 （BizFinBench），涵盖10万余条中文金融问答数据，从数值计算、逻辑推理、信息抽取、预测识别及知识问答等维度系统评估模型能力，为金融大模型性能优化与行业应用提供标准化参考。,信息抽取; 知识问答; 大语言模型; 金融大模型; 大模型,AIFT-044; AIFT-053; AIFT-111; AIFT-114,ALS-0179; ALS-0218; ALS-0455; ALS-0467; ANCHOR:大模型,TECH_LLM; TECH_NLP,MDAF0001184+TECH_LLM,TECH_LLM; TECH_NLP,,1,COMPANY,APPLIED,0.649829,0.98,0.98,1,信息抽取; 知识问答; 大语言模型; 金融大模型; 大模型,,300033.SZ_同花顺_2025_管理层讨论与分析.pdf,2,10,1、强化人工智能核心技术攻关，提升大模型金融应用能力,正文,MDAF0001184,,TECH_LLM;TECH_NLP,TECH_LLM=0.6498/0.3066; TECH_NLP=0.4422/0.1605
CAND-00124,300033.SZ,同花顺,2025,业务概要,面向个人投资者，公司提升“问财”投资助手智能化水平，优化智能问答、策略生成及风险提示功能，提高交互效率与内容精准度。,智能问答,AIFT-053,ALS-0216,TECH_NLP,MDAF0001186+TECH_NLP,TECH_NLP,,1,COMPANY,R_AND_D,0.503642,0.85,0.85,1,智能问答,,300033.SZ_同花顺_2025_管理层讨论与分析.pdf,2,10,2、深化人工智能与金融业务融合，驱动服务模式升级,正文,MDAF0001186,,TECH_NLP,TECH_NLP=0.5036/0.2231
CAND-00125,300033.SZ,同花顺,2025,业务概要,面向金融机构客户，iFinD 终端强化数据处理、研报生成和合规校验能力，提升专业机构的研究与运营效率。,研报生成,AIFT-223,ALS-0904,PRODUCT_INVEST,MDAF0001187+PRODUCT_INVEST,,PRODUCT_INVEST,0,UNKNOWN,,0.47366,0.9,0.9,1,研报生成,,300033.SZ_同花顺_2025_管理层讨论与分析.pdf,2,10,2、深化人工智能与金融业务融合，驱动服务模式升级,正文,MDAF0001187,,PRODUCT_INVEST,PRODUCT_INVEST=0.4737/0.0016
CAND-00126,300033.SZ,同花顺,2025,业务概要,报告期内，公司依托大数据分析和人工智能技术赋能，持续优化客户触达策略与内容匹配机制，提升营销资源配置效率和转化效果。,人工智能; 人工智能技术,AIFT-001,ALS-0001; ALS-0004,AI_GENERAL,MDAF0001199+AI_GENERAL,,,1,COMPANY,R_AND_D,0.390849,0.65,0.65,1,人工智能; 人工智能技术,,300033.SZ_同花顺_2025_管理层讨论与分析.pdf,3,11,4、优化营销服务与品牌建设体系，进一步提升品牌价值与市场影响力,正文,MDAF0001199,,AI_GENERAL,AI_GENERAL=0.3908/0.0461
CAND-00127,300033.SZ,同花顺,2025,业务概要,在人工智能加速融入金融行业的背景下，公司依托长期积累的高质量金融数据资源和规模化应用场景，推动大模型及相关智能技术在投研支持、智能问答、风险提示、合规校验等领域的落地应用，不断提升产品智能化水平与服务效率。,人工智能; 智能问答; 大模型,AIFT-001; AIFT-053,ALS-0001; ALS-0216; ANCHOR:大模型,AI_GENERAL; TECH_LLM; TECH_NLP,MDAF0001209+TECH_LLM,TECH_LLM; TECH_NLP,,1,COMPANY,APPLIED,0.596305,0.85,0.85,1,人工智能; 智能问答; 大模型,,300033.SZ_同花顺_2025_管理层讨论与分析.pdf,4,12,（二）公司行业地位和优势,正文,MDAF0001209,,AI_GENERAL;TECH_LLM;TECH_NLP,TECH_LLM=0.5963/0.2299; AI_GENERAL=0.5242/0.0138; TECH_NLP=0.4552/0.1793
CAND-00128,300033.SZ,同花顺,2025,业务概要,通过持续加大研发投入，公司强化数据治理、算法优化与系统工程能力，逐步形成面向金融垂直领域的技术能力和应用壁垒。,数据治理,AIFT-168,ALS-0681,AI_ENGINEERING,MDAF0001210+AI_ENGINEERING,,,0,COMPANY,APPLIED,0.403491,0.3,0.3,1,数据治理,anchor未满足,300033.SZ_同花顺_2025_管理层讨论与分析.pdf,4,12,（二）公司行业地位和优势,正文,MDAF0001210,,AI_ENGINEERING,AI_ENGINEERING=0.4035/0.0609
CAND-00129,300033.SZ,同花顺,2025,核心竞争力,依托“问财”大模型能力，公司同步推出数据可视化智能体，并荣获2025年中国设计智造奖。,智能体; 大模型,AIFT-128,ALS-0523; ANCHOR:大模型,AI_GENERAL; TECH_LLM,MDAF0001216+TECH_LLM,TECH_LLM,,1,COMPANY,APPLIED,0.479481,0.85,0.85,1,智能体; 大模型,,300033.SZ_同花顺_2025_管理层讨论与分析.pdf,7,15,1、产品体系与创新能力优势,正文,MDAF0001216,,AI_GENERAL;TECH_LLM,TECH_LLM=0.4795/0.1551; AI_GENERAL=0.4082/0.0900
CAND-00130,300033.SZ,同花顺,2025,核心竞争力,公司较早布局移动互联网、云计算、大数据、智能搜索、语音语义、图形图像及生成式人工智能等领域，拥有一支成熟、稳定的技术研发团队。,人工智能; 生成式人工智能,AIFT-001; AIFT-110,ALS-0001; ALS-0450,AI_GENERAL; TECH_LLM,MDAF0001223+TECH_LLM,TECH_LLM,,1,COMPANY,R_AND_D,0.468256,0.98,0.98,1,人工智能; 生成式人工智能,,300033.SZ_同花顺_2025_管理层讨论与分析.pdf,7,15,3、技术与工程化能力优势,正文,MDAF0001223,,AI_GENERAL;TECH_LLM,AI_GENERAL=0.4683/0.1092; TECH_LLM=0.4035/0.0056
CAND-00131,300033.SZ,同花顺,2025,核心竞争力,在人工智能技术加速发展的背景下，公司持续推进“大模型+金融”应用落地，已在智能投顾、智能客服、智能投研、代码生成、法律咨询、办公助手、翻译等场景推出相关产品，推动金融服务效率与智能化水平提升。,人工智能; 人工智能技术; 智能客服; 智能投顾; 智能投研; 代码生成; 大模型,AIFT-001; AIFT-204; AIFT-214; AIFT-215; AIFT-251,ALS-0001; ALS-0004; ALS-0826; ALS-0867; ALS-0871; ALS-1015; ANCHOR:大模型,AI_GENERAL; APP_INTERNAL; PRODUCT_CUSTOMER; PRODUCT_INVEST; TECH_LLM,MDAF0001225+TECH_LLM,TECH_LLM,PRODUCT_CUSTOMER; PRODUCT_INVEST,1,COMPANY,APPLIED,0.582219,0.98,0.98,1,人工智能; 人工智能技术; 智能客服; 智能投顾; 智能投研; 代码生成; 大模型,,300033.SZ_同花顺_2025_管理层讨论与分析.pdf,7,15,1、产品体系与创新能力优势,正文,MDAF0001225,,AI_GENERAL;APP_INTERNAL;PRODUCT_CUSTOMER;PRODUCT_INVEST;TECH_LLM,TECH_LLM=0.5822/0.1857; AI_GENERAL=0.5699/0.0452; PRODUCT_CUSTOMER=0.5647/0.2743; PRODUCT_INVEST=0.4184/0.0750; APP_INTERNAL=0.4071/0.1132
CAND-00132,300033.SZ,同花顺,2025,核心竞争力,"截至报告期末，公司共有3,141名研发人员，其中博士学历128 人（含在站博士后43 人），为公司解决金融信息服务创新、人工智能技术研发关键问题，引领公司技术创新，人力资源优势明显。",人工智能; 人工智能技术,AIFT-001,ALS-0001; ALS-0004,AI_GENERAL,MDAF0001229+AI_GENERAL,,,1,COMPANY,R_AND_D,0.418767,0.65,0.65,1,人工智能; 人工智能技术,,300033.SZ_同花顺_2025_管理层讨论与分析.pdf,7,15,4、人力资源优势,正文,MDAF0001229,,AI_GENERAL,AI_GENERAL=0.4188/0.1442
CAND-00133,300033.SZ,同花顺,2025,核心竞争力,报告期内，公司持续迭代升级个人投资助理“问财”，通过多模态基座能力提升和智能体架构优化，重构分析与决策流程，覆盖选股、诊股、策略验证、组合分析及风险管理等核心环节，进一步提升投资决策支持能力与服务效率。,智能体,AIFT-128,ALS-0523,AI_GENERAL,MDAF0001230+AI_GENERAL,,,1,COMPANY,R_AND_D,0.330691,0.6,0.6,1,智能体,,300033.SZ_同花顺_2025_管理层讨论与分析.pdf,7,15,1、产品体系与创新能力优势,正文,MDAF0001230,,AI_GENERAL,AI_GENERAL=0.3307/0.0334
CAND-00134,300033.SZ,同花顺,2025,核心竞争力,这些数据不仅满足了客户多样化的需求，还为公司人工智能算法训练、AI 大模型训练提供了数据基础。,人工智能; AI; 智能算法; 大模型; 模型训练,AIFT-001,ALS-0001; ALS-0002; ALS-0006; ANCHOR:大模型; ANCHOR:模型训练,AI_ENGINEERING; AI_GENERAL; TECH_LLM,MDAF0001242+TECH_LLM,TECH_LLM,,1,COMPANY,R_AND_D,0.483111,0.85,0.85,1,人工智能; AI; 智能算法; 大模型; 模型训练,,300033.SZ_同花顺_2025_管理层讨论与分析.pdf,8,16,5、数据资源与数据治理优势,正文,MDAF0001242,,AI_ENGINEERING;AI_GENERAL;TECH_LLM,AI_ENGINEERING=0.4831/0.0899; TECH_LLM=0.4710/0.0641; AI_GENERAL=0.4511/0.1004
CAND-00135,300033.SZ,同花顺,2025,研发投入,项目进：全生命周期智能投顾与资产配置平台研发项目。,智能投顾,AIFT-214,ALS-0867,PRODUCT_INVEST,MDAF0001246+PRODUCT_INVEST,,PRODUCT_INVEST,0,UNKNOWN,R_AND_D,0.56799,0.95,0.95,1,智能投顾,,300033.SZ_同花顺_2025_管理层讨论与分析.pdf,12,20,,表格行,MDAF0001246,,PRODUCT_INVEST,PRODUCT_INVEST=0.5680/0.1268
CAND-00136,300033.SZ,同花顺,2025,研发投入,项目进：加大证券行情交易系统的极速化、 智能化、全品种覆盖升级探索，运用 FPGA 硬件加速、云原生分布式架构、人工智能智能算法、全链路低延迟优化等先进技术，优化系统核心架构与功能模块；大幅提升证券行情传输速度、交易系统响应效率与运行稳定性，丰富全市场、全品种交易功能，提升系统的扩展性、兼容性与合规适配能力，满足不同客群、不同环境下的全场景证券交易需求。,人工智能; 智能算法,AIFT-001,ALS-0001; ALS-0006,AI_GENERAL,MDAF0001247+AI_GENERAL,,,1,UNKNOWN,R_AND_D,0.337896,0.6,0.6,1,人工智能; 智能算法,,300033.SZ_同花顺_2025_管理层讨论与分析.pdf,12,20,,表格行,MDAF0001247,,AI_GENERAL,AI_GENERAL=0.3379/-0.0126
CAND-00137,300033.SZ,同花顺,2025,研发投入,项目进：基于金融专属大模型的智能金融信息服务平台升级项目。,大模型,,ANCHOR:大模型,TECH_LLM,MDAF0001248+TECH_LLM,TECH_LLM,,1,UNKNOWN,R_AND_D,0.532513,0.8,0.8,1,大模型,,300033.SZ_同花顺_2025_管理层讨论与分析.pdf,12,20,,表格行,MDAF0001248,,TECH_LLM,TECH_LLM=0.5325/0.1713
CAND-00138,300033.SZ,同花顺,2025,研发投入,项目进：基于金融大模型、量化投研技术、 多因子资产定价模型、宏观经济预测算法，构建覆盖投资前市场研判、投资中决策辅助、投资后组合管理的全生命周期智能投顾体系， 为不同风险偏好、资金规模、投资周期的投资者，提供适配的投资决策辅助、大类资产配置方案、投资组合动态管理与风险预警服务。,金融大模型; 智能投顾; 大模型,AIFT-114; AIFT-214,ALS-0467; ALS-0867; ANCHOR:大模型,PRODUCT_INVEST; TECH_LLM,MDAF0001249+TECH_LLM,TECH_LLM,PRODUCT_INVEST,1,UNKNOWN,R_AND_D,0.571665,0.98,0.98,1,金融大模型; 智能投顾; 大模型,,300033.SZ_同花顺_2025_管理层讨论与分析.pdf,12,20,,表格行,MDAF0001249,,PRODUCT_INVEST;TECH_LLM,PRODUCT_INVEST=0.5717/0.1348; TECH_LLM=0.4959/0.2027
CAND-00139,300033.SZ,同花顺,2025,研发投入,项目进：打造覆盖全市场投资品种、 全风险等级、全用户层级的智能投顾产品矩阵，实现从单一策略推荐到全周期资产配置服务的全面升级，满足投资者多元化、专业化的财富管理与投资决策需求。,智能投顾,AIFT-214,ALS-0867,PRODUCT_INVEST,MDAF0001254+PRODUCT_INVEST,,PRODUCT_INVEST,0,UNKNOWN,R_AND_D,0.550803,0.95,0.95,1,智能投顾,,300033.SZ_同花顺_2025_管理层讨论与分析.pdf,12,20,,表格行,MDAF0001254,,PRODUCT_INVEST,PRODUCT_INVEST=0.5508/0.1447
CAND-00140,300033.SZ,同花顺,2025,研发投入,项目进：深化 AI 大模型、精细化用户画像技术、全维度基金评价体系、宏观量化预测模型在基金理财领域的落地应用，结合投资者的风险偏好、 投资目标、持仓周期，为投资者提供个性化的基金产品筛选、资产配置推荐与持仓优化服务；并结合市场走势、宏观经济环境与标的基本面变化，为投资者提供全周期的风险控制建议与实时预警，降低投资风险，同时优化平台交易体验、运营效率与全流程合规管理能力。,AI; 用户画像; 大模型,AIFT-001; AIFT-206,ALS-0002; ALS-0836; ANCHOR:大模型,AI_GENERAL; PRODUCT_CUSTOMER; TECH_LLM,MDAF0001256+TECH_LLM,TECH_LLM,PRODUCT_CUSTOMER,1,UNKNOWN,APPLIED,0.506206,0.8,0.8,1,AI; 用户画像; 大模型,,300033.SZ_同花顺_2025_管理层讨论与分析.pdf,12,20,,表格行,MDAF0001256,,AI_GENERAL;PRODUCT_CUSTOMER;TECH_LLM,PRODUCT_CUSTOMER=0.5062/0.2408; TECH_LLM=0.4566/0.1302; AI_GENERAL=0.3793/0.0870
CAND-00141,300033.SZ,同花顺,2025,研发投入,项目进：深度研究金融垂直大模型、多模态生成式 AI、智能语音、数字人、 自然语言交互等前沿技术在金融信息服务行业的深度应用，重构金融信息生产、加工、分发、交互全链路流程，进一步提升金融信息服务的智能化、精准化、个性化水平， 适配全类型客群的金融信息获取与解读需求。,AI; 垂直大模型; 大模型,AIFT-001; AIFT-115,ALS-0002; ALS-0472; ANCHOR:大模型,AI_GENERAL; TECH_LLM,MDAF0001257+TECH_LLM,TECH_LLM,,1,UNKNOWN,APPLIED,0.570399,0.8,0.8,1,AI; 垂直大模型; 大模型,,300033.SZ_同花顺_2025_管理层讨论与分析.pdf,12,20,,表格行,MDAF0001257,,AI_GENERAL;TECH_LLM,TECH_LLM=0.5704/0.1894; AI_GENERAL=0.4650/-0.0210
CAND-00142,300033.SZ,同花顺,2025,研发投入,预计对公司未来发展的：全面丰富公司智能投顾产品与服务体系，大幅提升高净值客户与机构客户的服务能力，持续提高公司投顾业务的产品竞争力与市场占有率。,智能投顾,AIFT-214,ALS-0867,PRODUCT_INVEST,MDAF0001261+PRODUCT_INVEST,,PRODUCT_INVEST,0,COMPANY,,0.519367,0.95,0.95,1,智能投顾,,300033.SZ_同花顺_2025_管理层讨论与分析.pdf,12,20,,表格行,MDAF0001261,,PRODUCT_INVEST,PRODUCT_INVEST=0.5194/0.1609
CAND-00143,300033.SZ,同花顺,2025,研发投入,全面筑牢公司在金融 AI 领域的技术护城河，持续孵化新的盈利增长点。,AI,AIFT-001,ALS-0002,AI_GENERAL,MDAF0001299+AI_GENERAL,,,1,COMPANY,,0.508982,0.6,0.6,1,AI,,300033.SZ_同花顺_2025_管理层讨论与分析.pdf,13,21,,表格行,MDAF0001299,,AI_GENERAL,AI_GENERAL=0.5090/0.0862
CAND-00144,300033.SZ,同花顺,2025,研发投入,打造具备行业领先水平的金融专属大模型体系与通用 AI 技术底座，推出更多大模型应用产品。,AI; 大模型,AIFT-001,ALS-0002; ANCHOR:大模型,AI_GENERAL; TECH_LLM,MDAF0001310+TECH_LLM,TECH_LLM,,1,UNKNOWN,APPLIED,0.559493,0.8,0.8,1,AI; 大模型,,300033.SZ_同花顺_2025_管理层讨论与分析.pdf,13,21,,表格行,MDAF0001310,,AI_GENERAL;TECH_LLM,TECH_LLM=0.5595/0.0596; AI_GENERAL=0.4883/0.0495
CAND-00145,300033.SZ,同花顺,2025,研发投入,持续深耕金融领域专属大模型、多模态生成式 AI、自然语言理解与交互、计算机视觉、智能语音、端侧 AI 推理等核心前沿技术，重点突破金融大模型的专业投研能力、 合规风控能力、逻辑推理能力、实时性优化与国产化适配，构建自主可控的金融 AI 技术底座，孵化创新型 AI 产品与行业解决方案。,AI; 自然语言理解; 计算机视觉; 金融大模型; 大模型,AIFT-001; AIFT-038; AIFT-071; AIFT-114,ALS-0002; ALS-0158; ALS-0292; ALS-0467; ANCHOR:大模型,AI_GENERAL; TECH_CV; TECH_LLM; TECH_NLP,MDAF0001311+TECH_CV,TECH_CV; TECH_LLM; TECH_NLP,,1,UNKNOWN,R_AND_D,0.5622,0.98,0.98,1,AI; 自然语言理解; 计算机视觉; 金融大模型; 大模型,,300033.SZ_同花顺_2025_管理层讨论与分析.pdf,13,21,,表格行,MDAF0001311,,AI_GENERAL;TECH_CV;TECH_LLM;TECH_NLP,TECH_LLM=0.5622/0.2293; AI_GENERAL=0.4581/0.0290; TECH_NLP=0.4013/0.1648; TECH_CV=0.3482/0.1463
CAND-00146,300033.SZ,同花顺,2025,研发投入,金融大数据智能化治理与全场景应用项目：金融垂直大模型与通用 AI 技术应用项目。,AI; 垂直大模型; 大模型,AIFT-001; AIFT-115,ALS-0002; ALS-0472; ANCHOR:大模型,AI_GENERAL; TECH_LLM,MDAF0001312+TECH_LLM,TECH_LLM,,1,UNKNOWN,APPLIED,0.516394,0.8,0.8,1,AI; 垂直大模型; 大模型,,300033.SZ_同花顺_2025_管理层讨论与分析.pdf,13,21,,表格行,MDAF0001312,,AI_GENERAL;TECH_LLM,TECH_LLM=0.5164/0.1287; AI_GENERAL=0.4672/-0.0262
CAND-00147,300059.SZ,东方财富,2025,核心竞争力,公司充分发挥多年来积累的研发技术优势，自主研发了一系列网络核心技术，拥有充实的AI 技术能力，包括自然语言处理、图像处理、语音识别和多模态融合技术，同时公司密切跟踪行业前沿技术发展，持续加强生成式AI、交互式AI 等领域能力建设，积极探索大模型在各金融场景的应用。,AI; 自然语言处理; 语音识别; 生成式AI; 大模型,AIFT-001; AIFT-038; AIFT-061; AIFT-110,ALS-0002; ALS-0154; ALS-0251; ALS-0451; ANCHOR:大模型,AI_GENERAL; TECH_LLM; TECH_NLP; TECH_SPEECH,MDAF0001320+TECH_LLM,TECH_LLM; TECH_NLP; TECH_SPEECH,,1,COMPANY,R_AND_D,0.531608,0.98,0.98,1,AI; 自然语言处理; 语音识别; 生成式AI; 大模型,,300059.SZ_东方财富_2025_管理层讨论与分析.pdf,2,10,2、研发技术优势,正文,MDAF0001320,,AI_GENERAL;TECH_LLM;TECH_NLP;TECH_SPEECH,AI_GENERAL=0.5316/0.1169; TECH_LLM=0.5178/0.1650; TECH_NLP=0.4593/0.2093; TECH_SPEECH=0.3356/0.0768
CAND-00148,300059.SZ,东方财富,2025,核心竞争力,公司自主研发妙想大模型，凭借数据特色和算法优势，聚焦于核心金融场景，不断优化金融垂直能力，向整个东方财富生态输入妙想AI 能力，进一步完善互联网财富管理生态建设。,AI; 大模型,AIFT-001,ALS-0002; ANCHOR:大模型,AI_GENERAL; TECH_LLM,MDAF0001322+TECH_LLM,TECH_LLM,,1,COMPANY,R_AND_D,0.514847,0.85,0.85,1,AI; 大模型,,300059.SZ_东方财富_2025_管理层讨论与分析.pdf,2,10,2、研发技术优势,正文,MDAF0001322,,AI_GENERAL;TECH_LLM,TECH_LLM=0.5148/0.1973; AI_GENERAL=0.3922/0.0236
CAND-00149,300059.SZ,东方财富,2025,核心竞争力,强大的技术研发力量、核心技术储备以及金融领域人工智能的创新，为公司后续持续发展奠定了更加坚实的技术基础。,人工智能,AIFT-001,ALS-0001,AI_GENERAL,MDAF0001324+AI_GENERAL,,,1,COMPANY,ATTENTION,0.556794,0.65,0.26,1,人工智能,,300059.SZ_东方财富_2025_管理层讨论与分析.pdf,2,10,2、研发技术优势,正文,MDAF0001324,,AI_GENERAL,AI_GENERAL=0.5568/0.0996
CAND-00150,300059.SZ,东方财富,2025,研发投入,主要研发项目名称：妙想金融大模型后训练项目。,金融大模型; 大模型,AIFT-114,ALS-0467; ANCHOR:大模型,TECH_LLM,MDAF0001337+TECH_LLM,TECH_LLM,,1,UNKNOWN,R_AND_D,0.55478,0.98,0.98,1,金融大模型; 大模型,,300059.SZ_东方财富_2025_管理层讨论与分析.pdf,7,15,,表格行,MDAF0001337,,TECH_LLM,TECH_LLM=0.5548/0.1819
CAND-00151,300059.SZ,东方财富,2025,研发投入,拟达到的目标：提升大模型及其产品应用的金融垂类能力。,大模型,,ANCHOR:大模型,TECH_LLM,MDAF0001339+TECH_LLM,TECH_LLM,,1,UNKNOWN,APPLIED,0.602402,0.8,0.8,1,大模型,,300059.SZ_东方财富_2025_管理层讨论与分析.pdf,7,15,,表格行,MDAF0001339,,TECH_LLM,TECH_LLM=0.6024/0.1492
CAND-00152,300059.SZ,东方财富,2025,研发投入,项目目的：面向投资、投研领域的复杂金融应用场景，全面训练并提升妙想大模型的核心金融能力。,大模型,,ANCHOR:大模型,TECH_LLM,MDAF0001340+TECH_LLM,TECH_LLM,,1,UNKNOWN,APPLIED,0.590372,0.8,0.8,1,大模型,,300059.SZ_东方财富_2025_管理层讨论与分析.pdf,7,15,,表格行,MDAF0001340,,TECH_LLM,TECH_LLM=0.5904/0.2555
CAND-00153,300059.SZ,东方财富,2025,研发投入,利用自研妙想大模型全面赋能 Choice 金融终端，进一步适配主流信创操作系统：构建一个集成文本、图像、音频等多模态信息的视频内容自动生成平台，支持财经资讯、市场解读等视频内容的快速生产与高效分发。,大模型,,ANCHOR:大模型,TECH_LLM,MDAF0001369+TECH_LLM,TECH_LLM,,1,UNKNOWN,R_AND_D,0.514548,0.8,0.8,1,大模型,,300059.SZ_东方财富_2025_管理层讨论与分析.pdf,8,16,,表格行,MDAF0001369,,TECH_LLM,TECH_LLM=0.5145/0.1967
CAND-00154,300059.SZ,东方财富,2025,研发投入,利用自研妙想大模型全面赋能 Choice 金融终端，进一步适配主流信创操作系统：构建一套基于AI 大模型的框架系统，实时识别与分析用户行为， 并提供个性化的智能应用与策略推荐。,AI; 大模型,AIFT-001,ALS-0002; ANCHOR:大模型,AI_GENERAL; TECH_LLM,MDAF0001370+TECH_LLM,TECH_LLM,,1,UNKNOWN,APPLIED,0.547368,0.8,0.8,1,AI; 大模型,,300059.SZ_东方财富_2025_管理层讨论与分析.pdf,8,16,,表格行,MDAF0001370,,AI_GENERAL;TECH_LLM,TECH_LLM=0.5474/0.1742; AI_GENERAL=0.4111/-0.0025
CAND-00155,300059.SZ,东方财富,2025,研发投入,利用自研妙想大模型全面赋能 Choice 金融终端，进一步适配主流信创操作系统：构建以人工智能为驱动的内容生态体系。,人工智能; 大模型,AIFT-001,ALS-0001; ANCHOR:大模型,AI_GENERAL; TECH_LLM,MDAF0001371+TECH_LLM,TECH_LLM,,1,UNKNOWN,R_AND_D,0.528201,0.8,0.8,1,人工智能; 大模型,,300059.SZ_东方财富_2025_管理层讨论与分析.pdf,8,16,,表格行,MDAF0001371,,AI_GENERAL;TECH_LLM,TECH_LLM=0.5282/0.1745; AI_GENERAL=0.4075/-0.0082
CAND-00156,300059.SZ,东方财富,2025,研发投入,利用自研妙想大模型全面赋能 Choice 金融终端，进一步适配主流信创操作系统：构建创新性的智能财经数据多模态交互引擎生态系统，整合多维度数据，为投资者提供全面、深度的财经数据分析服务。,大模型,,ANCHOR:大模型,TECH_LLM,MDAF0001372+TECH_LLM,TECH_LLM,,1,UNKNOWN,R_AND_D,0.529353,0.8,0.8,1,大模型,,300059.SZ_东方财富_2025_管理层讨论与分析.pdf,8,16,,表格行,MDAF0001372,,TECH_LLM,TECH_LLM=0.5294/0.2189
CAND-00157,300059.SZ,东方财富,2025,研发投入,利用自研妙想大模型全面赋能 Choice 金融终端，进一步适配主流信创操作系统：构建智能金融服务平台，打造多场景金融大模型能力体系，为用户提供专业、及时、可理解的金融数据解读与投资决策支持。,金融大模型; 大模型,AIFT-114,ALS-0467; ANCHOR:大模型,TECH_LLM,MDAF0001373+TECH_LLM,TECH_LLM,,1,UNKNOWN,R_AND_D,0.534352,0.98,0.98,1,金融大模型; 大模型,,300059.SZ_东方财富_2025_管理层讨论与分析.pdf,8,16,,表格行,MDAF0001373,,TECH_LLM,TECH_LLM=0.5344/0.1881
CAND-00158,300059.SZ,东方财富,2025,研发投入,利用自研妙想大模型全面赋能 Choice 金融终端，进一步适配主流信创操作系统：聚焦投研全流程痛点，推出一系列新型智能化提效工具。,大模型,,ANCHOR:大模型,TECH_LLM,MDAF0001374+TECH_LLM,TECH_LLM,,1,UNKNOWN,APPLIED,0.522321,0.8,0.8,1,大模型,,300059.SZ_东方财富_2025_管理层讨论与分析.pdf,8,16,,表格行,MDAF0001374,,TECH_LLM,TECH_LLM=0.5223/0.1898
CAND-00159,300059.SZ,东方财富,2025,研发投入,利用自研妙想大模型全面赋能 Choice 金融终端，进一步适配主流信创操作系统：通过构建智能驱动的数据处理体系，满足基金市场规模扩大、产品类型丰富、业务创新需求增长带来的挑战。,大模型,,ANCHOR:大模型,TECH_LLM,MDAF0001375+TECH_LLM,TECH_LLM,,1,UNKNOWN,R_AND_D,0.506455,0.8,0.8,1,大模型,,300059.SZ_东方财富_2025_管理层讨论与分析.pdf,8,16,,表格行,MDAF0001375,,TECH_LLM,TECH_LLM=0.5065/0.1762
CAND-00160,300059.SZ,东方财富,2025,研发投入,利用自研妙想大模型全面赋能 Choice 金融终端，进一步适配主流信创操作系统：面向全球证券市场，构建低时延策略交易平台，满足投资者算法交易诉求，赋能精准决策。,算法交易; 大模型,AIFT-218,ALS-0883; ANCHOR:大模型,PRODUCT_INVEST; TECH_LLM,MDAF0001376+TECH_LLM,TECH_LLM,PRODUCT_INVEST,1,UNKNOWN,R_AND_D,0.472953,0.8,0.8,1,算法交易; 大模型,,300059.SZ_东方财富_2025_管理层讨论与分析.pdf,8,16,,表格行,MDAF0001376,,PRODUCT_INVEST;TECH_LLM,TECH_LLM=0.4730/0.1777; PRODUCT_INVEST=0.4237/0.0031
CAND-00161,300059.SZ,东方财富,2025,研发投入,提升金融终端智能化和信创水平：打造全生命周期数据治理能力与生态级协同服务，保障系统稳定性、数据精准度与安全性。,数据治理,AIFT-168,ALS-0681,AI_ENGINEERING,MDAF0001394+AI_ENGINEERING,,,0,UNKNOWN,WEAK_GENERIC,0.43939,0.1,0.1,1,数据治理,anchor未满足；仅弱词无锚点,300059.SZ_东方财富_2025_管理层讨论与分析.pdf,8,16,,表格行,MDAF0001394,,AI_ENGINEERING,AI_ENGINEERING=0.4394/0.0517
CAND-00162,300059.SZ,东方财富,2025,研发投入,提升金融终端智能化和信创水平：提升海外市场证券交易体验，满足投资者对算法交易的诉求。,算法交易,AIFT-218,ALS-0883,PRODUCT_INVEST,MDAF0001398+PRODUCT_INVEST,,PRODUCT_INVEST,0,UNKNOWN,WEAK_GENERIC,0.385062,0.1,0.1,1,算法交易,anchor未满足；仅弱词无锚点,300059.SZ_东方财富_2025_管理层讨论与分析.pdf,8,16,,表格行,MDAF0001398,,PRODUCT_INVEST,PRODUCT_INVEST=0.3851/-0.0651
CAND-00163,300059.SZ,东方财富,2025,研发投入,面向金融机构的新一代数据终端智能化研发项目：天天基金智能体应用编排平台。,智能体,AIFT-128,ALS-0523,AI_GENERAL,MDAF0001402+AI_GENERAL,,,1,UNKNOWN,APPLIED,0.407589,0.55,0.55,1,智能体,,300059.SZ_东方财富_2025_管理层讨论与分析.pdf,8,16,,表格行,MDAF0001402,,AI_GENERAL,AI_GENERAL=0.4076/0.0603
CAND-00164,300079.SZ,数码视讯,2025,业务概要,公司专注于视频、安全、人工智能与通信服务等前沿技术的创新研发，已在广电、通信、应急安全、新能源等多个领域构建领先的解决方案。,人工智能,AIFT-001,ALS-0001,AI_GENERAL,MDAF0001410+AI_GENERAL,,,1,COMPANY,R_AND_D,0.450394,0.65,0.65,1,人工智能,,300079.SZ_数码视讯_2025_管理层讨论与分析.pdf,1,10,,正文,MDAF0001410,,AI_GENERAL,AI_GENERAL=0.4504/0.1161
CAND-00165,300079.SZ,数码视讯,2025,业务概要,公司致力于构建AI 智能世界的感知与决策引擎，秉承着“AI 驱动、自主可控、生态共荣”的发展理念，打造AI 时代的视觉中枢。,AI; 决策引擎,AIFT-001; AIFT-106,ALS-0002; ALS-0434,AI_GENERAL; TECH_DECISION,MDAF0001412+TECH_DECISION,TECH_DECISION,,1,COMPANY,R_AND_D,0.4213,0.65,0.65,1,AI; 决策引擎,,300079.SZ_数码视讯_2025_管理层讨论与分析.pdf,1,10,,正文,MDAF0001412,,AI_GENERAL;TECH_DECISION,AI_GENERAL=0.4213/-0.0241; TECH_DECISION=0.3480/0.0821
CAND-00166,300079.SZ,数码视讯,2025,业务概要,在4K/8K 超高清视频处理领域，公司持续打造多元化解决方案矩阵：8K AVS3 端到端解决方案、多模态感知超高清、制播背包系统、4K/8K 超高清帧同步、专业音视频、深度技监等核心解决方案持续优化，深度融合5G、AI、大数据等前沿技术，完善超高清产业生态闭环，成功为众多重要政务活动、大型文体活动及体育赛事提供高品质视频技术支撑。,AI,AIFT-001,ALS-0002,AI_GENERAL,MDAF0001413+AI_GENERAL,,,1,COMPANY,R_AND_D,0.36391,0.65,0.65,1,AI,,300079.SZ_数码视讯_2025_管理层讨论与分析.pdf,1,10,1、传媒科技行业相关业务,正文,MDAF0001413,,AI_GENERAL,AI_GENERAL=0.3639/0.1160
CAND-00167,300079.SZ,数码视讯,2025,业务概要,在智慧运维及传输领域，空天地一体化链路依托公司国产化编码、远程加扰、切换、调制、适配等核心产品，搭配自主研发的智慧运维软件系统，为地球站提供全方位、高可靠的业务开展、质量检测、运维管理全套国产化解决方案，助力国家关键信息基础设施自主可控；AI Agent 智慧运维方案依托大数据、智能算法、流程自动化、云计算等前沿技术，为用户构建统一、科学、高效的智慧运维管理体系，降低运维成本、提升管理效能；融媒播发方案借助IP 化传输技术落地，实现相关平台信号的统一汇聚、高效处理及调度分发，助力用户从容应对节目高清、超高清化发展趋势，适配行业技术升级需求；智融接入网方案通过深度融合FTTH 与C-DOCSIS 技术，为下一代广电传输网络建设提供高速、可行的解决方案，助力广电网络提升带宽能力与服务品质。,AI; 智能算法; Agent; AI Agent; 智慧运维,AIFT-001; AIFT-128; AIFT-129; AIFT-262,ALS-0002; ALS-0006; ALS-0524; ALS-0529; ALS-1062,AI_GENERAL; APP_INTERNAL; TECH_LLM,MDAF0001414+TECH_LLM,TECH_LLM,,1,COMPANY,R_AND_D,0.385623,0.85,0.85,1,AI; 智能算法; Agent; AI Agent; 智慧运维,,300079.SZ_数码视讯_2025_管理层讨论与分析.pdf,1,10,1、传媒科技行业相关业务,正文,MDAF0001414,,AI_GENERAL;APP_INTERNAL;TECH_LLM,TECH_LLM=0.3856/0.1725; AI_GENERAL=0.3733/0.0809; APP_INTERNAL=0.3520/0.0511
CAND-00168,300079.SZ,数码视讯,2025,业务概要,报告期内，公司推出针对广电行业的AI Agent，该系统可以广泛应用于电视台、网络公司、台站等的机房运维中，具有综合采集、智能研判、按需排障的运维能力，下一步计划将应用扩展到广播电视内容生产、数字安全、显控交互等各个业务场景。,AI; Agent; AI Agent,AIFT-001; AIFT-128; AIFT-129,ALS-0002; ALS-0524; ALS-0529,AI_GENERAL; TECH_LLM,MDAF0001416+TECH_LLM,TECH_LLM,,1,COMPANY,APPLIED,0.466032,0.85,0.85,1,AI; Agent; AI Agent,,300079.SZ_数码视讯_2025_管理层讨论与分析.pdf,1,10,1、传媒科技行业相关业务,正文,MDAF0001416,,AI_GENERAL;TECH_LLM,AI_GENERAL=0.4660/0.0899; TECH_LLM=0.4271/0.0491
CAND-00169,300079.SZ,数码视讯,2025,业务概要,产品可根据AI 算法对画面进行内容感知，基于感知结果进行动态画面区域划分，并对不同区域编码资源持续动态调整，以实现画面效果与编码资源间的动态平衡。,AI,AIFT-001,ALS-0002,AI_GENERAL,MDAF0001419+AI_GENERAL,,,1,UNKNOWN,,0.400209,0.55,0.55,1,AI,,300079.SZ_数码视讯_2025_管理层讨论与分析.pdf,2,11,1、传媒科技行业相关业务,正文,MDAF0001419,,AI_GENERAL,AI_GENERAL=0.4002/0.0219
CAND-00170,300079.SZ,数码视讯,2025,业务概要,在重大活动保障上，公司4K/8K 超高清解决方案支撑了总台全国两会、春晚、亚洲冬季运动会、成都世界运动会等多项超高清直播、转播活动，凭借AI 制播背包系统、多模态感知超高清、多视角制播、AI 图像增强等技术，提升赛事转播的专业性与观赏性，助力超高清产业高质量发展。,AI,AIFT-001,ALS-0002,AI_GENERAL,MDAF0001426+AI_GENERAL,,,1,COMPANY,,0.387888,0.6,0.6,1,AI,,300079.SZ_数码视讯_2025_管理层讨论与分析.pdf,2,11,1、传媒科技行业相关业务,正文,MDAF0001426,,AI_GENERAL,AI_GENERAL=0.3879/0.0784
CAND-00171,300079.SZ,数码视讯,2025,业务概要,在视频技术服务领域，公司持续深化技术迭代，提供AI 超高清视频处理、AI 编转码、视频加密技术以及用户管理、广告运营、终端认证管理等全链条软、硬件产品和系统，凭借丰富的平台开发及对接经验，所有相关产品均支持软、硬件定制化服务，精准匹配中国移动、中国联通、中国电信、中国广电四大运营商的差异化业务需求。,AI,AIFT-001,ALS-0002,AI_GENERAL,MDAF0001443+AI_GENERAL,,,1,COMPANY,R_AND_D,0.359257,0.65,0.65,1,AI,,300079.SZ_数码视讯_2025_管理层讨论与分析.pdf,3,12,2、信息服务行业相关业务,正文,MDAF0001443,,AI_GENERAL,AI_GENERAL=0.3593/0.0427
CAND-00172,300079.SZ,数码视讯,2025,业务概要,公司拥有AIGC 鉴伪、数字版权等核心技术，可为电信、有线、网络视听等视频服务商提供专网、公网、内外网等多传输通道链路数据保护，同时提供软件安全、硬件安全、增强硬件安全三个级别的终端安全保护方案，全方位保障数据传输与终端运行安全。,AIGC,AIFT-110,ALS-0452,TECH_LLM,MDAF0001452+TECH_LLM,TECH_LLM,,1,COMPANY,,0.39737,0.98,0.98,1,AIGC,,300079.SZ_数码视讯_2025_管理层讨论与分析.pdf,4,13,3、公共安全行业相关业务,正文,MDAF0001452,,TECH_LLM,TECH_LLM=0.3974/0.1224
CAND-00173,300079.SZ,数码视讯,2025,业务概要,在终端安全架构设计及服务领域，公司具备自主产权的底层数字安全架构技术服务能力和信息化综合处理平台，核心技术聚焦可信计算环境开发及国密算法应用，平台拥有完全自主知识产权的安全隔离与信息交换系统，可向网络数字安全、政企数据安全、物联网安全等领域延伸拓展。,可信计算环境,AIFT-035,ALS-0145,TECH_PRIVACY,MDAF0001456+TECH_PRIVACY,TECH_PRIVACY,,1,COMPANY,APPLIED,0.463118,0.65,0.65,1,可信计算环境,,300079.SZ_数码视讯_2025_管理层讨论与分析.pdf,4,13,3、公共安全行业相关业务,正文,MDAF0001456,,TECH_PRIVACY,TECH_PRIVACY=0.4631/0.0775
CAND-00174,300079.SZ,数码视讯,2025,业务概要,相关技术在AIGC 内容标识溯源、电子ID、生物特征识别、隐私加密、车载智能座舱系统、V2X 车联网等数据安全领域发挥重要支撑作用，同时助力数据交易所建设，目前公司车载系统DRM 和底层安全架构方案已形成成熟落地案例。,生物特征识别; AIGC,AIFT-077; AIFT-110,ALS-0317; ALS-0452,TECH_CV; TECH_LLM,MDAF0001459+TECH_CV,TECH_CV; TECH_LLM,,1,COMPANY,APPLIED,0.41034,0.98,0.98,1,生物特征识别; AIGC,,300079.SZ_数码视讯_2025_管理层讨论与分析.pdf,4,13,3、公共安全行业相关业务,正文,MDAF0001459,,TECH_CV;TECH_LLM,TECH_CV=0.4103/0.1873; TECH_LLM=0.3553/0.0596
CAND-00175,300079.SZ,数码视讯,2025,业务概要,报告期内，完美星空依托集团在AI、视频处理等领域的深厚技术储备，持续探索行业新兴AIGC 赛道，在剧本策划、美术风格、分镜生成等环节积极引入AI 技术，助力公司在影视内容领域实现创新突破。,AI; AIGC,AIFT-001; AIFT-110,ALS-0002; ALS-0452,AI_GENERAL; TECH_LLM,MDAF0001471+TECH_LLM,TECH_LLM,,1,COMPANY,ATTENTION,0.442125,0.98,0.392,1,AI; AIGC,,300079.SZ_数码视讯_2025_管理层讨论与分析.pdf,5,14,5、其他业务,正文,MDAF0001471,,AI_GENERAL;TECH_LLM,AI_GENERAL=0.4421/0.0516; TECH_LLM=0.3400/0.0267
CAND-00176,300079.SZ,数码视讯,2025,核心竞争力,公司积极响应国家“人工智能+”行动与超高清视频产业发展战略，持续强化科研投入与高端人才培养，深度参与HDR Vivid、Audio Vivid、AVS3、应急广播等关键领域的技术标准制定与生态建设。,人工智能,AIFT-001,ALS-0001,AI_GENERAL,MDAF0001481+AI_GENERAL,,,1,COMPANY,,0.355507,0.6,0.6,1,人工智能,,300079.SZ_数码视讯_2025_管理层讨论与分析.pdf,9,18,1、 自主创新与科研实力,正文,MDAF0001481,,AI_GENERAL,AI_GENERAL=0.3555/0.0656
CAND-00177,300079.SZ,数码视讯,2025,核心竞争力,国内市场，公司持续探索AI+领域，聚焦5G+超高清融合传播、智慧广电公共服务体系、视频安全、媒体深度融合及全IP 化转型等领域，从技术标准、产品方案到规模化应用，全面赋能行业数字化、智能化升级。,AI,AIFT-001,ALS-0002,AI_GENERAL,MDAF0001484+AI_GENERAL,,,1,COMPANY,APPLIED,0.402929,0.65,0.65,1,AI,,300079.SZ_数码视讯_2025_管理层讨论与分析.pdf,9,18,2、客户资源与市场优势,正文,MDAF0001484,,AI_GENERAL,AI_GENERAL=0.4029/0.0070
CAND-00178,300079.SZ,数码视讯,2025,核心竞争力,可针对有损的视频场景、低分辨率视频流或视频文件进行实时放大、修复、复原，输出高分辨率、高清晰度视频，并经过神经网络的处理，有效修复编解码引入的图像错误，尽量还原真实图像内容，实现画面效果的整体提升。,神经网络,AIFT-004,ALS-0018,TECH_ML,MDAF0001498+TECH_ML,TECH_ML,,1,UNKNOWN,,0.390678,0.75,0.75,1,神经网络,,300079.SZ_数码视讯_2025_管理层讨论与分析.pdf,10,19,4、行业影响力,正文,MDAF0001498,,TECH_ML,TECH_ML=0.3907/0.1622
CAND-00179,300079.SZ,数码视讯,2025,核心竞争力,在人工智能领域，公司多年来积极自主研发AI 技术，尤其是在视频内容生产领域，持续不断探索AIGC 生成式技术，并配合智能审核技术、多模态智能搜索等实现全媒体行业的媒资管理，构建全新视音频服务。,人工智能; AI; AIGC,AIFT-001; AIFT-110,ALS-0001; ALS-0002; ALS-0452,AI_GENERAL; TECH_LLM,MDAF0001499+TECH_LLM,TECH_LLM,,1,COMPANY,R_AND_D,0.433435,0.98,0.98,1,人工智能; AI; AIGC,,300079.SZ_数码视讯_2025_管理层讨论与分析.pdf,10,19,4、行业影响力,正文,MDAF0001499,,AI_GENERAL;TECH_LLM,AI_GENERAL=0.4334/0.0045; TECH_LLM=0.3883/0.0478
CAND-00180,300079.SZ,数码视讯,2025,核心竞争力,在视频增强领域，公司的AI 视频增强基于深度学习技术，重新设计并提出自研的超分核心技术算法。,AI; 深度学习,AIFT-001; AIFT-003,ALS-0002; ALS-0013,AI_GENERAL; TECH_ML,MDAF0001502+TECH_ML,TECH_ML,,1,COMPANY,R_AND_D,0.353162,0.85,0.85,1,AI; 深度学习,,300079.SZ_数码视讯_2025_管理层讨论与分析.pdf,10,19,4、行业影响力,正文,MDAF0001502,,AI_GENERAL;TECH_ML,AI_GENERAL=0.3532/-0.0057; TECH_ML=0.3444/0.1124
CAND-00181,300079.SZ,数码视讯,2025,核心竞争力,报告期内，公司推出针对广电行业的AI Agent，该系统可以广泛应用于电视台、网络公司、台站等的机房运维中，以本地化部署的广电垂直大模型为核心，具有综合采集、智能研判、按需排障的运维能力。,AI; 垂直大模型; Agent; AI Agent; 大模型,AIFT-001; AIFT-115; AIFT-128; AIFT-129,ALS-0002; ALS-0472; ALS-0524; ALS-0529; ANCHOR:大模型,AI_GENERAL; TECH_LLM,MDAF0001505+TECH_LLM,TECH_LLM,,1,COMPANY,APPLIED,0.479993,0.85,0.85,1,AI; 垂直大模型; Agent; AI Agent; 大模型,,300079.SZ_数码视讯_2025_管理层讨论与分析.pdf,10,19,4、行业影响力,正文,MDAF0001505,,AI_GENERAL;TECH_LLM,AI_GENERAL=0.4800/0.0917; TECH_LLM=0.4374/0.0472
CAND-00182,300079.SZ,数码视讯,2025,核心竞争力,此外，公司也推出了基于多模型协同的音视频AI 鉴伪标识系统，通过先进的图像、音频检测模型，结合国产大模型的逻辑研判能力，精准识别音视频内容是否被AI 生成或篡改，为通讯安全、内容审核、媒体发布提供高效技术保障。,AI; 大模型,AIFT-001,ALS-0002; ANCHOR:大模型,AI_GENERAL; TECH_LLM,MDAF0001506+TECH_LLM,TECH_LLM,,1,COMPANY,APPLIED,0.424276,0.85,0.85,1,AI; 大模型,,300079.SZ_数码视讯_2025_管理层讨论与分析.pdf,10,19,4、行业影响力,正文,MDAF0001506,,AI_GENERAL;TECH_LLM,TECH_LLM=0.4243/0.0978; AI_GENERAL=0.4090/0.0284
CAND-00183,300079.SZ,数码视讯,2025,核心竞争力,公司始终将自主创新作为发展的核心引擎，不断强化科研能力与市场影响力，致力于以领先的AI 视音频技术赋能千行百业，助力构建新发展格局。,AI,AIFT-001,ALS-0002,AI_GENERAL,MDAF0001511+AI_GENERAL,,,1,COMPANY,R_AND_D,0.367418,0.65,0.65,1,AI,,300079.SZ_数码视讯_2025_管理层讨论与分析.pdf,11,20,4、行业影响力,正文,MDAF0001511,,AI_GENERAL,AI_GENERAL=0.3674/-0.0191
CAND-00184,300079.SZ,数码视讯,2025,核心竞争力,在数据与内容安全领域，公司拥有完全自主知识产权的底层安全技术架构与综合处理平台。,内容安全,AIFT-136,ALS-0555,TECH_LLM,MDAF0001515+TECH_LLM,TECH_LLM,,1,COMPANY,,0.365607,0.6,0.6,1,内容安全,,300079.SZ_数码视讯_2025_管理层讨论与分析.pdf,11,20,4、行业影响力,正文,MDAF0001515,,TECH_LLM,TECH_LLM=0.3656/0.1321
CAND-00185,300085.SZ,银之杰,2025,业务概要,公司金融信息技术业务的业绩驱动因素，从行业趋势来看，伴随着人工智能、大数据、云计算等新技术的迅速发展，基于金融科技的智能风控、智能营销、智能运营正广泛应用于银行等金融机构，由此催生了更多核心系统的重构和升级需求，银行的数字化转型成为大势所趋。,人工智能; 智能风控; 智能营销,AIFT-001; AIFT-173; AIFT-208,ALS-0001; ALS-0701; ALS-0844,AI_GENERAL; PRODUCT_CREDIT; PRODUCT_CUSTOMER,MDAF0001591+PRODUCT_CREDIT,,PRODUCT_CREDIT; PRODUCT_CUSTOMER,1,COMPANY,APPLIED,0.520173,0.98,0.98,1,人工智能; 智能风控; 智能营销,,300085.SZ_银之杰_2025_管理层讨论与分析.pdf,1,11,4、主要业绩驱动因素,正文,MDAF0001591,,AI_GENERAL;PRODUCT_CREDIT;PRODUCT_CUSTOMER,AI_GENERAL=0.5202/-0.1193; PRODUCT_CREDIT=0.4184/0.1108; PRODUCT_CUSTOMER=0.3887/0.0853
CAND-00186,300085.SZ,银之杰,2025,业务概要,在金融信息技术业务领域，公司主要为银行等金融机构提供软件开发、数字金融解决方案、金融专用设备和技术服务；为银行等金融机构和大型企业提供数字化转型、大数据平台、分布式云计算架构等基础架构建设及治理服务，以及基于数字化架构的数据中台、智能中台、影像平台的解决方案和交付服务。,智能中台,AIFT-147,ALS-0599,AI_ENGINEERING,MDAF0001594+AI_ENGINEERING,,,0,COMPANY,COMMERCIAL,0.514204,0.8,0.8,1,智能中台,,300085.SZ_银之杰_2025_管理层讨论与分析.pdf,1,11,1、主要业务和产品,正文,MDAF0001594,,AI_ENGINEERING,AI_ENGINEERING=0.5142/0.1277
CAND-00187,300085.SZ,银之杰,2025,业务概要,2022年，亿美软通作为5G 消息工作组成员单位参与《5G 消息业务显示规范》《Chatbot 名称规范》两项通信行业协会标准的编制工作。,Chatbot,AIFT-054,ALS-0223,TECH_NLP,MDAF0001601+TECH_NLP,TECH_NLP,,1,UNKNOWN,,0.323948,0.75,0.75,1,Chatbot,,300085.SZ_银之杰_2025_管理层讨论与分析.pdf,2,12,3、市场地位,正文,MDAF0001601,,TECH_NLP,TECH_NLP=0.3239/-0.0033
CAND-00188,300085.SZ,银之杰,2025,业务概要,在5G 消息领域，亿美软通将AI 赋能市场及运营等环节，为金融、政务、餐饮、教育培训、电商物流等行业客户提供更加智能化、个性化的5G 消息场景应用。,AI,AIFT-001,ALS-0002,AI_GENERAL,MDAF0001620+AI_GENERAL,,,1,UNKNOWN,APPLIED,0.389346,0.6,0.6,1,AI,,300085.SZ_银之杰_2025_管理层讨论与分析.pdf,3,13,3、市场地位,正文,MDAF0001620,,AI_GENERAL,AI_GENERAL=0.3893/-0.0331
CAND-00189,300085.SZ,银之杰,2025,业务概要,报告期内，公司持续引进专业人才，自主开发股票行情分析软件，重点在于融合AI 技术，实现人工智能辅助的股票行情与投资决策分析功能。,人工智能; AI,AIFT-001,ALS-0001; ALS-0002,AI_GENERAL,MDAF0001637+AI_GENERAL,,,1,COMPANY,R_AND_D,0.413289,0.65,0.65,1,人工智能; AI,,300085.SZ_银之杰_2025_管理层讨论与分析.pdf,4,14,（四）互联网证券信息技术与服务业务进展,正文,MDAF0001637,,AI_GENERAL,AI_GENERAL=0.4133/0.0333
CAND-00190,300085.SZ,银之杰,2025,研发投入,为公司各软硬件产品提供基础图像识别能力。,图像识别,AIFT-072,ALS-0297,TECH_CV,MDAF0001689+TECH_CV,TECH_CV,,1,COMPANY,,0.55347,0.8,0.8,1,图像识别,,300085.SZ_银之杰_2025_管理层讨论与分析.pdf,15,25,,表格行,MDAF0001689,,TECH_CV,TECH_CV=0.5535/0.0739
CAND-00191,300085.SZ,银之杰,2025,研发投入,基于机器学习技术建立公司级图像识别引擎，主要包括图像分类、图像全幅面 OCR、图像指定区域 OCR、图像特征点定位等通用功能，以及垂直领域的特定图像内容识别，如身份证、银行卡、营业执照、发票等。,机器学习; 图像识别; 图像内容识别; 图像分类; OCR,AIFT-002; AIFT-072; AIFT-074; AIFT-079,ALS-0008; ALS-0297; ALS-0299; ALS-0305; ALS-0326,TECH_CV; TECH_ML,MDAF0001695+TECH_CV,TECH_CV; TECH_ML,,1,COMPANY,,0.634409,0.8,0.8,1,机器学习; 图像识别; 图像内容识别; 图像分类; OCR,,300085.SZ_银之杰_2025_管理层讨论与分析.pdf,15,25,,表格行,MDAF0001695,,TECH_CV;TECH_ML,TECH_CV=0.6344/0.2192; TECH_ML=0.4503/0.1274
CAND-00192,300085.SZ,银之杰,2025,研发投入,基于机器学习的新一代图像识别引擎。,机器学习; 图像识别,AIFT-002; AIFT-072,ALS-0008; ALS-0297,TECH_CV; TECH_ML,MDAF0001696+TECH_CV,TECH_CV; TECH_ML,,1,UNKNOWN,,0.450887,0.75,0.75,1,机器学习; 图像识别,,300085.SZ_银之杰_2025_管理层讨论与分析.pdf,15,25,,表格行,MDAF0001696,,TECH_CV;TECH_ML,TECH_CV=0.4509/0.1151; TECH_ML=0.4456/0.1752
CAND-00193,300085.SZ,银之杰,2025,研发投入,完成基于通道质量的智能路由能力、富媒体短信的性能提升和功能完善、5G 消息的多样性模版、智能语音识别、AI 驱动能力。,AI; 语音识别; 智能路由,AIFT-001; AIFT-061; AIFT-241,ALS-0002; ALS-0251; ALS-0975,AI_GENERAL; PRODUCT_PAYMENT; TECH_SPEECH,MDAF0001697+TECH_SPEECH,TECH_SPEECH,PRODUCT_PAYMENT,1,UNKNOWN,,0.488082,0.75,0.75,1,AI; 语音识别; 智能路由,,300085.SZ_银之杰_2025_管理层讨论与分析.pdf,15,25,,表格行,MDAF0001697,,AI_GENERAL;PRODUCT_PAYMENT;TECH_SPEECH,PRODUCT_PAYMENT=0.4881/0.1536; TECH_SPEECH=0.4095/0.1124; AI_GENERAL=0.4019/0.1311
CAND-00194,300085.SZ,银之杰,2025,研发投入,已完成核心引擎的搭建，具备了通用的图像分类和文字识别能力；完成了印章专用领域的模型训练和调优工作；针对表格类数据进行了专项加强。,图像分类; 文字识别; 模型训练,AIFT-074; AIFT-079,ALS-0305; ALS-0327; ANCHOR:模型训练,AI_ENGINEERING; TECH_CV,MDAF0001701+TECH_CV,TECH_CV,,1,UNKNOWN,R_AND_D,0.53486,0.8,0.8,1,图像分类; 文字识别; 模型训练,,300085.SZ_银之杰_2025_管理层讨论与分析.pdf,15,25,,表格行,MDAF0001701,,AI_ENGINEERING;TECH_CV,AI_ENGINEERING=0.5349/0.1420; TECH_CV=0.4429/0.1187
CAND-00195,300085.SZ,银之杰,2025,研发投入,通过引入深度学习、 图像识别等先进技术，在信创环境下实现对印鉴真伪的高效、准确辨识；系统采用高精度图像采集设备，结合复杂的算法模型，能够迅速捕捉印鉴的细微特征， 并进行深度比对分析。,深度学习; 图像识别,AIFT-003; AIFT-072,ALS-0013; ALS-0297,TECH_CV; TECH_ML,MDAF0001717+TECH_CV,TECH_CV; TECH_ML,,1,UNKNOWN,,0.520771,0.75,0.75,1,深度学习; 图像识别,,300085.SZ_银之杰_2025_管理层讨论与分析.pdf,15,25,,表格行,MDAF0001717,,TECH_CV;TECH_ML,TECH_CV=0.5208/0.1576; TECH_ML=0.4705/0.2450
CAND-00196,300085.SZ,银之杰,2025,研发投入,1、通过融合AI 技术，打造一款集合股票行情、自选股、金融资讯、题材概念、 股市热点、资金分析、龙虎榜数据等功能的智能化的综合股票行情软件；2、产品以市场资金分析为切入点，以独有的资金算法、分析，为用户提供简单、有效的数据工具。,AI,AIFT-001,ALS-0002,AI_GENERAL,MDAF0001719+AI_GENERAL,,,1,UNKNOWN,WEAK_GENERIC,0.380463,0.55,0.55,1,AI,,300085.SZ_银之杰_2025_管理层讨论与分析.pdf,16,26,,表格行,MDAF0001719,,AI_GENERAL,AI_GENERAL=0.3805/0.0196
CAND-00197,300085.SZ,银之杰,2025,研发投入,大模型在金融领域的应用项目：股票行情分析软件。,大模型,,ANCHOR:大模型,TECH_LLM,MDAF0001720+TECH_LLM,TECH_LLM,,1,UNKNOWN,APPLIED,0.558169,0.8,0.8,1,大模型,,300085.SZ_银之杰_2025_管理层讨论与分析.pdf,16,26,,表格行,MDAF0001720,,TECH_LLM,TECH_LLM=0.5582/0.1472
CAND-00198,300085.SZ,银之杰,2025,研发投入,打造一款人工智能辅助的综合股票行情软件，旨在减少用户对股市有效数据、信息筛选时间，提升决策效率。,人工智能,AIFT-001,ALS-0001,AI_GENERAL,MDAF0001721+AI_GENERAL,,,1,UNKNOWN,,0.352045,0.55,0.55,1,人工智能,,300085.SZ_银之杰_2025_管理层讨论与分析.pdf,16,26,,表格行,MDAF0001721,,AI_GENERAL,AI_GENERAL=0.3520/0.0283
CAND-00199,300130.SZ,新国都,2025,核心竞争力,同时，公司积极探索人工智能技术赋能企业及商户高效运营的各类解决方案，从而提升业务运营效率，改善用户体验。,人工智能; 人工智能技术,AIFT-001,ALS-0001; ALS-0004,AI_GENERAL,MDAF0001735+AI_GENERAL,,,1,COMPANY,,0.497657,0.6,0.6,1,人工智能; 人工智能技术,,300130.SZ_新国都_2025_管理层讨论与分析.pdf,4,15,（一）核心业务布局及产业链协同优势,正文,MDAF0001735,,AI_GENERAL,AI_GENERAL=0.4977/0.1143
CAND-00200,300130.SZ,新国都,2025,核心竞争力,智能反欺诈、数字人民币、个人消费者权益保护、个人金融信息保护、商用密码应用等项目应用与落地，推进了系统持续迭代升级，不仅体现公司强大的产研融合能力，也彰显了企业勇于担当社会责任的形象。,智能反欺诈,AIFT-189,ALS-0766,PRODUCT_FRAUD,MDAF0001738+PRODUCT_FRAUD,,PRODUCT_FRAUD,0,COMPANY,APPLIED,0.395865,0.98,0.98,1,智能反欺诈,,300130.SZ_新国都_2025_管理层讨论与分析.pdf,4,15,（二）知识产权及技术优势,正文,MDAF0001738,,PRODUCT_FRAUD,PRODUCT_FRAUD=0.3959/0.1065
CAND-00201,300130.SZ,新国都,2025,核心竞争力,随着云计算、物联网、人工智能等新一代信息技术的新应用，公司借助自身积累的多年经验，整合旗下各子公司的软硬件实力，基于各类电子支付终端的线上线下支付入口优势和完善的增值应用服务能力，加大各业务板块之间的协同合作，突出产业链上下游的协同优势，通过创新的产品和服务以及不断探索和吸收新的商业模式来提升公司整体盈利能力和抗风险能力。,人工智能,AIFT-001,ALS-0001,AI_GENERAL,MDAF0001740+AI_GENERAL,,,1,COMPANY,APPLIED,0.420738,0.65,0.65,1,人工智能,,300130.SZ_新国都_2025_管理层讨论与分析.pdf,4,15,（一）核心业务布局及产业链协同优势,正文,MDAF0001740,,AI_GENERAL,AI_GENERAL=0.4207/0.0203
CAND-00202,300130.SZ,新国都,2025,核心竞争力,面对支付领域不断变化的欺诈手段，公司秉持科技赋能业务理念，基于大数据与人工智能技术，打造具备自主知识产权的支付风险防控系统，通过海量数据跨行业、跨领域自动深度挖掘、开展关联分析、溯源风险交易，构建全方位、多层级的“事前、事中、事后”全流程反欺诈风险管理体系，风险防控与决策等系统智能化服务已覆盖广大商户，系统风险防控和决策数据可靠性处于行业领先水平。,人工智能; 人工智能技术,AIFT-001,ALS-0001; ALS-0004,AI_GENERAL,MDAF0001741+AI_GENERAL,,,1,COMPANY,R_AND_D,0.375095,0.65,0.65,1,人工智能; 人工智能技术,,300130.SZ_新国都_2025_管理层讨论与分析.pdf,4,15,（二）知识产权及技术优势,正文,MDAF0001741,,AI_GENERAL,AI_GENERAL=0.3751/-0.0110
CAND-00203,300130.SZ,新国都,2025,研发投入,主要研发项目名称：嘉联AI+项目。,AI,AIFT-001,ALS-0002,AI_GENERAL,MDAF0001754+AI_GENERAL,,,1,UNKNOWN,R_AND_D,0.428532,0.6,0.6,1,AI,,300130.SZ_新国都_2025_管理层讨论与分析.pdf,11,22,,表格行,MDAF0001754,,AI_GENERAL,AI_GENERAL=0.4285/0.0323
CAND-00204,300130.SZ,新国都,2025,研发投入,项目目的：打造嘉联内部智能运营模块，包括 AI 客服、技术运营、经营。,AI,AIFT-001,ALS-0002,AI_GENERAL,MDAF0001777+AI_GENERAL,,,1,UNKNOWN,,0.473182,0.55,0.55,1,AI,,300130.SZ_新国都_2025_管理层讨论与分析.pdf,11,22,,表格行,MDAF0001777,,AI_GENERAL,AI_GENERAL=0.4732/0.0737
CAND-00205,300130.SZ,新国都,2025,研发投入,数据罗盘，赋能内部运营效率提升：PayKKa 智能风控系统。,智能风控,AIFT-173,ALS-0701,PRODUCT_CREDIT,MDAF0001822+PRODUCT_CREDIT,,PRODUCT_CREDIT,0,UNKNOWN,,0.442971,0.9,0.9,1,智能风控,,300130.SZ_新国都_2025_管理层讨论与分析.pdf,12,23,,表格行,MDAF0001822,,PRODUCT_CREDIT,PRODUCT_CREDIT=0.4430/0.0528
CAND-00206,300180.SZ,华峰超纤,2025,研发投入,拟达到的目标：本项目的核心目标是实现收银系统从“系统迭代运维”向 “实质性技术改造”的代际跨越，构建一个智能原生、全栈自主可控的智能支付基础设施，以支撑新质生产力与先进制造场景下的极速清算需求。,智能支付,AIFT-238,ALS-0963,PRODUCT_PAYMENT,MDAF0001879+PRODUCT_PAYMENT,,PRODUCT_PAYMENT,0,UNKNOWN,R_AND_D,0.47756,0.25,0.25,1,智能支付,anchor未满足,300180.SZ_华峰超纤_2025_管理层讨论与分析.pdf,12,23,,表格行,MDAF0001879,,PRODUCT_PAYMENT,PRODUCT_PAYMENT=0.4776/0.0128
CAND-00207,300180.SZ,华峰超纤,2025,研发投入,拟达到的目标：项目目标是把传统POS 系统升级为“可自治、可进化、可信任”的端云共生智能体。,智能体,AIFT-128,ALS-0523,AI_GENERAL,MDAF0001882+AI_GENERAL,,,1,UNKNOWN,R_AND_D,0.485843,0.55,0.55,1,智能体,,300180.SZ_华峰超纤_2025_管理层讨论与分析.pdf,12,23,,表格行,MDAF0001882,,AI_GENERAL,AI_GENERAL=0.4858/0.1652
CAND-00208,300180.SZ,华峰超纤,2025,研发投入,项目目的：本项目为构建“统一收单 POS App+底层AIDL SDK+ 区块链可信+大模型智能” 的全栈底座，实现“开发一。,大模型,,ANCHOR:大模型,TECH_LLM,MDAF0001884+TECH_LLM,TECH_LLM,,1,UNKNOWN,R_AND_D,0.482729,0.8,0.8,1,大模型,,300180.SZ_华峰超纤_2025_管理层讨论与分析.pdf,12,23,,表格行,MDAF0001884,,TECH_LLM,TECH_LLM=0.4827/0.1301
CAND-00209,300180.SZ,华峰超纤,2025,研发投入,预计对公司未来发展的影响：项目目标是把传统POS 系统升级为“可自治、可进化、可信任”的端云共生智能体。,智能体,AIFT-128,ALS-0523,AI_GENERAL,MDAF0001898+AI_GENERAL,,,1,COMPANY,R_AND_D,0.484046,0.6,0.6,1,智能体,,300180.SZ_华峰超纤_2025_管理层讨论与分析.pdf,12,23,,表格行,MDAF0001898,,AI_GENERAL,AI_GENERAL=0.4840/0.1366
CAND-00210,300180.SZ,华峰超纤,2025,研发投入,次，适配全网”的能力：AIDL 接口覆盖率达到 100%，跨厂商适配平均周期 ≤3 天；引入端侧大模型的设备故障预测准确率≥95%，将终端离线平均故障恢复时间缩短至15 分钟以内，并通过知识蒸馏实现端云模型一致性误差≤1%。,知识蒸馏; 大模型,AIFT-132,ALS-0540; ANCHOR:大模型,TECH_LLM,MDAF0001900+TECH_LLM,TECH_LLM,,1,UNKNOWN,,0.398938,0.75,0.75,1,知识蒸馏; 大模型,,300180.SZ_华峰超纤_2025_管理层讨论与分析.pdf,13,24,,表格行,MDAF0001900,,TECH_LLM,TECH_LLM=0.3989/0.0876
CAND-00211,300180.SZ,华峰超纤,2025,研发投入,次，适配全网”的能力：以项目实践为基础，主导或深度参与制定至少1项金融智能运维相关的国家、行业或团体标准。,智能运维,AIFT-262,ALS-1060,APP_INTERNAL,MDAF0001901+APP_INTERNAL,,,0,UNKNOWN,,0.341778,0.1,0.1,1,智能运维,anchor未满足；仅弱词无锚点,300180.SZ_华峰超纤_2025_管理层讨论与分析.pdf,13,24,,表格行,MDAF0001901,,APP_INTERNAL,APP_INTERNAL=0.3418/0.1160
CAND-00212,300180.SZ,华峰超纤,2025,研发投入,次，适配全网”的能力：基于用户画像大数据建模的商铺通运营平台研发。,用户画像,AIFT-206,ALS-0836,PRODUCT_CUSTOMER,MDAF0001909+PRODUCT_CUSTOMER,,PRODUCT_CUSTOMER,0,UNKNOWN,R_AND_D,0.436893,0.25,0.25,1,用户画像,anchor未满足,300180.SZ_华峰超纤_2025_管理层讨论与分析.pdf,13,24,,表格行,MDAF0001909,,PRODUCT_CUSTOMER,PRODUCT_CUSTOMER=0.4369/0.1294
CAND-00213,300180.SZ,华峰超纤,2025,研发投入,次，适配全网”的能力：开发基于人工智能和大模型的智能决策引擎，该引擎将集成自然语言处理、机器学习、深度学习等多种先进技术，能够对复杂的商业数据进行实时分析和预测。,人工智能; 机器学习; 深度学习; 自然语言处理; 决策引擎; 智能决策引擎; 智能决策; 大模型,AIFT-001; AIFT-002; AIFT-003; AIFT-038; AIFT-106; AIFT-109,ALS-0001; ALS-0008; ALS-0013; ALS-0154; ALS-0434; ALS-0435; ALS-0447; ANCHOR:大模型,AI_GENERAL; TECH_DECISION; TECH_LLM; TECH_ML; TECH_NLP,MDAF0001912+TECH_DECISION,TECH_DECISION; TECH_LLM; TECH_ML; TECH_NLP,,1,UNKNOWN,R_AND_D,0.546859,0.8,0.8,1,人工智能; 机器学习; 深度学习; 自然语言处理; 决策引擎; 智能决策引擎; 智能决策; 大模型,,300180.SZ_华峰超纤_2025_管理层讨论与分析.pdf,13,24,,表格行,MDAF0001912,,AI_GENERAL;TECH_DECISION;TECH_LLM;TECH_ML;TECH_NLP,TECH_DECISION=0.5469/0.2126; TECH_LLM=0.4487/0.0766; TECH_ML=0.4360/0.1481; AI_GENERAL=0.4359/0.1236; TECH_NLP=0.4107/0.0937
CAND-00214,300180.SZ,华峰超纤,2025,研发投入,次，适配全网”的能力：旨在构建一个超越当前所有AIOps 范式的全新体系。,AIOps,AIFT-255,ALS-1033,APP_INTERNAL,MDAF0001913+APP_INTERNAL,,,1,UNKNOWN,R_AND_D,0.562638,0.8,0.8,1,AIOps,,300180.SZ_华峰超纤_2025_管理层讨论与分析.pdf,13,24,,表格行,MDAF0001913,,APP_INTERNAL,APP_INTERNAL=0.5626/0.3118
CAND-00215,300180.SZ,华峰超纤,2025,研发投入,次，适配全网”的能力：本项目以智能大模型、先进制造技术为支撑，研发新一代智能收单展业小程序。,大模型,,ANCHOR:大模型,TECH_LLM,MDAF0001915+TECH_LLM,TECH_LLM,,1,UNKNOWN,R_AND_D,0.476541,0.8,0.8,1,大模型,,300180.SZ_华峰超纤_2025_管理层讨论与分析.pdf,13,24,,表格行,MDAF0001915,,TECH_LLM,TECH_LLM=0.4765/0.1125
CAND-00216,300180.SZ,华峰超纤,2025,研发投入,次，适配全网”的能力：本项目聚焦于基于大数据技术构建智能商户威点单生态化管理平台研发，深度融合人工智能、大模型和新质生产力理念，致力于打造一个具有创新性和颠覆性的商业管理解决方案。,人工智能; 大模型,AIFT-001,ALS-0001; ANCHOR:大模型,AI_GENERAL; TECH_LLM,MDAF0001922+TECH_LLM,TECH_LLM,,1,UNKNOWN,R_AND_D,0.437569,0.8,0.8,1,人工智能; 大模型,,300180.SZ_华峰超纤_2025_管理层讨论与分析.pdf,13,24,,表格行,MDAF0001922,,AI_GENERAL;TECH_LLM,AI_GENERAL=0.4376/0.1236; TECH_LLM=0.4227/0.1148
CAND-00217,300180.SZ,华峰超纤,2025,研发投入,次，适配全网”的能力：构建一个基于自主可控多模态大模型的商业智能认知中台，并在此之上打造商户智能尽调与产业映射平台。,多模态大模型; 智能尽调; 大模型,AIFT-116; AIFT-197,ALS-0475; ALS-0800; ANCHOR:大模型,PRODUCT_FRAUD; TECH_LLM,MDAF0001923+TECH_LLM,TECH_LLM,PRODUCT_FRAUD,1,UNKNOWN,R_AND_D,0.487168,0.8,0.8,1,多模态大模型; 智能尽调; 大模型,,300180.SZ_华峰超纤_2025_管理层讨论与分析.pdf,13,24,,表格行,MDAF0001923,,PRODUCT_FRAUD;TECH_LLM,TECH_LLM=0.4872/0.1109; PRODUCT_FRAUD=0.4572/0.1745
CAND-00218,300180.SZ,华峰超纤,2025,研发投入,次，适配全网”的能力：通过对历史数据的学习和分析，引擎可以为商户提供精准的市场趋势预测、客户需求分析、 商品销售预测等决策支持信息，帮助商户制定更加科学合理的经营策略。,市场趋势预测,AIFT-221,ALS-0897,PRODUCT_INVEST,MDAF0001927+PRODUCT_INVEST,,PRODUCT_INVEST,0,UNKNOWN,COMMERCIAL,0.511165,0.25,0.25,1,市场趋势预测,anchor未满足,300180.SZ_华峰超纤_2025_管理层讨论与分析.pdf,13,24,,表格行,MDAF0001927,,PRODUCT_INVEST,PRODUCT_INVEST=0.5112/0.1788
CAND-00219,300333.SZ,兆日科技,2025,核心竞争力,与传统物理防伪、生物识别、电子标签防伪等技术手段相比，纸纹防伪技术具有稳定、不可复制、低成本、便捷等技术优势。,生物识别,AIFT-077,ALS-0318,TECH_CV,MDAF0001984+TECH_CV,TECH_CV,,1,UNKNOWN,,0.418026,0.75,0.75,1,生物识别,,300333.SZ_兆日科技_2025_管理层讨论与分析.pdf,3,14,2、纸纹防伪技术填补相关领域技术空白,正文,MDAF0001984,,TECH_CV,TECH_CV=0.4180/0.1334
CAND-00220,300348.SZ,长亮科技,2025,业务概要,公司作为全球领先的金融科技解决方案服务商，依托自主研发的核心技术体系，深度融合大数据、人工智能、分布式技术等前沿技术，专注为客户提供覆盖数字金融、智慧金融、智慧财务等领域的全栈解决方案，凭借技术壁垒与场景化落地能力，助力客户实现高质量数智化升级。,人工智能; 智慧财务,AIFT-001; AIFT-243,ALS-0001; ALS-0985,AI_GENERAL; PRODUCT_FINANCE,MDAF0002007+PRODUCT_FINANCE,,PRODUCT_FINANCE,1,COMPANY,R_AND_D,0.49946,0.65,0.65,1,人工智能; 智慧财务,,300348.SZ_长亮科技_2025_管理层讨论与分析.pdf,1,14,,正文,MDAF0002007,,AI_GENERAL;PRODUCT_FINANCE,AI_GENERAL=0.4995/-0.0045; PRODUCT_FINANCE=0.3532/0.0326
CAND-00221,300348.SZ,长亮科技,2025,业务概要,APStack 技术平台以云原生、单元化、微服务、AI 原生为顶层设计，底层的分布式技术平台得以在弹性扩展、高可用容灾、架构治理等核心能力上完成具体实现。,AI,AIFT-001,ALS-0002,AI_GENERAL,MDAF0002026+AI_GENERAL,,,1,UNKNOWN,R_AND_D,0.441773,0.6,0.6,1,AI,,300348.SZ_长亮科技_2025_管理层讨论与分析.pdf,2,15,1、数字金融业务解决方案,正文,MDAF0002026,,AI_GENERAL,AI_GENERAL=0.4418/0.1341
CAND-00222,300348.SZ,长亮科技,2025,业务概要,公司专注于智能化银行核心系统领域的前沿技术研究，自主研发的金融级云原生数字生产力平台——APStack 技术平台，在AI 辅助生成代码、测试、运维诊断等方面取得突破。,AI,AIFT-001,ALS-0002,AI_GENERAL,MDAF0002028+AI_GENERAL,,,1,COMPANY,R_AND_D,0.454586,0.65,0.65,1,AI,,300348.SZ_长亮科技_2025_管理层讨论与分析.pdf,2,15,1、数字金融业务解决方案,正文,MDAF0002028,,AI_GENERAL,AI_GENERAL=0.4546/0.0133
CAND-00223,300348.SZ,长亮科技,2025,业务概要,在华为中国合作伙伴大会2025 上，公司与华为联合发布“长亮科技＆华为AI 银行核心系统需求分析智能体联合解决方案”。,AI; 智能体,AIFT-001; AIFT-128,ALS-0002; ALS-0523,AI_GENERAL,MDAF0002036+AI_GENERAL,,,1,COMPANY,APPLIED,0.39103,0.65,0.65,1,AI; 智能体,,300348.SZ_长亮科技_2025_管理层讨论与分析.pdf,2,15,1、数字金融业务解决方案,正文,MDAF0002036,,AI_GENERAL,AI_GENERAL=0.3910/0.0433
CAND-00224,300348.SZ,长亮科技,2025,业务概要,基于该策略，公司以打造银行智能核心一体化方案为目标，制定了模型试水、领域深耕及生态构建的三阶段研发规划，目前已完成第一阶段通用大模型能力验证的目标，迈入第二阶段，聚焦银行核心系统智能化研发提效，构建AutoBA、AutoDesign、AutoTest 等多个领域专家智能体，覆盖接口差异分析、需求问答、代码解读、测试案例等多个场景。,智能体; 大模型,AIFT-128,ALS-0523; ANCHOR:大模型,AI_GENERAL; TECH_LLM,MDAF0002037+TECH_LLM,TECH_LLM,,1,COMPANY,R_AND_D,0.51522,0.85,0.85,1,智能体; 大模型,,300348.SZ_长亮科技_2025_管理层讨论与分析.pdf,2,15,1、数字金融业务解决方案,正文,MDAF0002037,,AI_GENERAL;TECH_LLM,AI_GENERAL=0.5152/0.2021; TECH_LLM=0.4928/0.1536
CAND-00225,300348.SZ,长亮科技,2025,业务概要,报告期内，针对金融行业在大模型应用中普遍存在的四大痛点：通用模型理解力不足、知识碎片化、复杂关系难梳理、部署成本高昂，公司提出构建“N+M”大模型协同策略，通过N 个通用大模型与M 个场景小模型的有机组合，全面提升金融领域的大模型应用效果，拓宽大模型应用场景。,大模型,,ANCHOR:大模型,TECH_LLM,MDAF0002041+TECH_LLM,TECH_LLM,,1,COMPANY,APPLIED,0.515323,0.85,0.85,1,大模型,,300348.SZ_长亮科技_2025_管理层讨论与分析.pdf,2,15,1、数字金融业务解决方案,正文,MDAF0002041,,TECH_LLM,TECH_LLM=0.5153/0.0854
CAND-00226,300348.SZ,长亮科技,2025,业务概要,支付平台采用交易与对账分离结构，支持新老系统无风险切换，确保业务连续性；依托智能路由、智能入账、智能分析等核心能力，实现支付路径的自动优选、资金的高效清算和交易风险的实时管控。,智能路由,AIFT-241,ALS-0975,PRODUCT_PAYMENT,MDAF0002042+PRODUCT_PAYMENT,,PRODUCT_PAYMENT,0,UNKNOWN,,0.582572,0.1,0.1,1,智能路由,anchor未满足；仅弱词无锚点,300348.SZ_长亮科技_2025_管理层讨论与分析.pdf,2,15,1、数字金融业务解决方案,正文,MDAF0002042,,PRODUCT_PAYMENT,PRODUCT_PAYMENT=0.5826/0.0297
CAND-00227,300348.SZ,长亮科技,2025,业务概要,该方案融合长亮科技、华为昇腾、DeepSeek 三方能力，通过AI 驱动实现银行核心系统需求分析智能化，有效缩短需求响应周期，助力金融机构快速响应市场变化。,AI; DeepSeek,AIFT-001; AIFT-137,ALS-0002; ALS-0559,AI_GENERAL; TECH_LLM,MDAF0002048+TECH_LLM,TECH_LLM,,1,UNKNOWN,WEAK_GENERIC,0.502027,0.55,0.55,1,AI; DeepSeek,,300348.SZ_长亮科技_2025_管理层讨论与分析.pdf,2,15,1、数字金融业务解决方案,正文,MDAF0002048,,AI_GENERAL;TECH_LLM,TECH_LLM=0.5020/0.1964; AI_GENERAL=0.4285/0.0044
CAND-00228,300348.SZ,长亮科技,2025,业务概要,2026年，公司数字金融业务将持续深化“N+M”大模型协同策略，深度赋能银行核心系统智能化转型，推进数字人民币2.0 研发及多场景应用升级，并在积极拓展信贷领域海外市场的业务商机的同时，稳步提升国内AMC 市场的份额与核心竞争力。,大模型,,ANCHOR:大模型,TECH_LLM,MDAF0002051+TECH_LLM,TECH_LLM,,1,COMPANY,APPLIED,0.376506,0.85,0.85,1,大模型,,300348.SZ_长亮科技_2025_管理层讨论与分析.pdf,3,16,1、数字金融业务解决方案,正文,MDAF0002051,,TECH_LLM,TECH_LLM=0.3765/0.0638
CAND-00229,300348.SZ,长亮科技,2025,业务概要,DataMind 完成数据治理模块深度集成，构建统一用户认证、权限等产品底座，实现组件高效协同；深化AI 在数据质量管理、营销等场景的应用，显著提升数据治理效率与数据应用便捷性，推动营销、风控等业务场景落地，强化数据价值转化能力，全面赋能数字金融新基建；财神资金系统完成前中后一体化架构升级，新增智能监控、市场数据、押品保证金管理及合规管理功能，实现事前风控流程配置化与衍生品保证金实时计算（T+0），并推出自主可控的估值引擎，覆盖主流基础金融产品计量；监管报送平台明细类与汇总类报送能力显著增强，支持多维权限、用户级自定义查询及数据异动报告，通过一站式自动报送、流程督办与异常告警等自动化能力，大幅降低人工干预成本，确保报送及时、准确、合规；智能风控平台进一步优化策略、数据与变量三大引擎，持续拓展零售、对公、小微等场景模型，通过精细化风险刻画与多维数据分析，实现业务响应速度提升约30%、风险识别精准度增强，推动风控从被动管控向主动赋能演进，为业务敏捷决策提供有力支撑。,AI; 数据治理; 数据质量管理; 数据质量; 智能风控,AIFT-001; AIFT-168; AIFT-170; AIFT-173,ALS-0002; ALS-0681; ALS-0689; ALS-0690; ALS-0701,AI_ENGINEERING; AI_GENERAL; PRODUCT_CREDIT,MDAF0002052+PRODUCT_CREDIT,,PRODUCT_CREDIT,1,UNKNOWN,APPLIED,0.494818,0.98,0.98,1,AI; 数据治理; 数据质量管理; 数据质量; 智能风控,,300348.SZ_长亮科技_2025_管理层讨论与分析.pdf,3,16,2、大数据应用系统解决方案,正文,MDAF0002052,,AI_ENGINEERING;AI_GENERAL;PRODUCT_CREDIT,AI_ENGINEERING=0.4948/0.1524; PRODUCT_CREDIT=0.4591/0.1570; AI_GENERAL=0.3614/-0.0331
CAND-00230,300348.SZ,长亮科技,2025,业务概要,公司严格遵循国家数据局、中国信通院等机构牵头制定的相关标准，聚焦反欺诈、实时风控、精准营销、监管报送等具体业务痛点，帮助客户实现降本增效。,精准营销,AIFT-208,ALS-0843,PRODUCT_CUSTOMER,MDAF0002053+PRODUCT_CUSTOMER,,PRODUCT_CUSTOMER,0,COMPANY,,0.420761,0.1,0.1,1,精准营销,anchor未满足；仅弱词无锚点,300348.SZ_长亮科技_2025_管理层讨论与分析.pdf,3,16,2、大数据应用系统解决方案,正文,MDAF0002053,,PRODUCT_CUSTOMER,PRODUCT_CUSTOMER=0.4208/0.0895
CAND-00231,300348.SZ,长亮科技,2025,业务概要,基于在银行核心系统领域近百个项目的成功实施经验，以及自主研发的微服务架构、分布式技术平台等成熟技术积累，公司将在数字人民币2.0 领域进行系统性布局：一是研发数字人民币与银行核心系统一体化解决方案；二是研发智能合约、隐私计算等数字人民币2.0 关键技术；三是为客户拓展政务、跨境等高频场景应用。,隐私计算,AIFT-032,ALS-0131,TECH_PRIVACY,MDAF0002057+TECH_PRIVACY,TECH_PRIVACY,,1,COMPANY,R_AND_D,0.427119,0.85,0.85,1,隐私计算,,300348.SZ_长亮科技_2025_管理层讨论与分析.pdf,3,16,1、数字金融业务解决方案,正文,MDAF0002057,,TECH_PRIVACY,TECH_PRIVACY=0.4271/0.1349
CAND-00232,300348.SZ,长亮科技,2025,业务概要,报告期内，公司以DataMind 数智大脑平台为核心，强化数据研发、数据治理、数据服务、数据应用能力，构建坚实数据底座，并升级监管报送、智慧营销、智能风控、反欺诈数据应用产品能力，着力提升数据要素的价值转化水平。,数据治理; 智能风控,AIFT-168; AIFT-173,ALS-0681; ALS-0701,AI_ENGINEERING; PRODUCT_CREDIT,MDAF0002059+PRODUCT_CREDIT,,PRODUCT_CREDIT,0,COMPANY,APPLIED,0.434319,0.7,0.7,1,数据治理; 智能风控,anchor未满足,300348.SZ_长亮科技_2025_管理层讨论与分析.pdf,3,16,2、大数据应用系统解决方案,正文,MDAF0002059,,AI_ENGINEERING;PRODUCT_CREDIT,AI_ENGINEERING=0.4343/0.0459; PRODUCT_CREDIT=0.4249/0.1563
CAND-00233,300348.SZ,长亮科技,2025,业务概要,报告期内，公司大数据业务稳固国内金融行业地盘，服务客户突破300家，市场拓展成效显著：在海外市场，签约某国际领先外资银行监管数据平台、某头部东南亚银行数据质量项目，并在香港市场落地风险管理及系统升级案例，实现数据类产品出海新跨越；大行深耕方面，与多家全国股份制银行的合作规模大幅提升，中标统一客户分析、数据资产共享、金融市场交易核心系统Murex 版本升级等千万级项目，服务向数据治理、监管报送、风险计量等领域纵深拓展；新客户开拓20 余家，包括央国企、信托、保险、城商行等领域，客户矩阵持续扩大；标杆项目引领行业，打造某农商银行近千万元监管报送重构项目，整合30 余个报送模块，树立农信典范，落地某证券市场基础设施机构数据中台项目，全面整合内外部多源数据，为场外业务监测监控提供端到端的技术支撑。,数据治理; 数据质量,AIFT-168; AIFT-170,ALS-0681; ALS-0690,AI_ENGINEERING,MDAF0002060+AI_ENGINEERING,,,0,COMPANY,COMMERCIAL,0.385647,0.3,0.3,1,数据治理; 数据质量,anchor未满足,300348.SZ_长亮科技_2025_管理层讨论与分析.pdf,3,16,2、大数据应用系统解决方案,正文,MDAF0002060,,AI_ENGINEERING,AI_ENGINEERING=0.3856/0.0571
CAND-00234,300348.SZ,长亮科技,2025,业务概要,2026年，公司将继续以“产品智能化、服务深度化、市场全球化”为战略核心，夯实DataMind 数智一体化平台的底座能力，以AIS Agent 通用智能体平台为创新引擎，推动AI 大模型与数据业务融合，推动智能风控、智能营销、监管合规等核心场景的全面落地与规模化应用。,AI; 智能体; Agent; 智能风控; 智能营销; 大模型,AIFT-001; AIFT-128; AIFT-173; AIFT-208,ALS-0002; ALS-0523; ALS-0524; ALS-0701; ALS-0844; ANCHOR:大模型,AI_GENERAL; PRODUCT_CREDIT; PRODUCT_CUSTOMER; TECH_LLM,MDAF0002062+TECH_LLM,TECH_LLM,PRODUCT_CREDIT; PRODUCT_CUSTOMER,1,COMPANY,APPLIED,0.488814,0.98,0.98,1,AI; 智能体; Agent; 智能风控; 智能营销; 大模型,,300348.SZ_长亮科技_2025_管理层讨论与分析.pdf,4,17,2、大数据应用系统解决方案,正文,MDAF0002062,,AI_GENERAL;PRODUCT_CREDIT;PRODUCT_CUSTOMER;TECH_LLM,AI_GENERAL=0.4888/0.1457; PRODUCT_CREDIT=0.4693/0.1819; TECH_LLM=0.4624/0.0759; PRODUCT_CUSTOMER=0.4145/0.1206
CAND-00235,300348.SZ,长亮科技,2025,业务概要,此外，DataMind 成功入选信通院“铸基计划”《高质量数字化转型产品及服务全景图（2025年上半年度）》，并通过信通院“AI 增强数据研发运营一体化（AIDataOps）功能测评”，产品能力获国家级权威认证。,AI,AIFT-001,ALS-0002,AI_GENERAL,MDAF0002078+AI_GENERAL,,,1,UNKNOWN,R_AND_D,0.366159,0.6,0.6,1,AI,,300348.SZ_长亮科技_2025_管理层讨论与分析.pdf,4,17,2、大数据应用系统解决方案,正文,MDAF0002078,,AI_GENERAL,AI_GENERAL=0.3662/0.0172
CAND-00236,300348.SZ,长亮科技,2025,业务概要,通过构建覆盖数据湖仓底座、数据治理、数据服务到业务赋能的完整价值链，协同开拓海外市场，进一步提升整体竞争力，全面赋能金融机构数字化变革。,数据治理,AIFT-168,ALS-0681,AI_ENGINEERING,MDAF0002081+AI_ENGINEERING,,,0,UNKNOWN,R_AND_D,0.420914,0.25,0.25,1,数据治理,anchor未满足,300348.SZ_长亮科技_2025_管理层讨论与分析.pdf,4,17,2、大数据应用系统解决方案,正文,MDAF0002081,,AI_ENGINEERING,AI_ENGINEERING=0.4209/0.0480
CAND-00237,300348.SZ,长亮科技,2025,业务概要,2026年，公司将紧抓信创浪潮与AI 应用爆发的双重机遇，依托自身行业优势与产品优势，全面推动技术转型。,AI,AIFT-001,ALS-0002,AI_GENERAL,MDAF0002082+AI_GENERAL,,,1,COMPANY,APPLIED,0.429863,0.65,0.65,1,AI,,300348.SZ_长亮科技_2025_管理层讨论与分析.pdf,5,18,3、全财务价值链业务管理解决方案,正文,MDAF0002082,,AI_GENERAL,AI_GENERAL=0.4299/0.0299
CAND-00238,300348.SZ,长亮科技,2025,业务概要,5月，在泰国总理见证下，与国际知名科技集团FPT 签署战略合作协议，携手推进全球银行数字化转型；8月，与印尼中央银行支持的国家级银行业发展与培训机构LPPI 联合举办“2025年印尼银行业峰会”，探讨人工智能驱动下印尼银行核心系统的现代化转型路径；9月，受邀参加华为全联接大会，荣膺“全球优秀行业解决方案伙伴”，并携手华为举办2025 全球银行业高峰论坛，为金融行业跨区域合作与创新交流提供了重要平台。,人工智能,AIFT-001,ALS-0001,AI_GENERAL,MDAF0002084+AI_GENERAL,,,1,COMPANY,WEAK_GENERIC,0.330093,0.6,0.6,1,人工智能,,300348.SZ_长亮科技_2025_管理层讨论与分析.pdf,5,18,4、海外业务及相关解决方案,正文,MDAF0002084,,AI_GENERAL,AI_GENERAL=0.3301/-0.0532
CAND-00239,300348.SZ,长亮科技,2025,业务概要,报告期内，公司持续加大研发投入，聚焦关键产品和解决方案的交付提效、性能提升、AI 赋能，进一步提升产品竞争力和市场响应能力，为客户数字化转型提供更有力的支撑。,AI,AIFT-001,ALS-0002,AI_GENERAL,MDAF0002093+AI_GENERAL,,,1,COMPANY,COMMERCIAL,0.373964,0.65,0.65,1,AI,,300348.SZ_长亮科技_2025_管理层讨论与分析.pdf,5,18,3、全财务价值链业务管理解决方案,正文,MDAF0002093,,AI_GENERAL,AI_GENERAL=0.3740/0.0286
CAND-00240,300348.SZ,长亮科技,2025,业务概要,通过以AI 重新构建产品解决方案逻辑，快速聚焦关键经营管理场景，致力于成为银行内部价值管理的核心引擎，助力银行提升管理效率、精准度与前瞻性。,AI,AIFT-001,ALS-0002,AI_GENERAL,MDAF0002095+AI_GENERAL,,,1,UNKNOWN,R_AND_D,0.463692,0.6,0.6,1,AI,,300348.SZ_长亮科技_2025_管理层讨论与分析.pdf,5,18,3、全财务价值链业务管理解决方案,正文,MDAF0002095,,AI_GENERAL,AI_GENERAL=0.4637/0.0074
CAND-00241,300348.SZ,长亮科技,2025,核心竞争力,作为国内金融科技领域的领先企业，公司在国内信创核心产品覆盖、信创产品落地、人工智能场景应用、全球化拓展以及生态共建等方面均有核心竞争能力，具体如下：,人工智能,AIFT-001,ALS-0001,AI_GENERAL,MDAF0002098+AI_GENERAL,,,1,COMPANY,APPLIED,0.449066,0.65,0.65,1,人工智能,,300348.SZ_长亮科技_2025_管理层讨论与分析.pdf,8,21,,正文,MDAF0002098,,AI_GENERAL,AI_GENERAL=0.4491/0.0548
CAND-00242,300348.SZ,长亮科技,2025,核心竞争力,公司与宝德联合发布“AI 数字生产力平台联合解决方案”，将大模型能力深度嵌入软件研发全流程，通过自动化代码生成与智能运维，系统性释放数字生产力；同时，公司携手华为鲲鹏发布“鲲鹏RAG 解决方案1.0”，并在金融大数据领域落地智能风控实践，依托鲲鹏智能算力基座，大幅提升了风险决策的精准度与可解释性，构建了“软件定义核心+国产硬核底座”的一体化交付能力。,AI; RAG; 智能风控; 代码生成; 智能运维; 大模型,AIFT-001; AIFT-122; AIFT-173; AIFT-251; AIFT-262,ALS-0002; ALS-0500; ALS-0701; ALS-1015; ALS-1060; ANCHOR:大模型,AI_GENERAL; APP_INTERNAL; PRODUCT_CREDIT; TECH_LLM,MDAF0002112+TECH_LLM,TECH_LLM,PRODUCT_CREDIT,1,COMPANY,COMMERCIAL,0.543107,0.98,0.98,1,AI; RAG; 智能风控; 代码生成; 智能运维; 大模型,,300348.SZ_长亮科技_2025_管理层讨论与分析.pdf,9,22,"（二）""AI+金融""深度融合的技术创新实力",正文,MDAF0002112,,AI_GENERAL;APP_INTERNAL;PRODUCT_CREDIT;TECH_LLM,TECH_LLM=0.5431/0.1806; AI_GENERAL=0.4396/0.0592; PRODUCT_CREDIT=0.4294/0.1327; APP_INTERNAL=0.4282/0.0633
CAND-00243,300348.SZ,长亮科技,2025,核心竞争力,在国际市场上，公司亦与华为云紧密联动，在新加坡等地共同推广AI 驱动的数据平台DataMind，加速全球化布局。,AI,AIFT-001,ALS-0002,AI_GENERAL,MDAF0002117+AI_GENERAL,,,1,COMPANY,APPLIED,0.372412,0.65,0.65,1,AI,,300348.SZ_长亮科技_2025_管理层讨论与分析.pdf,9,22,"（二）""AI+金融""深度融合的技术创新实力",正文,MDAF0002117,,AI_GENERAL,AI_GENERAL=0.3724/0.0294
CAND-00244,300348.SZ,长亮科技,2025,核心竞争力,在核心系统智能化领域，公司携手华为重磅发布“长亮科技＆华为AI 银行核心系统需求分析智能体联合解决方案”。,AI; 智能体,AIFT-001; AIFT-128,ALS-0002; ALS-0523,AI_GENERAL,MDAF0002118+AI_GENERAL,,,1,COMPANY,APPLIED,0.387583,0.65,0.65,1,AI; 智能体,,300348.SZ_长亮科技_2025_管理层讨论与分析.pdf,9,22,"（二）""AI+金融""深度融合的技术创新实力",正文,MDAF0002118,,AI_GENERAL,AI_GENERAL=0.3876/0.0182
CAND-00245,300348.SZ,长亮科技,2025,核心竞争力,报告期内，公司坚持“AI 原生”战略，将大模型技术深度植入核心业务平台，构建了通用大模型与金融垂域小模型协同创新的“N+M”技术体系。,AI; 大模型,AIFT-001,ALS-0002; ANCHOR:大模型,AI_GENERAL; TECH_LLM,MDAF0002121+TECH_LLM,TECH_LLM,,1,COMPANY,R_AND_D,0.530173,0.85,0.85,1,AI; 大模型,,300348.SZ_长亮科技_2025_管理层讨论与分析.pdf,9,22,"（二）""AI+金融""深度融合的技术创新实力",正文,MDAF0002121,,AI_GENERAL;TECH_LLM,TECH_LLM=0.5302/0.0682; AI_GENERAL=0.5221/0.0974
CAND-00246,300348.SZ,长亮科技,2025,核心竞争力,该方案基于华为昇腾AI 计算底座，创新融合DeepSeek 大模型的强大推理能力与长亮科技自研需求分析小模型的专业知识，成功打造“AI 数字生产力平台”及核心组件“AutoBA 智能体”。,AI; 智能体; DeepSeek; 大模型,AIFT-001; AIFT-128; AIFT-137,ALS-0002; ALS-0523; ALS-0559; ANCHOR:大模型,AI_GENERAL; TECH_LLM,MDAF0002126+TECH_LLM,TECH_LLM,,1,UNKNOWN,,0.434303,0.75,0.75,1,AI; 智能体; DeepSeek; 大模型,,300348.SZ_长亮科技_2025_管理层讨论与分析.pdf,9,22,"（二）""AI+金融""深度融合的技术创新实力",正文,MDAF0002126,,AI_GENERAL;TECH_LLM,AI_GENERAL=0.4343/0.1028; TECH_LLM=0.4328/0.1283
CAND-00247,300348.SZ,长亮科技,2025,研发投入,主要研发项目名称：云原生数字生产力平台建设项目-大模型 V1.0 研发。,大模型,,ANCHOR:大模型,TECH_LLM,MDAF0002131+TECH_LLM,TECH_LLM,,1,UNKNOWN,R_AND_D,0.435796,0.8,0.8,1,大模型,,300348.SZ_长亮科技_2025_管理层讨论与分析.pdf,15,28,,表格行,MDAF0002131,,TECH_LLM,TECH_LLM=0.4358/0.0014
CAND-00248,300348.SZ,长亮科技,2025,研发投入,拟达到的目标：1.提升项目效率：通过自动化的代码生成、注释优化和测试用例生成，减少人工。,代码生成,AIFT-251,ALS-1015,APP_INTERNAL,MDAF0002133+APP_INTERNAL,,,0,UNKNOWN,R_AND_D,0.554255,0.75,0.75,1,代码生成,,300348.SZ_长亮科技_2025_管理层讨论与分析.pdf,15,28,,表格行,MDAF0002133,,APP_INTERNAL,APP_INTERNAL=0.5543/0.1810
CAND-00249,300348.SZ,长亮科技,2025,研发投入,项目目的：通过大模型技术的应用，打造一款高效、 智能的开发辅助平台，全面解决金融科。,大模型,,ANCHOR:大模型,TECH_LLM,MDAF0002138+TECH_LLM,TECH_LLM,,1,UNKNOWN,APPLIED,0.582748,0.8,0.8,1,大模型,,300348.SZ_长亮科技_2025_管理层讨论与分析.pdf,15,28,,表格行,MDAF0002138,,TECH_LLM,TECH_LLM=0.5827/0.1792
CAND-00250,300377.SZ,赢时胜,2025,业务概要,2025年公司围绕四大核心发展方向统筹经营工作：夯实安全技术底座、引领核心业务系统信创迭代升级，深度融合大模型技术、以智能化变革重塑金融业务应用场景，践行开放协同理念、构建新一代“AI 原生+多智能体协同生态”产品生态，聚焦资产管理与托管业务信息化解决方案赛道。,AI; 智能体; 大模型,AIFT-001; AIFT-128,ALS-0002; ALS-0523; ANCHOR:大模型,AI_GENERAL; TECH_LLM,MDAF0002142+TECH_LLM,TECH_LLM,,1,COMPANY,APPLIED,0.441868,0.85,0.85,1,AI; 智能体; 大模型,,300377.SZ_赢时胜_2025_管理层讨论与分析.pdf,1,14,,正文,MDAF0002142,,AI_GENERAL;TECH_LLM,AI_GENERAL=0.4419/0.0610; TECH_LLM=0.4205/0.1392
CAND-00251,300377.SZ,赢时胜,2025,业务概要,全业务板块人工智能适配赋能：全面对接主流开源大模型与金融机构自研大模型，完成资产管理、资产托管、数据应用、泛资管运营、资管信息披露等全业务板块的系统适配与能力嵌入，将人工智能技术深度融入核算、清算、风控、数据处理、信息披露、运营管理等核心业务环节，实现人工智能与业务系统的原生融合，替代传统外挂式人工智能应用模式。,人工智能; 人工智能技术; 大模型,AIFT-001,ALS-0001; ALS-0004; ANCHOR:大模型,AI_GENERAL; TECH_LLM,MDAF0002143+TECH_LLM,TECH_LLM,,1,UNKNOWN,APPLIED,0.517656,0.8,0.8,1,人工智能; 人工智能技术; 大模型,,300377.SZ_赢时胜_2025_管理层讨论与分析.pdf,1,14,1、AI 赋能整体解决方案业务板块,正文,MDAF0002143,,AI_GENERAL;TECH_LLM,TECH_LLM=0.5177/0.2083; AI_GENERAL=0.4605/0.0155
CAND-00252,300377.SZ,赢时胜,2025,业务概要,公司以AI 原生为核心研发理念，聚焦人工智能对金融业务系统的深度赋能，构建金融垂直领域人工智能落地一体化解决方案，核心聚焦主流大模型的场景化适配与业务融合，不参与大模型研发与供应，致力于将成熟大模型能力与金融核心业务场景深度耦合。,人工智能; AI; 大模型,AIFT-001,ALS-0001; ALS-0002; ANCHOR:大模型,AI_GENERAL; TECH_LLM,MDAF0002144+TECH_LLM,TECH_LLM,,1,COMPANY,APPLIED,0.545368,0.85,0.85,1,人工智能; AI; 大模型,,300377.SZ_赢时胜_2025_管理层讨论与分析.pdf,1,14,1、AI 赋能整体解决方案业务板块,正文,MDAF0002144,,AI_GENERAL;TECH_LLM,TECH_LLM=0.5454/0.1624; AI_GENERAL=0.5055/0.0804
CAND-00253,300377.SZ,赢时胜,2025,业务概要,公司在传统优势业务深耕、信创改造落地、人工智能技术深度融合、生态合作拓展等维度取得多项创新成果，为银行、基金、保险资管、证券、全国社保基金等400 余家金融机构提供专业化、高效能、高安全的技术服务，以技术创新与生态共建赋能金融行业高质量发展，持续夯实公司在金融信息技术领域的核心竞争优势。,人工智能; 人工智能技术,AIFT-001,ALS-0001; ALS-0004,AI_GENERAL,MDAF0002145+AI_GENERAL,,,1,COMPANY,APPLIED,0.475551,0.65,0.65,1,人工智能; 人工智能技术,,300377.SZ_赢时胜_2025_管理层讨论与分析.pdf,1,14,,正文,MDAF0002145,,AI_GENERAL,AI_GENERAL=0.4756/0.0017
CAND-00254,300377.SZ,赢时胜,2025,业务概要,垂直领域人工智能一体化解决方案：针对金融资管、托管、数据服务、运营管理、信息披露等垂直领域，构建标准化与定制化相结合的人工智能落地解决方案，覆盖智能核算、智能清算、智能风控、智能数据提取、智能报表、智能审核、智能运营等全场景，为金融机构提供一站式人工智能业务赋能服务，降低人工智能应用落地的技术与成本门槛。,人工智能; 智能风控,AIFT-001; AIFT-173,ALS-0001; ALS-0701,AI_GENERAL; PRODUCT_CREDIT,MDAF0002146+PRODUCT_CREDIT,,PRODUCT_CREDIT,1,UNKNOWN,APPLIED,0.474235,0.98,0.98,1,人工智能; 智能风控,,300377.SZ_赢时胜_2025_管理层讨论与分析.pdf,1,14,1、AI 赋能整体解决方案业务板块,正文,MDAF0002146,,AI_GENERAL;PRODUCT_CREDIT,AI_GENERAL=0.4742/-0.0048; PRODUCT_CREDIT=0.3674/0.0798
CAND-00255,300377.SZ,赢时胜,2025,业务概要,执行式人工智能落地应用：突破传统辅助智能的应用边界，构建“感知-决策-执行”全闭环智能体系，研发适配各业务场景的智能体数字员工，可自主完成数据处理、账务核算、监督管控、异常排查等业务操作，实现零人工干预的智能化运营，推动各业务板块迈入人机协同发展新阶段。,人工智能; 智能体,AIFT-001; AIFT-128,ALS-0001; ALS-0523,AI_GENERAL,MDAF0002147+AI_GENERAL,,,1,UNKNOWN,APPLIED,0.55782,0.6,0.6,1,人工智能; 智能体,,300377.SZ_赢时胜_2025_管理层讨论与分析.pdf,1,14,1、AI 赋能整体解决方案业务板块,正文,MDAF0002147,,AI_GENERAL,AI_GENERAL=0.5578/0.1828
CAND-00256,300377.SZ,赢时胜,2025,业务概要,报告期内，公司为头部保险资管定制资管运营人工智能一体化解决方案，覆盖非标资产估值、风险监控全场景；为头部券商资管搭建信息披露人工智能智能审核解决方案，实现定期报告全自动合规校验。,人工智能,AIFT-001,ALS-0001,AI_GENERAL,MDAF0002148+AI_GENERAL,,,1,COMPANY,,0.435723,0.6,0.6,1,人工智能,,300377.SZ_赢时胜_2025_管理层讨论与分析.pdf,1,14,1、AI 赋能整体解决方案业务板块,正文,MDAF0002148,,AI_GENERAL,AI_GENERAL=0.4357/0.0627
CAND-00257,300377.SZ,赢时胜,2025,业务概要,报告期内，公司为头部公募基金、头部保险资管完成资产管理全系统AI 原生适配，实现估值核算、资金清算全流程人工智能能力嵌入；为大型股份制银行完成资产托管系统大模型兼容改造，实现多源大模型无缝切换调用。,人工智能; AI; 大模型,AIFT-001,ALS-0001; ALS-0002; ANCHOR:大模型,AI_GENERAL; TECH_LLM,MDAF0002149+TECH_LLM,TECH_LLM,,1,COMPANY,,0.491556,0.8,0.8,1,人工智能; AI; 大模型,,300377.SZ_赢时胜_2025_管理层讨论与分析.pdf,1,14,1、AI 赋能整体解决方案业务板块,正文,MDAF0002149,,AI_GENERAL;TECH_LLM,TECH_LLM=0.4916/0.1630; AI_GENERAL=0.4684/0.0733
CAND-00258,300377.SZ,赢时胜,2025,业务概要,AI 原生重构业务研发范式公司摒弃传统“外挂式”“补丁式”人工智能应用模式，确立AI 原生研发范式，在需求分析、架构设计阶段即将大模型逻辑深度嵌入系统内核，赋予系统自主认知、自主决策能力，实现人工智能技术与业务场景的原生融合，而非单一功能叠加。,人工智能; AI; 人工智能技术; 大模型,AIFT-001,ALS-0001; ALS-0002; ALS-0004; ANCHOR:大模型,AI_GENERAL; TECH_LLM,MDAF0002151+TECH_LLM,TECH_LLM,,1,COMPANY,APPLIED,0.461724,0.85,0.85,1,人工智能; AI; 人工智能技术; 大模型,,300377.SZ_赢时胜_2025_管理层讨论与分析.pdf,2,15,2、资产管理系统业务板块,正文,MDAF0002151,,AI_GENERAL;TECH_LLM,AI_GENERAL=0.4617/0.0834; TECH_LLM=0.3721/0.0836
CAND-00259,300377.SZ,赢时胜,2025,业务概要,公司技术栈具备高度开放性，全面对接并深度融合DeepSeek、Qwen、GLM、LLAMA 等主流开源大模型，同时支持与各类机构自研大模型的深度融合适配，为客户提供灵活多样的智能化解决方案。,DeepSeek; Qwen; 大模型,AIFT-137; AIFT-138,ALS-0559; ALS-0564; ANCHOR:大模型,TECH_LLM,MDAF0002153+TECH_LLM,TECH_LLM,,1,COMPANY,WEAK_GENERIC,0.501462,0.8,0.8,1,DeepSeek; Qwen; 大模型,,300377.SZ_赢时胜_2025_管理层讨论与分析.pdf,2,15,2、资产管理系统业务板块,正文,MDAF0002153,,TECH_LLM,TECH_LLM=0.5015/0.0773
CAND-00260,300377.SZ,赢时胜,2025,业务概要,公司赢时胜资产管理系统V5.5 作为公司核心产品的智能化升级版本，集成多项AI 原生功能：ChatFA 通过AI 驱动的聊天式交互嵌入估值系统，自动化处理初始建账、账务调整等核心业务流程，以提升运营效率、减少甚至替代手工操作，解放业务人员双手；估值智能体使用Agent 工作流方式调用估值系统各个执行API 接口，以实现估值任务自动调度，构建负责执行具体核算、清算、统计分析等操作的智能体系统；监督智能体通过感知、决策、执行三层框架，自动定位和解决估值中的差异问题，实现估值过程的无人化监控和自动化处理，减少人工干预，提高业务效率。,AI; 智能体; Agent,AIFT-001; AIFT-128,ALS-0002; ALS-0523; ALS-0524,AI_GENERAL,MDAF0002156+AI_GENERAL,,,1,COMPANY,R_AND_D,0.423409,0.65,0.65,1,AI; 智能体; Agent,,300377.SZ_赢时胜_2025_管理层讨论与分析.pdf,2,15,2、资产管理系统业务板块,正文,MDAF0002156,,AI_GENERAL,AI_GENERAL=0.4234/0.0947
CAND-00261,300377.SZ,赢时胜,2025,业务概要,在此背景下，公司主动顺应金融科技发展趋势，持续加大新一代产品及信创、人工智能相关产品的研发投入，在巩固传统产品市场优势的基础上，全面推进“AI原生+信创”双轮驱动技术落地实践，推动资产管理业务板块高质量发展。,人工智能; AI,AIFT-001,ALS-0001; ALS-0002,AI_GENERAL,MDAF0002159+AI_GENERAL,,,1,COMPANY,APPLIED,0.50247,0.65,0.65,1,人工智能; AI,,300377.SZ_赢时胜_2025_管理层讨论与分析.pdf,2,15,2、资产管理系统业务板块,正文,MDAF0002159,,AI_GENERAL,AI_GENERAL=0.5025/0.0788
CAND-00262,300377.SZ,赢时胜,2025,业务概要,执行式人工智能构建智能体数字员工公司实现由“辅助智能”向“执行式人工智能”的关键跨越，研发智能体数字员工解决方案，依托MCP 协议调用系统工具、RAG 检索自有知识库、业务日历驱动自主工作等自研核心技术，突破传统规则引擎应用局限，构建“感知-决策-执行”完整职能闭环。,人工智能; 规则引擎; RAG; 智能体,AIFT-001; AIFT-105; AIFT-122; AIFT-128,ALS-0001; ALS-0430; ALS-0500; ALS-0523,AI_GENERAL; TECH_DECISION; TECH_LLM,MDAF0002161+TECH_DECISION,TECH_DECISION; TECH_LLM,,1,COMPANY,APPLIED,0.535728,0.85,0.85,1,人工智能; 规则引擎; RAG; 智能体,,300377.SZ_赢时胜_2025_管理层讨论与分析.pdf,2,15,2、资产管理系统业务板块,正文,MDAF0002161,,AI_GENERAL;TECH_DECISION;TECH_LLM,AI_GENERAL=0.5357/0.1863; TECH_LLM=0.4828/0.1849; TECH_DECISION=0.4149/0.0138
CAND-00263,300377.SZ,赢时胜,2025,业务概要,2025年，该板块以核心产品为基础，全面推进全栈信创落地与数智托管创新，深度融合人工智能技术，推动资产托管行业数字化、智能化革新，持续巩固行业领先优势。,人工智能; 人工智能技术,AIFT-001,ALS-0001; ALS-0004,AI_GENERAL,MDAF0002163+AI_GENERAL,,,1,UNKNOWN,APPLIED,0.39285,0.6,0.6,1,人工智能; 人工智能技术,,300377.SZ_赢时胜_2025_管理层讨论与分析.pdf,3,16,3、资产托管系统业务板块,正文,MDAF0002163,,AI_GENERAL,AI_GENERAL=0.3928/-0.0321
CAND-00264,300377.SZ,赢时胜,2025,业务概要,AI 深度赋能托管价值链：公司将人工智能技术深度融入托管业务价值链，成功将大模型应用于文件处理、风险监控、数据核对与信息提取等业务场景。,人工智能; AI; 人工智能技术; 大模型,AIFT-001,ALS-0001; ALS-0002; ALS-0004; ANCHOR:大模型,AI_GENERAL; TECH_LLM,MDAF0002164+TECH_LLM,TECH_LLM,,1,COMPANY,APPLIED,0.48267,0.85,0.85,1,人工智能; AI; 人工智能技术; 大模型,,300377.SZ_赢时胜_2025_管理层讨论与分析.pdf,3,16,3、资产托管系统业务板块,正文,MDAF0002164,,AI_GENERAL;TECH_LLM,TECH_LLM=0.4827/0.1213; AI_GENERAL=0.4808/0.0920
CAND-00265,300377.SZ,赢时胜,2025,业务概要,公司围绕金融资产管理高合规、高复杂场景，正在打造企业级可进化的AI 数字员工平台，构建原生融合、自主闭环、协同高效的智能运营体系。,AI,AIFT-001,ALS-0002,AI_GENERAL,MDAF0002168+AI_GENERAL,,,1,COMPANY,R_AND_D,0.499039,0.65,0.65,1,AI,,300377.SZ_赢时胜_2025_管理层讨论与分析.pdf,3,16,2、资产管理系统业务板块,正文,MDAF0002168,,AI_GENERAL,AI_GENERAL=0.4990/0.0171
CAND-00266,300377.SZ,赢时胜,2025,业务概要,2025年，该板块深化金融领域数字化服务，拓展保险资管公司、基金公司、券商资管、托管机构、银行等客户的全场景数据应用能力，覆盖数据工具、数据治理、数据分析、风险管理、投资决策等全链条数据业务应用，助力客户实现数据驱动的业务升级与效能提升。,数据治理,AIFT-168,ALS-0681,AI_ENGINEERING,MDAF0002178+AI_ENGINEERING,,,0,COMPANY,APPLIED,0.441879,0.3,0.3,1,数据治理,anchor未满足,300377.SZ_赢时胜_2025_管理层讨论与分析.pdf,4,17,4、数据应用系统业务板块,正文,MDAF0002178,,AI_ENGINEERING,AI_ENGINEERING=0.4419/0.1169
CAND-00267,300377.SZ,赢时胜,2025,业务概要,AI 原生+前沿技术深度融合应用：以AI 原生为核心研发理念，将自然语言处理（NLP）、机器学习、大数据等前沿技术深度耦合至数据业务场景，推动技术与业务深度融合创新。,AI; 机器学习; 自然语言处理; NLP,AIFT-001; AIFT-002; AIFT-038,ALS-0002; ALS-0008; ALS-0154; ALS-0155,AI_GENERAL; TECH_ML; TECH_NLP,MDAF0002179+TECH_ML,TECH_ML; TECH_NLP,,1,UNKNOWN,APPLIED,0.412721,0.8,0.8,1,AI; 机器学习; 自然语言处理; NLP,,300377.SZ_赢时胜_2025_管理层讨论与分析.pdf,4,17,4、数据应用系统业务板块,正文,MDAF0002179,,AI_GENERAL;TECH_ML;TECH_NLP,TECH_NLP=0.4127/0.1515; AI_GENERAL=0.4030/0.0280; TECH_ML=0.3385/0.0754
CAND-00268,300377.SZ,赢时胜,2025,业务概要,同时，持续探索人工智能大模型与投资管理、数据分析等业务场景的融合创新，挖掘智能化应用场景，助力客户提升数据决策科学性与高效性。,人工智能; 大模型,AIFT-001,ALS-0001; ANCHOR:大模型,AI_GENERAL; TECH_LLM,MDAF0002185+TECH_LLM,TECH_LLM,,1,UNKNOWN,APPLIED,0.491364,0.8,0.8,1,人工智能; 大模型,,300377.SZ_赢时胜_2025_管理层讨论与分析.pdf,4,17,4、数据应用系统业务板块,正文,MDAF0002185,,AI_GENERAL;TECH_LLM,AI_GENERAL=0.4914/0.0611; TECH_LLM=0.4843/0.1033
CAND-00269,300377.SZ,赢时胜,2025,业务概要,深耕托管生态协同创新：举办华北区域托管银行机构沙龙，汇聚行业专家，探讨人工智能技术与托管行业融合发展趋势，分享实践经验，推动行业技术交流与协同发展。,人工智能; 人工智能技术,AIFT-001,ALS-0001; ALS-0004,AI_GENERAL,MDAF0002188+AI_GENERAL,,,1,UNKNOWN,,0.351457,0.55,0.55,1,人工智能; 人工智能技术,,300377.SZ_赢时胜_2025_管理层讨论与分析.pdf,4,17,3、资产托管系统业务板块,正文,MDAF0002188,,AI_GENERAL,AI_GENERAL=0.3515/0.0369
CAND-00270,300377.SZ,赢时胜,2025,业务概要,重点推进人工智能技术在数据处理、合同应用、指标管理等领域的项目落地，解决客户数据处理效率、数据精准度等核心痛点；构建新一代智能风险信用预警系统，采用大小模型协同、专家经验与人工智能融合的研发模式，提升系统市场信用风险分析与快速响应能力，强化数据模型专业性与实用性。,人工智能; 人工智能技术,AIFT-001,ALS-0001; ALS-0004,AI_GENERAL,MDAF0002190+AI_GENERAL,,,1,UNKNOWN,APPLIED,0.44163,0.6,0.6,1,人工智能; 人工智能技术,,300377.SZ_赢时胜_2025_管理层讨论与分析.pdf,4,17,4、数据应用系统业务板块,正文,MDAF0002190,,AI_GENERAL,AI_GENERAL=0.4416/0.0655
CAND-00271,300377.SZ,赢时胜,2025,业务概要,2025年，面对资管行业合规趋严、智能化升级趋势，赢时胜运营管理平台主动响应客户诉求，完成JDK17 与Vue3 架构升级，筑牢高性能底座；持续完成达梦、OceanBase 数据库的多版本多行业适配验证，以及宝兰德全栈中间件的深度适配，形成国产化替代能力；AI 方面，持续增强平台原生智能及开源大模型对接，致力于将AI 能力内化为平台底层基因，构建AI 与业务双核心原生架构，实现全流程智能感知、智能决策、自动执行反馈闭环，支撑平台全域数智化转型。,AI; 智能决策; 大模型,AIFT-001; AIFT-109,ALS-0002; ALS-0447; ANCHOR:大模型,AI_GENERAL; TECH_DECISION; TECH_LLM,MDAF0002192+TECH_DECISION,TECH_DECISION; TECH_LLM,,1,UNKNOWN,R_AND_D,0.407497,0.8,0.8,1,AI; 智能决策; 大模型,,300377.SZ_赢时胜_2025_管理层讨论与分析.pdf,5,18,5、泛资管运营管理数字化系统业务板块,正文,MDAF0002192,,AI_GENERAL;TECH_DECISION;TECH_LLM,TECH_DECISION=0.4075/0.1038; AI_GENERAL=0.4031/0.0295; TECH_LLM=0.3881/0.1064
CAND-00272,300377.SZ,赢时胜,2025,业务概要,AI 原生+前沿技术构建智能审核体系：确立AI 原生研发思路，突破传统系统功能局限，构建新一代信息披露平台，实现产品由传统模式向场景化、自动化、数智化转型，为资管行业报表提供专业、高效、稳定、安全的信息披露解决方案，已在基金行业客户完成系统升级。,AI,AIFT-001,ALS-0002,AI_GENERAL,MDAF0002193+AI_GENERAL,,,1,UNKNOWN,R_AND_D,0.414808,0.6,0.6,1,AI,,300377.SZ_赢时胜_2025_管理层讨论与分析.pdf,5,18,6、资管信息披露业务板块,正文,MDAF0002193,,AI_GENERAL,AI_GENERAL=0.4148/0.0206
CAND-00273,300377.SZ,赢时胜,2025,业务概要,AI 应用方面，公司聚焦资管单据处理痛点，推出AI 智能解析平台。,AI,AIFT-001,ALS-0002,AI_GENERAL,MDAF0002194+AI_GENERAL,,,1,COMPANY,APPLIED,0.456456,0.65,0.65,1,AI,,300377.SZ_赢时胜_2025_管理层讨论与分析.pdf,5,18,5、泛资管运营管理数字化系统业务板块,正文,MDAF0002194,,AI_GENERAL,AI_GENERAL=0.4565/0.0488
CAND-00274,300377.SZ,赢时胜,2025,业务概要,依托“作业- 场景- 流程/ 分组- 任务” 四层管理模型，整合知识沉淀、场景编排、质效分析三大核心能力，构建线上化、可视化管理体系，实现任务全流程闭环管控，配套配置化看板实现全域统一监控，既满足当下管理需求，又为平台长期演进与AI 赋能奠定基础，助力企业向高效运营模式转型。,AI,AIFT-001,ALS-0002,AI_GENERAL,MDAF0002196+AI_GENERAL,,,1,UNKNOWN,R_AND_D,0.429831,0.6,0.6,1,AI,,300377.SZ_赢时胜_2025_管理层讨论与分析.pdf,5,18,5、泛资管运营管理数字化系统业务板块,正文,MDAF0002196,,AI_GENERAL,AI_GENERAL=0.4298/0.1903
CAND-00275,300377.SZ,赢时胜,2025,业务概要,其中，与某金融机构合作落地的公募定期报告人工智能智能审查平台，完成多期定期报告全流程人工智能审核，应用成效显著，获得客户高度认可。,人工智能,AIFT-001,ALS-0001,AI_GENERAL,MDAF0002199+AI_GENERAL,,,1,UNKNOWN,APPLIED,0.448201,0.6,0.6,1,人工智能,,300377.SZ_赢时胜_2025_管理层讨论与分析.pdf,5,18,6、资管信息披露业务板块,正文,MDAF0002199,,AI_GENERAL,AI_GENERAL=0.4482/0.0560
CAND-00276,300377.SZ,赢时胜,2025,业务概要,在信息披露强监管背景下，推出信息披露人工智能智能审核系统，秉持“以数据为中心、业务为核心、人工智能为场景”的研发理念，形成核心业务系统闭环，依托人工智能能力反哺数据与业务迭代演进。,人工智能,AIFT-001,ALS-0001,AI_GENERAL,MDAF0002200+AI_GENERAL,,,1,UNKNOWN,APPLIED,0.426916,0.6,0.6,1,人工智能,,300377.SZ_赢时胜_2025_管理层讨论与分析.pdf,5,18,6、资管信息披露业务板块,正文,MDAF0002200,,AI_GENERAL,AI_GENERAL=0.4269/0.0820
CAND-00277,300377.SZ,赢时胜,2025,业务概要,融合NLP 与智能模型，实现单据统一解析、要素提取与数据自动分发，覆盖账户回执、基金确认单等高频场景，打造全流程自动化闭环，显著提升运营效率与精准度，为全域运营统一赋能。,NLP,AIFT-038,ALS-0155,TECH_NLP,MDAF0002203+TECH_NLP,TECH_NLP,,1,UNKNOWN,WEAK_GENERIC,0.50821,0.75,0.75,1,NLP,,300377.SZ_赢时胜_2025_管理层讨论与分析.pdf,5,18,5、泛资管运营管理数字化系统业务板块,正文,MDAF0002203,,TECH_NLP,TECH_NLP=0.5082/0.0848
CAND-00278,300377.SZ,赢时胜,2025,业务概要,该系统实现报告内容全自动、全维度智能审核，覆盖文档结构、人工智能语义分析、跨文档核查、合规风险预警等维度，助力管理人防控信息披露风险，提升合规审核效率，丰富信息披露、监管报送业务人工智能应用场景。,人工智能; 合规审核,AIFT-001; AIFT-200,ALS-0001; ALS-0812,AI_GENERAL; PRODUCT_FRAUD,MDAF0002204+PRODUCT_FRAUD,,PRODUCT_FRAUD,1,UNKNOWN,APPLIED,0.488723,0.6,0.6,1,人工智能; 合规审核,,300377.SZ_赢时胜_2025_管理层讨论与分析.pdf,5,18,6、资管信息披露业务板块,正文,MDAF0002204,,AI_GENERAL;PRODUCT_FRAUD,PRODUCT_FRAUD=0.4887/0.0582; AI_GENERAL=0.3658/0.0298
CAND-00279,300377.SZ,赢时胜,2025,业务概要,人力资源池精准匹配公司“AI 原生+信创”双轮驱动技术落地、信创改造、人工智能应用、生态合作等业务发展的人力需求，为公司业务拓展提供人力支撑，保障技术实践与业务落地高效推进，助力公司战略目标实现。,人工智能; AI,AIFT-001,ALS-0001; ALS-0002,AI_GENERAL,MDAF0002207+AI_GENERAL,,,1,COMPANY,APPLIED,0.421631,0.65,0.65,1,人工智能; AI,,300377.SZ_赢时胜_2025_管理层讨论与分析.pdf,6,19,7、金融行业技术/服务人力资源池板块,正文,MDAF0002207,,AI_GENERAL,AI_GENERAL=0.4216/0.0810
CAND-00280,300377.SZ,赢时胜,2025,核心竞争力,全年围绕四大核心发展方向统筹经营工作：夯实安全技术底座、引领核心业务系统信念、构建新一代“AI 原生+多智能体协同生态”产品生态、聚焦资产管理与托管业务信息化解决方案赛道创迭代升级，深度融合大模型技术、以智能化变革重塑金融业务应用场景，践行开放协同理。,AI; 智能体; 大模型,AIFT-001; AIFT-128,ALS-0002; ALS-0523; ANCHOR:大模型,AI_GENERAL; TECH_LLM,MDAF0002211+TECH_LLM,TECH_LLM,,1,UNKNOWN,APPLIED,0.451906,0.8,0.8,1,AI; 智能体; 大模型,,300377.SZ_赢时胜_2025_管理层讨论与分析.pdf,8,21,1、公司始终高度重视研发投入，不断改进产品质量和升级优化产品功能、不断推出新的产品和服,正文,MDAF0002211,,AI_GENERAL;TECH_LLM,TECH_LLM=0.4519/0.1451; AI_GENERAL=0.4475/0.0558
CAND-00281,300377.SZ,赢时胜,2025,核心竞争力,公司在传统资产管理和托管优势业务深耕、信创改造落地、人工智能技术深度融合、生态合作拓展等维度取得多项创新成果，为银行、基金、保险资管、证券、全国社保基金等400 余家金融机构提供专业化、高效能、高安全的技术服务，以技术创新与生态共建赋能金融行业高质量发展，持续夯实公司在金融信息技术领域的核心竞争优势。,人工智能; 人工智能技术,AIFT-001,ALS-0001; ALS-0004,AI_GENERAL,MDAF0002212+AI_GENERAL,,,1,COMPANY,APPLIED,0.474099,0.65,0.65,1,人工智能; 人工智能技术,,300377.SZ_赢时胜_2025_管理层讨论与分析.pdf,8,21,2、公司始终秉持以客户需求和优质高效服务的发展理念，拥有较为丰富且稳定的客户资源优势、,正文,MDAF0002212,,AI_GENERAL,AI_GENERAL=0.4741/-0.0062
CAND-00282,300377.SZ,赢时胜,2025,核心竞争力,公司坚守金融信息技术服务核心主业，确立“AI 原生+信创”双轮驱动的核心技术路径，将前沿人工智能技术与国产化自主可控技术底座深度融合，推动金融运营模式由传统人工操作、辅助智能阶段，向智能化高阶形态演进。,人工智能; AI; 人工智能技术,AIFT-001,ALS-0001; ALS-0002; ALS-0004,AI_GENERAL,MDAF0002213+AI_GENERAL,,,1,COMPANY,WEAK_GENERIC,0.521464,0.6,0.6,1,人工智能; AI; 人工智能技术,,300377.SZ_赢时胜_2025_管理层讨论与分析.pdf,8,21,1、公司始终高度重视研发投入，不断改进产品质量和升级优化产品功能、不断推出新的产品和服,正文,MDAF0002213,,AI_GENERAL,AI_GENERAL=0.5215/0.0407
CAND-00283,300380.SZ,安硕信息,2025,研发投入,主要研发项目名称：基于人工智能技术的智慧信贷系统。,人工智能; 人工智能技术; 智慧信贷,AIFT-001; AIFT-175,ALS-0001; ALS-0004; ALS-0712,AI_GENERAL; PRODUCT_CREDIT,MDAF0002267+PRODUCT_CREDIT,,PRODUCT_CREDIT,1,UNKNOWN,R_AND_D,0.576742,0.98,0.98,1,人工智能; 人工智能技术; 智慧信贷,,300380.SZ_安硕信息_2025_管理层讨论与分析.pdf,10,20,,表格行,MDAF0002267,,AI_GENERAL;PRODUCT_CREDIT,PRODUCT_CREDIT=0.5767/0.1438; AI_GENERAL=0.4984/0.1005
CAND-00284,300380.SZ,安硕信息,2025,研发投入,从设计开发到运维的全生命周期，可以大幅简化复杂应用软件的开发和维护。以人工智能为核心驱动力的下一代信贷系统， 聚焦打造具备深度智慧能力的软件版本。 系统以全业务场景AI 赋能为核心方向，将人工智能技术与信贷业务深度融合，全面覆盖贷前客户准入、 信用评估，贷中风险监控、资金流向追踪，贷后逾期催收、 风险处置等关键环节：充分利用大数据、AI 智能技术，拓展完善。,人工智能; AI; 人工智能技术; 信用评估,AIFT-001; AIFT-178,ALS-0001; ALS-0002; ALS-0004; ALS-0723,AI_GENERAL; PRODUCT_CREDIT,MDAF0002273+PRODUCT_CREDIT,,PRODUCT_CREDIT,1,UNKNOWN,APPLIED,0.560518,0.6,0.6,1,人工智能; AI; 人工智能技术; 信用评估,,300380.SZ_安硕信息_2025_管理层讨论与分析.pdf,11,21,,表格行,MDAF0002273,,AI_GENERAL;PRODUCT_CREDIT,PRODUCT_CREDIT=0.5605/0.1230; AI_GENERAL=0.4489/0.0338
CAND-00285,300465.SZ,高伟达,2025,核心竞争力,公司从2023年开始，将研发方向和业务升级方向逐渐向人工智能等新的技术方向转移倾斜，并逐渐在一些技术领域形成的自身业务的主导方向。,人工智能,AIFT-001,ALS-0001,AI_GENERAL,MDAF0002280+AI_GENERAL,,,1,COMPANY,R_AND_D,0.544909,0.65,0.65,1,人工智能,,300465.SZ_高伟达_2025_管理层讨论与分析.pdf,3,12,1、持续的技术和业务创新能力,正文,MDAF0002280,,AI_GENERAL,AI_GENERAL=0.5449/0.1549
CAND-00286,300465.SZ,高伟达,2025,核心竞争力,公司经过多年的技术研发和服务创新，形成了核心业务系统、数据智能应用与服务、全面风险管理、渠道管理与客户经营、云服务与智能运维、金融信创解决方案等具有较强市场竞争力和较高市场占有率的解决方案，上述系统已经成功应用于政策性银行、国有商业银行、股份制银行、城商行及农信社，积累了丰富的应用案例和广泛的客户群，为公司产品升级和市场开拓奠定了良好的基础。,智能运维,AIFT-262,ALS-1060,APP_INTERNAL,MDAF0002283+APP_INTERNAL,,,0,COMPANY,APPLIED,0.348119,0.3,0.3,1,智能运维,anchor未满足,300465.SZ_高伟达_2025_管理层讨论与分析.pdf,3,12,3、行业地位和提供整体解决方案的能力,正文,MDAF0002283,,APP_INTERNAL,APP_INTERNAL=0.3481/0.0008
CAND-00287,300465.SZ,高伟达,2025,核心竞争力,公司长期以来培养了一支融合了IT 技术、人工智能技术、银行业务知识及行业管理经验的复合型人才队伍，对于高度复杂的银行信息系统开发具有独到的理解能力和丰富的实施经验，拥有多项核心技术和全部产品的自主知识产权。,人工智能; 人工智能技术,AIFT-001,ALS-0001; ALS-0004,AI_GENERAL,MDAF0002290+AI_GENERAL,,,1,COMPANY,R_AND_D,0.476827,0.65,0.65,1,人工智能; 人工智能技术,,300465.SZ_高伟达_2025_管理层讨论与分析.pdf,4,13,5、复合型人才储备和稳定的技术、管理团队,正文,MDAF0002290,,AI_GENERAL,AI_GENERAL=0.4768/0.0836
CAND-00288,300465.SZ,高伟达,2025,研发投入,主要研发项目名称：智能催收分析系统。,智能催收,AIFT-185,ALS-0750,PRODUCT_CREDIT,MDAF0002292+PRODUCT_CREDIT,,PRODUCT_CREDIT,0,UNKNOWN,R_AND_D,0.490734,0.95,0.95,1,智能催收,,300465.SZ_高伟达_2025_管理层讨论与分析.pdf,8,17,,表格行,MDAF0002292,,PRODUCT_CREDIT,PRODUCT_CREDIT=0.4907/0.1369
CAND-00289,300465.SZ,高伟达,2025,研发投入,拟达到的目标：1、“智能催收分析系统”是我司人工智能在贷后催收中的应用系统。,人工智能; 智能催收,AIFT-001; AIFT-185,ALS-0001; ALS-0750,AI_GENERAL; PRODUCT_CREDIT,MDAF0002293+PRODUCT_CREDIT,,PRODUCT_CREDIT,1,UNKNOWN,APPLIED,0.551057,0.98,0.98,1,人工智能; 智能催收,,300465.SZ_高伟达_2025_管理层讨论与分析.pdf,8,17,,表格行,MDAF0002293,,AI_GENERAL;PRODUCT_CREDIT,PRODUCT_CREDIT=0.5511/0.1343; AI_GENERAL=0.3964/0.0445
CAND-00290,300465.SZ,高伟达,2025,研发投入,拟达到的目标：2、完善公司人工智能场景应用，增加公司在银行人工智能方向的竞争实力和竞争优势，弥补公司在人工智能应用场景下的技术竞争力，提高公司行业影响力。,人工智能,AIFT-001,ALS-0001,AI_GENERAL,MDAF0002295+AI_GENERAL,,,1,COMPANY,APPLIED,0.555443,0.65,0.65,1,人工智能,,300465.SZ_高伟达_2025_管理层讨论与分析.pdf,8,17,,表格行,MDAF0002295,,AI_GENERAL,AI_GENERAL=0.5554/0.1006
CAND-00291,300465.SZ,高伟达,2025,研发投入,拟达到的目标：实现通话内容关键点高效提取，运用先进的自然语言处理技术，精准识别并提取被催收人员的还款能力相关信息，例如其明确提及的收入来源、资产状况、当前财务困境等；同时深度挖掘被催收人员的还款意愿，如是否主动承诺还款时间、表现出的还款态度是积极还是消极等。,自然语言处理,AIFT-038,ALS-0154,TECH_NLP,MDAF0002299+TECH_NLP,TECH_NLP,,1,UNKNOWN,,0.5507,0.75,0.75,1,自然语言处理,,300465.SZ_高伟达_2025_管理层讨论与分析.pdf,8,17,,表格行,MDAF0002299,,TECH_NLP,TECH_NLP=0.5507/0.1887
CAND-00292,300465.SZ,高伟达,2025,研发投入,项目目的：催收助手的主要功能是将行内的催收语音文件上传到大模型，由大模型对语音文件进行解析，并对语音的内容进行分析，结合与客户的催收问答实现通话内容关键点高效提取，运用先进的自然语言处理技术，精准识别并提取被催收人员的还款能力相关信息，例如其明确提及的收入来源、资产状况、当前财务困境等；同时深度挖掘被催收人员的还款意愿，如是否主动承诺还款时间、 表现出的还款态度是积极还是消极等。,自然语言处理; 大模型,AIFT-038,ALS-0154; ANCHOR:大模型,TECH_LLM; TECH_NLP,MDAF0002300+TECH_LLM,TECH_LLM; TECH_NLP,,1,UNKNOWN,,0.513748,0.75,0.75,1,自然语言处理; 大模型,,300465.SZ_高伟达_2025_管理层讨论与分析.pdf,8,17,,表格行,MDAF0002300,,TECH_LLM;TECH_NLP,TECH_NLP=0.5137/0.1251; TECH_LLM=0.5077/0.1840
CAND-00293,300468.SZ,四方精创,2025,核心竞争力,针对生成式人工智能技术革命对金融业蕴含的巨大潜力和风险，公司荣幸成为香港金融管理局与香港数码港管理有限公司联合组织的第一与第二期生成式AI 沙盒的官方技术合作伙伴，与监管机构和行业先锋代表一起探索在金融行业确保风险可控前提下，负责任的应用人工智能。,人工智能; AI; 人工智能技术; 生成式人工智能; 生成式AI,AIFT-001; AIFT-110,ALS-0001; ALS-0002; ALS-0004; ALS-0450; ALS-0451,AI_GENERAL; TECH_LLM,MDAF0002320+TECH_LLM,TECH_LLM,,1,COMPANY,APPLIED,0.470331,0.98,0.98,1,人工智能; AI; 人工智能技术; 生成式人工智能; 生成式AI,,300468.SZ_四方精创_2025_管理层讨论与分析.pdf,3,12,2、未来金融的洞察能力和转型引领能力,正文,MDAF0002320,,AI_GENERAL;TECH_LLM,AI_GENERAL=0.4703/0.0597; TECH_LLM=0.4659/0.1478
CAND-00294,300468.SZ,四方精创,2025,核心竞争力,公司致力于为客户提供全流程解决方案与定制化开发服务，完整覆盖金融机构从前端获客、合规审核、交易执行到结算支持的核心业务流程，构建了包括客户存贷款系统、支付结算系统、信贷与风控系统、金融市场业务系统在内的完整的银行业务解决方案，实现了数字金融解决方案从金融基建到商业银行具体业务场景的全面布局。,合规审核,AIFT-200,ALS-0812,PRODUCT_FRAUD,MDAF0002330+PRODUCT_FRAUD,,PRODUCT_FRAUD,0,COMPANY,R_AND_D,0.429062,0.3,0.3,1,合规审核,anchor未满足,300468.SZ_四方精创_2025_管理层讨论与分析.pdf,4,13,4、从基建到场景的数字金融创新布局,正文,MDAF0002330,,PRODUCT_FRAUD,PRODUCT_FRAUD=0.4291/0.0129
CAND-00295,300468.SZ,四方精创,2025,研发投入,实现了AI 工作流智能体平台功能，提升企业智能化转型效率与数据私有化能力，推进业务流程自动化重构，增强公司在AI 原生架构领域的技术优势和市场竞争力。,AI; 智能体,AIFT-001; AIFT-128,ALS-0002; ALS-0523,AI_GENERAL,MDAF0002468+AI_GENERAL,,,1,COMPANY,WEAK_GENERIC,0.503762,0.6,0.6,1,AI; 智能体,,300468.SZ_四方精创_2025_管理层讨论与分析.pdf,16,25,,表格行,MDAF0002468,,AI_GENERAL,AI_GENERAL=0.5038/0.1251
CAND-00296,300468.SZ,四方精创,2025,研发投入,建成V1.0 版工作流智能体平台，核心实现可视化流程引擎、多智能体协同、RAG 知识检索及插件生态扩展。,RAG; 智能体,AIFT-122; AIFT-128,ALS-0500; ALS-0523,AI_GENERAL; TECH_LLM,MDAF0002471+TECH_LLM,TECH_LLM,,1,UNKNOWN,,0.541383,0.75,0.75,1,RAG; 智能体,,300468.SZ_四方精创_2025_管理层讨论与分析.pdf,16,25,,表格行,MDAF0002471,,AI_GENERAL;TECH_LLM,TECH_LLM=0.5414/0.2432; AI_GENERAL=0.4950/0.1962
CAND-00297,300468.SZ,四方精创,2025,研发投入,打破单一模型局限，实现多智能体协同与知识增强， 降低企业应用AI 的技术壁垒，推动业务流程的智能化重构与高效运营。,AI; 智能体,AIFT-001; AIFT-128,ALS-0002; ALS-0523,AI_GENERAL,MDAF0002474+AI_GENERAL,,,1,UNKNOWN,APPLIED,0.548406,0.6,0.6,1,AI; 智能体,,300468.SZ_四方精创_2025_管理层讨论与分析.pdf,16,25,,表格行,MDAF0002474,,AI_GENERAL,AI_GENERAL=0.5484/0.1866
CAND-00298,300468.SZ,四方精创,2025,研发投入,旨在应对AI 原生架构趋势，解决企业智能化转型中复杂任务自动化难、开发门槛高及数据私有化需求痛点。,AI,AIFT-001,ALS-0002,AI_GENERAL,MDAF0002479+AI_GENERAL,,,1,UNKNOWN,R_AND_D,0.493621,0.6,0.6,1,AI,,300468.SZ_四方精创_2025_管理层讨论与分析.pdf,16,25,,表格行,MDAF0002479,,AI_GENERAL,AI_GENERAL=0.4936/0.1042
CAND-00299,300468.SZ,四方精创,2025,研发投入,智枢工作流智能体平台V1.0。,智能体,AIFT-128,ALS-0523,AI_GENERAL,MDAF0002482+AI_GENERAL,,,1,UNKNOWN,,0.476852,0.35,0.35,1,智能体,仅弱词无锚点,300468.SZ_四方精创_2025_管理层讨论与分析.pdf,16,25,,表格行,MDAF0002482,,AI_GENERAL,AI_GENERAL=0.4769/0.1888
CAND-00300,300468.SZ,四方精创,2025,研发投入,构建自主可控的 “智枢”平台，通过无代码编排与组件化设计，将大模型能力转化为可执行的业务智能体。,智能体; 大模型,AIFT-128,ALS-0523; ANCHOR:大模型,AI_GENERAL; TECH_LLM,MDAF0002484+TECH_LLM,TECH_LLM,,1,UNKNOWN,R_AND_D,0.530429,0.8,0.8,1,智能体; 大模型,,300468.SZ_四方精创_2025_管理层讨论与分析.pdf,16,25,,表格行,MDAF0002484,,AI_GENERAL;TECH_LLM,AI_GENERAL=0.5304/0.2099; TECH_LLM=0.4802/0.1544
CAND-00301,300468.SZ,四方精创,2025,研发投入,依托低代码与Agent 平台，达成招聘全流程数字化、人岗匹配智能化及数据安全化， 显著缩短招聘周期并降低运营成本。,Agent,AIFT-128,ALS-0524,AI_GENERAL,MDAF0002493+AI_GENERAL,,,1,UNKNOWN,WEAK_GENERIC,0.369164,0.35,0.35,1,Agent,仅弱词无锚点,300468.SZ_四方精创_2025_管理层讨论与分析.pdf,17,26,,表格行,MDAF0002493,,AI_GENERAL,AI_GENERAL=0.3692/0.0978
CAND-00302,300468.SZ,四方精创,2025,研发投入,内置可配置的风险评分模型，支持自动化评级与CNS 筛查名单生成。,风险评分模型,AIFT-179,ALS-0728,PRODUCT_CREDIT,MDAF0002494+PRODUCT_CREDIT,,PRODUCT_CREDIT,0,UNKNOWN,WEAK_GENERIC,0.541389,0.4,0.4,1,风险评分模型,anchor未满足,300468.SZ_四方精创_2025_管理层讨论与分析.pdf,17,26,,表格行,MDAF0002494,,PRODUCT_CREDIT,PRODUCT_CREDIT=0.5414/0.0647
CAND-00303,300468.SZ,四方精创,2025,研发投入,实现了融入人工智能技术的智能招聘平台，推动人工智能技术应用的实际落地， 提升公司在人工智能技术领域的优势以及市场竞争力。,人工智能; 人工智能技术,AIFT-001,ALS-0001; ALS-0004,AI_GENERAL,MDAF0002498+AI_GENERAL,,,1,COMPANY,APPLIED,0.45273,0.65,0.65,1,人工智能; 人工智能技术,,300468.SZ_四方精创_2025_管理层讨论与分析.pdf,17,26,,表格行,MDAF0002498,,AI_GENERAL,AI_GENERAL=0.4527/0.0612
CAND-00304,300468.SZ,四方精创,2025,研发投入,建成V1.0 智聘人才管理系统，核心实现简历智能解析、自动去重合并、AI 标签生成及动态人才库分类管理。,AI,AIFT-001,ALS-0002,AI_GENERAL,MDAF0002502+AI_GENERAL,,,1,UNKNOWN,,0.332312,0.55,0.55,1,AI,,300468.SZ_四方精创_2025_管理层讨论与分析.pdf,17,26,,表格行,MDAF0002502,,AI_GENERAL,AI_GENERAL=0.3323/0.0381
CAND-00305,300468.SZ,四方精创,2025,研发投入,打造Web 端与 APP 端用户渠道，支持零门槛开户、法币兑换、多链转账及生物认证。,生物认证,AIFT-077,ALS-0319,TECH_CV,MDAF0002504+TECH_CV,TECH_CV,,1,UNKNOWN,,0.510635,0.75,0.75,1,生物认证,,300468.SZ_四方精创_2025_管理层讨论与分析.pdf,17,26,,表格行,MDAF0002504,,TECH_CV,TECH_CV=0.5106/0.2437
CAND-00306,300468.SZ,四方精创,2025,研发投入,构建基于角色的细粒度数据权限体系与多人协作评论机制，开发AI 聊天机器人优化交互体验。,AI; 聊天机器人,AIFT-001; AIFT-054,ALS-0002; ALS-0224,AI_GENERAL; TECH_NLP,MDAF0002510+TECH_NLP,TECH_NLP,,1,UNKNOWN,R_AND_D,0.435483,0.8,0.8,1,AI; 聊天机器人,,300468.SZ_四方精创_2025_管理层讨论与分析.pdf,17,26,,表格行,MDAF0002510,,AI_GENERAL;TECH_NLP,AI_GENERAL=0.4355/0.0753; TECH_NLP=0.3887/-0.0018
CAND-00307,300468.SZ,四方精创,2025,研发投入,通过自研 “智聘”系统，利用 AI 与大数据技术重构招聘流程，实现简历自动化处理与人岗精准匹配。,AI,AIFT-001,ALS-0002,AI_GENERAL,MDAF0002520+AI_GENERAL,,,1,UNKNOWN,WEAK_GENERIC,0.373632,0.55,0.55,1,AI,,300468.SZ_四方精创_2025_管理层讨论与分析.pdf,17,26,,表格行,MDAF0002520,,AI_GENERAL,AI_GENERAL=0.3736/0.0889
CAND-00308,300468.SZ,四方精创,2025,研发投入,核心实现用户DID 身份认证与分级权限管理；建立数据产品上架审核、分类目录及版本管理体系；提供交易协议全生命周期监控与数据传输审计功能。,身份认证,AIFT-195,ALS-0792,PRODUCT_FRAUD,MDAF0002546+PRODUCT_FRAUD,,PRODUCT_FRAUD,0,UNKNOWN,,0.450382,0.1,0.1,1,身份认证,anchor未满足；仅弱词无锚点,300468.SZ_四方精创_2025_管理层讨论与分析.pdf,18,27,,表格行,MDAF0002546,,PRODUCT_FRAUD,PRODUCT_FRAUD=0.4504/0.1104
CAND-00309,300468.SZ,四方精创,2025,研发投入,实现了融入人工智能技术的智能招聘平台，推动人工智能技术应用的实际落地， 提升公司在人工智能技术领域的优势以及市场竞争力。,人工智能; 人工智能技术,AIFT-001,ALS-0001; ALS-0004,AI_GENERAL,MDAF0002587+AI_GENERAL,,,1,COMPANY,APPLIED,0.45273,0.65,0.65,1,人工智能; 人工智能技术,,300468.SZ_四方精创_2025_管理层讨论与分析.pdf,19,28,,表格行,MDAF0002587,,AI_GENERAL,AI_GENERAL=0.4527/0.0612
CAND-00310,300468.SZ,四方精创,2025,研发投入,构建“AI+规则引擎” 驱动的全流程智能管理平台，串联从职位发布到入职的完整生命周期，覆盖内外部招聘场景，推动人才管理从单一工具向全链路闭环升级，沉淀企业核心人才资产。,AI; 规则引擎,AIFT-001; AIFT-105,ALS-0002; ALS-0430,AI_GENERAL; TECH_DECISION,MDAF0002594+TECH_DECISION,TECH_DECISION,,1,UNKNOWN,APPLIED,0.460374,0.6,0.6,1,AI; 规则引擎,,300468.SZ_四方精创_2025_管理层讨论与分析.pdf,19,28,,表格行,MDAF0002594,,AI_GENERAL;TECH_DECISION,TECH_DECISION=0.4604/0.0240; AI_GENERAL=0.4233/0.0759
CAND-00311,300468.SZ,四方精创,2025,研发投入,核心交付功能完善的客户端与OpenSDK，支持断点续传、数据脱敏及本地审计追踪；集成区块链对接、身份认证与第三方支付接口。,身份认证,AIFT-195,ALS-0792,PRODUCT_FRAUD,MDAF0002595+PRODUCT_FRAUD,,PRODUCT_FRAUD,0,UNKNOWN,COMMERCIAL,0.464854,0.25,0.25,1,身份认证,anchor未满足,300468.SZ_四方精创_2025_管理层讨论与分析.pdf,19,28,,表格行,MDAF0002595,,PRODUCT_FRAUD,PRODUCT_FRAUD=0.4649/0.1067
CAND-00312,300468.SZ,四方精创,2025,研发投入,核心实现招聘全流程数字化管控与以候选人为中心的进度追踪；构建无代码可配置的简历筛选规则引擎，结合自有 AI Agent 提升人岗匹配精度；基于NL2SQL 技术打造智能BI，支持自然语言数据洞察。,AI; 规则引擎; Agent; AI Agent,AIFT-001; AIFT-105; AIFT-128; AIFT-129,ALS-0002; ALS-0430; ALS-0524; ALS-0529,AI_GENERAL; TECH_DECISION; TECH_LLM,MDAF0002596+TECH_DECISION,TECH_DECISION; TECH_LLM,,1,UNKNOWN,R_AND_D,0.47961,0.8,0.8,1,AI; 规则引擎; Agent; AI Agent,,300468.SZ_四方精创_2025_管理层讨论与分析.pdf,19,28,,表格行,MDAF0002596,,AI_GENERAL;TECH_DECISION;TECH_LLM,TECH_DECISION=0.4796/0.0450; TECH_LLM=0.4682/0.2024; AI_GENERAL=0.4273/0.1223
CAND-00313,300541.SZ,先进数通,2025,业务概要,Starring 系列产品包括分布式架构服务治理平台、云原生开发平台、金融级微服务平台、分布式技术效能平台、分布式应用集成平台、分布式应用运行运维平台等一系列子产品，支持客户将传统集中式应用快速迁移到分布式、云原生架构，支持应用部署到信创私有云及混合云平台中，形成分布式技术中台、云原生总线平台、交易中台、智能支付场景平台、场景化中间业务平台等众多分布式金融应用平台以及生活缴费、财富管理、资金监管等多领域场景化解决方案。,智能支付,AIFT-238,ALS-0963,PRODUCT_PAYMENT,MDAF0002602+PRODUCT_PAYMENT,,PRODUCT_PAYMENT,0,UNKNOWN,APPLIED,0.308002,0.25,0.25,1,智能支付,anchor未满足,300541.SZ_先进数通_2025_管理层讨论与分析.pdf,1,10,2、软件解决方案业务,正文,MDAF0002602,,PRODUCT_PAYMENT,PRODUCT_PAYMENT=0.3080/-0.0558
CAND-00314,300541.SZ,先进数通,2025,业务概要,围绕AI 大模型安全与AI 智能体安全应用，实现从架构安全、模型安全至Agent 应用安全的全栈式智算环境安全防护。,AI; 智能体; Agent; 模型安全; 大模型安全; 大模型,AIFT-001; AIFT-128; AIFT-135,ALS-0002; ALS-0523; ALS-0524; ALS-0551; ALS-0552; ANCHOR:大模型,AI_GENERAL; TECH_LLM,MDAF0002608+TECH_LLM,TECH_LLM,,1,UNKNOWN,APPLIED,0.454343,0.8,0.8,1,AI; 智能体; Agent; 模型安全; 大模型安全; 大模型,,300541.SZ_先进数通_2025_管理层讨论与分析.pdf,1,10,（3）增值服务体系：提供韧性数据中心咨询规划、云数据中心咨询规划、容灾备份体系建设、全技术栈运维管理,正文,MDAF0002608,,AI_GENERAL;TECH_LLM,AI_GENERAL=0.4543/0.0913; TECH_LLM=0.3967/0.0718
CAND-00315,300541.SZ,先进数通,2025,业务概要,平台搭建、虚拟化云场景适配、人工智能算力底座与平台化使能等。,人工智能,AIFT-001,ALS-0001,AI_GENERAL,MDAF0002612+AI_GENERAL,,,1,UNKNOWN,WEAK_GENERIC,0.451952,0.55,0.55,1,人工智能,,300541.SZ_先进数通_2025_管理层讨论与分析.pdf,1,10,（1）数据中心整体解决方案：包括韧性数据中心架构、分布式多活数据中心架构、私有云定制化部署、轻量化云,正文,MDAF0002612,,AI_GENERAL,AI_GENERAL=0.4520/0.1276
CAND-00316,300541.SZ,先进数通,2025,业务概要,报告期内，公司紧抓AI 大模型驱动算力基础设施快速增长的机遇，建立了高效的供应链协同机制，优先保障客户AI 算力服务器、GPU 集群的资源调配，向客户提供优质的AI 训练、推理算力设备，并积极推广自有品牌算力服务器，满足客户多样化需求。,AI; 大模型,AIFT-001,ALS-0002; ANCHOR:大模型,AI_GENERAL; TECH_LLM,MDAF0002617+TECH_LLM,TECH_LLM,,1,COMPANY,APPLIED,0.506705,0.85,0.85,1,AI; 大模型,,300541.SZ_先进数通_2025_管理层讨论与分析.pdf,1,10,（3）增值服务体系：提供韧性数据中心咨询规划、云数据中心咨询规划、容灾备份体系建设、全技术栈运维管理,正文,MDAF0002617,,AI_GENERAL;TECH_LLM,AI_GENERAL=0.5067/0.0983; TECH_LLM=0.3915/0.0247
CAND-00317,300541.SZ,先进数通,2025,业务概要,该方案融合了生产系统软件智能制造、智能装备、智能数据平台、二维码应用、智擎解决方案、AI 赋能等六大产线与分拣线技术改造，以及自动化与智能化运维平台等核心技术与产品线。,AI,AIFT-001,ALS-0002,AI_GENERAL,MDAF0002621+AI_GENERAL,,,1,UNKNOWN,APPLIED,0.371834,0.6,0.6,1,AI,,300541.SZ_先进数通_2025_管理层讨论与分析.pdf,1,10,（3）增值服务体系：提供韧性数据中心咨询规划、云数据中心咨询规划、容灾备份体系建设、全技术栈运维管理,正文,MDAF0002621,,AI_GENERAL,AI_GENERAL=0.3718/0.1087
CAND-00318,300541.SZ,先进数通,2025,业务概要,下一步规划，Starring 将与AI 大模型进行全面深度融合，后续将陆续推出需求助手、设计助手、测试助手及运维助手等其它领域。,AI; 大模型,AIFT-001,ALS-0002; ANCHOR:大模型,AI_GENERAL; TECH_LLM,MDAF0002622+TECH_LLM,TECH_LLM,,1,UNKNOWN,PLANNED,0.48293,0.8,0.32,1,AI; 大模型,,300541.SZ_先进数通_2025_管理层讨论与分析.pdf,2,11,2、软件解决方案业务,正文,MDAF0002622,,AI_GENERAL;TECH_LLM,AI_GENERAL=0.4829/0.1161; TECH_LLM=0.4360/0.0721
CAND-00319,300541.SZ,先进数通,2025,业务概要,下一步，在现有成功场景基础上，可向更复杂的业务流程（智能数据治理智能立标、大零售营销产品推荐、营销方案助手）进行拓展。,数据治理,AIFT-168,ALS-0681,AI_ENGINEERING,MDAF0002623+AI_ENGINEERING,,,0,UNKNOWN,,0.494422,0.1,0.1,1,数据治理,anchor未满足；仅弱词无锚点,300541.SZ_先进数通_2025_管理层讨论与分析.pdf,2,11,2、软件解决方案业务,正文,MDAF0002623,,AI_ENGINEERING,AI_ENGINEERING=0.4944/0.1226
CAND-00320,300541.SZ,先进数通,2025,业务概要,从底层算力到AI 平台和上层应用，先进数通大模型一体机提供端到端的行业AI 综合解决方案，避免企业陷入拼凑式开发的困境。,AI; 大模型,AIFT-001,ALS-0002; ANCHOR:大模型,AI_GENERAL; TECH_LLM,MDAF0002624+TECH_LLM,TECH_LLM,,1,UNKNOWN,APPLIED,0.510022,0.8,0.8,1,AI; 大模型,,300541.SZ_先进数通_2025_管理层讨论与分析.pdf,2,11,2、软件解决方案业务,正文,MDAF0002624,,AI_GENERAL;TECH_LLM,AI_GENERAL=0.5100/0.1260; TECH_LLM=0.4498/0.0442
CAND-00321,300541.SZ,先进数通,2025,业务概要,先进数通大模型一体机整合了昇腾AI 生态的全栈技术，包括计算架构CANN、全场景AI 框架昇思MindSpore、昇腾推理引擎MindIE 以及AI 软件开发套件MindX MindSDK，为用户提供高效、易用的AI 开发和部署体验。,AI; 大模型,AIFT-001,ALS-0002; ANCHOR:大模型,AI_GENERAL; TECH_LLM,MDAF0002626+TECH_LLM,TECH_LLM,,1,UNKNOWN,APPLIED,0.439105,0.8,0.8,1,AI; 大模型,,300541.SZ_先进数通_2025_管理层讨论与分析.pdf,2,11,2、软件解决方案业务,正文,MDAF0002626,,AI_GENERAL;TECH_LLM,AI_GENERAL=0.4391/0.0795; TECH_LLM=0.3998/0.0661
CAND-00322,300541.SZ,先进数通,2025,业务概要,公司与头部厂商达成大模型一体机战略合作，基于昇腾软硬件平台底座，正式推出基于自主技术的先进数通品牌大模型一体机产品。,大模型,,ANCHOR:大模型,TECH_LLM,MDAF0002627+TECH_LLM,TECH_LLM,,1,COMPANY,APPLIED,0.369488,0.85,0.85,1,大模型,,300541.SZ_先进数通_2025_管理层讨论与分析.pdf,2,11,2、软件解决方案业务,正文,MDAF0002627,,TECH_LLM,TECH_LLM=0.3695/-0.0876
CAND-00323,300541.SZ,先进数通,2025,业务概要,公司将继续扩大AI 技术的应用领域，加速AI 解决方案的研发和市场推广，以实现更持续的业务增长和创新突破。,AI,AIFT-001,ALS-0002,AI_GENERAL,MDAF0002629+AI_GENERAL,,,1,COMPANY,APPLIED,0.53913,0.65,0.65,1,AI,,300541.SZ_先进数通_2025_管理层讨论与分析.pdf,2,11,2、软件解决方案业务,正文,MDAF0002629,,AI_GENERAL,AI_GENERAL=0.5391/0.1450
CAND-00324,300541.SZ,先进数通,2025,业务概要,其开箱即用的特性，让企业能够快速AI 应用落地，缩短价值转化周期。,AI,AIFT-001,ALS-0002,AI_GENERAL,MDAF0002631+AI_GENERAL,,,1,UNKNOWN,APPLIED,0.420967,0.6,0.6,1,AI,,300541.SZ_先进数通_2025_管理层讨论与分析.pdf,2,11,2、软件解决方案业务,正文,MDAF0002631,,AI_GENERAL,AI_GENERAL=0.4210/0.0265
CAND-00325,300541.SZ,先进数通,2025,业务概要,在通用场景中的智能问答、文档助手、智能问数、制度审核、合同审核、代码核查等，在行业场景下的反欺诈、反洗钱、内控合规、产品推荐、营销专家、产业洞察、融资方案、准入辅助、尽调报告、客户舆情等，都能提供精准、高效的支持。,智能问答,AIFT-053,ALS-0216,TECH_NLP,MDAF0002634+TECH_NLP,TECH_NLP,,1,UNKNOWN,,0.576622,0.75,0.75,1,智能问答,,300541.SZ_先进数通_2025_管理层讨论与分析.pdf,2,11,2、软件解决方案业务,正文,MDAF0002634,,TECH_NLP,TECH_NLP=0.5766/0.1663
CAND-00326,300541.SZ,先进数通,2025,业务概要,基于自研智能体工厂平台，聚焦数据使用场景，成功打造了一系列“助手型”AI 应用，覆盖了信贷风控、精准营销、数据查询与分析提效等核心业务领域。,AI; 智能体; 精准营销,AIFT-001; AIFT-128; AIFT-208,ALS-0002; ALS-0523; ALS-0843,AI_GENERAL; PRODUCT_CUSTOMER,MDAF0002635+PRODUCT_CUSTOMER,,PRODUCT_CUSTOMER,1,UNKNOWN,APPLIED,0.502288,0.6,0.6,1,AI; 智能体; 精准营销,,300541.SZ_先进数通_2025_管理层讨论与分析.pdf,2,11,2、软件解决方案业务,正文,MDAF0002635,,AI_GENERAL;PRODUCT_CUSTOMER,AI_GENERAL=0.5023/0.0677; PRODUCT_CUSTOMER=0.4555/0.0963
CAND-00327,300541.SZ,先进数通,2025,业务概要,报告期内，公司启动了Starring AI+一体化研发，正式发布了先进数通金融级大模型智能代码助手平台软件，与国内主要信创厂商完成了双向兼容性认证，助力云原生开发平台的智能代码补全、逐行注释、代码解析、函数注释、代码优化及单元测试代码生成等AI+能力。,AI; 代码生成; 代码助手; 大模型,AIFT-001; AIFT-251; AIFT-252,ALS-0002; ALS-1015; ALS-1019; ANCHOR:大模型,AI_GENERAL; APP_INTERNAL; TECH_LLM,MDAF0002636+TECH_LLM,TECH_LLM,,1,COMPANY,APPLIED,0.512217,0.85,0.85,1,AI; 代码生成; 代码助手; 大模型,,300541.SZ_先进数通_2025_管理层讨论与分析.pdf,2,11,2、软件解决方案业务,正文,MDAF0002636,,AI_GENERAL;APP_INTERNAL;TECH_LLM,APP_INTERNAL=0.5122/0.1729; AI_GENERAL=0.4831/0.0831; TECH_LLM=0.4730/0.1243
CAND-00328,300541.SZ,先进数通,2025,业务概要,报告期内，公司对现有数据产品线的进一步研发进行了规划，一方面新的产品充分借助AIGC 的能力，打造全新的深度融合AI 能力的智能化平台，另一方面将AIGC 充分赋能至现有平台产品中，从产品使用问答、数据开发、数据建模和数据应用等多方面进行AI 赋能。,AI; AIGC,AIFT-001; AIFT-110,ALS-0002; ALS-0452,AI_GENERAL; TECH_LLM,MDAF0002637+TECH_LLM,TECH_LLM,,1,COMPANY,APPLIED,0.506518,0.98,0.98,1,AI; AIGC,,300541.SZ_先进数通_2025_管理层讨论与分析.pdf,2,11,2、软件解决方案业务,正文,MDAF0002637,,AI_GENERAL;TECH_LLM,AI_GENERAL=0.5065/0.1341; TECH_LLM=0.4270/-0.0088
CAND-00329,300541.SZ,先进数通,2025,业务概要,报告期内，公司积极布局AI 技术应用，与上游厂商深化在云基础设施、AI 大模型和应用等领域的广泛合作。,AI; 大模型,AIFT-001,ALS-0002; ANCHOR:大模型,AI_GENERAL; TECH_LLM,MDAF0002638+TECH_LLM,TECH_LLM,,1,COMPANY,APPLIED,0.545702,0.85,0.85,1,AI; 大模型,,300541.SZ_先进数通_2025_管理层讨论与分析.pdf,2,11,2、软件解决方案业务,正文,MDAF0002638,,AI_GENERAL;TECH_LLM,AI_GENERAL=0.5457/0.0982; TECH_LLM=0.4246/0.0132
CAND-00330,300541.SZ,先进数通,2025,业务概要,报告期内，公司重点推动核心软件产品和关键解决方案的市场拓展与销售，主要聚焦在基于云原生的分布式架构交易应用、数据资产管理、数据智能应用、数据治理（智能数据链路拓展）、数据产品集成（智能开发助手）以及主要合作伙伴产品的推广与支持。,数据治理,AIFT-168,ALS-0681,AI_ENGINEERING,MDAF0002639+AI_ENGINEERING,,,0,COMPANY,COMMERCIAL,0.374987,0.3,0.3,1,数据治理,anchor未满足,300541.SZ_先进数通_2025_管理层讨论与分析.pdf,2,11,2、软件解决方案业务,正文,MDAF0002639,,AI_ENGINEERING,AI_ENGINEERING=0.3750/-0.0082
CAND-00331,300541.SZ,先进数通,2025,业务概要,数据管理与商业智能领域，公司继续以自有知识产权iMOIA、SharkData 系列产品为核心，提供涵盖数据采集、数据研发、数据服务、数据分析与展现、数据管控、数据资产管理、数据运维、统一调度与监控等功能的数据治理智能洞察平台、数据资产运营管理和应用工作平台，从“建、管、用、营”的思路构建企业级一体化大数据管理应用平台解决方案，借助企业客户进行信创改造和企业数据架构升级的契机，在参与存量客户项目、拓展新的客户项目两方面均取得良好的效果。,数据治理,AIFT-168,ALS-0681,AI_ENGINEERING,MDAF0002641+AI_ENGINEERING,,,0,COMPANY,APPLIED,0.483803,0.3,0.3,1,数据治理,anchor未满足,300541.SZ_先进数通_2025_管理层讨论与分析.pdf,2,11,2、软件解决方案业务,正文,MDAF0002641,,AI_ENGINEERING,AI_ENGINEERING=0.4838/0.1073
CAND-00332,300541.SZ,先进数通,2025,业务概要,特别是在烟草行业的大数据平台建设、数据治理和企业决策支持等业务方向取得了突破性的进展。,数据治理,AIFT-168,ALS-0681,AI_ENGINEERING,MDAF0002642+AI_ENGINEERING,,,0,UNKNOWN,,0.405268,0.1,0.1,1,数据治理,anchor未满足；仅弱词无锚点,300541.SZ_先进数通_2025_管理层讨论与分析.pdf,2,11,2、软件解决方案业务,正文,MDAF0002642,,AI_ENGINEERING,AI_ENGINEERING=0.4053/0.0188
CAND-00333,300541.SZ,先进数通,2025,研发投入,主要研发项目名称：人工智能MaaS 及智能体平台。,人工智能; 智能体,AIFT-001; AIFT-128,ALS-0001; ALS-0523,AI_GENERAL,MDAF0002670+AI_GENERAL,,,1,UNKNOWN,R_AND_D,0.457582,0.6,0.6,1,人工智能; 智能体,,300541.SZ_先进数通_2025_管理层讨论与分析.pdf,10,19,,表格行,MDAF0002670,,AI_GENERAL,AI_GENERAL=0.4576/0.0799
CAND-00334,300541.SZ,先进数通,2025,研发投入,主要研发项目名称：数据治理智能洞察平台。,数据治理,AIFT-168,ALS-0681,AI_ENGINEERING,MDAF0002672+AI_ENGINEERING,,,0,UNKNOWN,R_AND_D,0.450032,0.25,0.25,1,数据治理,anchor未满足,300541.SZ_先进数通_2025_管理层讨论与分析.pdf,10,19,,表格行,MDAF0002672,,AI_ENGINEERING,AI_ENGINEERING=0.4500/0.0942
CAND-00335,300541.SZ,先进数通,2025,研发投入,拟达到的目标：建立数据治理咨询管理体系； 完成量化指标管理的数据治理体系；自主研发数据治理洞察工具，聚焦数据质量提升功能；建设数据资产管理体系， 快速洞察数据资产及数据溯源。,数据治理; 数据质量,AIFT-168; AIFT-170,ALS-0681; ALS-0690,AI_ENGINEERING,MDAF0002675+AI_ENGINEERING,,,0,UNKNOWN,R_AND_D,0.408529,0.25,0.25,1,数据治理; 数据质量,anchor未满足,300541.SZ_先进数通_2025_管理层讨论与分析.pdf,10,19,,表格行,MDAF0002675,,AI_ENGINEERING,AI_ENGINEERING=0.4085/0.0601
CAND-00336,300541.SZ,先进数通,2025,研发投入,拟达到的目标：支撑企业进行数据资产的端到端管理、运营、分析和利用， 进而实现数据与业务场景融合及数字化运营目标的技术支撑平台产品，涵盖了安全数据资产采集管理、数据资产治理和管控、数据资产盘点、数据资产运营、数据资产服务、业务需求管理、数据产品研发、数据产品应用优化迭代等各个方面。,数据资产治理,AIFT-168,ALS-0682,AI_ENGINEERING,MDAF0002677+AI_ENGINEERING,,,0,UNKNOWN,APPLIED,0.474068,0.25,0.25,1,数据资产治理,anchor未满足,300541.SZ_先进数通_2025_管理层讨论与分析.pdf,10,19,,表格行,MDAF0002677,,AI_ENGINEERING,AI_ENGINEERING=0.4741/0.0885
CAND-00337,300541.SZ,先进数通,2025,研发投入,拟达到的目标：构建一个开放、可扩展、低门槛的企业级AI 智能体开发与运营平台，使非技术用户可通过自然语言或低代码方式创建智能体，专业开发者可复用平台能力快速构建高阶AI 应用。,AI; 智能体,AIFT-001; AIFT-128,ALS-0002; ALS-0523,AI_GENERAL,MDAF0002678+AI_GENERAL,,,1,UNKNOWN,APPLIED,0.521339,0.6,0.6,1,AI; 智能体,,300541.SZ_先进数通_2025_管理层讨论与分析.pdf,10,19,,表格行,MDAF0002678,,AI_GENERAL,AI_GENERAL=0.5213/0.0997
CAND-00338,300541.SZ,先进数通,2025,研发投入,项目目的：构建一套企业级平台，降低企业客户开发智能体应用门槛，以满足企业对AI 模型部署、管理（MaaS）及定制本地的智能化应用 （Agent）的需求。,AI; 智能体; Agent; 模型部署,AIFT-001; AIFT-128; AIFT-158,ALS-0002; ALS-0523; ALS-0524; ALS-0641,AI_ENGINEERING; AI_GENERAL,MDAF0002683+AI_ENGINEERING,,,1,UNKNOWN,APPLIED,0.558618,0.8,0.8,1,AI; 智能体; Agent; 模型部署,,300541.SZ_先进数通_2025_管理层讨论与分析.pdf,10,19,,表格行,MDAF0002683,,AI_ENGINEERING;AI_GENERAL,AI_ENGINEERING=0.5586/0.1987; AI_GENERAL=0.5216/0.1499
CAND-00339,300541.SZ,先进数通,2025,研发投入,项目目的：构建数据治理咨询管理体系，提升数据治理能力，提升数据质量，加强数据资产管控，支持数字化转型。,数据治理; 数据质量,AIFT-168; AIFT-170,ALS-0681; ALS-0690,AI_ENGINEERING,MDAF0002684+AI_ENGINEERING,,,0,UNKNOWN,R_AND_D,0.410406,0.25,0.25,1,数据治理; 数据质量,anchor未满足,300541.SZ_先进数通_2025_管理层讨论与分析.pdf,10,19,,表格行,MDAF0002684,,AI_ENGINEERING,AI_ENGINEERING=0.4104/0.0505
CAND-00340,300541.SZ,先进数通,2025,研发投入,预计对公司未来发展的影响：在数据治理领域，为公司增强竞争力，促进业务创新，提升客户满意度，支持可持续发展。,数据治理,AIFT-168,ALS-0681,AI_ENGINEERING,MDAF0002692+AI_ENGINEERING,,,0,COMPANY,,0.364575,0.1,0.1,1,数据治理,anchor未满足；仅弱词无锚点,300541.SZ_先进数通_2025_管理层讨论与分析.pdf,10,19,,表格行,MDAF0002692,,AI_ENGINEERING,AI_ENGINEERING=0.3646/0.0675
CAND-00341,300541.SZ,先进数通,2025,研发投入,预计对公司未来发展的影响：最终形成公司核心的AI 服务能力和技术资产。,AI,AIFT-001,ALS-0002,AI_GENERAL,MDAF0002695+AI_GENERAL,,,1,COMPANY,,0.467722,0.6,0.6,1,AI,,300541.SZ_先进数通_2025_管理层讨论与分析.pdf,10,19,,表格行,MDAF0002695,,AI_GENERAL,AI_GENERAL=0.4677/0.0719
CAND-00342,300541.SZ,先进数通,2025,研发投入,预计对公司未来发展的影响：项目成果可以使得企业客户实现自动化模型部署与管理，加速 AI 应用上线；提高算力资源利用率，标准化AI 应用开发流程；降低Agent 开发门槛，激发业务部门的智能化潜力。,AI; Agent; 模型部署,AIFT-001; AIFT-128; AIFT-158,ALS-0002; ALS-0524; ALS-0641,AI_ENGINEERING; AI_GENERAL,MDAF0002698+AI_ENGINEERING,,,1,COMPANY,APPLIED,0.512166,0.85,0.85,1,AI; Agent; 模型部署,,300541.SZ_先进数通_2025_管理层讨论与分析.pdf,10,19,,表格行,MDAF0002698,,AI_ENGINEERING;AI_GENERAL,AI_GENERAL=0.5122/0.1369; AI_ENGINEERING=0.4885/0.1828
CAND-00343,300542.SZ,新晨科技,2025,业务概要,（Ⅵ）大数据平台新晨大数据平台涵盖数据综合管理中台建设、情报分析工具、数据分析建模工具、管理工具、数据治理工具、数据开发平台、数据展现发布平台，能为用户提供完整成熟的解决方案，平台在大数据的知识图谱应用、可视化交互式数据分析研判以及模型自定义平台上有较深耕耘。,知识图谱; 数据治理,AIFT-089; AIFT-168,ALS-0365; ALS-0681,AI_ENGINEERING; TECH_KG,MDAF0002765+TECH_KG,TECH_KG,,1,UNKNOWN,APPLIED,0.407808,0.8,0.8,1,知识图谱; 数据治理,,300542.SZ_新晨科技_2025_管理层讨论与分析.pdf,2,10,（1）软件开发业务,正文,MDAF0002765,,AI_ENGINEERING;TECH_KG,AI_ENGINEERING=0.4078/0.0619; TECH_KG=0.4015/0.0460
CAND-00344,300542.SZ,新晨科技,2025,核心竞争力,公司近几年来一直致力于区块链、大数据、云计算、人工智能等新技术领域的跟踪研究和应用落地。,人工智能,AIFT-001,ALS-0001,AI_GENERAL,MDAF0002791+AI_GENERAL,,,1,COMPANY,APPLIED,0.552518,0.65,0.65,1,人工智能,,300542.SZ_新晨科技_2025_管理层讨论与分析.pdf,5,13,（一）持续研发及技术创新能力,正文,MDAF0002791,,AI_GENERAL,AI_GENERAL=0.5525/0.1026
CAND-00345,300542.SZ,新晨科技,2025,核心竞争力,公司在空管行业信息化建设方面始终紧跟行业发展步伐，在全国范围跨地域、跨机构的大型复杂系统建设和运行保障方面积累了大量的实践经验，技术方向覆盖网络通信、广域网传输交换、数据治理服务等方面软硬件产品研制，在空管行业数据信息服务领域具备较强的能力。,数据治理,AIFT-168,ALS-0681,AI_ENGINEERING,MDAF0002794+AI_ENGINEERING,,,0,COMPANY,WEAK_GENERIC,0.32481,0.1,0.1,1,数据治理,anchor未满足；仅弱词无锚点,300542.SZ_新晨科技_2025_管理层讨论与分析.pdf,6,14,（三）深厚的行业实施经验,正文,MDAF0002794,,AI_ENGINEERING,AI_ENGINEERING=0.3248/-0.0468
CAND-00346,300542.SZ,新晨科技,2025,核心竞争力,公司大数据平台涵盖数据综合管理中台建设、情报分析工具、数据分析建模工具、管理工具、数据治理工具、数据开发平台、数据展现发布平台，在大数据的知识图谱应用、可视化交互式数据分析研判以及模型自定义平台等方面能为用户提供完整成熟的解决方案。,知识图谱; 数据治理,AIFT-089; AIFT-168,ALS-0365; ALS-0681,AI_ENGINEERING; TECH_KG,MDAF0002797+TECH_KG,TECH_KG,,1,COMPANY,APPLIED,0.446998,0.85,0.85,1,知识图谱; 数据治理,,300542.SZ_新晨科技_2025_管理层讨论与分析.pdf,6,14,（一）持续研发及技术创新能力,正文,MDAF0002797,,AI_ENGINEERING;TECH_KG,TECH_KG=0.4470/0.0749; AI_ENGINEERING=0.4451/0.0149
CAND-00347,300542.SZ,新晨科技,2025,核心竞争力,此外，公司也持续推进在金融领域新技术研发及应用的优秀成果向空管领域转化，通过将大模型技术与空管业务相结合，开展空管大模型研发和实践工作，打造具备空管行业属性的大模型产品，为提升空管信息系统智能化水平和行业数据应用价值提供技术支撑；通过将云计算、大数据、大模型等先进技术与低空行业需求深度融合，打造支撑低空监管、运行和服务三大体系的智能化信息平台，为国家低空行业安全、有序发展提供保障。,大模型,,ANCHOR:大模型,TECH_LLM,MDAF0002811+TECH_LLM,TECH_LLM,,1,COMPANY,APPLIED,0.404296,0.85,0.85,1,大模型,,300542.SZ_新晨科技_2025_管理层讨论与分析.pdf,6,14,（一）持续研发及技术创新能力,正文,MDAF0002811,,TECH_LLM,TECH_LLM=0.4043/0.0282
CAND-00348,300542.SZ,新晨科技,2025,研发投入,主要研发项目名称：RD2025-03- 多媒体智能分析基于大模型的 OCR 技术研发项目。,OCR; 大模型,AIFT-079,ALS-0326; ANCHOR:大模型,TECH_CV; TECH_LLM,MDAF0002823+TECH_CV,TECH_CV; TECH_LLM,,1,UNKNOWN,R_AND_D,0.492564,0.8,0.8,1,OCR; 大模型,,300542.SZ_新晨科技_2025_管理层讨论与分析.pdf,13,21,,表格行,MDAF0002823,,TECH_CV;TECH_LLM,TECH_LLM=0.4926/0.1380; TECH_CV=0.4925/0.1529
CAND-00349,300542.SZ,新晨科技,2025,研发投入,拟达到的目标：基于多模态大模型，研发一套符合银行业务要求的智能双录质检与图像识别系统原型。,智能双录; 双录质检; 图像识别; 多模态大模型; 大模型,AIFT-068; AIFT-069; AIFT-072; AIFT-116,ALS-0280; ALS-0284; ALS-0297; ALS-0475; ANCHOR:大模型,TECH_CV; TECH_LLM; TECH_SPEECH,MDAF0002828+TECH_CV,TECH_CV; TECH_LLM; TECH_SPEECH,,1,UNKNOWN,R_AND_D,0.612423,0.8,0.8,1,智能双录; 双录质检; 图像识别; 多模态大模型; 大模型,,300542.SZ_新晨科技_2025_管理层讨论与分析.pdf,13,21,,表格行,MDAF0002828,,TECH_CV;TECH_LLM;TECH_SPEECH,TECH_SPEECH=0.6124/0.1835; TECH_LLM=0.4616/0.1555; TECH_CV=0.4458/0.0942
CAND-00350,300542.SZ,新晨科技,2025,研发投入,拟达到的目标：增强公司在金融数据分析、非结构化数据管理等领域的基础技术以及产品能力， 减少 80%以上的双录人工质检工作量，双录质检周期从天级缩短至分钟级，贷款面签材料审核从小时级缩短至秒级，大幅加速业务流转。,双录质检,AIFT-069,ALS-0284,TECH_SPEECH,MDAF0002829+TECH_SPEECH,TECH_SPEECH,,1,COMPANY,,0.570574,0.8,0.8,1,双录质检,,300542.SZ_新晨科技_2025_管理层讨论与分析.pdf,13,21,,表格行,MDAF0002829,,TECH_SPEECH,TECH_SPEECH=0.5706/0.0691
CAND-00351,300542.SZ,新晨科技,2025,研发投入,拟达到的目标：系统接入上金所、港金所等 5 大交易市场实时数据，经国产化数据清洗与校验引擎处理；提供多周期图表分析、指标共振预警等功能，为投资者生成个性化市场分析报告； 针对国产数据库在高并发交易场景下的锁竞争问题，研发分布式事务处理插件（基于 cpass 国产化版），事务提交成功率提升至 99.99%；探索国密算法在交易签名（SM2）、数据加密（SM4）、身份认证（SM9）等场景的深度应用，构建金融级安全防护体系； 参与《金融行业贵金属交易系统国产化技术规范》团体标准制定，推动贵金属交易领域国产化技术生态完善与升级；研发国产化行情推送引擎，替代国外同类产品，推送效率提升30%。,身份认证,AIFT-195,ALS-0792,PRODUCT_FRAUD,MDAF0002833+PRODUCT_FRAUD,,PRODUCT_FRAUD,0,UNKNOWN,APPLIED,0.43635,0.25,0.25,1,身份认证,anchor未满足,300542.SZ_新晨科技_2025_管理层讨论与分析.pdf,13,21,,表格行,MDAF0002833,,PRODUCT_FRAUD,PRODUCT_FRAUD=0.4364/0.0969
CAND-00352,300542.SZ,新晨科技,2025,研发投入,项目目的：利用多模态大模型，研发新一代智能多媒体分析系统。,多模态大模型; 大模型,AIFT-116,ALS-0475; ANCHOR:大模型,TECH_LLM,MDAF0002836+TECH_LLM,TECH_LLM,,1,UNKNOWN,R_AND_D,0.451624,0.8,0.8,1,多模态大模型; 大模型,,300542.SZ_新晨科技_2025_管理层讨论与分析.pdf,13,21,,表格行,MDAF0002836,,TECH_LLM,TECH_LLM=0.4516/0.1137
CAND-00353,300542.SZ,新晨科技,2025,研发投入,项目目的：核心目的是将大模型的深度理解能力与银行业务场景深度融合，实现对双录视频内容的自动化、智能化质检，以及对复杂金融图像文档的精准识别与结构化理解，从而打造覆盖“音视频-图像-文本”的全流程金融合规与运营智能解决方案。,大模型,,ANCHOR:大模型,TECH_LLM,MDAF0002837+TECH_LLM,TECH_LLM,,1,UNKNOWN,WEAK_GENERIC,0.554697,0.75,0.75,1,大模型,,300542.SZ_新晨科技_2025_管理层讨论与分析.pdf,13,21,,表格行,MDAF0002837,,TECH_LLM,TECH_LLM=0.5547/0.2306
CAND-00354,300561.SZ,汇金科技,2025,业务概要,公司作为国内最早拓展金融行业现金及重控物品管理解决方案的专业公司之一，随着金融信息技术的不断创新，主营业务是运用物联网、人工智能、动态密码、边缘计算、安全加密等技术，为金融行业客户提供运营管理、风险控制、网点转型等“云+ 端”整体解决方案和服务。,人工智能,AIFT-001,ALS-0001,AI_GENERAL,MDAF0002847+AI_GENERAL,,,1,COMPANY,,0.508562,0.6,0.6,1,人工智能,,300561.SZ_汇金科技_2025_管理层讨论与分析.pdf,1,11,,正文,MDAF0002847,,AI_GENERAL,AI_GENERAL=0.5086/-0.0187
CAND-00355,300561.SZ,汇金科技,2025,业务概要,公司将人工智能技术、物联网技术、身份识别技术与金融服务场景相结合，针对银行自助机具、金库运营、网点柜面、信贷风控、运营授权等业务场景，开发研制了一系列具备人脸识别、语音识别、指静脉识别、国密安全控制等核心功能的系统解决方案，助力银行数字化转型和智慧金融建设。,人工智能; 人工智能技术; 语音识别; 人脸识别,AIFT-001; AIFT-061; AIFT-076,ALS-0001; ALS-0004; ALS-0251; ALS-0313,AI_GENERAL; TECH_CV; TECH_SPEECH,MDAF0002849+TECH_CV,TECH_CV; TECH_SPEECH,,1,COMPANY,R_AND_D,0.559675,0.85,0.85,1,人工智能; 人工智能技术; 语音识别; 人脸识别,,300561.SZ_汇金科技_2025_管理层讨论与分析.pdf,1,11,3、银行系统AI 鉴权及音视频采集解决方案,正文,MDAF0002849,,AI_GENERAL;TECH_CV;TECH_SPEECH,TECH_CV=0.5597/0.1879; TECH_SPEECH=0.4905/0.1554; AI_GENERAL=0.4664/-0.0722
CAND-00356,300561.SZ,汇金科技,2025,业务概要,公司拥有熟悉银行运营具体业务流程及掌握物联网、人工智能、动态密码、边缘计算、安全加密等技术的研发队伍，以集成产品开发模式（IPD）和研发项目管理系统（RDM）等流程管理及信息化工具来规范研发工作，实现产品适配市场，开发过程高效可控，产品成本符合设计等管理要求。,人工智能,AIFT-001,ALS-0001,AI_GENERAL,MDAF0002850+AI_GENERAL,,,1,COMPANY,R_AND_D,0.465623,0.65,0.65,1,人工智能,,300561.SZ_汇金科技_2025_管理层讨论与分析.pdf,1,11,1、开发模式,正文,MDAF0002850,,AI_GENERAL,AI_GENERAL=0.4656/0.1192
CAND-00357,300561.SZ,汇金科技,2025,业务概要,公司运用物联网、无线通讯、生物识别、动态密码、国密加解密及状态监测等技术，开发了适用于银行现金及实物流转的智能化风控管理系统解决方案。,生物识别,AIFT-077,ALS-0318,TECH_CV,MDAF0002853+TECH_CV,TECH_CV,,1,COMPANY,R_AND_D,0.512047,0.85,0.85,1,生物识别,,300561.SZ_汇金科技_2025_管理层讨论与分析.pdf,1,11,1、银行现金及重控物品管理解决方案,正文,MDAF0002853,,TECH_CV,TECH_CV=0.5120/0.1299
CAND-00358,300561.SZ,汇金科技,2025,业务概要,通过物联网、人工智能、动态密码、安全加密等技术整合运用，有效控制管理风险，提高运营效率，满足银行在自助银行、营业网点、金库等场景下现金自助设备、非现金自助设备、网点柜面、金库门的各种管理要求。,人工智能,AIFT-001,ALS-0001,AI_GENERAL,MDAF0002859+AI_GENERAL,,,1,UNKNOWN,,0.374999,0.55,0.55,1,人工智能,,300561.SZ_汇金科技_2025_管理层讨论与分析.pdf,1,11,2、银行自助设备现金管理系统解决方案,正文,MDAF0002859,,AI_GENERAL,AI_GENERAL=0.3750/-0.0525
CAND-00359,300561.SZ,汇金科技,2025,业务概要,壹证通主营业务是通过运用数字证书、电子签章、时间戳等技术，为金融、政务、能源、互联网平台等行业客户提供数据加密、数字签名、身份认证、密钥管理等密码安全解决方案及数字身份核验服务，保障用户网络行为及信息的机密性、真实性、数据完整性、可追溯及不可否认性，形成了身份安全、通信安全、数据安全、移动安全、云安全和平台安全等系列产品。,身份核验; 身份认证,AIFT-195,ALS-0791; ALS-0792,PRODUCT_FRAUD,MDAF0002873+PRODUCT_FRAUD,,PRODUCT_FRAUD,0,UNKNOWN,,0.43052,0.1,0.1,1,身份核验; 身份认证,anchor未满足；仅弱词无锚点,300561.SZ_汇金科技_2025_管理层讨论与分析.pdf,2,12,（四）其他业务情况,正文,MDAF0002873,,PRODUCT_FRAUD,PRODUCT_FRAUD=0.4305/0.1007
CAND-00360,300561.SZ,汇金科技,2025,核心竞争力,公司建设有博士后科研工作站、珠海市企业技术中心等高水平研发平台，研究领域深度覆盖物联网、人工智能、动态密码、边缘计算、安全加密等前沿技术在金融领域的应用。,人工智能,AIFT-001,ALS-0001,AI_GENERAL,MDAF0002887+AI_GENERAL,,,1,COMPANY,APPLIED,0.499981,0.65,0.65,1,人工智能,,300561.SZ_汇金科技_2025_管理层讨论与分析.pdf,4,14,2、产品研发自主创新，持续推进技术创新,正文,MDAF0002887,,AI_GENERAL,AI_GENERAL=0.5000/0.0903
CAND-00361,300561.SZ,汇金科技,2025,研发投入,借助大模型技术发展，将业务领域专业性与通用大模型进行整合训练，希望在新兴领域应用产品化，达成人工智能产品落地。,人工智能; 大模型,AIFT-001,ALS-0001; ANCHOR:大模型,AI_GENERAL; TECH_LLM,MDAF0002956+TECH_LLM,TECH_LLM,,1,UNKNOWN,APPLIED,0.508716,0.8,0.8,1,人工智能; 大模型,,300561.SZ_汇金科技_2025_管理层讨论与分析.pdf,12,22,,表格行,MDAF0002956,,AI_GENERAL;TECH_LLM,AI_GENERAL=0.5087/0.1611; TECH_LLM=0.4198/-0.0252
CAND-00362,300561.SZ,汇金科技,2025,研发投入,在已有AI 产品技术的基础上，结合目前行业中视觉识别、视频分析、行为分析、人工智能等技术特点，探索在风险防控等特定领域，提高对交易行为的追溯能力和提升人机交互水平。,人工智能; AI; 视频分析,AIFT-001; AIFT-084,ALS-0001; ALS-0002; ALS-0345,AI_GENERAL; TECH_CV,MDAF0002964+TECH_CV,TECH_CV,,1,UNKNOWN,,0.411024,0.75,0.75,1,人工智能; AI; 视频分析,,300561.SZ_汇金科技_2025_管理层讨论与分析.pdf,12,22,,表格行,MDAF0002964,,AI_GENERAL;TECH_CV,AI_GENERAL=0.4110/0.0390; TECH_CV=0.3919/0.0369
CAND-00363,300561.SZ,汇金科技,2025,研发投入,平台：在已有银行业客户AI 产品技术基础上，结合最新技术趋势，探索新业务领域应用。,AI,AIFT-001,ALS-0002,AI_GENERAL,MDAF0002965+AI_GENERAL,,,1,UNKNOWN,APPLIED,0.560424,0.6,0.6,1,AI,,300561.SZ_汇金科技_2025_管理层讨论与分析.pdf,12,22,,表格行,MDAF0002965,,AI_GENERAL,AI_GENERAL=0.5604/0.0633
CAND-00364,300561.SZ,汇金科技,2025,研发投入,平台：基于视觉识别和人工智能技术的行为追溯、人机交互应用。,人工智能; 人工智能技术,AIFT-001,ALS-0001; ALS-0004,AI_GENERAL,MDAF0002966+AI_GENERAL,,,1,UNKNOWN,APPLIED,0.391126,0.6,0.6,1,人工智能; 人工智能技术,,300561.SZ_汇金科技_2025_管理层讨论与分析.pdf,12,22,,表格行,MDAF0002966,,AI_GENERAL,AI_GENERAL=0.3911/0.0658
CAND-00365,300561.SZ,汇金科技,2025,研发投入,平台：基于通用大模型的垂域训练和业务应用。,大模型,,ANCHOR:大模型,TECH_LLM,MDAF0002967+TECH_LLM,TECH_LLM,,1,UNKNOWN,APPLIED,0.513382,0.8,0.8,1,大模型,,300561.SZ_汇金科技_2025_管理层讨论与分析.pdf,12,22,,表格行,MDAF0002967,,TECH_LLM,TECH_LLM=0.5134/0.0483
CAND-00366,300663.SZ,科蓝软件,2025,业务概要,公司主营业务围绕自主创新的“3A 战略”体系展开——即AI 机器人、AI 数据库、AI 算力，面向金融、电力、能源、交通等国家关键基础设施领域，提供贯穿前、中、后台的全栈式人工智能软硬件一体化综合服务方案。,人工智能; AI,AIFT-001,ALS-0001; ALS-0002,AI_GENERAL,MDAF0002973+AI_GENERAL,,,1,COMPANY,,0.472166,0.6,0.6,1,人工智能; AI,,300663.SZ_科蓝软件_2025_管理层讨论与分析.pdf,10,11,1.公司的主营业务,正文,MDAF0002973,,AI_GENERAL,AI_GENERAL=0.4722/0.0377
CAND-00367,300663.SZ,科蓝软件,2025,业务概要,公司坚定贯彻“AI 原生驱动”的产品策略，现已形成覆盖“AI 机器人—AI Agent 智能体应用—AI 物联网—AI 数据库-AI 算力基础设施”的全栈AI 生态解决方案体系，全方位赋能金融机构数字化与智能化深度转型。,AI; 智能体; Agent; AI Agent,AIFT-001; AIFT-128; AIFT-129,ALS-0002; ALS-0523; ALS-0524; ALS-0529,AI_GENERAL; TECH_LLM,MDAF0002974+TECH_LLM,TECH_LLM,,1,COMPANY,APPLIED,0.517323,0.85,0.85,1,AI; 智能体; Agent; AI Agent,,300663.SZ_科蓝软件_2025_管理层讨论与分析.pdf,10,11,1.公司的主营业务,正文,MDAF0002974,,AI_GENERAL;TECH_LLM,TECH_LLM=0.5173/0.2076; AI_GENERAL=0.4651/0.0117
CAND-00368,300663.SZ,科蓝软件,2025,业务概要,根据国际数据公司（IDC）最新发布的《IDC Perspective：中国金融行业大模型及智能体市场洞察》报告显示：“在以软硬结合的方式(即设备端Agent)推进大模型及智能体的应用落地”方面，科蓝软件取得重大创新成果。,行业大模型; 金融行业大模型; 智能体; Agent; 大模型,AIFT-113; AIFT-114; AIFT-128,ALS-0463; ALS-0468; ALS-0523; ALS-0524; ANCHOR:大模型,AI_GENERAL; TECH_LLM,MDAF0002977+TECH_LLM,TECH_LLM,,1,COMPANY,APPLIED,0.48358,0.98,0.98,1,行业大模型; 金融行业大模型; 智能体; Agent; 大模型,,300663.SZ_科蓝软件_2025_管理层讨论与分析.pdf,10,11,1.公司的主营业务,正文,MDAF0002977,,AI_GENERAL;TECH_LLM,AI_GENERAL=0.4836/0.1373; TECH_LLM=0.4701/0.1038
CAND-00369,300663.SZ,科蓝软件,2025,业务概要,深耕金融科技领域近三十年，科蓝软件已稳步成长为以AI 为核心驱动、软硬件深度融合的AI 硬科技领军企业。,AI,AIFT-001,ALS-0002,AI_GENERAL,MDAF0002978+AI_GENERAL,,,1,UNKNOWN,,0.468525,0.55,0.55,1,AI,,300663.SZ_科蓝软件_2025_管理层讨论与分析.pdf,10,11,1.公司的主营业务,正文,MDAF0002978,,AI_GENERAL,AI_GENERAL=0.4685/0.0566
CAND-00370,300663.SZ,科蓝软件,2025,业务概要,A．魔聚平台筑牢公司解决方案AI 转型基础持续推进魔聚平台向企业级基础智能体开发与运行平台的战略定位升级，围绕大模型应用规模化落地的核心需求，构建具备通用性与可复制性的智能体基础设施能力体系。,AI; 智能体; 大模型,AIFT-001; AIFT-128,ALS-0002; ALS-0523; ANCHOR:大模型,AI_GENERAL; TECH_LLM,MDAF0002980+TECH_LLM,TECH_LLM,,1,COMPANY,APPLIED,0.489515,0.85,0.85,1,AI; 智能体; 大模型,,300663.SZ_科蓝软件_2025_管理层讨论与分析.pdf,11,12,（2）AI Agent 智能体应用,正文,MDAF0002980,,AI_GENERAL;TECH_LLM,AI_GENERAL=0.4895/0.1381; TECH_LLM=0.4209/0.0820
CAND-00371,300663.SZ,科蓝软件,2025,业务概要,VR 私行助理融合VR 沉浸式技术与金融大模型能力，打造专属高端财富管理虚拟服务场景。,金融大模型; 大模型,AIFT-114,ALS-0467; ANCHOR:大模型,TECH_LLM,MDAF0002981+TECH_LLM,TECH_LLM,,1,UNKNOWN,,0.546254,0.95,0.95,1,金融大模型; 大模型,,300663.SZ_科蓝软件_2025_管理层讨论与分析.pdf,11,12,（1）AI 机器人,正文,MDAF0002981,,TECH_LLM,TECH_LLM=0.5463/0.2563
CAND-00372,300663.SZ,科蓝软件,2025,业务概要,“小蓝”适配搭载昇腾算力的硬件平台，支持蒸馏通用AI 模型，实现更强的通用AI 能力，全面加速AI 大模型在智慧网点的应用。,AI; 大模型,AIFT-001,ALS-0002; ANCHOR:大模型,AI_GENERAL; TECH_LLM,MDAF0002983+TECH_LLM,TECH_LLM,,1,UNKNOWN,APPLIED,0.500574,0.8,0.8,1,AI; 大模型,,300663.SZ_科蓝软件_2025_管理层讨论与分析.pdf,11,12,（1）AI 机器人,正文,MDAF0002983,,AI_GENERAL;TECH_LLM,AI_GENERAL=0.5006/0.1374; TECH_LLM=0.4400/0.0756
CAND-00373,300663.SZ,科蓝软件,2025,业务概要,企业财务机器人：公司企业网银机器人作为企业财务数字化智能方案，依托大模型、新硬件与软硬协同技术构建核心产品特点。,大模型,,ANCHOR:大模型,TECH_LLM,MDAF0002984+TECH_LLM,TECH_LLM,,1,COMPANY,R_AND_D,0.585494,0.85,0.85,1,大模型,,300663.SZ_科蓝软件_2025_管理层讨论与分析.pdf,11,12,（1）AI 机器人,正文,MDAF0002984,,TECH_LLM,TECH_LLM=0.5855/0.2529
CAND-00374,300663.SZ,科蓝软件,2025,业务概要,其以大模型驱动，可自动化处理财务重复操作，智能识别预警资金风险;搭载U 盾管理创新硬件，实现集中管控与远程安全调用，同时通过软件智能调度与硬件安全管控协同，适配大规模系统场景，保障稳定运行。,大模型,,ANCHOR:大模型,TECH_LLM,MDAF0002986+TECH_LLM,TECH_LLM,,1,UNKNOWN,WEAK_GENERIC,0.4691,0.75,0.75,1,大模型,,300663.SZ_科蓝软件_2025_管理层讨论与分析.pdf,11,12,（1）AI 机器人,正文,MDAF0002986,,TECH_LLM,TECH_LLM=0.4691/0.1375
CAND-00375,300663.SZ,科蓝软件,2025,业务概要,在平台治理方面，持续完善权限管理与安全控制体系，强化企业级合规与风险管控能力；同时，通过接入OpenClaw 生态，提升智能体在多渠道、多终端环境下的连接与服务能力。,智能体,AIFT-128,ALS-0523,AI_GENERAL,MDAF0002987+AI_GENERAL,,,1,UNKNOWN,APPLIED,0.407881,0.55,0.55,1,智能体,,300663.SZ_科蓝软件_2025_管理层讨论与分析.pdf,11,12,（2）AI Agent 智能体应用,正文,MDAF0002987,,AI_GENERAL,AI_GENERAL=0.4079/0.1556
CAND-00376,300663.SZ,科蓝软件,2025,业务概要,在能力建设方面，完成混合检索体系升级，实现“语义理解+结构化数据”融合检索，提升复杂场景下的信息获取能力；同步拓展多模态数据处理能力，支持图片、PDF 等多模态数据的统一理解与利用，增强智能体对多源数据环境的适应性。,智能体,AIFT-128,ALS-0523,AI_GENERAL,MDAF0002988+AI_GENERAL,,,1,UNKNOWN,R_AND_D,0.475597,0.55,0.55,1,智能体,,300663.SZ_科蓝软件_2025_管理层讨论与分析.pdf,11,12,（2）AI Agent 智能体应用,正文,MDAF0002988,,AI_GENERAL,AI_GENERAL=0.4756/0.1908
CAND-00377,300663.SZ,科蓝软件,2025,业务概要,在通用人工智能方面，结合主流大模型等AI 技术，“小蓝”支持智能语音对话、人脸识别、远程视频柜员、3D 数字人、智能投顾等功能，支持数字人民币与现金的自由兑换，可为银行客户提供更多个性化的服务；同时，产品重点提升网点服务效率，优化空置窗口资源配置，将柜员从重复性事务中释放出来，转向客户服务、业务营销等高价值工作，进一步提升网点整体运营效能。,人工智能; AI; 语音对话; 人脸识别; 智能投顾; 大模型,AIFT-001; AIFT-067; AIFT-076; AIFT-214,ALS-0001; ALS-0002; ALS-0278; ALS-0313; ALS-0867; ANCHOR:大模型,AI_GENERAL; PRODUCT_INVEST; TECH_CV; TECH_LLM; TECH_SPEECH,MDAF0002989+TECH_CV,TECH_CV; TECH_LLM; TECH_SPEECH,PRODUCT_INVEST,1,UNKNOWN,R_AND_D,0.492988,0.98,0.98,1,人工智能; AI; 语音对话; 人脸识别; 智能投顾; 大模型,,300663.SZ_科蓝软件_2025_管理层讨论与分析.pdf,11,12,（1）AI 机器人,正文,MDAF0002989,,AI_GENERAL;PRODUCT_INVEST;TECH_CV;TECH_LLM;TECH_SPEECH,TECH_LLM=0.4930/0.1307; AI_GENERAL=0.4748/0.0595; TECH_SPEECH=0.4280/0.1018; TECH_CV=0.3969/0.1007; PRODUCT_INVEST=0.3909/0.0149
CAND-00378,300663.SZ,科蓝软件,2025,业务概要,平台以统一的智能体开发框架为核心，打通模型接入、知识管理、任务编排及运行调度等关键环节，形成标准化、模块化的智能体构建与部署能力，为各类业务场景提供低门槛、高复用的开发底座。,智能体,AIFT-128,ALS-0523,AI_GENERAL,MDAF0002990+AI_GENERAL,,,1,UNKNOWN,APPLIED,0.571491,0.55,0.55,1,智能体,,300663.SZ_科蓝软件_2025_管理层讨论与分析.pdf,11,12,（2）AI Agent 智能体应用,正文,MDAF0002990,,AI_GENERAL,AI_GENERAL=0.5715/0.2580
CAND-00379,300663.SZ,科蓝软件,2025,业务概要,支持3D 可视化资产全景展示、沉浸式财富规划与投资分析，可实现语音交互式业务咨询、定制化资产配置方案解读，7×24 小时在线响应私行客户需求。,语音交互,AIFT-067,ALS-0276,TECH_SPEECH,MDAF0002992+TECH_SPEECH,TECH_SPEECH,,1,UNKNOWN,,0.422525,0.75,0.75,1,语音交互,,300663.SZ_科蓝软件_2025_管理层讨论与分析.pdf,11,12,（1）AI 机器人,正文,MDAF0002992,,TECH_SPEECH,TECH_SPEECH=0.4225/0.0878
CAND-00380,300663.SZ,科蓝软件,2025,业务概要,整体来看，魔聚平台已形成具备规模化推广能力的基础智能体平台架构，为公司AI 能力的产品化输出及行业解决方案复制奠定了坚实基础，有助于进一步巩固公司在金融智能化领域的技术领先优势。,AI; 智能体,AIFT-001; AIFT-128,ALS-0002; ALS-0523,AI_GENERAL,MDAF0002994+AI_GENERAL,,,1,COMPANY,APPLIED,0.524271,0.65,0.65,1,AI; 智能体,,300663.SZ_科蓝软件_2025_管理层讨论与分析.pdf,11,12,（2）AI Agent 智能体应用,正文,MDAF0002994,,AI_GENERAL,AI_GENERAL=0.5243/0.1019
CAND-00381,300663.SZ,科蓝软件,2025,业务概要,C. 数字银行产品全面AI 升级公司作为国内主要数字银行解决方案供应商，在以AI 驱动的移动银行与数字银行普及和发展进程中始终处于领军地位。,AI,AIFT-001,ALS-0002,AI_GENERAL,MDAF0002999+AI_GENERAL,,,1,COMPANY,R_AND_D,0.47902,0.65,0.65,1,AI,,300663.SZ_科蓝软件_2025_管理层讨论与分析.pdf,12,13,（2）AI Agent 智能体应用,正文,MDAF0002999,,AI_GENERAL,AI_GENERAL=0.4790/-0.0384
CAND-00382,300663.SZ,科蓝软件,2025,业务概要,结合当前人工智能与大模型的发展趋势，公司正积极推进并完善相关产品与解决方案的数智化服务能力。,人工智能; 大模型,AIFT-001,ALS-0001; ANCHOR:大模型,AI_GENERAL; TECH_LLM,MDAF0003013+TECH_LLM,TECH_LLM,,1,COMPANY,,0.502585,0.8,0.8,1,人工智能; 大模型,,300663.SZ_科蓝软件_2025_管理层讨论与分析.pdf,12,13,（2）AI Agent 智能体应用,正文,MDAF0003013,,AI_GENERAL;TECH_LLM,AI_GENERAL=0.5026/0.0507; TECH_LLM=0.4393/-0.0391
CAND-00383,300663.SZ,科蓝软件,2025,业务概要,a.AI 原生手机银行产品公司AI 原生手机银行，以大模型驱动的智能体（Agent）为核心，重构移动金融交互范式，是极具前瞻性与前沿性的下一代对话式金融操作系统，并非对现有App 的简单叠加，而是以专业科学的架构设计，实现移动金融服务的全方位升级。,AI; 智能体; Agent; 大模型,AIFT-001; AIFT-128,ALS-0002; ALS-0523; ALS-0524; ANCHOR:大模型,AI_GENERAL; TECH_LLM,MDAF0003021+TECH_LLM,TECH_LLM,,1,COMPANY,R_AND_D,0.491452,0.85,0.85,1,AI; 智能体; Agent; 大模型,,300663.SZ_科蓝软件_2025_管理层讨论与分析.pdf,13,14,（2）AI Agent 智能体应用,正文,MDAF0003021,,AI_GENERAL;TECH_LLM,TECH_LLM=0.4915/0.1590; AI_GENERAL=0.4409/-0.0017
CAND-00384,300663.SZ,科蓝软件,2025,业务概要,b.智能中台产品中台系统是未来银行业务快速发展的核心技术源动力，满足行内各渠道应用快速实现“分布式、高并发和自动化”的IT 架构，具备了去中心化、服务化、异步化、高可用及可视化运营五大技术要求。,智能中台,AIFT-147,ALS-0599,AI_ENGINEERING,MDAF0003022+AI_ENGINEERING,,,0,UNKNOWN,APPLIED,0.564213,0.75,0.75,1,智能中台,,300663.SZ_科蓝软件_2025_管理层讨论与分析.pdf,13,14,（2）AI Agent 智能体应用,正文,MDAF0003022,,AI_ENGINEERING,AI_ENGINEERING=0.5642/0.2194
CAND-00385,300663.SZ,科蓝软件,2025,业务概要,依托多智能体协同能力，可并行响应复杂需求，精准匹配个人及对公客户核心诉求，构建一体化智能金融服务体系，以前沿科技降本增效，全方位提升客户体验与服务效能，彰显金融科技的深度与内涵。,智能体,AIFT-128,ALS-0523,AI_GENERAL,MDAF0003023+AI_GENERAL,,,1,UNKNOWN,R_AND_D,0.420426,0.55,0.55,1,智能体,,300663.SZ_科蓝软件_2025_管理层讨论与分析.pdf,13,14,（2）AI Agent 智能体应用,正文,MDAF0003023,,AI_GENERAL,AI_GENERAL=0.4204/0.0028
CAND-00386,300663.SZ,科蓝软件,2025,业务概要,公司智能中台主要包括：双鱼座+PE Fast 产品体系。,智能中台,AIFT-147,ALS-0599,AI_ENGINEERING,MDAF0003025+AI_ENGINEERING,,,0,COMPANY,,0.527321,0.75,0.75,1,智能中台,,300663.SZ_科蓝软件_2025_管理层讨论与分析.pdf,13,14,（2）AI Agent 智能体应用,正文,MDAF0003025,,AI_ENGINEERING,AI_ENGINEERING=0.5273/0.1907
CAND-00387,300663.SZ,科蓝软件,2025,业务概要,公司智能数字金融产品系列主要包括：网络银行、移动银行、互联网平台、AI 银行、智能业务中台、智能营销管理平台、金融开放平台、移动展业等。,AI; 智能营销,AIFT-001; AIFT-208,ALS-0002; ALS-0844,AI_GENERAL; PRODUCT_CUSTOMER,MDAF0003026+PRODUCT_CUSTOMER,,PRODUCT_CUSTOMER,1,COMPANY,,0.458796,0.6,0.6,1,AI; 智能营销,,300663.SZ_科蓝软件_2025_管理层讨论与分析.pdf,13,14,（2）AI Agent 智能体应用,正文,MDAF0003026,,AI_GENERAL;PRODUCT_CUSTOMER,PRODUCT_CUSTOMER=0.4588/0.1733; AI_GENERAL=0.4561/-0.0382
CAND-00388,300663.SZ,科蓝软件,2025,业务概要,升级后的AI 数字银行产品系列，包括AI 银行APP 应用、AI 营销等AI 系统化能力，提供模型管理平台，支持DeepSeek、千问、智谱等主流开源大模型的管理及路由等。,AI; DeepSeek; 模型管理平台; 大模型,AIFT-001; AIFT-137; AIFT-153,ALS-0002; ALS-0559; ALS-0621; ANCHOR:大模型,AI_ENGINEERING; AI_GENERAL; TECH_LLM,MDAF0003027+TECH_LLM,TECH_LLM,,1,UNKNOWN,APPLIED,0.565185,0.8,0.8,1,AI; DeepSeek; 模型管理平台; 大模型,,300663.SZ_科蓝软件_2025_管理层讨论与分析.pdf,13,14,（2）AI Agent 智能体应用,正文,MDAF0003027,,AI_ENGINEERING;AI_GENERAL;TECH_LLM,AI_ENGINEERING=0.5652/0.1955; TECH_LLM=0.4766/0.0358; AI_GENERAL=0.4741/-0.0181
CAND-00389,300663.SZ,科蓝软件,2025,业务概要,基于多种AI 模型，该产品还提供语音交互、数字播报、营销图片创作、文字描述等多模态AIGC 功能，该AI 应用可支持渠道多场景应用、渠道获客、品牌宣传、用户维护、内部培训知识库等多种业务场景。,AI; 语音交互; AIGC,AIFT-001; AIFT-067; AIFT-110,ALS-0002; ALS-0276; ALS-0452,AI_GENERAL; TECH_LLM; TECH_SPEECH,MDAF0003030+TECH_LLM,TECH_LLM; TECH_SPEECH,,1,UNKNOWN,APPLIED,0.501654,0.98,0.98,1,AI; 语音交互; AIGC,,300663.SZ_科蓝软件_2025_管理层讨论与分析.pdf,13,14,（2）AI Agent 智能体应用,正文,MDAF0003030,,AI_GENERAL;TECH_LLM;TECH_SPEECH,AI_GENERAL=0.5017/0.0810; TECH_SPEECH=0.4537/0.1196; TECH_LLM=0.4374/-0.0154
CAND-00390,300663.SZ,科蓝软件,2025,业务概要,平台深度融合大模型与机器学习能力，覆盖问数、知识库、信贷、会议、营销、账户、生态七大核心场景，聚焦用户高频需求，以对话式交互为核心，实现“功能隐形、服务显性”——用户无需复杂操作，只需表达需求，系统即可自主规划执行路径、调用后台能力，完成多维数据问数、智能问答导览、信贷高效审核、会议公文自动化、精准营销、账户智能管理、投融资与生态赋能等全流程服务。,机器学习; 智能问答; 精准营销; 大模型,AIFT-002; AIFT-053; AIFT-208,ALS-0008; ALS-0216; ALS-0843; ANCHOR:大模型,PRODUCT_CUSTOMER; TECH_LLM; TECH_ML; TECH_NLP,MDAF0003031+TECH_LLM,TECH_LLM; TECH_ML; TECH_NLP,PRODUCT_CUSTOMER,1,UNKNOWN,WEAK_GENERIC,0.566702,0.75,0.75,1,机器学习; 智能问答; 精准营销; 大模型,,300663.SZ_科蓝软件_2025_管理层讨论与分析.pdf,13,14,（2）AI Agent 智能体应用,正文,MDAF0003031,,PRODUCT_CUSTOMER;TECH_LLM;TECH_ML;TECH_NLP,PRODUCT_CUSTOMER=0.5667/0.2477; TECH_LLM=0.5489/0.1545; TECH_NLP=0.4945/0.1636; TECH_ML=0.4458/0.0939
CAND-00391,300663.SZ,科蓝软件,2025,业务概要,随着信息技术的持续跃升，消费者深度依赖网络处理事务、实现互联互通，银行业务也由线下网点逐步演进为：网络银行→移动银行→直销银行→开放银行→数字银行→智能银行→AI 原生银行，直至发展为银行的最高形态——未来银行。,AI,AIFT-001,ALS-0002,AI_GENERAL,MDAF0003034+AI_GENERAL,,,1,UNKNOWN,,0.350286,0.55,0.55,1,AI,,300663.SZ_科蓝软件_2025_管理层讨论与分析.pdf,13,14,（2）AI Agent 智能体应用,正文,MDAF0003034,,AI_GENERAL,AI_GENERAL=0.3503/-0.1129
CAND-00392,300663.SZ,科蓝软件,2025,业务概要,随着生成式AI 的发展，应用层面的开发包括智能AI 银行APP、智能问答、智能问数、智能运营、企业金融、智能尽职调查报告生成等多个应用场景。,AI; 智能问答; 生成式AI,AIFT-001; AIFT-053; AIFT-110,ALS-0002; ALS-0216; ALS-0451,AI_GENERAL; TECH_LLM; TECH_NLP,MDAF0003035+TECH_LLM,TECH_LLM; TECH_NLP,,1,UNKNOWN,APPLIED,0.577453,0.98,0.98,1,AI; 智能问答; 生成式AI,,300663.SZ_科蓝软件_2025_管理层讨论与分析.pdf,13,14,（2）AI Agent 智能体应用,正文,MDAF0003035,,AI_GENERAL;TECH_LLM;TECH_NLP,TECH_LLM=0.5775/0.1131; AI_GENERAL=0.5411/0.0379; TECH_NLP=0.5375/0.2028
CAND-00393,300663.SZ,科蓝软件,2025,业务概要,c.智慧营销平台智慧营销平台围绕金融机构营销数字化转型需求，持续推动智慧营销平台与AI 能力的深度融合，依托魔聚平台的智能体与大模型能力，对营销全流程进行系统性重构。,AI; 智能体; 大模型,AIFT-001; AIFT-128,ALS-0002; ALS-0523; ANCHOR:大模型,AI_GENERAL; TECH_LLM,MDAF0003036+TECH_LLM,TECH_LLM,,1,UNKNOWN,WEAK_GENERIC,0.451365,0.75,0.75,1,AI; 智能体; 大模型,,300663.SZ_科蓝软件_2025_管理层讨论与分析.pdf,14,15,（2）AI Agent 智能体应用,正文,MDAF0003036,,AI_GENERAL;TECH_LLM,TECH_LLM=0.4514/0.1078; AI_GENERAL=0.4502/0.0225
CAND-00394,300663.SZ,科蓝软件,2025,业务概要,中台系统是未来银行业务智能化快速发展的核心AI 技术源动力，满足行内各渠道应用快速实现“分布式、高并发、自动化和智能化”的AI 原生IT 架构，具备了去中心化、服务化、异步化、高可用、可视化运营及智能感知五大AI 技术要求。,AI,AIFT-001,ALS-0002,AI_GENERAL,MDAF0003037+AI_GENERAL,,,1,UNKNOWN,APPLIED,0.416673,0.6,0.6,1,AI,,300663.SZ_科蓝软件_2025_管理层讨论与分析.pdf,14,15,（2）AI Agent 智能体应用,正文,MDAF0003037,,AI_GENERAL,AI_GENERAL=0.4167/0.0044
CAND-00395,300663.SZ,科蓝软件,2025,业务概要,在营销前端，通过引入智能策略生成与内容生产能力，提升营销方案制定的科学性与效率；在营销执行过程中，通过智能化触达与过程管理，实现对客户行为的实时响应与动态调整；在营销后评估环节，结合数据分析与模型能力，完善效果评估与策略优化机制，形成营销闭环。,策略优化,AIFT-029,ALS-0119,TECH_RL,MDAF0003042+TECH_RL,TECH_RL,,1,UNKNOWN,R_AND_D,0.439152,0.8,0.8,1,策略优化,,300663.SZ_科蓝软件_2025_管理层讨论与分析.pdf,14,15,（2）AI Agent 智能体应用,正文,MDAF0003042,,TECH_RL,TECH_RL=0.4392/0.1181
CAND-00396,300663.SZ,科蓝软件,2025,业务概要,通过上述能力建设，智慧营销平台进一步提升精准营销与精细化运营水平，助力金融机构实现客户经营由经验驱动向数据与智能驱动转变，持续释放营销价值并提升业务转化效率。,精准营销,AIFT-208,ALS-0843,PRODUCT_CUSTOMER,MDAF0003044+PRODUCT_CUSTOMER,,PRODUCT_CUSTOMER,0,UNKNOWN,,0.400297,0.1,0.1,1,精准营销,anchor未满足；仅弱词无锚点,300663.SZ_科蓝软件_2025_管理层讨论与分析.pdf,14,15,（2）AI Agent 智能体应用,正文,MDAF0003044,,PRODUCT_CUSTOMER,PRODUCT_CUSTOMER=0.4003/0.0277
CAND-00397,300663.SZ,科蓝软件,2025,业务概要,d.智能信贷尽调平台：公司所推出的智能信贷尽调平台，是专为银行等金融机构对公信贷业务打造的AI 智能解决方案，深度融合前沿大模型技术与金融信贷专业Know-How，精准破解传统对公尽调流程繁琐、效率低下、风险识别不足等痛点。,AI; 智能信贷; 大模型,AIFT-001; AIFT-175,ALS-0002; ALS-0709; ANCHOR:大模型,AI_GENERAL; PRODUCT_CREDIT; TECH_LLM,MDAF0003048+TECH_LLM,TECH_LLM,PRODUCT_CREDIT,1,COMPANY,APPLIED,0.603716,0.98,0.98,1,AI; 智能信贷; 大模型,,300663.SZ_科蓝软件_2025_管理层讨论与分析.pdf,15,16,（2）AI Agent 智能体应用,正文,MDAF0003048,,AI_GENERAL;PRODUCT_CREDIT;TECH_LLM,PRODUCT_CREDIT=0.6037/0.1456; TECH_LLM=0.5501/0.1930; AI_GENERAL=0.4662/0.1022
CAND-00398,300663.SZ,科蓝软件,2025,业务概要,e.全场景智能双录系统全场景智能双录系统围绕客户与监管政策的需求，创新性的采用H5 同屏双录技术，全面覆盖理财、保险、贷款、信托等各类金融业务场景，系统支持在交易过程中进行录音、录像及风险揭示，实现业务办理双录过程的合规化、流程的标准化，以达到双录业务闭环管理，全面满足监管要求及金融业务需求。,智能双录,AIFT-068,ALS-0280,TECH_SPEECH,MDAF0003049+TECH_SPEECH,TECH_SPEECH,,1,UNKNOWN,,0.645889,0.75,0.75,1,智能双录,,300663.SZ_科蓝软件_2025_管理层讨论与分析.pdf,15,16,（2）AI Agent 智能体应用,正文,MDAF0003049,,TECH_SPEECH,TECH_SPEECH=0.6459/0.2283
CAND-00399,300663.SZ,科蓝软件,2025,业务概要,f.AI 智能助手智能助手以轻量级插件形式无缝嵌入手机银行与网上银行，为用户提供“边聊边办”的智能服务体验。,AI,AIFT-001,ALS-0002,AI_GENERAL,MDAF0003050+AI_GENERAL,,,1,UNKNOWN,,0.410072,0.55,0.55,1,AI,,300663.SZ_科蓝软件_2025_管理层讨论与分析.pdf,15,16,（2）AI Agent 智能体应用,正文,MDAF0003050,,AI_GENERAL,AI_GENERAL=0.4101/0.0025
CAND-00400,300663.SZ,科蓝软件,2025,业务概要,g.智能客户经理助手面对银行零售业务条线客户经理日常营销客户服务领域提供的智能体平台应用。,智能体,AIFT-128,ALS-0523,AI_GENERAL,MDAF0003051+AI_GENERAL,,,1,UNKNOWN,APPLIED,0.497255,0.55,0.55,1,智能体,,300663.SZ_科蓝软件_2025_管理层讨论与分析.pdf,15,16,（2）AI Agent 智能体应用,正文,MDAF0003051,,AI_GENERAL,AI_GENERAL=0.4973/0.1566
CAND-00401,300663.SZ,科蓝软件,2025,业务概要,产品优势：1. 自研双录引擎：具备独创的H5 后端还原而非前端录屏的方式，在完整还原客户双录交易操作的同时，还最大程度保护客户的个人隐私信息；2. 统一参数化配置：支持配置化双录流程驱动录制，保证双录过程统一、规范，可快速灵活的发布不同产品的录制流程；3. AI 技术支持：结合多种AI 技术，实现双录过程中的实时智能质检，提高双录一次性通过率；4. 业务集成简单：使用轻量化的前端组件设计思路，降低渠道的接入门槛，满足H5、小程序、公众号、APP 等多渠道的快速集成。,AI,AIFT-001,ALS-0002,AI_GENERAL,MDAF0003052+AI_GENERAL,,,1,UNKNOWN,APPLIED,0.388115,0.6,0.6,1,AI,,300663.SZ_科蓝软件_2025_管理层讨论与分析.pdf,15,16,（2）AI Agent 智能体应用,正文,MDAF0003052,,AI_GENERAL,AI_GENERAL=0.3881/0.1023
CAND-00402,300663.SZ,科蓝软件,2025,业务概要,公司聚焦“以客户为中心”的财富管理转型与资产服务创新，通过构建线上线下融合营销权益体系、打造智能资产配置平台、推动“顾问式销售”模式落地，并提供供应链管理、交易管理、业务中台等解决方案，有效提升用户粘性、价值贡献及业务效能。,智能资产配置,AIFT-220,ALS-0892,PRODUCT_INVEST,MDAF0003055+PRODUCT_INVEST,,PRODUCT_INVEST,0,COMPANY,COMMERCIAL,0.40207,0.5,0.5,1,智能资产配置,anchor未满足,300663.SZ_科蓝软件_2025_管理层讨论与分析.pdf,15,16,（2）AI Agent 智能体应用,正文,MDAF0003055,,PRODUCT_INVEST,PRODUCT_INVEST=0.4021/0.0527
CAND-00403,300663.SZ,科蓝软件,2025,业务概要,智能客户经理助手面向银行零售业务条线客户经理，提供集客户洞察、营销推荐与服务辅助于一体的智能体应用。,智能体,AIFT-128,ALS-0523,AI_GENERAL,MDAF0003059+AI_GENERAL,,,1,UNKNOWN,APPLIED,0.424299,0.55,0.55,1,智能体,,300663.SZ_科蓝软件_2025_管理层讨论与分析.pdf,15,16,（2）AI Agent 智能体应用,正文,MDAF0003059,,AI_GENERAL,AI_GENERAL=0.4243/0.0978
CAND-00404,300663.SZ,科蓝软件,2025,业务概要,该助手不仅降低了用户使用门槛，更通过上下文理解与多轮对话能力，实现“问即所得、说即所办”，让传统手机银行从“功能导航”升级为“智能陪伴”。,多轮对话,AIFT-054,ALS-0225,TECH_NLP,MDAF0003061+TECH_NLP,TECH_NLP,,1,UNKNOWN,R_AND_D,0.558137,0.8,0.8,1,多轮对话,,300663.SZ_科蓝软件_2025_管理层讨论与分析.pdf,15,16,（2）AI Agent 智能体应用,正文,MDAF0003061,,TECH_NLP,TECH_NLP=0.5581/0.2129
CAND-00405,300663.SZ,科蓝软件,2025,业务概要,通过整合客户画像、交易行为与业务规则，实时识别客户需求并生成个性化营销与服务建议，辅助客户经理高效触达与精准服务。,客户画像; 个性化营销,AIFT-206; AIFT-208,ALS-0835; ALS-0846,PRODUCT_CUSTOMER,MDAF0003062+PRODUCT_CUSTOMER,,PRODUCT_CUSTOMER,0,UNKNOWN,,0.612837,0.1,0.1,1,客户画像; 个性化营销,anchor未满足；仅弱词无锚点,300663.SZ_科蓝软件_2025_管理层讨论与分析.pdf,15,16,（2）AI Agent 智能体应用,正文,MDAF0003062,,PRODUCT_CUSTOMER,PRODUCT_CUSTOMER=0.6128/0.1261
CAND-00406,300663.SZ,科蓝软件,2025,业务概要,A. 为金融机构定制鸿蒙生态服务平台（AI 物联网）a. 科蓝方山·可信物联一体化展业服务平台平台满足鸿蒙生态全终端环境展业需求，覆盖开源鸿蒙柜面终端、金融终端、营销大屏，以及华为鸿蒙手机、PAD、PC、智慧屏等智能终端环境，实现鸿蒙原生APP 统一发布、终端间设备协同、跨终端业务流转，让业务功能自动运行于最佳设备节点。,AI,AIFT-001,ALS-0002,AI_GENERAL,MDAF0003065+AI_GENERAL,,,1,UNKNOWN,APPLIED,0.373069,0.6,0.6,1,AI,,300663.SZ_科蓝软件_2025_管理层讨论与分析.pdf,16,17,(3)AI 物联网,正文,MDAF0003065,,AI_GENERAL,AI_GENERAL=0.3731/0.0302
CAND-00407,300663.SZ,科蓝软件,2025,业务概要,c. 仓颉+鸿蒙的科蓝TEE 环境PKI 架构增强型多因素身份认证组件（sMFA）仓颉是华为为鸿蒙量身打造的全场景智能应用编程语言，也是鸿蒙生态基础设施建设的重要一环。,TEE; 身份认证,AIFT-035; AIFT-195,ALS-0144; ALS-0792,PRODUCT_FRAUD; TECH_PRIVACY,MDAF0003067+TECH_PRIVACY,TECH_PRIVACY,PRODUCT_FRAUD,1,UNKNOWN,APPLIED,0.420676,0.6,0.6,1,TEE; 身份认证,,300663.SZ_科蓝软件_2025_管理层讨论与分析.pdf,16,17,4、技术成熟，安全保障：MADP4.0 鸿蒙版本提供多风险监控，隐私合规监测、同时提供统一的监控、运维等服务,正文,MDAF0003067,,PRODUCT_FRAUD;TECH_PRIVACY,TECH_PRIVACY=0.4207/0.0807; PRODUCT_FRAUD=0.3961/0.0767
CAND-00408,300663.SZ,科蓝软件,2025,业务概要,公司作为金融互联网解决方案领军企业和鸿蒙首批全生态认证服务商，研发的仓颉+鸿蒙的科蓝TEE 环境PKI 架构增强型多因素身份认证组件（sMFA）顺利通过权威第三方中国金融认证中心（CFCA）安全评测，同时获得北京国家金融科技认证中心的金融科技产品认证。,TEE; 身份认证,AIFT-035; AIFT-195,ALS-0144; ALS-0792,PRODUCT_FRAUD; TECH_PRIVACY,MDAF0003070+TECH_PRIVACY,TECH_PRIVACY,PRODUCT_FRAUD,1,COMPANY,R_AND_D,0.481584,0.65,0.65,1,TEE; 身份认证,,300663.SZ_科蓝软件_2025_管理层讨论与分析.pdf,16,17,4、技术成熟，安全保障：MADP4.0 鸿蒙版本提供多风险监控，隐私合规监测、同时提供统一的监控、运维等服务,正文,MDAF0003070,,PRODUCT_FRAUD;TECH_PRIVACY,PRODUCT_FRAUD=0.4816/0.1143; TECH_PRIVACY=0.4729/0.1606
CAND-00409,300663.SZ,科蓝软件,2025,业务概要,此外，产品适配鸿蒙元服务特性，支持无需下载完整应用即可调用核心同屏协助功能，搭配小艺语音唤醒能力，实现“一句话触发同屏协助”，进一步提升服务便捷性，助力金融机构快速接入鸿蒙生态，覆盖更多高频服务场景，彰显产品在金融鸿蒙化转型中的适配优势。,语音唤醒,AIFT-066,ALS-0272,TECH_SPEECH,MDAF0003083+TECH_SPEECH,TECH_SPEECH,,1,UNKNOWN,APPLIED,0.427971,0.8,0.8,1,语音唤醒,,300663.SZ_科蓝软件_2025_管理层讨论与分析.pdf,17,18,4、技术成熟，安全保障：MADP4.0 鸿蒙版本提供多风险监控，隐私合规监测、同时提供统一的监控、运维等服务,正文,MDAF0003083,,TECH_SPEECH,TECH_SPEECH=0.4280/0.1268
CAND-00410,300663.SZ,科蓝软件,2025,业务概要,结合鸿蒙星盾安全架构，产品深度复用鸿蒙硬件级隔离、微内核可信执行等安全能力，将敏感操作与主系统物理隔离，配合鸿蒙分布式身份认证机制，构建“端-边-云”全栈防护体系；同时遵循鸿蒙数据本地化原则，实现客户隐私数据本地留存，仅同步脱敏后的操作结果，进一步强化数据安全防护，契合监管层面对金融数据安全的高要求，与鸿蒙生态下金融服务的安全标准同频。,身份认证,AIFT-195,ALS-0792,PRODUCT_FRAUD,MDAF0003085+PRODUCT_FRAUD,,PRODUCT_FRAUD,0,UNKNOWN,R_AND_D,0.389901,0.25,0.25,1,身份认证,anchor未满足,300663.SZ_科蓝软件_2025_管理层讨论与分析.pdf,17,18,4、技术成熟，安全保障：MADP4.0 鸿蒙版本提供多风险监控，隐私合规监测、同时提供统一的监控、运维等服务,正文,MDAF0003085,,PRODUCT_FRAUD,PRODUCT_FRAUD=0.3899/0.0640
CAND-00411,300663.SZ,科蓝软件,2025,业务概要,d. 端云一体抗量子可信通信组件公司自主研发的“端云一体抗量子可信通信组件”，整合openHiTLS 及鲲鹏、鸿蒙等行业级工程化方案，通过创新的端云一体化与软硬协同、TEE 硬件信任根及机密计算架构，打造覆盖全域、面向未来的新一代可信通信安全体系。,TEE,AIFT-035,ALS-0144,TECH_PRIVACY,MDAF0003088+TECH_PRIVACY,TECH_PRIVACY,,1,COMPANY,R_AND_D,0.415547,0.65,0.65,1,TEE,,300663.SZ_科蓝软件_2025_管理层讨论与分析.pdf,18,19,4、技术成熟，安全保障：MADP4.0 鸿蒙版本提供多风险监控，隐私合规监测、同时提供统一的监控、运维等服务,正文,MDAF0003088,,TECH_PRIVACY,TECH_PRIVACY=0.4155/0.0321
CAND-00412,300663.SZ,科蓝软件,2025,业务概要,在技术实现层面，组件展现出五大核心优势：软硬协调，深度融合：通过端云协同硬件加速与TEE 可信执行环境，从底层建立免疫级安全防护，显著提升系统整体可信等级；端云一体，立体管控：实现从终端设备到云端服务无缝衔接的一体化安全策略，支持动态风险评估与自适应访问控制，全面响应零信任安全架构；面向未来，无忧演进：组件具备抗量子算法平滑替换、算法灵活裁剪和可升级架构特性，可从容应对未来密码政策变更与量子计算冲击；分级防护，平衡效能：组件提供包含纯软件国密套件、+硬件信任根套件、+机密计算环境套件及+抗量子算法套件的四套防护模型，分级防护应对不同场景对安全水位和性能要求。,可信执行环境; TEE,AIFT-035,ALS-0143; ALS-0144,TECH_PRIVACY,MDAF0003092+TECH_PRIVACY,TECH_PRIVACY,,1,UNKNOWN,R_AND_D,0.415385,0.6,0.6,1,可信执行环境; TEE,,300663.SZ_科蓝软件_2025_管理层讨论与分析.pdf,18,19,4、技术成熟，安全保障：MADP4.0 鸿蒙版本提供多风险监控，隐私合规监测、同时提供统一的监控、运维等服务,正文,MDAF0003092,,TECH_PRIVACY,TECH_PRIVACY=0.4154/0.0954
CAND-00413,300663.SZ,科蓝软件,2025,业务概要,新升级SUNDB 26c 在核心架构、存储性能、数据管理和运维便利性等方面实现全面提升，重点增强了对人工智能（AI）应用场景的支持。,人工智能; AI,AIFT-001,ALS-0001; ALS-0002,AI_GENERAL,MDAF0003093+AI_GENERAL,,,1,UNKNOWN,APPLIED,0.361584,0.6,0.6,1,人工智能; AI,,300663.SZ_科蓝软件_2025_管理层讨论与分析.pdf,18,19,(4)AI 数据库,正文,MDAF0003093,,AI_GENERAL,AI_GENERAL=0.3616/0.0607
CAND-00414,300663.SZ,科蓝软件,2025,业务概要,新版本通过引入JSON 数据类型、近似聚合函数、采样查询等特性，为AI 模型训练提供高效、高质量的数据准备能力；同时，集群并行处理、在线调整及监控诊断能力的优化，保障了AI 业务的高可用与敏捷运维。,AI; 模型训练,AIFT-001,ALS-0002; ANCHOR:模型训练,AI_ENGINEERING; AI_GENERAL,MDAF0003094+AI_ENGINEERING,,,1,UNKNOWN,R_AND_D,0.472079,0.8,0.8,1,AI; 模型训练,,300663.SZ_科蓝软件_2025_管理层讨论与分析.pdf,18,19,(4)AI 数据库,正文,MDAF0003094,,AI_ENGINEERING;AI_GENERAL,AI_ENGINEERING=0.4721/0.1161; AI_GENERAL=0.4525/0.1238
CAND-00415,300663.SZ,科蓝软件,2025,业务概要,高性价比，平滑部署：在满足金融级高安全要求的同时，依托端云TEE 构建可信环境，运用国密与抗量子算法，通过软硬协同的技术支持硬件级安全和软件功能无损升级，适配不同环境实现双TEE/单TEE 可信交付，无需改变现有架构即可平滑升级，提供全链路SDK 软件组件显著降低企业改造成本。,TEE,AIFT-035,ALS-0144,TECH_PRIVACY,MDAF0003098+TECH_PRIVACY,TECH_PRIVACY,,1,UNKNOWN,COMMERCIAL,0.436967,0.6,0.6,1,TEE,,300663.SZ_科蓝软件_2025_管理层讨论与分析.pdf,18,19,4、技术成熟，安全保障：MADP4.0 鸿蒙版本提供多风险监控，隐私合规监测、同时提供统一的监控、运维等服务,正文,MDAF0003098,,TECH_PRIVACY,TECH_PRIVACY=0.4370/0.0772
CAND-00416,300663.SZ,科蓝软件,2025,业务概要,"A. SUNDB 数据库产品持续创新升级至26C 版本报告期内，公司SUNDB 数据库产品推出SUNDB 26c 版本,SUNDB 26c 在核心架构、存储性能、数据管理和运维便利性等方面实现全面提升，重点增强了对人工智能（AI）应用场景的支持。",人工智能; AI,AIFT-001,ALS-0001; ALS-0002,AI_GENERAL,MDAF0003099+AI_GENERAL,,,1,COMPANY,APPLIED,0.301625,0.65,0.65,1,人工智能; AI,,300663.SZ_科蓝软件_2025_管理层讨论与分析.pdf,19,20,(4)AI 数据库,正文,MDAF0003099,,AI_GENERAL,AI_GENERAL=0.3016/0.0666
CAND-00417,300663.SZ,科蓝软件,2025,业务概要,SUNDB 26c 版本深度适配AI 场景对数据多样性、处理效率及质量的要求，为AI 应用提供坚实的数据底座。,AI,AIFT-001,ALS-0002,AI_GENERAL,MDAF0003101+AI_GENERAL,,,1,UNKNOWN,APPLIED,0.35073,0.6,0.6,1,AI,,300663.SZ_科蓝软件_2025_管理层讨论与分析.pdf,19,20,(4)AI 数据库,正文,MDAF0003101,,AI_GENERAL,AI_GENERAL=0.3507/0.0697
CAND-00418,300663.SZ,科蓝软件,2025,业务概要,SUNLite 是一款深度适配端侧数据特性的国产化端侧嵌入式数据库，主打低延迟、嵌入式、实时数据及时序数据本地处理，专为物联网边缘场景研发，具备轻量化、高性能、高安全、AI 原生融合的核心能力。,AI,AIFT-001,ALS-0002,AI_GENERAL,MDAF0003102+AI_GENERAL,,,1,UNKNOWN,R_AND_D,0.275618,0.6,0.6,1,AI,,300663.SZ_科蓝软件_2025_管理层讨论与分析.pdf,19,20,(4)AI 数据库,正文,MDAF0003102,,AI_GENERAL,AI_GENERAL=0.2756/0.0835
CAND-00419,300663.SZ,科蓝软件,2025,业务概要,创新实现数据库与轻量AI 模型深度内生融合，支持时序数据入库即完成智能推理分析，无需跨组件数据流转，可快速实现故障识别、异常研判，打造“数据入、结果出” 的极简高效处理流程。,AI,AIFT-001,ALS-0002,AI_GENERAL,MDAF0003105+AI_GENERAL,,,1,UNKNOWN,,0.407452,0.55,0.55,1,AI,,300663.SZ_科蓝软件_2025_管理层讨论与分析.pdf,19,20,(4)AI 数据库,正文,MDAF0003105,,AI_GENERAL,AI_GENERAL=0.4075/0.0608
CAND-00420,300663.SZ,科蓝软件,2025,业务概要,同时支持软硬一体化集成，可将数据库内核与AI 算法整体优化固化至专用芯片，强化物理级安全防护与抗干扰能力，适配复杂严苛的现场部署环境。,AI,AIFT-001,ALS-0002,AI_GENERAL,MDAF0003106+AI_GENERAL,,,1,UNKNOWN,APPLIED,0.38126,0.6,0.6,1,AI,,300663.SZ_科蓝软件_2025_管理层讨论与分析.pdf,19,20,(4)AI 数据库,正文,MDAF0003106,,AI_GENERAL,AI_GENERAL=0.3813/0.0281
CAND-00421,300663.SZ,科蓝软件,2025,业务概要,新版本通过引入JSON 数据类型、近似聚合函数、采样查询等特性，为AI 模型训练提供高效、高质量的数据准备能力；同时，集群并行处理、在线调整及监控诊断能力的优化，保障了AI 业务的高可用与敏捷运维。,AI; 模型训练,AIFT-001,ALS-0002; ANCHOR:模型训练,AI_ENGINEERING; AI_GENERAL,MDAF0003108+AI_ENGINEERING,,,1,UNKNOWN,R_AND_D,0.472079,0.8,0.8,1,AI; 模型训练,,300663.SZ_科蓝软件_2025_管理层讨论与分析.pdf,19,20,(4)AI 数据库,正文,MDAF0003108,,AI_ENGINEERING;AI_GENERAL,AI_ENGINEERING=0.4721/0.1161; AI_GENERAL=0.4525/0.1238
CAND-00422,300663.SZ,科蓝软件,2025,业务概要,未来将持续融合AI 与数据库技术，助力企业智能化转型。,AI,AIFT-001,ALS-0002,AI_GENERAL,MDAF0003109+AI_GENERAL,,,1,UNKNOWN,PLANNED,0.443273,0.55,0.22,1,AI,,300663.SZ_科蓝软件_2025_管理层讨论与分析.pdf,19,20,(4)AI 数据库,正文,MDAF0003109,,AI_GENERAL,AI_GENERAL=0.4433/-0.0453
CAND-00423,300663.SZ,科蓝软件,2025,业务概要,产品围绕高性能计算资源整合与高效调度能力，构建集模型训练、推理服务与资源管理于一体的算力平台形态，满足企业在私有化部署场景下对算力性能、数据安全及稳定性的综合要求。,模型训练,,ANCHOR:模型训练,AI_ENGINEERING,MDAF0003115+AI_ENGINEERING,,,1,UNKNOWN,R_AND_D,0.510511,0.8,0.8,1,模型训练,,300663.SZ_科蓝软件_2025_管理层讨论与分析.pdf,20,21,(5)AI 算力基础设施,正文,MDAF0003115,,AI_ENGINEERING,AI_ENGINEERING=0.5105/0.1574
CAND-00424,300663.SZ,科蓝软件,2025,业务概要,公司在研发体系变革领域全面推广AI 辅助开发工具的应用，新一代Power Agent 智能编码助手依托大模型技术，支持多语言代码智能生成、实时补全与错误排查，可自动化处理编码重复性工作。,AI; Agent; 大模型,AIFT-001; AIFT-128,ALS-0002; ALS-0524; ANCHOR:大模型,AI_GENERAL; TECH_LLM,MDAF0003117+TECH_LLM,TECH_LLM,,1,COMPANY,APPLIED,0.402018,0.85,0.85,1,AI; Agent; 大模型,,300663.SZ_科蓝软件_2025_管理层讨论与分析.pdf,20,21,（1）全面推广PowerAgent 智能编码助手在研发体系的应用,正文,MDAF0003117,,AI_GENERAL;TECH_LLM,TECH_LLM=0.4020/0.0874; AI_GENERAL=0.3918/0.0702
CAND-00425,300663.SZ,科蓝软件,2025,业务概要,公司面向大模型训练与推理一体化需求，推出训推一体机产品，重点强化算力底座与软硬协同能力建设。,大模型; 模型训练,,ANCHOR:大模型; ANCHOR:模型训练,AI_ENGINEERING; TECH_LLM,MDAF0003118+TECH_LLM,TECH_LLM,,1,COMPANY,R_AND_D,0.534266,0.85,0.85,1,大模型; 模型训练,,300663.SZ_科蓝软件_2025_管理层讨论与分析.pdf,20,21,(5)AI 算力基础设施,正文,MDAF0003118,,AI_ENGINEERING;TECH_LLM,AI_ENGINEERING=0.5343/0.2118; TECH_LLM=0.4350/0.0299
CAND-00426,300663.SZ,科蓝软件,2025,业务概要,通过软硬一体化设计，产品有效提升算力资源利用效率与模型服务响应能力，为大模型应用的规模化部署提供坚实支撑，同时进一步增强公司在自主可控算力生态中的技术适配能力与解决方案输出能力。,大模型,,ANCHOR:大模型,TECH_LLM,MDAF0003126+TECH_LLM,TECH_LLM,,1,COMPANY,APPLIED,0.398688,0.85,0.85,1,大模型,,300663.SZ_科蓝软件_2025_管理层讨论与分析.pdf,20,21,(5)AI 算力基础设施,正文,MDAF0003126,,TECH_LLM,TECH_LLM=0.3987/0.0188
CAND-00427,300663.SZ,科蓝软件,2025,业务概要,公司在项目交付体系变革领域推动魔云一体化（简称IPDP）交付效能管理平台的全面应用，IPDP 平台是一站式智能项目交付辅助效能平台，通过全面应用AI 技术实现全流程项目交付管控，快速搭建项目原型、API 管理、自动化测试、低代码，以及项目开发协同等能力，有效提升项目交付的效率，减少项目经营成本。,AI,AIFT-001,ALS-0002,AI_GENERAL,MDAF0003127+AI_GENERAL,,,1,COMPANY,COMMERCIAL,0.392754,0.65,0.65,1,AI,,300663.SZ_科蓝软件_2025_管理层讨论与分析.pdf,21,22,（3）交付效能管理平台IPDP 智能化升级,正文,MDAF0003127,,AI_GENERAL,AI_GENERAL=0.3928/0.1017
CAND-00428,300663.SZ,科蓝软件,2025,业务概要,公司已实现AI 技术全面渗透：财务方面，AI 智能体提升审核、报表、合规等流程效率；在人力资源管理方面，通过AI 简历筛选、岗位匹配、智能面试评估等技术手段，优化招聘流程、缩短人才到岗周期，并建立个性化培训路径，助力人才梯队建设。,AI; 智能体,AIFT-001; AIFT-128,ALS-0002; ALS-0523,AI_GENERAL,MDAF0003128+AI_GENERAL,,,1,COMPANY,R_AND_D,0.540423,0.65,0.65,1,AI; 智能体,,300663.SZ_科蓝软件_2025_管理层讨论与分析.pdf,21,22,（4）智能体与AI 技术全面渗透公司运营管理体系,正文,MDAF0003128,,AI_GENERAL,AI_GENERAL=0.5404/0.1055
CAND-00429,300663.SZ,科蓝软件,2025,业务概要,办公协同方面，AI 助手自动处理会议纪要、文档及任务分派，降低事务性负担。,AI,AIFT-001,ALS-0002,AI_GENERAL,MDAF0003130+AI_GENERAL,,,1,UNKNOWN,,0.404969,0.55,0.55,1,AI,,300663.SZ_科蓝软件_2025_管理层讨论与分析.pdf,21,22,（4）智能体与AI 技术全面渗透公司运营管理体系,正文,MDAF0003130,,AI_GENERAL,AI_GENERAL=0.4050/0.0782
CAND-00430,300663.SZ,科蓝软件,2025,核心竞争力,“魔聚”作为AI 智能中枢，已基于MCP 协议研发了智能体通讯组件、多智能体协同服务组件，支持DeepSeek、Qwen、GLM、华为盘古等主流大模型的灵活接入与智能动态路由，并通过多模型聚合架构打通了数据治理（魔界）、模型训练（魔方）、性能监控（魔瞳）的全链路能力，实现了从“能力聚合平台”向“大模型应用操作系统”的战略升级。,AI; 智能体; DeepSeek; Qwen; 华为盘古; 数据治理; 大模型; 模型训练,AIFT-001; AIFT-128; AIFT-137; AIFT-138; AIFT-140; AIFT-168,ALS-0002; ALS-0523; ALS-0559; ALS-0564; ALS-0573; ALS-0681; ANCHOR:大模型; ANCHOR:模型训练,AI_ENGINEERING; AI_GENERAL; TECH_LLM,MDAF0003131+TECH_LLM,TECH_LLM,,1,UNKNOWN,R_AND_D,0.495332,0.8,0.8,1,AI; 智能体; DeepSeek; Qwen; 华为盘古; 数据治理; 大模型; 模型训练,,300663.SZ_科蓝软件_2025_管理层讨论与分析.pdf,31,32,（二）深厚的自主研发技术沉淀：从应用创新到底层基础设施的全栈掌控,正文,MDAF0003131,,AI_ENGINEERING;AI_GENERAL;TECH_LLM,AI_ENGINEERING=0.4953/0.1894; AI_GENERAL=0.4875/0.1478; TECH_LLM=0.4404/0.0197
CAND-00431,300663.SZ,科蓝软件,2025,核心竞争力,公司MADP 4.0 平台已实现鸿蒙、安卓、iOS 三端深度适配与统一管理，科蓝鸿蒙移动金融技术平台4.0 及仓颉+鸿蒙TEE 环境身份认证组件通过权威安全评测，在鸿蒙生态金融应用领域占据先发优势。,TEE; 身份认证,AIFT-035; AIFT-195,ALS-0144; ALS-0792,PRODUCT_FRAUD; TECH_PRIVACY,MDAF0003133+TECH_PRIVACY,TECH_PRIVACY,PRODUCT_FRAUD,1,COMPANY,APPLIED,0.44818,0.65,0.65,1,TEE; 身份认证,,300663.SZ_科蓝软件_2025_管理层讨论与分析.pdf,31,32,（二）深厚的自主研发技术沉淀：从应用创新到底层基础设施的全栈掌控,正文,MDAF0003133,,PRODUCT_FRAUD;TECH_PRIVACY,TECH_PRIVACY=0.4482/0.1823; PRODUCT_FRAUD=0.3932/0.1055
CAND-00432,300663.SZ,科蓝软件,2025,核心竞争力,公司以自研“魔聚”大模型聚合平台为核心，构建起全栈式AI 应用服务体系。,AI; 大模型,AIFT-001,ALS-0002; ANCHOR:大模型,AI_GENERAL; TECH_LLM,MDAF0003134+TECH_LLM,TECH_LLM,,1,COMPANY,APPLIED,0.523057,0.85,0.85,1,AI; 大模型,,300663.SZ_科蓝软件_2025_管理层讨论与分析.pdf,31,32,（二）深厚的自主研发技术沉淀：从应用创新到底层基础设施的全栈掌控,正文,MDAF0003134,,AI_GENERAL;TECH_LLM,AI_GENERAL=0.5231/0.1564; TECH_LLM=0.4471/-0.0032
CAND-00433,300663.SZ,科蓝软件,2025,核心竞争力,公司敏锐把握人工智能技术浪潮，率先完成从应用软件提供商向AI 硬科技领军企业的战略跃迁，在AI 机器人、智能体平台、智能数据库及算力基础设施四大核心领域形成闭环竞争力。,人工智能; AI; 人工智能技术; 智能体,AIFT-001; AIFT-128,ALS-0001; ALS-0002; ALS-0004; ALS-0523,AI_GENERAL,MDAF0003135+AI_GENERAL,,,1,COMPANY,APPLIED,0.45037,0.65,0.65,1,人工智能; AI; 人工智能技术; 智能体,,300663.SZ_科蓝软件_2025_管理层讨论与分析.pdf,31,32,（一）战略级AI 转型先发优势：构建软硬一体、端云协同的全栈AI 能力,正文,MDAF0003135,,AI_GENERAL,AI_GENERAL=0.4504/0.0430
CAND-00434,300663.SZ,科蓝软件,2025,核心竞争力,公司的核心竞争力已从单一的应用软件优势，全面升级为软硬件深度融合、AI 全栈自主可控、场景落地能力突出的综合型硬科技实力，具体体现在以下方面：,AI,AIFT-001,ALS-0002,AI_GENERAL,MDAF0003136+AI_GENERAL,,,1,COMPANY,APPLIED,0.381642,0.65,0.65,1,AI,,300663.SZ_科蓝软件_2025_管理层讨论与分析.pdf,31,32,,正文,MDAF0003136,,AI_GENERAL,AI_GENERAL=0.3816/0.0729
CAND-00435,300663.SZ,科蓝软件,2025,核心竞争力,在AI Agent 智能体应用层面，魔聚平台已升级为企业级智能体开发与运行底座，打通模型接入、知识管理与任务编排全链路，驱动AI 原生手机银行、智能中台、智慧营销及智能尽调等全线产品实现智能化重构，自身研发运营体系亦全面应用AI 工具，验证的工程化能力成为对外输出的有力背书。,AI; 智能体; Agent; AI Agent; 智能中台; 智能尽调,AIFT-001; AIFT-128; AIFT-129; AIFT-147; AIFT-197,ALS-0002; ALS-0523; ALS-0524; ALS-0529; ALS-0599; ALS-0800,AI_ENGINEERING; AI_GENERAL; PRODUCT_FRAUD; TECH_LLM,MDAF0003138+TECH_LLM,TECH_LLM,PRODUCT_FRAUD,1,UNKNOWN,APPLIED,0.516518,0.8,0.8,1,AI; 智能体; Agent; AI Agent; 智能中台; 智能尽调,,300663.SZ_科蓝软件_2025_管理层讨论与分析.pdf,31,32,（一）战略级AI 转型先发优势：构建软硬一体、端云协同的全栈AI 能力,正文,MDAF0003138,,AI_ENGINEERING;AI_GENERAL;PRODUCT_FRAUD;TECH_LLM,TECH_LLM=0.5165/0.1438; AI_GENERAL=0.4993/0.1254; AI_ENGINEERING=0.4953/0.1666; PRODUCT_FRAUD=0.3894/0.1268
CAND-00436,300663.SZ,科蓝软件,2025,核心竞争力,在AI 数据库领域，公司自研原生分布式数据库SUNDB 代码自研率达98.31%，新版本强化AI 场景支持能力，联合清华大学发布的轻量级智能数据库SUNDB LITE 实现数据库与轻量AI 模型内生融合，凭借“自主数据库+全系列银行互联网产品”双引擎优势，构建起无需外部依赖即可独立完成国产化全流程适配部署的四维保障体系。,AI,AIFT-001,ALS-0002,AI_GENERAL,MDAF0003139+AI_GENERAL,,,1,COMPANY,APPLIED,0.354752,0.65,0.65,1,AI,,300663.SZ_科蓝软件_2025_管理层讨论与分析.pdf,31,32,（一）战略级AI 转型先发优势：构建软硬一体、端云协同的全栈AI 能力,正文,MDAF0003139,,AI_GENERAL,AI_GENERAL=0.3548/0.0381
CAND-00437,300663.SZ,科蓝软件,2025,核心竞争力,在AI 机器人方面，公司自主研发的鸿蒙智能高柜机器人“小蓝”已完成全栈信创适配，融合大模型能力支持智能语音交互与数字人民币兑换，实现网点“零改造”智能升级；企业财务机器人依托大模型与U 盾硬件管控技术达成无人值守资金管理；数据中心运维机器人攻克机房无人化运维难题，系列产品覆盖多类高价值场景，构筑了业内稀缺的“软硬协同”落地能力。,AI; 语音交互; 智能语音交互; 大模型,AIFT-001; AIFT-067,ALS-0002; ALS-0276; ALS-0277; ANCHOR:大模型,AI_GENERAL; TECH_LLM; TECH_SPEECH,MDAF0003140+TECH_LLM,TECH_LLM; TECH_SPEECH,,1,COMPANY,R_AND_D,0.497248,0.85,0.85,1,AI; 语音交互; 智能语音交互; 大模型,,300663.SZ_科蓝软件_2025_管理层讨论与分析.pdf,31,32,（一）战略级AI 转型先发优势：构建软硬一体、端云协同的全栈AI 能力,正文,MDAF0003140,,AI_GENERAL;TECH_LLM;TECH_SPEECH,TECH_LLM=0.4972/0.1744; AI_GENERAL=0.4690/0.0870; TECH_SPEECH=0.3550/0.0820
CAND-00438,300663.SZ,科蓝软件,2025,核心竞争力,在AI算力基础设施方面，公司推出训推一体机产品，完成与华为昇腾、中昊芯英TPU 等国产算力芯片的集成适配，并与魔聚平台深度协同，构建集模型训练、推理服务与资源管理于一体的私有化算力平台，为金融等行业大模型应用规模化落地提供自主可控的算力支撑。,AI; 行业大模型; 大模型; 模型训练,AIFT-001; AIFT-113,ALS-0002; ALS-0463; ANCHOR:大模型; ANCHOR:模型训练,AI_ENGINEERING; AI_GENERAL; TECH_LLM,MDAF0003141+TECH_LLM,TECH_LLM,,1,COMPANY,R_AND_D,0.593258,0.85,0.85,1,AI; 行业大模型; 大模型; 模型训练,,300663.SZ_科蓝软件_2025_管理层讨论与分析.pdf,31,32,（一）战略级AI 转型先发优势：构建软硬一体、端云协同的全栈AI 能力,正文,MDAF0003141,,AI_ENGINEERING;AI_GENERAL;TECH_LLM,AI_ENGINEERING=0.5933/0.2579; AI_GENERAL=0.5087/0.1226; TECH_LLM=0.4523/0.0632
CAND-00439,300663.SZ,科蓝软件,2025,核心竞争力,在人工智能领域，公司同样构建了体系化的自主创新能力。,人工智能,AIFT-001,ALS-0001,AI_GENERAL,MDAF0003142+AI_GENERAL,,,1,COMPANY,R_AND_D,0.440103,0.65,0.65,1,人工智能,,300663.SZ_科蓝软件_2025_管理层讨论与分析.pdf,31,32,（二）深厚的自主研发技术沉淀：从应用创新到底层基础设施的全栈掌控,正文,MDAF0003142,,AI_GENERAL,AI_GENERAL=0.4401/-0.0415
CAND-00440,300663.SZ,科蓝软件,2025,核心竞争力,在此基础上，公司推出PowerAgent 企业级大模型应用平台，覆盖智能合规、普惠金融、智能营销、智能客服等核心场景，形成了“魔聚+PowerAgent”的AI 双引擎架构，已在国内多家银行机构落地应用。,AI; 智能合规; 智能客服; 智能营销; 大模型,AIFT-001; AIFT-199; AIFT-204; AIFT-208,ALS-0002; ALS-0806; ALS-0826; ALS-0844; ANCHOR:大模型,AI_GENERAL; PRODUCT_CUSTOMER; PRODUCT_FRAUD; TECH_LLM,MDAF0003143+TECH_LLM,TECH_LLM,PRODUCT_CUSTOMER; PRODUCT_FRAUD,1,COMPANY,APPLIED,0.526499,0.98,0.98,1,AI; 智能合规; 智能客服; 智能营销; 大模型,,300663.SZ_科蓝软件_2025_管理层讨论与分析.pdf,31,32,（二）深厚的自主研发技术沉淀：从应用创新到底层基础设施的全栈掌控,正文,MDAF0003143,,AI_GENERAL;PRODUCT_CUSTOMER;PRODUCT_FRAUD;TECH_LLM,TECH_LLM=0.5265/0.1399; PRODUCT_CUSTOMER=0.4665/0.1535; AI_GENERAL=0.4553/0.0662; PRODUCT_FRAUD=0.3901/0.0914
CAND-00441,300663.SZ,科蓝软件,2025,核心竞争力,报告期内，公司立足近三十年金融科技领域深耕积累，全面推进“AI 原生驱动”战略落地，在持续巩固传统数字银行解决方案领先地位的同时，成功构建起覆盖“AI 机器人—AI Agent 智能体应用—AI 物联网—AI 数据库—AI 算力基础设施”的全栈AI 生态体系。,AI; 智能体; Agent; AI Agent,AIFT-001; AIFT-128; AIFT-129,ALS-0002; ALS-0523; ALS-0524; ALS-0529,AI_GENERAL; TECH_LLM,MDAF0003144+TECH_LLM,TECH_LLM,,1,COMPANY,APPLIED,0.508788,0.85,0.85,1,AI; 智能体; Agent; AI Agent,,300663.SZ_科蓝软件_2025_管理层讨论与分析.pdf,31,32,,正文,MDAF0003144,,AI_GENERAL;TECH_LLM,TECH_LLM=0.5088/0.2005; AI_GENERAL=0.4436/-0.0038
CAND-00442,300663.SZ,科蓝软件,2025,核心竞争力,作为鸿蒙首批全生态认证服务商，公司在鸿蒙金融应用领域与华为深度协同；在AI 算力领域完成与昇腾等国产芯片的适配验证；在行业标准层面深度参与中国信通院、金融电子化公司及全国信安标委等多项国家标准与行业规范制定，生态位势持续巩固。,AI,AIFT-001,ALS-0002,AI_GENERAL,MDAF0003145+AI_GENERAL,,,1,COMPANY,APPLIED,0.425227,0.65,0.65,1,AI,,300663.SZ_科蓝软件_2025_管理层讨论与分析.pdf,32,33,（四）优质的客户资源与深厚的生态合作壁垒,正文,MDAF0003145,,AI_GENERAL,AI_GENERAL=0.4252/0.0126
CAND-00443,300663.SZ,科蓝软件,2025,核心竞争力,公司深耕中国金融科技领域，已形成覆盖前中后台的全栈式解决方案体系——包括移动银行、网络银行、AI 原生手机银行等前端服务平台，双鱼座业务中台、智慧营销中台等中台支撑体系，以及核心业务系统、监管报送等后台管理系统，同步构建起“战略咨询+项目交付+系统集成+运营优化”四位一体的综合服务能力。,AI,AIFT-001,ALS-0002,AI_GENERAL,MDAF0003146+AI_GENERAL,,,1,COMPANY,COMMERCIAL,0.499214,0.65,0.65,1,AI,,300663.SZ_科蓝软件_2025_管理层讨论与分析.pdf,32,33,（三）卓越的数字银行业务经验与全生命周期服务能力,正文,MDAF0003146,,AI_GENERAL,AI_GENERAL=0.4992/0.0491
CAND-00444,300663.SZ,科蓝软件,2025,核心竞争力,凭借对银行业务的深刻理解，公司伴随行业从网络银行、移动银行、开放银行、数字银行、智能银行直至AI 原生银行的完整演进历程，始终扮演引领者与推动者角色。,AI,AIFT-001,ALS-0002,AI_GENERAL,MDAF0003148+AI_GENERAL,,,1,COMPANY,,0.433596,0.6,0.6,1,AI,,300663.SZ_科蓝软件_2025_管理层讨论与分析.pdf,32,33,（三）卓越的数字银行业务经验与全生命周期服务能力,正文,MDAF0003148,,AI_GENERAL,AI_GENERAL=0.4336/-0.0629
CAND-00445,300663.SZ,科蓝软件,2025,核心竞争力,庞大的头部客户群体不仅带来持续的业务收入，更为公司AI 新产品、新技术提供了丰富的高价值落地场景与快速迭代反馈。,AI,AIFT-001,ALS-0002,AI_GENERAL,MDAF0003151+AI_GENERAL,,,1,COMPANY,APPLIED,0.4206,0.65,0.65,1,AI,,300663.SZ_科蓝软件_2025_管理层讨论与分析.pdf,32,33,（四）优质的客户资源与深厚的生态合作壁垒,正文,MDAF0003151,,AI_GENERAL,AI_GENERAL=0.4206/0.0585
CAND-00446,300663.SZ,科蓝软件,2025,核心竞争力,据国际数据公司（IDC）连续十年报告显示，公司在数字银行解决方案、移动银行等前沿市场领域持续蝉联市场第一；最新报告亦指出公司在“以软硬结合方式推进大模型及智能体应用落地”方面取得重大创新成果。,智能体; 大模型,AIFT-128,ALS-0523; ANCHOR:大模型,AI_GENERAL; TECH_LLM,MDAF0003153+TECH_LLM,TECH_LLM,,1,COMPANY,APPLIED,0.415659,0.85,0.85,1,智能体; 大模型,,300663.SZ_科蓝软件_2025_管理层讨论与分析.pdf,32,33,（三）卓越的数字银行业务经验与全生命周期服务能力,正文,MDAF0003153,,AI_GENERAL;TECH_LLM,AI_GENERAL=0.4157/-0.0105; TECH_LLM=0.3917/0.0141
CAND-00447,300663.SZ,科蓝软件,2025,研发投入,为紧跟2025年AI 大模型、智能体、多模态融合及国产化算力赋能的技术热潮，响应国家数字金融高质量发展、金融信创与 “人工智能 +” 政策导向，立足科蓝软件近三十年深耕金融科技、主营数字银行全渠道解决方案且市场占有率持续领跑的深厚底蕴，紧扣银行业渠道数字化、智能。,人工智能; AI; 智能体; 大模型,AIFT-001; AIFT-128,ALS-0001; ALS-0002; ALS-0523; ANCHOR:大模型,AI_GENERAL; TECH_LLM,MDAF0003176+TECH_LLM,TECH_LLM,,1,UNKNOWN,WEAK_GENERIC,0.468047,0.75,0.75,1,人工智能; AI; 智能体; 大模型,,300663.SZ_科蓝软件_2025_管理层讨论与分析.pdf,39,40,,表格行,MDAF0003176,,AI_GENERAL;TECH_LLM,TECH_LLM=0.4680/0.1380; AI_GENERAL=0.4112/-0.0485
CAND-00448,300674.SZ,宇信科技,2025,业务概要,在此背景下，《十五五规划建议》提出“加快人工智能等数智技术创新，全面实施‘人工智能+’行动，抢占人工智能产业应用制高点，全方位赋能千行百业”。,人工智能,AIFT-001,ALS-0001,AI_GENERAL,MDAF0003191+AI_GENERAL,,,1,UNKNOWN,APPLIED,0.357573,0.6,0.6,1,人工智能,,300674.SZ_宇信科技_2025_管理层讨论与分析.pdf,1,14,,正文,MDAF0003191,,AI_GENERAL,AI_GENERAL=0.3576/0.0048
CAND-00449,300674.SZ,宇信科技,2025,业务概要,尽管全球各市场在技术架构升级和业务生态融合演进路径各异，但均将IT 基础设施革新、数据价值挖掘、云计算能力完善、区块链信任构建以及人工智能的深度应用作为核心驱动要素，逐步构建起“技术底座+业务增强”的数字化与智能化发展框架，体现出全球发展共性。,人工智能,AIFT-001,ALS-0001,AI_GENERAL,MDAF0003192+AI_GENERAL,,,1,UNKNOWN,APPLIED,0.386702,0.6,0.6,1,人工智能,,300674.SZ_宇信科技_2025_管理层讨论与分析.pdf,1,14,,正文,MDAF0003192,,AI_GENERAL,AI_GENERAL=0.3867/-0.0062
CAND-00450,300674.SZ,宇信科技,2025,业务概要,根据《国务院关于深入实施“人工智能+”行动的意见》，到2027年，我国新一代智能终端、智能体等应用普及率超70%；到2030年，普及率超90%；到2035年，我国将全面步入智能经济和智能社会发展新阶段，为基本实现社会主义现代化提供有力支撑。,人工智能; 智能体,AIFT-001; AIFT-128,ALS-0001; ALS-0523,AI_GENERAL,MDAF0003195+AI_GENERAL,,,1,UNKNOWN,APPLIED,0.393016,0.6,0.6,1,人工智能; 智能体,,300674.SZ_宇信科技_2025_管理层讨论与分析.pdf,1,14,,正文,MDAF0003195,,AI_GENERAL,AI_GENERAL=0.3930/0.0358
CAND-00451,300674.SZ,宇信科技,2025,业务概要,随着大模型技术的成熟与算力成本的下降，人工智能已从“前沿探索”进入“规模化应用”的临界点。,人工智能; 大模型,AIFT-001,ALS-0001; ANCHOR:大模型,AI_GENERAL; TECH_LLM,MDAF0003197+TECH_LLM,TECH_LLM,,1,UNKNOWN,APPLIED,0.446513,0.8,0.8,1,人工智能; 大模型,,300674.SZ_宇信科技_2025_管理层讨论与分析.pdf,1,14,,正文,MDAF0003197,,AI_GENERAL;TECH_LLM,AI_GENERAL=0.4465/0.0561; TECH_LLM=0.4010/0.0043
CAND-00452,300674.SZ,宇信科技,2025,研发投入,主要研发项目名称：信贷大模型应用产品。,大模型,,ANCHOR:大模型,TECH_LLM,MDAF0003222+TECH_LLM,TECH_LLM,,1,UNKNOWN,APPLIED,0.524447,0.8,0.8,1,大模型,,300674.SZ_宇信科技_2025_管理层讨论与分析.pdf,20,33,,表格行,MDAF0003222,,TECH_LLM,TECH_LLM=0.5244/0.0469
CAND-00453,300674.SZ,宇信科技,2025,研发投入,拟达到的目标：内置场景报告模板库；三、 多个专项分析智能体具有专业分析能力，如财务分析、交易流水分析、 信用分析等；四、生成内容全链路可溯源，包括原始数据、 分析过程、业务规则引用可细粒度溯源； 五、计算准确、稳定，不采用大模型进行数值计算，专项计算工具提供计算功能。,智能体; 信用分析; 大模型,AIFT-128; AIFT-178,ALS-0523; ALS-0724; ANCHOR:大模型,AI_GENERAL; PRODUCT_CREDIT; TECH_LLM,MDAF0003226+TECH_LLM,TECH_LLM,PRODUCT_CREDIT,1,UNKNOWN,,0.536664,0.75,0.75,1,智能体; 信用分析; 大模型,,300674.SZ_宇信科技_2025_管理层讨论与分析.pdf,20,33,,表格行,MDAF0003226,,AI_GENERAL;PRODUCT_CREDIT;TECH_LLM,TECH_LLM=0.5367/0.1604; AI_GENERAL=0.4827/0.1626; PRODUCT_CREDIT=0.4739/0.0897
CAND-00454,300674.SZ,宇信科技,2025,研发投入,项目目的：利用大模型技术，并结合宇信在信贷领域的多年沉淀，助力银行信贷业务智能化升级。,大模型,,ANCHOR:大模型,TECH_LLM,MDAF0003228+TECH_LLM,TECH_LLM,,1,UNKNOWN,R_AND_D,0.492567,0.8,0.8,1,大模型,,300674.SZ_宇信科技_2025_管理层讨论与分析.pdf,20,33,,表格行,MDAF0003228,,TECH_LLM,TECH_LLM=0.4926/0.1092
CAND-00455,300674.SZ,宇信科技,2025,研发投入,项目目的：在尽调，信审， 放款，贷后管理等信贷全流程中基于大模型能力进行智能资料审查、材料分析、财务分析、报告撰写等工作。,大模型,,ANCHOR:大模型,TECH_LLM,MDAF0003229+TECH_LLM,TECH_LLM,,1,UNKNOWN,,0.570731,0.75,0.75,1,大模型,,300674.SZ_宇信科技_2025_管理层讨论与分析.pdf,20,33,,表格行,MDAF0003229,,TECH_LLM,TECH_LLM=0.5707/0.2134
CAND-00456,300674.SZ,宇信科技,2025,研发投入,预计对公司未来发展的影响：打造信贷大模型应用领域领先产品，成为公司新的业绩增长点。,大模型,,ANCHOR:大模型,TECH_LLM,MDAF0003237+TECH_LLM,TECH_LLM,,1,COMPANY,APPLIED,0.463703,0.85,0.85,1,大模型,,300674.SZ_宇信科技_2025_管理层讨论与分析.pdf,20,33,,表格行,MDAF0003237,,TECH_LLM,TECH_LLM=0.4637/0.0186
CAND-00457,300803.SZ,指南针,2025,业务概要,在因子挖掘方面，增加了潜伏吸筹、机构扫盘点等盘口特征的特色指标。,因子挖掘,AIFT-226,ALS-0915,PRODUCT_INVEST,MDAF0003288+PRODUCT_INVEST,,PRODUCT_INVEST,0,UNKNOWN,,0.504225,0.4,0.4,1,因子挖掘,anchor未满足,300803.SZ_指南针_2025_管理层讨论与分析.pdf,3,12,4. 产品持续功能优化，提升用户使用体验,正文,MDAF0003288,,PRODUCT_INVEST,PRODUCT_INVEST=0.5042/0.1433
CAND-00458,300803.SZ,指南针,2025,核心竞争力,公司将利用多年来底蕴深厚的技术基因，为麦高证券提供深度金融科技服务手段，推动在量化交易、快速柜台、大宗经纪和机构服务等综合性发展。,量化交易,AIFT-217,ALS-0879,PRODUCT_INVEST,MDAF0003302+PRODUCT_INVEST,,PRODUCT_INVEST,0,COMPANY,,0.430636,0.1,0.1,1,量化交易,anchor未满足；仅弱词无锚点,300803.SZ_指南针_2025_管理层讨论与分析.pdf,4,13,2．研发与产品优势,正文,MDAF0003302,,PRODUCT_INVEST,PRODUCT_INVEST=0.4306/-0.0169
CAND-00459,300803.SZ,指南针,2025,研发投入,主要研发项目名称：智能客服系统。,智能客服,AIFT-204,ALS-0826,PRODUCT_CUSTOMER,MDAF0003332+PRODUCT_CUSTOMER,,PRODUCT_CUSTOMER,0,UNKNOWN,R_AND_D,0.473594,0.95,0.95,1,智能客服,,300803.SZ_指南针_2025_管理层讨论与分析.pdf,8,17,,表格行,MDAF0003332,,PRODUCT_CUSTOMER,PRODUCT_CUSTOMER=0.4736/0.1185
CAND-00460,300803.SZ,指南针,2025,研发投入,拟达到的目标：为投资者提供全方位智能投研支持。,智能投研,AIFT-215,ALS-0871,PRODUCT_INVEST,MDAF0003335+PRODUCT_INVEST,,PRODUCT_INVEST,0,UNKNOWN,,0.57758,0.9,0.9,1,智能投研,,300803.SZ_指南针_2025_管理层讨论与分析.pdf,8,17,,表格行,MDAF0003335,,PRODUCT_INVEST,PRODUCT_INVEST=0.5776/0.0455
CAND-00461,300803.SZ,指南针,2025,研发投入,项目目的：集成专业金融数据源，实现诊股、选股、预测、推荐等核心功能，通过AI 进行解析。,AI,AIFT-001,ALS-0002,AI_GENERAL,MDAF0003352+AI_GENERAL,,,1,UNKNOWN,,0.469158,0.55,0.55,1,AI,,300803.SZ_指南针_2025_管理层讨论与分析.pdf,8,17,,表格行,MDAF0003352,,AI_GENERAL,AI_GENERAL=0.4692/0.0398
CAND-00462,300941.SZ,创识科技,2025,业务概要,公司以软件及云平台为驱动，以终端设备为载体，聚合各种支付渠道，为用户提供统一支付和统一对账解决方案；并以支付为联结，结合行业特色应用、场景建设以及个性化营销，为商户、银行等用户提供“电子支付+ 行业特色应用+ 数字化营销”的一体化产品与服务，构建起“支付为联结、场景为基础、营销为延伸”的数字化服务生态，为金融机构、医疗机构、养老机构、政企等提供数字化行业整体解决方案及运营服务。,个性化营销,AIFT-208,ALS-0846,PRODUCT_CUSTOMER,MDAF0003400+PRODUCT_CUSTOMER,,PRODUCT_CUSTOMER,0,COMPANY,APPLIED,0.442302,0.3,0.3,1,个性化营销,anchor未满足,300941.SZ_创识科技_2025_管理层讨论与分析.pdf,1,9,,正文,MDAF0003400,,PRODUCT_CUSTOMER,PRODUCT_CUSTOMER=0.4423/0.1203
CAND-00463,300941.SZ,创识科技,2025,业务概要,公域引流是提供从公域向私域引流的全新模式，充分利用互联网头部平台的“流量”，开辟了“效果广告”营销合作，进一步实现APP、商户门店的获客、活客引流；权益营销是整合支付优惠、会员权益等资源，设计个性化营销活动，提升用户消费频次与粘性，通过多元个性化营销场景，匹配银行等大客户的营销需求，助力客户实现其用户规模持续增长并保持活跃，提升线上经营能力，实现用户价值的深度挖掘和持续增长；品牌与产品营销是为客户提供品牌推广、产品营销效果优化等服务，覆盖金融、通讯、消费、物流等多个行业。,个性化营销,AIFT-208,ALS-0846,PRODUCT_CUSTOMER,MDAF0003429+PRODUCT_CUSTOMER,,PRODUCT_CUSTOMER,0,UNKNOWN,APPLIED,0.444269,0.25,0.25,1,个性化营销,anchor未满足,300941.SZ_创识科技_2025_管理层讨论与分析.pdf,3,11,（二）数字营销业务,正文,MDAF0003429,,PRODUCT_CUSTOMER,PRODUCT_CUSTOMER=0.4443/0.0749
CAND-00464,300941.SZ,创识科技,2025,研发投入,通过构建功能更强大、生态更开放的3.0 平台，公司将能为中小微企业提供解决数据管理、业务优化与智能决策核心痛点的关键产品，直接推动公司在企业服务市场的份额增长与品牌价值提升。,智能决策,AIFT-109,ALS-0447,TECH_DECISION,MDAF0003485+TECH_DECISION,TECH_DECISION,,1,COMPANY,R_AND_D,0.412509,0.65,0.65,1,智能决策,,300941.SZ_创识科技_2025_管理层讨论与分析.pdf,12,20,,表格行,MDAF0003485,,TECH_DECISION,TECH_DECISION=0.4125/0.1019
CAND-00465,300996.SZ,普联软件,2025,业务概要,公司主营业务是为大型集团企业提供管理信息化方案及IT 综合服务，致力于应用云计算、大数据、人工智能等新一代信息技术，推动企业运营管理数字化、智能化。,人工智能,AIFT-001,ALS-0001,AI_GENERAL,MDAF0003489+AI_GENERAL,,,1,COMPANY,APPLIED,0.45676,0.65,0.65,1,人工智能,,300996.SZ_普联软件_2025_管理层讨论与分析.pdf,1,11,（一）公司主要业务介绍,正文,MDAF0003489,,AI_GENERAL,AI_GENERAL=0.4568/0.0626
CAND-00466,300996.SZ,普联软件,2025,业务概要,基于业财一体化模式下的智能财务共享平台，前端承接业务系统数据，后端对接财务支撑系统，包括共享报账平台、共集团财务共享服务享运营平台、智能稽核平台、会计引擎平台、电子影像平台、电子档案平台、业务集成平台等。,智能财务,AIFT-243,ALS-0983,PRODUCT_FINANCE,MDAF0003503+PRODUCT_FINANCE,,PRODUCT_FINANCE,0,COMPANY,,0.427271,0.1,0.1,1,智能财务,anchor未满足；仅弱词无锚点,300996.SZ_普联软件_2025_管理层讨论与分析.pdf,2,12,产品/方案名称,正文,MDAF0003503,,PRODUCT_FINANCE,PRODUCT_FINANCE=0.4273/-0.0493
CAND-00467,300996.SZ,普联软件,2025,业务概要,指标体系采用灵活可扩展设计，统一战略、计划、预算、实际各环节的数据语言，搭建标准化、可追溯的数据语言体系，为管理报告提供统一的数据基础；战略计划管理，构建覆盖战略规划、战略地图、经营与投资计划，并与预算体系联动，实现战略解码、目标分解、过程跟踪；全面预算管理，紧密承接战略与经营目标，打造目标测算、编制汇总、预算控制、分析预警、智能预测的一体化管理能力，通过“业务计划－业务预算－财务预算”联动，强化业财协同与业务预算归口管理；合并报表以财务数据治理为基础，搭建自动化、规范化、自助式工作平台，实现关联交易自动核对、抵销数据智能生成、报表快速合并汇总，提升集团合并工作效率与数据质量；管理报告层面，面向战略层、经营层、业务层，构建多维度、可视化、穿透式管理分析报告体系。,数据治理; 数据质量,AIFT-168; AIFT-170,ALS-0681; ALS-0690,AI_ENGINEERING,MDAF0003506+AI_ENGINEERING,,,0,COMPANY,R_AND_D,0.387955,0.3,0.3,1,数据治理; 数据质量,anchor未满足,300996.SZ_普联软件_2025_管理层讨论与分析.pdf,2,12,（2）信创EPM,正文,MDAF0003506,,AI_ENGINEERING,AI_ENGINEERING=0.3880/0.0112
CAND-00468,300996.SZ,普联软件,2025,业务概要,依托大模型技术持续打造设备智慧运维大模型等应用场景，提供智能助手及多个机理模型和算法模型，覆盖故障诊断、性能预测、资源优化等多个关键领域。,智慧运维; 大模型,AIFT-262,ALS-1062; ANCHOR:大模型,APP_INTERNAL; TECH_LLM,MDAF0003508+TECH_LLM,TECH_LLM,,1,UNKNOWN,APPLIED,0.457559,0.8,0.8,1,智慧运维; 大模型,,300996.SZ_普联软件_2025_管理层讨论与分析.pdf,3,13,（3）信创EAM,正文,MDAF0003508,,APP_INTERNAL;TECH_LLM,TECH_LLM=0.4576/0.0764; APP_INTERNAL=0.4303/0.1743
CAND-00469,300996.SZ,普联软件,2025,核心竞争力,在智能财务共享领域，公司拥有财务共享服务完整解决方案和成熟的软件产品，功能囊括了共享运营、费控平台、报账平台、业财中台、智慧税务、收入结算、智能稽核、电子档案、会计引擎、RPA、智能助手等。,智能财务; RPA,AIFT-243; AIFT-257,ALS-0983; ALS-1040,APP_INTERNAL; PRODUCT_FINANCE,MDAF0003536+PRODUCT_FINANCE,,PRODUCT_FINANCE,0,COMPANY,,0.413751,0.1,0.1,1,智能财务; RPA,anchor未满足；仅弱词无锚点,300996.SZ_普联软件_2025_管理层讨论与分析.pdf,12,22,（三）产品差异化竞争优势,正文,MDAF0003536,,APP_INTERNAL;PRODUCT_FINANCE,PRODUCT_FINANCE=0.4138/-0.1106; APP_INTERNAL=0.3983/0.0004
CAND-00470,300996.SZ,普联软件,2025,核心竞争力,公司是山东省企业移动计算工程技术研究中心和山东省软件工程技术中心依托单位，按照应用研究和技术研究并重的研发策略，与山东大学、山东师范大学等高校建立了紧密的产学研合作关系，开展移动计算、大数据、区块链、人工智能等技术应用研究，共同承担了多项省级科研课题，公司的技术实力及创新能力得到持续提升。,人工智能,AIFT-001,ALS-0001,AI_GENERAL,MDAF0003547+AI_GENERAL,,,1,COMPANY,APPLIED,0.321456,0.65,0.65,1,人工智能,,300996.SZ_普联软件_2025_管理层讨论与分析.pdf,13,23,（四）研发与技术优势,正文,MDAF0003547,,AI_GENERAL,AI_GENERAL=0.3215/0.0929
CAND-00471,300996.SZ,普联软件,2025,核心竞争力,公司高度重视研发团队建设，组建了具有丰富行业经验和较高技术水平的研发团队，推动公司技术平台能力提升和产品研发工作；公司密切关注前沿技术动态，始终紧跟技术发展趋势，深入研究云计算、大数据、物联网、人工智能、区块链等新一代信息技术，公司拥有以“云湖开发平台”“信创ERP”为核心的自主知识产权技术平台及业务模型库，并在项目交付、产品研发过程中持续积累增强，形成了符合公司业务特点的核心技术架构及软件开发体系。,人工智能,AIFT-001,ALS-0001,AI_GENERAL,MDAF0003548+AI_GENERAL,,,1,COMPANY,COMMERCIAL,0.390901,0.65,0.65,1,人工智能,,300996.SZ_普联软件_2025_管理层讨论与分析.pdf,13,23,（四）研发与技术优势,正文,MDAF0003548,,AI_GENERAL,AI_GENERAL=0.3909/0.1616
CAND-00472,300996.SZ,普联软件,2025,研发投入,优化提升基于大模型的智能体开发平台、 新增面向优势业务领域的预测优化大模型、提升应用开发平台业务组装和信创化能力，支持混合开发模式，新增基于信创技术的企业级融合集成平台、优化提升基于信创技术的企业级流程引擎智能化产品化能力、优化提升 RPA 机器人运营管理平台智能化信创化能力、新增财务数字要素模型驱动引擎。,智能体; RPA; 大模型,AIFT-128; AIFT-257,ALS-0523; ALS-1040; ANCHOR:大模型,AI_GENERAL; APP_INTERNAL; TECH_LLM,MDAF0003563+TECH_LLM,TECH_LLM,,1,UNKNOWN,APPLIED,0.513052,0.8,0.8,1,智能体; RPA; 大模型,,300996.SZ_普联软件_2025_管理层讨论与分析.pdf,19,29,,表格行,MDAF0003563,,AI_GENERAL;APP_INTERNAL;TECH_LLM,AI_GENERAL=0.5131/0.1416; TECH_LLM=0.5128/0.1729; APP_INTERNAL=0.4107/0.0414
CAND-00473,300996.SZ,普联软件,2025,研发投入,通过深度融合人工智能、机器学习、大数据分析等新一代信息技术，构建智能化填单模式、全流程智能化审批体系、自动化业财核算规则、一体化财务数据智能分析平台，实现从流程自动化向决策智能化转型，全面提升财务共享服务产品的数智化能力。,人工智能; 机器学习,AIFT-001; AIFT-002,ALS-0001; ALS-0008,AI_GENERAL; TECH_ML,MDAF0003565+TECH_ML,TECH_ML,,1,UNKNOWN,R_AND_D,0.437344,0.8,0.8,1,人工智能; 机器学习,,300996.SZ_普联软件_2025_管理层讨论与分析.pdf,19,29,,表格行,MDAF0003565,,AI_GENERAL;TECH_ML,AI_GENERAL=0.4373/-0.0933; TECH_ML=0.4096/0.0557
CAND-00474,300996.SZ,普联软件,2025,研发投入,项目目的：借助AI 大模型，在现有产品基础上新增智能采集、 智能问答、智能分析、模型预测等方面功能。,AI; 智能问答; 大模型,AIFT-001; AIFT-053,ALS-0002; ALS-0216; ANCHOR:大模型,AI_GENERAL; TECH_LLM; TECH_NLP,MDAF0003566+TECH_LLM,TECH_LLM; TECH_NLP,,1,UNKNOWN,,0.524906,0.75,0.75,1,AI; 智能问答; 大模型,,300996.SZ_普联软件_2025_管理层讨论与分析.pdf,19,29,,表格行,MDAF0003566,,AI_GENERAL;TECH_LLM;TECH_NLP,AI_GENERAL=0.5249/0.1405; TECH_LLM=0.5024/0.1051; TECH_NLP=0.4298/0.0966
CAND-00475,300996.SZ,普联软件,2025,研发投入,项目目的：基于信创技术和以大模型为代表的人工智能技术，对现有平台进行智能化升级，强化平台现有技术能力，提供深化的行业解决方案。,人工智能; 人工智能技术; 大模型,AIFT-001,ALS-0001; ALS-0004; ANCHOR:大模型,AI_GENERAL; TECH_LLM,MDAF0003567+TECH_LLM,TECH_LLM,,1,UNKNOWN,R_AND_D,0.482432,0.8,0.8,1,人工智能; 人工智能技术; 大模型,,300996.SZ_普联软件_2025_管理层讨论与分析.pdf,19,29,,表格行,MDAF0003567,,AI_GENERAL;TECH_LLM,AI_GENERAL=0.4824/0.0712; TECH_LLM=0.4477/0.0759
CAND-00476,300996.SZ,普联软件,2025,研发投入,项目目的：结合AI 大模型，提升产品智能化水平。,AI; 大模型,AIFT-001,ALS-0002; ANCHOR:大模型,AI_GENERAL; TECH_LLM,MDAF0003570+TECH_LLM,TECH_LLM,,1,UNKNOWN,WEAK_GENERIC,0.527382,0.75,0.75,1,AI; 大模型,,300996.SZ_普联软件_2025_管理层讨论与分析.pdf,19,29,,表格行,MDAF0003570,,AI_GENERAL;TECH_LLM,AI_GENERAL=0.5274/0.1184; TECH_LLM=0.4613/0.0357
CAND-00477,300996.SZ,普联软件,2025,研发投入,项目目的：通过引入人工智能、 大数据、机器学习等前沿技术，研发“业财资税档一体化”模式下财务共享服务数智化产品及解决方案。,人工智能; 机器学习,AIFT-001; AIFT-002,ALS-0001; ALS-0008,AI_GENERAL; TECH_ML,MDAF0003571+TECH_ML,TECH_ML,,1,UNKNOWN,R_AND_D,0.472128,0.8,0.8,1,人工智能; 机器学习,,300996.SZ_普联软件_2025_管理层讨论与分析.pdf,19,29,,表格行,MDAF0003571,,AI_GENERAL;TECH_ML,AI_GENERAL=0.4721/0.0012; TECH_ML=0.4059/0.0468
CAND-00478,300996.SZ,普联软件,2025,研发投入,项目进展：完成市场研究、业务研究、技术研究工作，整体进入开发阶段，完成费用报销智能填单、总账报账核算规则智能化，基于规则引擎与机器学习，搭建智能稽核中心，实现预算管控、 合同管控、大额支付等核心场景的自动审核与风险智能预警。,机器学习; 规则引擎,AIFT-002; AIFT-105,ALS-0008; ALS-0430,TECH_DECISION; TECH_ML,MDAF0003572+TECH_DECISION,TECH_DECISION; TECH_ML,,1,UNKNOWN,R_AND_D,0.537114,0.8,0.8,1,机器学习; 规则引擎,,300996.SZ_普联软件_2025_管理层讨论与分析.pdf,19,29,,表格行,MDAF0003572,,TECH_DECISION;TECH_ML,TECH_DECISION=0.5371/0.1379; TECH_ML=0.4449/0.1181
CAND-00479,300996.SZ,普联软件,2025,研发投入,项目进展：完成市场研究、业务研究、技术研究工作，整体进入开发阶段，智能体开发平台、面向优势业务领域的预测优化大模型、开发平台组装化与信创化、企业级融合集成平台、企业级流程引擎智能化与信创化、RPA 机器人运营管理平台智能化与信创化、数字要素模型驱动引擎等相关模块功能持续发版迭代，部分功能已在项目交付中进行验证。,智能体; RPA; 大模型,AIFT-128; AIFT-257,ALS-0523; ALS-1040; ANCHOR:大模型,AI_GENERAL; APP_INTERNAL; TECH_LLM,MDAF0003573+TECH_LLM,TECH_LLM,,1,UNKNOWN,COMMERCIAL,0.573948,0.8,0.8,1,智能体; RPA; 大模型,,300996.SZ_普联软件_2025_管理层讨论与分析.pdf,19,29,,表格行,MDAF0003573,,AI_GENERAL;APP_INTERNAL;TECH_LLM,AI_GENERAL=0.5739/0.2690; TECH_LLM=0.4609/0.0477; APP_INTERNAL=0.4044/0.0235
CAND-00480,300996.SZ,普联软件,2025,研发投入,项目进展：完成市场研究、业务研究、技术研究工作，整体进入开发阶段，监管处罚信息提取实现对监管行政处罚决定书的自动抓取、关键信息的精准提取；制度知识库实现企业内部制度的结构化录入和分类归档，可通过AI 算法实现对制度内容的快速检索，智能采集、智能问答、智能分析、 模型预测等功能持续发版迭代。,AI; 智能问答,AIFT-001; AIFT-053,ALS-0002; ALS-0216,AI_GENERAL; TECH_NLP,MDAF0003574+TECH_NLP,TECH_NLP,,1,UNKNOWN,R_AND_D,0.521054,0.8,0.8,1,AI; 智能问答,,300996.SZ_普联软件_2025_管理层讨论与分析.pdf,19,29,,表格行,MDAF0003574,,AI_GENERAL;TECH_NLP,TECH_NLP=0.5211/0.0994; AI_GENERAL=0.4429/0.0856
CAND-00481,600095.SH,湘财股份,2025,核心竞争力,首先，湘财证券与互联网服务机构以及众多领先金融科技企业保持持续紧密的战略合作，积累了大量成功合作经验；其次，公司紧跟互联网金融前沿态势，积极寻求业务突破方向；同时，湘财证券建立了较为完善的信息技术治理体系，信息技术团队成熟稳定，科技能力不断提升，在基础设施建设、运维与保障、项目建设、数据治理、应用开发、测试管理、安全管理等方面能为公司战略转型和业务发展提供服务支撑；最后，湘财证券具有科技协同业务创新的历史传承，通过长期建设和运营实践，在关键技术应用、业务流程管理、客户市场开拓、团队文化建设等方面拥有丰厚积淀，通过各类信息技术项目的建设，提升了公司业务利用互联网平台与数据分析、智能化服务的能力。,数据治理,AIFT-168,ALS-0681,AI_ENGINEERING,MDAF0003634+AI_ENGINEERING,,,0,COMPANY,APPLIED,0.328967,0.3,0.3,1,数据治理,anchor未满足,600095.SH_湘财股份_2025_管理层讨论与分析.pdf,5,14,（三）具有金融科技基因和部分先发优势，与业务深度融合,正文,MDAF0003634,,AI_ENGINEERING,AI_ENGINEERING=0.3290/0.0329
CAND-00482,600446.SH,金证股份,2025,业务概要,2025年，金融科技行业面临复杂的外部环境，尽管行业整体呈现信创需求增加，人工智能等创新技术驱动业务变革的发展态势，但由于受宏观环境影响，下游金融机构客户IT 投入仍趋于保守，金融IT 公司仍面临较大增长压力。,人工智能,AIFT-001,ALS-0001,AI_GENERAL,MDAF0003644+AI_GENERAL,,,1,COMPANY,,0.444832,0.6,0.6,1,人工智能,,600446.SH_金证股份_2025_管理层讨论与分析.pdf,1,11,,正文,MDAF0003644,,AI_GENERAL,AI_GENERAL=0.4448/-0.0280
CAND-00483,600446.SH,金证股份,2025,业务概要,公司在AI 领域深入推进人工智能平台KOCA AI 的研发与应用，重点面向金融行业为投顾、营销、客服、风控等业务场景提供创新的智能产品及解决方案。,人工智能; AI,AIFT-001,ALS-0001; ALS-0002,AI_GENERAL,MDAF0003653+AI_GENERAL,,,1,COMPANY,APPLIED,0.536398,0.65,0.65,1,人工智能; AI,,600446.SH_金证股份_2025_管理层讨论与分析.pdf,2,12,（三）进一步实现AI 产品在应用端布局,正文,MDAF0003653,,AI_GENERAL,AI_GENERAL=0.5364/0.1188
CAND-00484,600446.SH,金证股份,2025,业务概要,同时，公司在AI Coding 领域开展实质性探索与实践，希望未来进一步提升产品研发效率和质量。,AI,AIFT-001,ALS-0002,AI_GENERAL,MDAF0003655+AI_GENERAL,,,1,COMPANY,R_AND_D,0.485465,0.65,0.65,1,AI,,600446.SH_金证股份_2025_管理层讨论与分析.pdf,2,12,（三）进一步实现AI 产品在应用端布局,正文,MDAF0003655,,AI_GENERAL,AI_GENERAL=0.4855/0.0502
CAND-00485,600446.SH,金证股份,2025,业务概要,在机构运营领域，产品线深度融合金证AI 生态，依托大模型应用平台KOCA AI 中枢构建智能体矩阵，通过任务规划引擎、多模态识别等技术，大幅提升开户、审核、数据分析等业务的效率。,AI; 智能体; 大模型,AIFT-001; AIFT-128,ALS-0002; ALS-0523; ANCHOR:大模型,AI_GENERAL; TECH_LLM,MDAF0003656+TECH_LLM,TECH_LLM,,1,UNKNOWN,APPLIED,0.495013,0.8,0.8,1,AI; 智能体; 大模型,,600446.SH_金证股份_2025_管理层讨论与分析.pdf,2,12,（三）进一步实现AI 产品在应用端布局,正文,MDAF0003656,,AI_GENERAL;TECH_LLM,TECH_LLM=0.4950/0.1539; AI_GENERAL=0.4592/0.0621
CAND-00486,600446.SH,金证股份,2025,业务概要,在财富管理领域，公司围绕FS2.5新一代核心交易系统，打造了业务百事通、智能领航员等多个智能体，通过检索专业知识库，大幅提升业务办理速度。,智能体,AIFT-128,ALS-0523,AI_GENERAL; TECH_LLM,MDAF0003657+TECH_LLM,TECH_LLM,,1,COMPANY,,0.541966,0.4,0.4,1,智能体,仅弱词无锚点,600446.SH_金证股份_2025_管理层讨论与分析.pdf,2,12,（三）进一步实现AI 产品在应用端布局,正文,MDAF0003657,,AI_GENERAL;TECH_LLM,TECH_LLM=0.5420/0.2171; AI_GENERAL=0.4477/0.0596
CAND-00487,600446.SH,金证股份,2025,业务概要,在资产管理领域，金证基于A8 新一代投资交易系统，构建了智能交易、智能风控等多个应用场景。,智能风控,AIFT-173,ALS-0701,PRODUCT_CREDIT,MDAF0003658+PRODUCT_CREDIT,,PRODUCT_CREDIT,0,UNKNOWN,APPLIED,0.421801,0.95,0.95,1,智能风控,,600446.SH_金证股份_2025_管理层讨论与分析.pdf,2,12,（三）进一步实现AI 产品在应用端布局,正文,MDAF0003658,,PRODUCT_CREDIT,PRODUCT_CREDIT=0.4218/0.1442
CAND-00488,600446.SH,金证股份,2025,业务概要,整体来看，公司已形成涵盖投资交易、数据治理、智能策略、运营管理及信创升级的完整资管科技能力矩阵，有力支撑金融机构数字化转型向纵深发展。,数据治理,AIFT-168,ALS-0681,AI_ENGINEERING,MDAF0003659+AI_ENGINEERING,,,0,COMPANY,R_AND_D,0.445142,0.3,0.3,1,数据治理,anchor未满足,600446.SH_金证股份_2025_管理层讨论与分析.pdf,2,12,（二）投资科技业务产品成熟度和竞争力得到提升,正文,MDAF0003659,,AI_ENGINEERING,AI_ENGINEERING=0.4451/0.0524
CAND-00489,600446.SH,金证股份,2025,业务概要,金证通过自主研发与生态合作，开发了代码大模型K-CODE，根据内部试用反馈，该模型能有效提升全场景下的开发效率。,大模型,,ANCHOR:大模型,TECH_LLM,MDAF0003660+TECH_LLM,TECH_LLM,,1,UNKNOWN,R_AND_D,0.432216,0.8,0.8,1,大模型,,600446.SH_金证股份_2025_管理层讨论与分析.pdf,2,12,（三）进一步实现AI 产品在应用端布局,正文,MDAF0003660,,TECH_LLM,TECH_LLM=0.4322/0.1099
CAND-00490,600446.SH,金证股份,2025,核心竞争力,在人工智能领域，公司自主研发金融领域特定场景大语言模型K-GPT、代码大模型K-CODE 及开发应用平台，推动技术创新和业务创新的双向赋能。,人工智能; 大语言模型; GPT; 大模型,AIFT-001; AIFT-111; AIFT-143,ALS-0001; ALS-0455; ALS-0583; ANCHOR:大模型,AI_GENERAL; TECH_LLM,MDAF0003667+TECH_LLM,TECH_LLM,,1,COMPANY,R_AND_D,0.510449,0.98,0.98,1,人工智能; 大语言模型; GPT; 大模型,,600446.SH_金证股份_2025_管理层讨论与分析.pdf,5,15,,正文,MDAF0003667,,AI_GENERAL;TECH_LLM,TECH_LLM=0.5104/0.0867; AI_GENERAL=0.4699/0.0786
CAND-00491,600570.SH,恒生电子,2025,业务概要,客服大模型实现客户服务全生命周期服务链路赋能，形成“接入-服务-受理-检查-分析-改进”的完整解决方案，完成11家新客户签约。,大模型,,ANCHOR:大模型,TECH_LLM,MDAF0003694+TECH_LLM,TECH_LLM,,1,UNKNOWN,COMMERCIAL,0.494101,0.8,0.8,1,大模型,,600570.SH_恒生电子_2025_管理层讨论与分析.pdf,1,9,1.财富科技服务板块主要为银行、证券、基金、信托、保险的财富管理业务提供科技服务，,正文,MDAF0003694,,TECH_LLM,TECH_LLM=0.4941/0.1057
CAND-00492,600570.SH,恒生电子,2025,业务概要,理财销售平台完成大模型智能柜台的首家落地，全行业自主可控加速推进，全年完成26家自主可控新客户签约和18家客户上线。,大模型,,ANCHOR:大模型,TECH_LLM,MDAF0003699+TECH_LLM,TECH_LLM,,1,UNKNOWN,COMMERCIAL,0.459002,0.8,0.8,1,大模型,,600570.SH_恒生电子_2025_管理层讨论与分析.pdf,1,9,1.财富科技服务板块主要为银行、证券、基金、信托、保险的财富管理业务提供科技服务，,正文,MDAF0003699,,TECH_LLM,TECH_LLM=0.4590/0.0793
CAND-00493,600570.SH,恒生电子,2025,业务概要,资产配置平台深度融合AI 大模型场景，推动财富管理向AI 智能驱动跨越，提供投研支持、智能配置、投后陪伴的全旅程财富规划服务，构建买方投顾整体解决方案，2025年资产配置平台完成20家新客户签约。,AI; 大模型,AIFT-001,ALS-0002; ANCHOR:大模型,AI_GENERAL; TECH_LLM,MDAF0003703+TECH_LLM,TECH_LLM,,1,UNKNOWN,COMMERCIAL,0.451355,0.8,0.8,1,AI; 大模型,,600570.SH_恒生电子_2025_管理层讨论与分析.pdf,1,9,1.财富科技服务板块主要为银行、证券、基金、信托、保险的财富管理业务提供科技服务，,正文,MDAF0003703,,AI_GENERAL;TECH_LLM,TECH_LLM=0.4514/0.1467; AI_GENERAL=0.4200/0.0813
CAND-00494,600570.SH,恒生电子,2025,业务概要,业务进展方面：一方面，聚源持续推进场景化智能应用升级，积极布局支撑各类AI 消费场景。,AI,AIFT-001,ALS-0002,AI_GENERAL,MDAF0003708+AI_GENERAL,,,1,UNKNOWN,APPLIED,0.459432,0.6,0.6,1,AI,,600570.SH_恒生电子_2025_管理层讨论与分析.pdf,2,10,5.数据服务业务板块主要由公司控股子公司恒生聚源为各类金融机构的数据智能化应用提供,正文,MDAF0003708,,AI_GENERAL,AI_GENERAL=0.4594/0.0590
CAND-00495,600570.SH,恒生电子,2025,业务概要,其中PB2.0 自主可控在多家头部券商完成竣工，产品竞争力进一步提升；程序化交易新规下，LDP 极速风控系统在多家券商上线，实现了合规性展业；量化算法服务客群进一步延伸至高净值用户，OPLUS 产品中标多家保险私募子公司。,程序化交易,AIFT-217,ALS-0880,PRODUCT_INVEST,MDAF0003711+PRODUCT_INVEST,,PRODUCT_INVEST,0,COMPANY,COMMERCIAL,0.393353,0.3,0.3,1,程序化交易,anchor未满足,600570.SH_恒生电子_2025_管理层讨论与分析.pdf,2,10,3.运营与机构科技服务板块主要包括运营管理科技服务、机构服务科技服务。其中运营管理,正文,MDAF0003711,,PRODUCT_INVEST,PRODUCT_INVEST=0.3934/-0.0504
CAND-00496,600570.SH,恒生电子,2025,业务概要,另一方面，始终持续提升基础数据质量，塑造数据产品竞争力，推进战略客户深度精细运营，达成市占率稳步提升。,数据质量,AIFT-170,ALS-0690,AI_ENGINEERING,MDAF0003712+AI_ENGINEERING,,,0,UNKNOWN,,0.401981,0.1,0.1,1,数据质量,anchor未满足；仅弱词无锚点,600570.SH_恒生电子_2025_管理层讨论与分析.pdf,2,10,5.数据服务业务板块主要由公司控股子公司恒生聚源为各类金融机构的数据智能化应用提供,正文,MDAF0003712,,AI_ENGINEERING,AI_ENGINEERING=0.4020/0.0338
CAND-00497,600570.SH,恒生电子,2025,业务概要,各类基础数据产品、智能投研产品。,智能投研,AIFT-215,ALS-0871,PRODUCT_INVEST,MDAF0003713+PRODUCT_INVEST,,PRODUCT_INVEST,0,UNKNOWN,,0.503331,0.9,0.9,1,智能投研,,600570.SH_恒生电子_2025_管理层讨论与分析.pdf,2,10,5.数据服务业务板块主要由公司控股子公司恒生聚源为各类金融机构的数据智能化应用提供,正文,MDAF0003713,,PRODUCT_INVEST,PRODUCT_INVEST=0.5033/0.0946
CAND-00498,600570.SH,恒生电子,2025,业务概要,基础数据产品涵盖金融数据(含权益数据、固收数据、大理财数据等）、投研数据、产业数据、行情数据、大模型数据服务、应用数据、数据运营服务。,大模型,,ANCHOR:大模型,TECH_LLM,MDAF0003714+TECH_LLM,TECH_LLM,,1,UNKNOWN,APPLIED,0.548056,0.8,0.8,1,大模型,,600570.SH_恒生电子_2025_管理层讨论与分析.pdf,2,10,5.数据服务业务板块主要由公司控股子公司恒生聚源为各类金融机构的数据智能化应用提供,正文,MDAF0003714,,TECH_LLM,TECH_LLM=0.5481/0.2014
CAND-00499,600570.SH,恒生电子,2025,业务概要,智能投研产品主要包括WarrenQ 智能投研平台、洞见一体化投研解决方案、智眸风险预警系统及小梵智能财富组件服务。,智能投研,AIFT-215,ALS-0871,PRODUCT_INVEST,MDAF0003719+PRODUCT_INVEST,,PRODUCT_INVEST,0,UNKNOWN,,0.517883,0.9,0.9,1,智能投研,,600570.SH_恒生电子_2025_管理层讨论与分析.pdf,2,10,5.数据服务业务板块主要由公司控股子公司恒生聚源为各类金融机构的数据智能化应用提供,正文,MDAF0003719,,PRODUCT_INVEST,PRODUCT_INVEST=0.5179/0.1244
CAND-00500,600570.SH,恒生电子,2025,业务概要,过去，数据库的设计初衷是服务于人类，未来数据的“主要消费者”可能主要是AI，因此我们要构建AI 友好型的数据库、AI 友好的数据MCP 订阅服务，提升AI 直接进行数据消费的效率与性价比。,AI,AIFT-001,ALS-0002,AI_GENERAL,MDAF0003723+AI_GENERAL,,,1,UNKNOWN,R_AND_D,0.3251,0.6,0.6,1,AI,,600570.SH_恒生电子_2025_管理层讨论与分析.pdf,2,10,5.数据服务业务板块主要由公司控股子公司恒生聚源为各类金融机构的数据智能化应用提供,正文,MDAF0003723,,AI_GENERAL,AI_GENERAL=0.3251/-0.0184
CAND-00501,600570.SH,恒生电子,2025,核心竞争力,公司持续优化客户服务体系，面向客户同时提供产品化和个性化服务，并依托专业的服务团队和完善的支持体系，通过专家1 对1 的服务和统一知识服务平台，沉淀经验，结合大模型技术应用，提升主动服务能力，确保客户在使用公司产品和服务时获得最佳体验。,大模型,,ANCHOR:大模型,TECH_LLM,MDAF0003734+TECH_LLM,TECH_LLM,,1,COMPANY,APPLIED,0.399819,0.85,0.85,1,大模型,,600570.SH_恒生电子_2025_管理层讨论与分析.pdf,5,13,客户满意度,正文,MDAF0003734,,TECH_LLM,TECH_LLM=0.3998/0.0973
CAND-00502,600570.SH,恒生电子,2025,核心竞争力,"公司持续推进产品能力升级，围绕""客户成功、质量可靠、好用易用、生态开放、技术领先、成本优势""六大维度全面提升产品竞争力，尤其在产品研发方面，利用AI+Code不断提效。",AI,AIFT-001,ALS-0002,AI_GENERAL,MDAF0003735+AI_GENERAL,,,1,COMPANY,R_AND_D,0.338342,0.65,0.65,1,AI,,600570.SH_恒生电子_2025_管理层讨论与分析.pdf,5,13,产品竞争力,正文,MDAF0003735,,AI_GENERAL,AI_GENERAL=0.3383/-0.0034
CAND-00503,600864.SH,哈投股份,2025,业务概要,公司围绕资本市场改革方向，坚持党建引领，顺应证券行业发展趋势，结合自身主营业务实际情况，致力于夯实专业，通过文化建设形成公司发展的“软实力”，以数智化转型为业务发展注入新动力，全面升级公司“四位一体”内控机制为业务发展提供坚实保障，聚焦主业，融入AI，促进经纪业务、投行业务、自营业务、资管业务和信用业务转型升级。,AI,AIFT-001,ALS-0002,AI_GENERAL,MDAF0003947+AI_GENERAL,,,1,COMPANY,BACKGROUND,0.387376,0.65,0.0,1,AI,BACKGROUND保留不计分,600864.SH_哈投股份_2025_管理层讨论与分析.pdf,5,13,（5）主要业绩驱动因素,正文,MDAF0003947,,AI_GENERAL,AI_GENERAL=0.3874/0.0004
CAND-00504,600906.SH,财达证券,2025,核心竞争力,4月19日，公司联合河北雄安新区科学园管委会等单位，主办2025 雄安人工智能与产业创新发展交流会，聚焦人工智能技术前沿与产业变革趋势，为新区科技创新与产业升级搭建交流平台；5月29日，公司赴雄安新区开展“金融赋能区县行”系列活动暨企业上市培训交流会，就企业上市路径、资本运作、合规治理等开展专题授课，多维度、全方位对接新区企业发展需求，以专业金融服务助力雄安新区企业更好对接资本市场；11月14日，公司在北京市丰台区人民政府、河北省国资委和河北省金融委指导下，主办第九届雄安新区投融资发展论坛，搭建了政金企交流对接平台，就“‘十五五’展望：金融赋能与新质生产力培育”展开研讨，为新区投融资体系完善与产业发展汇聚智慧力量。,人工智能; 人工智能技术,AIFT-001,ALS-0001; ALS-0004,AI_GENERAL,MDAF0004004+AI_GENERAL,,,1,COMPANY,R_AND_D,0.362003,0.65,0.65,1,人工智能; 人工智能技术,,600906.SH_财达证券_2025_管理层讨论与分析.pdf,14,41,2、推进京津冀协同发展和高标准高质量建设雄安新区，为公司发展创造了千载难逢的重大历,正文,MDAF0004004,,AI_GENERAL,AI_GENERAL=0.3620/0.0748
CAND-00505,600906.SH,财达证券,2025,核心竞争力,一是不断创新并优化迭代股市通APP、理财师等产品，逐步将大模型能力融入业务场景，使投资者能够更便捷、高效地开展投资活动，构建全场景数字化服务矩阵以及数智化对客服务平台。,大模型,,ANCHOR:大模型,TECH_LLM,MDAF0004014+TECH_LLM,TECH_LLM,,1,UNKNOWN,R_AND_D,0.422419,0.8,0.8,1,大模型,,600906.SH_财达证券_2025_管理层讨论与分析.pdf,15,42,（四）全方位赋能的金融科技水平,正文,MDAF0004014,,TECH_LLM,TECH_LLM=0.4224/0.0943
CAND-00506,600906.SH,财达证券,2025,核心竞争力,二是持续打造“看、管、办”一体化的智能风控平台，实现纵向穿透、横向互联的风控体系，有效提升风险管控能力。,智能风控,AIFT-173,ALS-0701,PRODUCT_CREDIT,MDAF0004016+PRODUCT_CREDIT,,PRODUCT_CREDIT,0,UNKNOWN,,0.540712,0.9,0.9,1,智能风控,,600906.SH_财达证券_2025_管理层讨论与分析.pdf,15,42,（四）全方位赋能的金融科技水平,正文,MDAF0004016,,PRODUCT_CREDIT,PRODUCT_CREDIT=0.5407/0.1428
CAND-00507,600906.SH,财达证券,2025,核心竞争力,五是持续推进数据治理，实现数据治理全域化、数字资产标准化，夯实数字化底座，为数据资产入表做好准备。,数据治理,AIFT-168,ALS-0681,AI_ENGINEERING,MDAF0004017+AI_ENGINEERING,,,0,UNKNOWN,WEAK_GENERIC,0.305238,0.1,0.1,1,数据治理,anchor未满足；仅弱词无锚点,600906.SH_财达证券_2025_管理层讨论与分析.pdf,15,42,（四）全方位赋能的金融科技水平,正文,MDAF0004017,,AI_ENGINEERING,AI_ENGINEERING=0.3052/-0.0306
CAND-00508,600906.SH,财达证券,2025,核心竞争力,全面推行“职业经理人”制度，公开选聘包括总经理在内的多个领导岗位，经理层成员任期制和契约化管理签约率均达到100%；考核薪酬体系迭代升级，业务条线过程考核严格执行，“业绩、薪酬与市场双对标”考核指标启动实施，“阶梯式”薪酬规则及多元分配结构精准落地，考核的“指挥棒”作用充分释放；人才强企战略纵深推进，紧扣“存量”人才提质增效，坚持择优选拔、梯次储备，中层后备管理人员脱颖而出，成为公司行稳致远的宝贵财富；主动适应数字化转型叠加AI 浪潮，财达特色数字化运营格局初步成型，为公司业务发展、经营管理、客户服务加上了智慧引擎。,AI,AIFT-001,ALS-0002,AI_GENERAL,MDAF0004018+AI_GENERAL,,,1,COMPANY,COMMERCIAL,0.334825,0.65,0.65,1,AI,,600906.SH_财达证券_2025_管理层讨论与分析.pdf,15,42,（三）具有市场竞争力的改革举措落地见效，为深入推进核心业务转型升级高质量发展提供,正文,MDAF0004018,,AI_GENERAL,AI_GENERAL=0.3348/0.0101
CAND-00509,600906.SH,财达证券,2025,核心竞争力,四是持续推进RPA 在财务、存管等业务场景落地，大幅降低人工操作量、提升处理效率、减少操作风险。,RPA,AIFT-257,ALS-1040,APP_INTERNAL,MDAF0004020+APP_INTERNAL,,,0,UNKNOWN,APPLIED,0.376868,0.25,0.25,1,RPA,anchor未满足,600906.SH_财达证券_2025_管理层讨论与分析.pdf,15,42,（四）全方位赋能的金融科技水平,正文,MDAF0004020,,APP_INTERNAL,APP_INTERNAL=0.3769/-0.1611
CAND-00510,600928.SH,西安银行,2025,业务概要,二是强化贷后管理，迭代升级智能风控预警体系，实现对风险信号的早识别、早预警、早干预，全面提升风险管控精度与处置效率。,智能风控,AIFT-173,ALS-0701,PRODUCT_CREDIT,MDAF0004116+PRODUCT_CREDIT,,PRODUCT_CREDIT,0,UNKNOWN,R_AND_D,0.61799,0.95,0.95,1,智能风控,,600928.SH_西安银行_2025_管理层讨论与分析.pdf,24,24,3.细化管理，严守资产质量生命线。秉持审慎经营理念，将全面风险管理,正文,MDAF0004116,,PRODUCT_CREDIT,PRODUCT_CREDIT=0.6180/0.2406
CAND-00511,600928.SH,西安银行,2025,核心竞争力,修订相关管理制度，建立人员行为管理体系，加强法律合同审查机制建设，持续夯实合规管理基础，筑牢合规经营防线。,合同审查,AIFT-247,ALS-1000,PRODUCT_FINANCE,MDAF0004139+PRODUCT_FINANCE,,PRODUCT_FINANCE,0,UNKNOWN,,0.481119,0.9,0.9,1,合同审查,,600928.SH_西安银行_2025_管理层讨论与分析.pdf,28,28,（三）风险合规稳健审慎,正文,MDAF0004139,,PRODUCT_FINANCE,PRODUCT_FINANCE=0.4811/0.0409
CAND-00512,600928.SH,西安银行,2025,核心竞争力,通过产品、营销、风控、合规线上化，提升业务运转效率；依托手机银行平台，聚焦客户高频需求，探索“千人千面”精准服务与智能AI 应用，打造“金融+生活”一体化的高粘性综合服务平台，实现业务增长与客户体验的双重提升。,AI,AIFT-001,ALS-0002,AI_GENERAL,MDAF0004147+AI_GENERAL,,,1,UNKNOWN,APPLIED,0.45042,0.6,0.6,1,AI,,600928.SH_西安银行_2025_管理层讨论与分析.pdf,28,28,（四）数智驱动业务提质,正文,MDAF0004147,,AI_GENERAL,AI_GENERAL=0.4504/-0.0059
CAND-00513,601059.SH,信达证券,2025,核心竞争力,公司持续强化合规检查、合规监测等管理手段，推进反洗钱、员工投资行为管理等系统的升级改造；推进风险管理系统建设，健全优化内部评级管理体系，持续推进业务覆盖范围，持续完善同一客户同一业务数据质量，风险管理水平不断提高。,数据质量,AIFT-170,ALS-0690,AI_ENGINEERING,MDAF0004158+AI_ENGINEERING,,,0,COMPANY,R_AND_D,0.422191,0.3,0.3,1,数据质量,anchor未满足,601059.SH_信达证券_2025_管理层讨论与分析.pdf,6,30,（四）合规风控夯实,正文,MDAF0004158,,AI_ENGINEERING,AI_ENGINEERING=0.4222/0.0355
CAND-00514,601166.SH,兴业银行,2025,核心竞争力,公司坚持走市场化、差异化、加大科技资源投入，实施科技人才万人计划，深化科技、综合化经营发展道路，在多个细分业务领域打造新产品、数据、业务融合，统筹实施分布式核心建设工程，有序实施“新城建设”“旧城改造”，前瞻布局AI、云原生等前沿领新业务，开辟属于自己的蓝海，形成鲜明的经营特色。,AI,AIFT-001,ALS-0002,AI_GENERAL,MDAF0004287+AI_GENERAL,,,1,COMPANY,ATTENTION,0.376383,0.6,0.24,1,AI,,601166.SH_兴业银行_2025_管理层讨论与分析.pdf,20,20,,正文,MDAF0004287,,AI_GENERAL,AI_GENERAL=0.3764/0.0609
CAND-00515,601166.SH,兴业银行,2025,核心竞争力,域，开展“人工智能+”行动，开启从“数字兴业”到“智慧兴坚定将绿色金融作为集团战略核心业务，并前瞻性升级为ESG理念，率先将可持续发展提升到企业战略和公司治业”的新征程。,人工智能,AIFT-001,ALS-0001,AI_GENERAL,MDAF0004291+AI_GENERAL,,,1,COMPANY,R_AND_D,0.433442,0.65,0.65,1,人工智能,,601166.SH_兴业银行_2025_管理层讨论与分析.pdf,20,20,,正文,MDAF0004291,,AI_GENERAL,AI_GENERAL=0.4334/0.0027
CAND-00516,601456.SH,国联民生,2025,业务概要,同时，通过技术升级与策略优化提升业务竞争力，对冲市场波动与佣金率变化风险。,策略优化,AIFT-029,ALS-0119,TECH_RL,MDAF0004343+TECH_RL,TECH_RL,,1,UNKNOWN,R_AND_D,0.446658,0.8,0.8,1,策略优化,,601456.SH_国联民生_2025_管理层讨论与分析.pdf,1,33,2026年展望,正文,MDAF0004343,,TECH_RL,TECH_RL=0.4467/0.0852
CAND-00517,601456.SH,国联民生,2025,业务概要,首先，组织架构与能力建设取得突破：公司研究所成功整合形成超过30支专业研究团队与多支销售团队的立体化架构，并设有“人工智能研究院”“人形机器人研究院”等前沿领域特色研究单元，实现了人员、专业与领域经验的互补优势。,人工智能; 智能研究,AIFT-001; AIFT-215,ALS-0001; ALS-0873,AI_GENERAL; PRODUCT_INVEST,MDAF0004353+PRODUCT_INVEST,,PRODUCT_INVEST,1,COMPANY,COMMERCIAL,0.404996,0.98,0.98,1,人工智能; 智能研究,,601456.SH_国联民生_2025_管理层讨论与分析.pdf,1,33,2、研究业务,正文,MDAF0004353,,AI_GENERAL;PRODUCT_INVEST,AI_GENERAL=0.4050/0.0881; PRODUCT_INVEST=0.3146/-0.0106
CAND-00518,601456.SH,国联民生,2025,业务概要,五是科技赋能研究创新，将人工智能技术全面融入研究全流程，大幅提升研究效率与决策支持能力，塑造面向未来的核心竞争力。,人工智能; 人工智能技术,AIFT-001,ALS-0001; ALS-0004,AI_GENERAL,MDAF0004361+AI_GENERAL,,,1,UNKNOWN,WEAK_GENERIC,0.342702,0.55,0.55,1,人工智能; 人工智能技术,,601456.SH_国联民生_2025_管理层讨论与分析.pdf,2,34,2、研究业务,正文,MDAF0004361,,AI_GENERAL,AI_GENERAL=0.3427/0.0610
CAND-00519,601456.SH,国联民生,2025,业务概要,金融科技与人工智能等前沿技术深度融合，全面赋能投研、风控及客户服务等核心环节，驱动行业向更高效、智能、数字化方向演进。,人工智能,AIFT-001,ALS-0001,AI_GENERAL,MDAF0004416+AI_GENERAL,,,1,UNKNOWN,WEAK_GENERIC,0.546754,0.55,0.55,1,人工智能,,601456.SH_国联民生_2025_管理层讨论与分析.pdf,5,37,市场环境,正文,MDAF0004416,,AI_GENERAL,AI_GENERAL=0.5468/-0.0104
CAND-00520,601456.SH,国联民生,2025,业务概要,国家人工智能产业基金、创业投资引导基金等国家级大基金密集落地，撬动社会资本聚焦硬科技领域。,人工智能,AIFT-001,ALS-0001,AI_GENERAL,MDAF0004434+AI_GENERAL,,,1,UNKNOWN,APPLIED,0.303269,0.6,0.6,1,人工智能,,601456.SH_国联民生_2025_管理层讨论与分析.pdf,7,39,市场环境,正文,MDAF0004434,,AI_GENERAL,AI_GENERAL=0.3033/0.0309
CAND-00521,601456.SH,国联民生,2025,业务概要,行业上来看，总体呈现普涨格局，其中以产品涨价为特点的有色金属和以AIDC（人工智能数据中心）建设推动的通信、电子等板块涨幅显著，而红利板块如公用事业、煤炭等板块整体表现较弱。,人工智能,AIFT-001,ALS-0001,AI_GENERAL,MDAF0004473+AI_GENERAL,,,1,UNKNOWN,,0.323083,0.55,0.55,1,人工智能,,601456.SH_国联民生_2025_管理层讨论与分析.pdf,9,41,市场环境,正文,MDAF0004473,,AI_GENERAL,AI_GENERAL=0.3231/-0.0399
CAND-00522,601456.SH,国联民生,2025,业务概要,2025年，中国VC/PE 市场热门行业主要聚集于电子信息、先进制造和医疗健康行业等，细分领域下，半导体、人工智能占据市场主要地位。,人工智能,AIFT-001,ALS-0001,AI_GENERAL,MDAF0004474+AI_GENERAL,,,1,UNKNOWN,,0.275255,0.55,0.55,1,人工智能,,601456.SH_国联民生_2025_管理层讨论与分析.pdf,10,42,市场环境,正文,MDAF0004474,,AI_GENERAL,AI_GENERAL=0.2753/-0.0065
CAND-00523,601456.SH,国联民生,2025,业务概要,固定收益业务方面，公司将继续强化以做市交易为核心的优势，完善多品种做市模型；积极推动策略多元化，布局宏观对冲策略；全力拓展场外衍生品业务，构建FICC 综合服务能力；依托新获资质拓展承销业务，推动销售团队为客户提供一站式综合服务；推动固收业务系统升级，深化AI（人工智能）技术应用，加强金融科技对固收业务的赋能，持续提升做市交易和客户服务能力。,人工智能; AI,AIFT-001,ALS-0001; ALS-0002,AI_GENERAL,MDAF0004480+AI_GENERAL,,,1,COMPANY,COMMERCIAL,0.381089,0.65,0.65,1,人工智能; AI,,601456.SH_国联民生_2025_管理层讨论与分析.pdf,10,42,2026年展望,正文,MDAF0004480,,AI_GENERAL,AI_GENERAL=0.3811/0.0680
CAND-00524,601788.SH,光大证券,2025,核心竞争力,致力于构建以用户和场景为中心的一体化数字金融服务体系，深化大数据、人工智能等技术与业务融合，积极探索AI 与大模型在客户服务、运营优化等领域的应用，持续加强网络与信息安全体系建设，夯实数字化发展的稳固基石。,人工智能; AI; 大模型,AIFT-001,ALS-0001; ALS-0002; ANCHOR:大模型,AI_GENERAL; TECH_LLM,MDAF0004565+TECH_LLM,TECH_LLM,,1,UNKNOWN,APPLIED,0.472974,0.8,0.8,1,人工智能; AI; 大模型,,601788.SH_光大证券_2025_管理层讨论与分析.pdf,10,25,（五）科技赋能驱动，构筑数字金融新优势,正文,MDAF0004565,,AI_GENERAL;TECH_LLM,AI_GENERAL=0.4730/-0.0145; TECH_LLM=0.4404/0.0495
CAND-00525,601860.SH,紫金银行,2025,核心竞争力,依托大数据风控技术不断探索智能风控，重点就信用风险、市场风险、流动性风险、操作风险等风险领域防范力量进行强化巩固，进一步完善全面风险管理机制。,智能风控,AIFT-173,ALS-0701,PRODUCT_CREDIT,MDAF0004646+PRODUCT_CREDIT,,PRODUCT_CREDIT,0,UNKNOWN,,0.556261,0.9,0.9,1,智能风控,,601860.SH_紫金银行_2025_管理层讨论与分析.pdf,2,14,（四）强化全面风险管理。公司已建成全面风险控制体系，制定风险偏好、风险限额体系，,正文,MDAF0004646,,PRODUCT_CREDIT,PRODUCT_CREDIT=0.5563/0.1097
CAND-00526,601860.SH,紫金银行,2025,核心竞争力,聚焦营销展业、合规风控与内部运营的数字化转型，通过数据治理、数据共享、数据可视化应用释放数据要素潜能，通过数据中台、营销中台、风控中台激发数字化经营动能，通过线上渠道创新与智慧厅堂实现渠道融合发展，通过人工智能与RPA 技术提升内部管理运营效率。,人工智能; 数据治理; RPA,AIFT-001; AIFT-168; AIFT-257,ALS-0001; ALS-0681; ALS-1040,AI_ENGINEERING; AI_GENERAL; APP_INTERNAL,MDAF0004654+AI_ENGINEERING,,,1,UNKNOWN,APPLIED,0.410083,0.6,0.6,1,人工智能; 数据治理; RPA,,601860.SH_紫金银行_2025_管理层讨论与分析.pdf,2,14,（五）金融科技持续赋能。公司积极推进数字化转型，坚持以数据驱动营销，以技术提升服,正文,MDAF0004654,,AI_ENGINEERING;AI_GENERAL;APP_INTERNAL,AI_ENGINEERING=0.4101/0.0877; AI_GENERAL=0.3438/-0.0625; APP_INTERNAL=0.3415/0.0074
CAND-00527,603093.SH,南华期货,2025,核心竞争力,公司推出南华投研通、南华研究小程序等服务载体，上线NHTD5 系统，有效支撑相关业务高效开展；同时，打造新一代智能化数据底座与AI 大模型底座，实现数据治理、开发与应用的良性循环，推动大模型在多个业务场景落地应用。,AI; 数据治理; 大模型,AIFT-001; AIFT-168,ALS-0002; ALS-0681; ANCHOR:大模型,AI_ENGINEERING; AI_GENERAL; TECH_LLM,MDAF0004736+TECH_LLM,TECH_LLM,,1,COMPANY,APPLIED,0.434164,0.85,0.85,1,AI; 数据治理; 大模型,,603093.SH_南华期货_2025_管理层讨论与分析.pdf,7,27,（五）金融科技深度赋能，驱动业务高效创新发展,正文,MDAF0004736,,AI_ENGINEERING;AI_GENERAL;TECH_LLM,AI_GENERAL=0.4342/0.1626; TECH_LLM=0.4199/0.0617; AI_ENGINEERING=0.4118/0.0809
CAND-00528,603093.SH,南华期货,2025,核心竞争力,结合2025年期货行业数字化转型趋势，公司优化升级金融科技发展战略，坚守“以云计算为基础、以数据治理为抓手、以自研创新为主要手段、以智能化为目标”的核心导向，持续推进业务创新与技术创新双轮驱动，将科技赋能贯穿各业务全流程，助力提升服务效率与产品竞争力，更好满足境内外多元客户的差异化需求。,数据治理,AIFT-168,ALS-0681,AI_ENGINEERING,MDAF0004741+AI_ENGINEERING,,,0,COMPANY,R_AND_D,0.369484,0.3,0.3,1,数据治理,anchor未满足,603093.SH_南华期货_2025_管理层讨论与分析.pdf,7,27,（五）金融科技深度赋能，驱动业务高效创新发展,正文,MDAF0004741,,AI_ENGINEERING,AI_ENGINEERING=0.3695/0.1013
CAND-00529,603123.SH,翠微股份,2025,核心竞争力,基于较强的大数据治理能力，海科融通前瞻性布局AI 技术研发，通过“智能支付+”创新服务体系构建行业生态：以人工智能为核心驱动力，深度整合AI 大模型技术能力，全面赋能公司业务向数字支付领域转型。,人工智能; AI; 数据治理; 智能支付; 大模型,AIFT-001; AIFT-168; AIFT-238,ALS-0001; ALS-0002; ALS-0681; ALS-0963; ANCHOR:大模型,AI_ENGINEERING; AI_GENERAL; PRODUCT_PAYMENT; TECH_LLM,MDAF0004803+TECH_LLM,TECH_LLM,PRODUCT_PAYMENT,1,COMPANY,R_AND_D,0.459353,0.85,0.85,1,人工智能; AI; 数据治理; 智能支付; 大模型,,603123.SH_翠微股份_2025_管理层讨论与分析.pdf,5,16,5、技术优势。海科融通核心技术拥有完全自主知识产权，有159项软件著作权和6项专利授,正文,MDAF0004803,,AI_ENGINEERING;AI_GENERAL;PRODUCT_PAYMENT;TECH_LLM,AI_ENGINEERING=0.4594/0.1794; AI_GENERAL=0.4545/0.0067; TECH_LLM=0.4472/0.0868; PRODUCT_PAYMENT=0.4310/0.0171
CAND-00530,603171.SH,税友股份,2025,业务概要,AI 原生技术及产品创新上，公司依托“犀友”垂直大模型推出财赢Agentic数智工场，以“人机协同”的形式重新定义财税实务、合规税优及财经管理三层价值体系结果交付机制，帮助财税从业者由传统财税作业执行者，转变为风险管控、客户运营与高价值服务转化的核心专业角色，实现职业价值与服务定位的双重升维。,AI; 垂直大模型; 大模型,AIFT-001; AIFT-115,ALS-0002; ALS-0472; ANCHOR:大模型,AI_GENERAL; TECH_LLM,MDAF0004814+TECH_LLM,TECH_LLM,,1,COMPANY,COMMERCIAL,0.481299,0.85,0.85,1,AI; 垂直大模型; 大模型,,603171.SH_税友股份_2025_管理层讨论与分析.pdf,1,12,,正文,MDAF0004814,,AI_GENERAL;TECH_LLM,TECH_LLM=0.4813/0.2096; AI_GENERAL=0.3814/0.0115
CAND-00531,603171.SH,税友股份,2025,业务概要,依托AI 业务商业化落地，公司在报告期内实现经营业绩稳健增长、盈利能力持续改善，整体经营呈现高质量发展态势。,AI,AIFT-001,ALS-0002,AI_GENERAL,MDAF0004815+AI_GENERAL,,,1,COMPANY,APPLIED,0.457832,0.65,0.65,1,AI,,603171.SH_税友股份_2025_管理层讨论与分析.pdf,1,12,,正文,MDAF0004815,,AI_GENERAL,AI_GENERAL=0.4578/0.0591
CAND-00532,603171.SH,税友股份,2025,业务概要,在数字政务业务方面，公司致力于由传统的软件研发与运维服务商向财税大模型数智服务商转型，依托“人工智能+数据服务”帮助政务领域客户实现从“管理”到“治理”的智能化升级。,人工智能; 大模型,AIFT-001,ALS-0001; ANCHOR:大模型,AI_GENERAL; TECH_LLM,MDAF0004818+TECH_LLM,TECH_LLM,,1,COMPANY,R_AND_D,0.401828,0.85,0.85,1,人工智能; 大模型,,603171.SH_税友股份_2025_管理层讨论与分析.pdf,1,12,,正文,MDAF0004818,,AI_GENERAL;TECH_LLM,AI_GENERAL=0.4018/-0.0262; TECH_LLM=0.3905/0.0575
CAND-00533,603171.SH,税友股份,2025,业务概要,在数智财税业务方面，亿企赢依托财税AIBM 生态平台构建与原生AI 产品创新，推动行业服务价值升维，为平台与行业打开长期成长空间。,AI,AIFT-001,ALS-0002,AI_GENERAL,MDAF0004819+AI_GENERAL,,,1,UNKNOWN,R_AND_D,0.373699,0.6,0.6,1,AI,,603171.SH_税友股份_2025_管理层讨论与分析.pdf,1,12,,正文,MDAF0004819,,AI_GENERAL,AI_GENERAL=0.3737/0.0329
CAND-00534,603171.SH,税友股份,2025,业务概要,报告期内，亿企赢平台进一步巩固了竞争壁垒与生态用户黏性，AI 业务驱动收入结构向高价值服务升级，公司数智财税业务实现营业收入13.2亿元，较上年同期增长12%，其中AI 产品及业务实现回款4.21亿元，占数智财税业务2025年度回款28%，较上年同期增长60%；报告期末，数智财税业务合同负债8.05亿元，较上年期末增长21%，未来收入可持续性持续提升。,AI,AIFT-001,ALS-0002,AI_GENERAL,MDAF0004820+AI_GENERAL,,,1,COMPANY,R_AND_D,0.365767,0.65,0.65,1,AI,,603171.SH_税友股份_2025_管理层讨论与分析.pdf,1,12,,正文,MDAF0004820,,AI_GENERAL,AI_GENERAL=0.3658/0.0582
CAND-00535,603171.SH,税友股份,2025,业务概要,报告期内，公司数字政务基于AI 驱动经营策略从“规模导向”转向“战略与效益导向”，聚焦高价值项目、强化全流程闭环管理，持续推动经营质效提升，业务盈利指标显著改善、核心壁垒持续加固，实现营业收入7.3亿元，毛利率较上年提升7%。,AI,AIFT-001,ALS-0002,AI_GENERAL,MDAF0004822+AI_GENERAL,,,1,COMPANY,,0.392352,0.6,0.6,1,AI,,603171.SH_税友股份_2025_管理层讨论与分析.pdf,1,12,,正文,MDAF0004822,,AI_GENERAL,AI_GENERAL=0.3924/0.0329
CAND-00536,603171.SH,税友股份,2025,业务概要,报告期内，公司紧扣“开创数智化高价值财税服务新时代”发展愿景，以“人工智能+场景落地+生态协同”为发展路径，坚定推进AIBM （数智化商业管理）战略落地实施。,人工智能,AIFT-001,ALS-0001,AI_GENERAL,MDAF0004823+AI_GENERAL,,,1,COMPANY,APPLIED,0.438979,0.65,0.65,1,人工智能,,603171.SH_税友股份_2025_管理层讨论与分析.pdf,1,12,,正文,MDAF0004823,,AI_GENERAL,AI_GENERAL=0.4390/0.0894
CAND-00537,603171.SH,税友股份,2025,业务概要,以财税原生AI 技术创新为财税服务行业提供实现全链路数智化提效与价值升级，同时为终端企业提供合规、高效、可感知的一站式财税解决方案，成为行业价值重构的核心引擎。,AI,AIFT-001,ALS-0002,AI_GENERAL,MDAF0004826+AI_GENERAL,,,1,UNKNOWN,R_AND_D,0.352608,0.6,0.6,1,AI,,603171.SH_税友股份_2025_管理层讨论与分析.pdf,2,13,（1）数智财税服务平台,正文,MDAF0004826,,AI_GENERAL,AI_GENERAL=0.3526/-0.0472
CAND-00538,603171.SH,税友股份,2025,业务概要,数智工场AI 产品不仅致力于提升行业效率，更旨在重构从服务内容、交付方式到商业模式的完整价值链，引领行业迈向“专业驱动、生态共赢”的新时代。,AI,AIFT-001,ALS-0002,AI_GENERAL,MDAF0004828+AI_GENERAL,,,1,UNKNOWN,COMMERCIAL,0.409872,0.6,0.6,1,AI,,603171.SH_税友股份_2025_管理层讨论与分析.pdf,2,13,（1）数智财税服务平台,正文,MDAF0004828,,AI_GENERAL,AI_GENERAL=0.4099/-0.0015
CAND-00539,603171.SH,税友股份,2025,业务概要,公司依托“犀友”人工智能平台，构建垂域大模型、垂域知识中心、垂域AI 产品生态，更好地为客户提供数据价值服务，提升政府治理效率。,人工智能; AI; 大模型,AIFT-001,ALS-0001; ALS-0002; ANCHOR:大模型,AI_GENERAL; TECH_LLM,MDAF0004841+TECH_LLM,TECH_LLM,,1,COMPANY,R_AND_D,0.455476,0.85,0.85,1,人工智能; AI; 大模型,,603171.SH_税友股份_2025_管理层讨论与分析.pdf,4,15,（2）数据价值服务开拓,正文,MDAF0004841,,AI_GENERAL;TECH_LLM,TECH_LLM=0.4555/0.1353; AI_GENERAL=0.4281/0.0926
CAND-00540,603171.SH,税友股份,2025,业务概要,①税务智能体应用开发中办、国办《关于进一步深化税收征管改革的意见》要求充分运用大数据、云计算、人工智能、移动互联网等现代信息技术，加快推进智慧税务建设，2025年实现税务执法、服务、监管与大数据智能化应用深度融合、高效联动、全面升级。,人工智能; 智能体,AIFT-001; AIFT-128,ALS-0001; ALS-0523,AI_GENERAL,MDAF0004850+AI_GENERAL,,,1,UNKNOWN,R_AND_D,0.37301,0.6,0.6,1,人工智能; 智能体,,603171.SH_税友股份_2025_管理层讨论与分析.pdf,5,16,（3）数字政务大模型应用及信创化建设,正文,MDAF0004850,,AI_GENERAL,AI_GENERAL=0.3730/0.0401
CAND-00541,603171.SH,税友股份,2025,业务概要,②在非税客户市场：公司积极拓展非税业务，通过持续的业务研究和数据服务，入围人社部数据治理服务项目，在辅助人社部门提升数字化水平上逐步发挥专业能力价值；为地方财政组织收入提供高价值的数据服务产品，在综合治税和成品油分析监控方面的数字政府市场开拓上取得突破，与云南、新疆、广西、浙江、上海等多个区域落地项目合作。,数据治理,AIFT-168,ALS-0681,AI_ENGINEERING,MDAF0004851+AI_ENGINEERING,,,0,COMPANY,APPLIED,0.331214,0.3,0.3,1,数据治理,anchor未满足,603171.SH_税友股份_2025_管理层讨论与分析.pdf,5,16,（2）数据价值服务开拓,正文,MDAF0004851,,AI_ENGINEERING,AI_ENGINEERING=0.3312/0.0021
CAND-00542,603171.SH,税友股份,2025,业务概要,一方面，公司构建垂直领域的“Harness”（约束反馈系统）持续对“犀友”人工智能平台底层的财税垂域大模型进行迭代升级，以满足财税领域知识专业性强、确定性推理要求高等需求。,人工智能; 大模型,AIFT-001,ALS-0001; ANCHOR:大模型,AI_GENERAL; TECH_LLM,MDAF0004852+TECH_LLM,TECH_LLM,,1,COMPANY,R_AND_D,0.438,0.85,0.85,1,人工智能; 大模型,,603171.SH_税友股份_2025_管理层讨论与分析.pdf,5,16,（3）数字政务大模型应用及信创化建设,正文,MDAF0004852,,AI_GENERAL;TECH_LLM,TECH_LLM=0.4380/0.1205; AI_GENERAL=0.3863/0.0752
CAND-00543,603171.SH,税友股份,2025,业务概要,公司通过打造“犀友”人工智能平台，围绕垂域模型建设和智能体应用两方面持续进行升级开发，通过“大模型矩阵+智能体矩阵”的深度积累与政策理解能力，构建垂直场景人工智能应用的护城河。,人工智能; 智能体; 大模型,AIFT-001; AIFT-128,ALS-0001; ALS-0523; ANCHOR:大模型,AI_GENERAL; TECH_LLM,MDAF0004853+TECH_LLM,TECH_LLM,,1,COMPANY,APPLIED,0.457472,0.85,0.85,1,人工智能; 智能体; 大模型,,603171.SH_税友股份_2025_管理层讨论与分析.pdf,5,16,（3）数字政务大模型应用及信创化建设,正文,MDAF0004853,,AI_GENERAL;TECH_LLM,AI_GENERAL=0.4575/0.0931; TECH_LLM=0.4278/0.0758
CAND-00544,603171.SH,税友股份,2025,业务概要,其核心是在通用大模型的基础上，解决以下三大难题：一是通用大模型缺乏高质量的财税实务及行业认知知识，容易导致答非所问；二是通用大模型存在幻觉、推理能力不足等问题，与依法治税对确定性推理的刚性要求存在重大矛盾，导致回答不可用；三是通用大模型迭代更新速度快，财税大模型需具备快速适配的能力。,大模型,,ANCHOR:大模型,TECH_LLM,MDAF0004854+TECH_LLM,TECH_LLM,,1,UNKNOWN,R_AND_D,0.47027,0.8,0.8,1,大模型,,603171.SH_税友股份_2025_管理层讨论与分析.pdf,5,16,（3）数字政务大模型应用及信创化建设,正文,MDAF0004854,,TECH_LLM,TECH_LLM=0.4703/0.1157
CAND-00545,603171.SH,税友股份,2025,业务概要,目前公司已凭借数据治理、数据资产管理以及税收风险类应用等方面的积累，成为我国税费数据要素应用的领先企业。,数据治理,AIFT-168,ALS-0681,AI_ENGINEERING,MDAF0004855+AI_ENGINEERING,,,0,COMPANY,APPLIED,0.382495,0.3,0.3,1,数据治理,anchor未满足,603171.SH_税友股份_2025_管理层讨论与分析.pdf,5,16,（2）数据价值服务开拓,正文,MDAF0004855,,AI_ENGINEERING,AI_ENGINEERING=0.3825/-0.0055
CAND-00546,603171.SH,税友股份,2025,业务概要,目前已经全面覆盖不同层级税务局及政府机关的大部分办公类应用场景，以取数、问数、智能报告、智能座席语音助手等功能解决客户痛点问题。,语音助手,AIFT-067,ALS-0279,TECH_SPEECH,MDAF0004856+TECH_SPEECH,TECH_SPEECH,,1,UNKNOWN,APPLIED,0.49998,0.8,0.8,1,语音助手,,603171.SH_税友股份_2025_管理层讨论与分析.pdf,5,16,（3）数字政务大模型应用及信创化建设,正文,MDAF0004856,,TECH_SPEECH,TECH_SPEECH=0.5000/0.0703
CAND-00547,603171.SH,税友股份,2025,业务概要,目前，公司财税垂域大模型已积累大量高精度的财税专业知识图谱，有力支撑数智财税专家咨询业务，显著提升了专家的工作质效。,知识图谱; 大模型,AIFT-089,ALS-0365; ANCHOR:大模型,TECH_KG; TECH_LLM,MDAF0004857+TECH_KG,TECH_KG; TECH_LLM,,1,COMPANY,,0.468793,0.8,0.8,1,知识图谱; 大模型,,603171.SH_税友股份_2025_管理层讨论与分析.pdf,5,16,（3）数字政务大模型应用及信创化建设,正文,MDAF0004857,,TECH_KG;TECH_LLM,TECH_LLM=0.4688/0.1331; TECH_KG=0.3962/0.0779
CAND-00548,603171.SH,税友股份,2025,业务概要,②数字政务产品信创化建设公司积极参与数字政务产品信创建设工作，基于国产化软硬件，自主研发国产化规则引擎中间件、机器学习平台和分布式计算平台。,机器学习; 规则引擎; 机器学习平台,AIFT-002; AIFT-105; AIFT-149,ALS-0008; ALS-0430; ALS-0605,AI_ENGINEERING; TECH_DECISION; TECH_ML,MDAF0004858+TECH_DECISION,TECH_DECISION; TECH_ML,,1,COMPANY,R_AND_D,0.397004,0.85,0.85,1,机器学习; 规则引擎; 机器学习平台,,603171.SH_税友股份_2025_管理层讨论与分析.pdf,6,17,（3）数字政务大模型应用及信创化建设,正文,MDAF0004858,,AI_ENGINEERING;TECH_DECISION;TECH_ML,TECH_DECISION=0.3970/0.0115; AI_ENGINEERING=0.3845/0.0211; TECH_ML=0.3374/0.0629
CAND-00549,603171.SH,税友股份,2025,业务概要,另一方面，“犀友”智能体中心以大模型为主干、小模型为辅助，构建基础算法能力；同时，融合多模态AI 与传统小模型技术，打造出垂直领域能力更强、场景适应性更优的智能体。,AI; 智能体; 大模型,AIFT-001; AIFT-128,ALS-0002; ALS-0523; ANCHOR:大模型,AI_GENERAL; TECH_LLM,MDAF0004861+TECH_LLM,TECH_LLM,,1,UNKNOWN,R_AND_D,0.490824,0.8,0.8,1,AI; 智能体; 大模型,,603171.SH_税友股份_2025_管理层讨论与分析.pdf,6,17,（3）数字政务大模型应用及信创化建设,正文,MDAF0004861,,AI_GENERAL;TECH_LLM,AI_GENERAL=0.4908/0.1412; TECH_LLM=0.4504/0.1209
CAND-00550,603171.SH,税友股份,2025,业务概要,该智能体支持自动化申报、智能合规审查、数据分析等20 余项功能，全面推动税务流程智能化。,智能体; 智能合规; 合规审查; 智能合规审查,AIFT-128; AIFT-199; AIFT-200,ALS-0523; ALS-0806; ALS-0810; ALS-0811,AI_GENERAL; PRODUCT_FRAUD,MDAF0004863+PRODUCT_FRAUD,,PRODUCT_FRAUD,1,UNKNOWN,WEAK_GENERIC,0.47933,0.6,0.6,1,智能体; 智能合规; 合规审查; 智能合规审查,anchor未满足,603171.SH_税友股份_2025_管理层讨论与分析.pdf,6,17,（3）数字政务大模型应用及信创化建设,正文,MDAF0004863,,AI_GENERAL;PRODUCT_FRAUD,AI_GENERAL=0.4793/0.1632; PRODUCT_FRAUD=0.4178/0.0305
CAND-00551,603171.SH,税友股份,2025,核心竞争力,基于AI原生技术，深度赋能财税服务行业，助力其实现数智化高价值转型升级。,AI,AIFT-001,ALS-0002,AI_GENERAL,MDAF0004867+AI_GENERAL,,,1,UNKNOWN,R_AND_D,0.397711,0.6,0.6,1,AI,,603171.SH_税友股份_2025_管理层讨论与分析.pdf,9,20,1、品牌与客户联结优势,正文,MDAF0004867,,AI_GENERAL,AI_GENERAL=0.3977/-0.0666
CAND-00552,603171.SH,税友股份,2025,核心竞争力,依托垂直领域Harness 约束反馈系统与深度强化学习、逻辑验证机制，公司持续迭代财税垂域大模型，有效解决通用大模型知识缺失、AI 幻觉、推理不确定等核心问题，实现财税服务判断精准推演、全流程可追溯与结论零风险，保障在财税严肃场景下的稳定可靠应用，全面支撑数智工场智能体产品高效落地，显著提升服务质效与客户体验，构筑财税AI 应用领域独有的技术护城河。,AI; 强化学习; 深度强化学习; 智能体; 大模型,AIFT-001; AIFT-027; AIFT-028; AIFT-128,ALS-0002; ALS-0111; ALS-0115; ALS-0523; ANCHOR:大模型,AI_GENERAL; TECH_LLM; TECH_RL,MDAF0004870+TECH_LLM,TECH_LLM; TECH_RL,,1,COMPANY,APPLIED,0.448134,0.85,0.85,1,AI; 强化学习; 深度强化学习; 智能体; 大模型,,603171.SH_税友股份_2025_管理层讨论与分析.pdf,10,21,2、数据与垂域大模型护城河,正文,MDAF0004870,,AI_GENERAL;TECH_LLM;TECH_RL,TECH_LLM=0.4481/0.1194; AI_GENERAL=0.3846/0.1162; TECH_RL=0.3787/0.1534
CAND-00553,603171.SH,税友股份,2025,核心竞争力,公司深耕税务信息化领域20 余年，凭借承建金税三期、金税四期决策支持、个税系统、社保费管理子系统及全国统一规范电子税务局等国家级核心系统的深厚积累，深度理解税费治理底层逻辑与征管改革方向，形成覆盖“税收实体法+程序法”“税种业务+征管业务”“对象管理+应用场景”的全栈业务认知；同时依托300 多人的专业研究团队，持续对税制改革、税费治理智慧化开展前瞻性研究，并参与制定16项行业技术标准、荣获国家科学技术进步奖二等奖，将业务洞察转化为技术实现与标准定义能力，构建起从政策预判、服务标准化到垂域模型训练的完整数智化服务实践闭环，成为数智化财税服务与国家税费治理服务的中坚力量与行业创新引领者。,模型训练,,ANCHOR:模型训练,AI_ENGINEERING,MDAF0004872+AI_ENGINEERING,,,1,COMPANY,R_AND_D,0.309268,0.85,0.85,1,模型训练,,603171.SH_税友股份_2025_管理层讨论与分析.pdf,10,21,3、政策规则与前瞻性研究优势,正文,MDAF0004872,,AI_ENGINEERING,AI_ENGINEERING=0.3093/0.0684
CAND-00554,603171.SH,税友股份,2025,核心竞争力,公司长期服务千万级中小微企业，沉淀覆盖全行业、全税种、全流程的真实服务案例与合规脱敏实务数据，形成高颗粒度、强时效性、高专业性的财税数据底座；同时构建以财税费政策法规、实务操作规则、行业案例、实务问答为核心的高精度财税专业知识图谱，为“犀友”人工智能平台提供高质量训练与推理支撑。,人工智能; 知识图谱,AIFT-001; AIFT-089,ALS-0001; ALS-0365,AI_GENERAL; TECH_KG,MDAF0004873+TECH_KG,TECH_KG,,1,COMPANY,R_AND_D,0.419884,0.85,0.85,1,人工智能; 知识图谱,,603171.SH_税友股份_2025_管理层讨论与分析.pdf,10,21,2、数据与垂域大模型护城河,正文,MDAF0004873,,AI_GENERAL;TECH_KG,TECH_KG=0.4199/0.0919; AI_GENERAL=0.3853/0.0438
CAND-00555,603927.SH,中科软,2025,业务概要,从传统的核心系统到当前对开源软件、人工智能的应用探索的每个技术发展阶段，公司都紧跟前沿技术。,人工智能,AIFT-001,ALS-0001,AI_GENERAL,MDAF0004888+AI_GENERAL,,,1,COMPANY,APPLIED,0.484571,0.65,0.65,1,人工智能,,603927.SH_中科软_2025_管理层讨论与分析.pdf,1,7,,正文,MDAF0004888,,AI_GENERAL,AI_GENERAL=0.4846/0.0782
CAND-00556,603927.SH,中科软,2025,业务概要,在AI 应用落地端，公司帮助行业客户跨越垂直领域AI 与业务场景相结合的“最后一公里”，在高质量数据集建设、认知管理模型/本体、领域知识库建设、提示词工程、上下文工程、垂域模型训练等多项环节发力，实现AI 技术与业务流的融合，积极推进AI 在保险、医疗卫生、政务等重点行业的应用落地。,AI; 提示词工程; 模型训练,AIFT-001; AIFT-121,ALS-0002; ALS-0497; ANCHOR:模型训练,AI_ENGINEERING; AI_GENERAL; TECH_LLM,MDAF0004894+TECH_LLM,TECH_LLM,,1,COMPANY,R_AND_D,0.484202,0.85,0.85,1,AI; 提示词工程; 模型训练,,603927.SH_中科软_2025_管理层讨论与分析.pdf,1,7,,正文,MDAF0004894,,AI_ENGINEERING;AI_GENERAL;TECH_LLM,TECH_LLM=0.4842/0.1453; AI_ENGINEERING=0.4720/0.1313; AI_GENERAL=0.4549/0.0464
CAND-00557,603927.SH,中科软,2025,业务概要,在当前AI 加大应用的趋势下，公司持续展开围绕AIGC 相关技术的研发创新，全面展开以AI 为核心引擎的前中后端全栈式智能化升级。,AI; AIGC,AIFT-001; AIFT-110,ALS-0002; ALS-0452,AI_GENERAL; TECH_LLM,MDAF0004895+TECH_LLM,TECH_LLM,,1,COMPANY,APPLIED,0.530646,0.98,0.98,1,AI; AIGC,,603927.SH_中科软_2025_管理层讨论与分析.pdf,1,7,,正文,MDAF0004895,,AI_GENERAL;TECH_LLM,AI_GENERAL=0.5306/0.0655; TECH_LLM=0.3990/-0.0410
CAND-00558,603927.SH,中科软,2025,业务概要,未来，公司将凭借自身在行业应用软件领域约30年的深厚积淀，以及在人工智能、大数据应用等技术的前瞻布局，力争成为行业客户实现数智化转型的重要合作伙伴。,人工智能,AIFT-001,ALS-0001,AI_GENERAL,MDAF0004897+AI_GENERAL,,,1,COMPANY,ATTENTION,0.41572,0.65,0.26,1,人工智能,,603927.SH_中科软_2025_管理层讨论与分析.pdf,1,7,,正文,MDAF0004897,,AI_GENERAL,AI_GENERAL=0.4157/-0.0303
CAND-00559,603927.SH,中科软,2025,核心竞争力,中科软紧扣这一战略机遇，凭借在保险等行业领域深耕约三十年的积累，将自身精准定位为AI 技术的应用方与整合方。,AI,AIFT-001,ALS-0002,AI_GENERAL,MDAF0004902+AI_GENERAL,,,1,UNKNOWN,APPLIED,0.41553,0.6,0.6,1,AI,,603927.SH_中科软_2025_管理层讨论与分析.pdf,17,23,（一）行业Know-how 优势,正文,MDAF0004902,,AI_GENERAL,AI_GENERAL=0.4155/0.0315
CAND-00560,603927.SH,中科软,2025,核心竞争力,作为头部ISV，公司的核心价值在于将熟练掌握的开源工具体系与深厚的专业领域知识、工程化实施经验深度融合，不再仅仅是提供记录工具类软件，而是与客户共同定义业务目标，利用AI 解决行业深层痛点，实现从“记录型软件”向“约束型软件”的跨越。,AI,AIFT-001,ALS-0002,AI_GENERAL,MDAF0004903+AI_GENERAL,,,1,COMPANY,,0.397799,0.6,0.6,1,AI,,603927.SH_中科软_2025_管理层讨论与分析.pdf,17,23,（一）行业Know-how 优势,正文,MDAF0004903,,AI_GENERAL,AI_GENERAL=0.3978/0.0470
CAND-00561,603927.SH,中科软,2025,核心竞争力,在B 端AI 落地的实战中，对数据的深刻理解与治理能力构成了中科软的核心护城河。,AI,AIFT-001,ALS-0002,AI_GENERAL,MDAF0004907+AI_GENERAL,,,1,UNKNOWN,APPLIED,0.423977,0.6,0.6,1,AI,,603927.SH_中科软_2025_管理层讨论与分析.pdf,17,23,（一）行业Know-how 优势,正文,MDAF0004907,,AI_GENERAL,AI_GENERAL=0.4240/0.0845
CAND-00562,603927.SH,中科软,2025,核心竞争力,在技术落地层面，公司以MaaS 平台为智能中枢，贯通算力调度、模型训练与推理。,模型训练,,ANCHOR:模型训练,AI_ENGINEERING,MDAF0004909+AI_ENGINEERING,,,1,COMPANY,R_AND_D,0.598131,0.85,0.85,1,模型训练,,603927.SH_中科软_2025_管理层讨论与分析.pdf,17,23,（一）行业Know-how 优势,正文,MDAF0004909,,AI_ENGINEERING,AI_ENGINEERING=0.5981/0.2745
CAND-00563,603927.SH,中科软,2025,核心竞争力,在此基础上，针对多个细分场景开发的智能体，正驱动业务流程从简单的信息化记录向高阶的主动管理与运筹调度迈进。,智能体,AIFT-128,ALS-0523,AI_GENERAL,MDAF0004911+AI_GENERAL,,,1,UNKNOWN,R_AND_D,0.590621,0.55,0.55,1,智能体,,603927.SH_中科软_2025_管理层讨论与分析.pdf,17,23,（一）行业Know-how 优势,正文,MDAF0004911,,AI_GENERAL,AI_GENERAL=0.5906/0.2221
CAND-00564,603927.SH,中科软,2025,核心竞争力,这种从业务深处淬炼出的领域知识，正成为公司在数智化浪潮下，帮助客户实现AI 技术从“通用能力”向“行业场景”精准落地的核心资产与逻辑支撑。,AI,AIFT-001,ALS-0002,AI_GENERAL,MDAF0004913+AI_GENERAL,,,1,COMPANY,APPLIED,0.434503,0.65,0.65,1,AI,,603927.SH_中科软_2025_管理层讨论与分析.pdf,17,23,（一）行业Know-how 优势,正文,MDAF0004913,,AI_GENERAL,AI_GENERAL=0.4345/-0.0000
CAND-00565,603927.SH,中科软,2025,核心竞争力,通过将海量项目实践中的样本程序、技术文档及业务逻辑转化为结构化的知识图谱与经验模型，公司不仅实现了软件开发的提质增效与快速迭代，更形成了一套完整的行业专识体系。,知识图谱,AIFT-089,ALS-0365,TECH_KG,MDAF0004914+TECH_KG,TECH_KG,,1,COMPANY,R_AND_D,0.438924,0.85,0.85,1,知识图谱,,603927.SH_中科软_2025_管理层讨论与分析.pdf,17,23,（一）行业Know-how 优势,正文,MDAF0004914,,TECH_KG,TECH_KG=0.4389/0.0717
CAND-00566,603927.SH,中科软,2025,核心竞争力,公司通过ISO9001（质量管理体系）、ISO14001（环境管理体系）、ISO45001（职业健康安全管理体系）、ISO22301（业务连续性管理体系）、ISO/IEC20000-1（信息技术服务管理体系）、ISO/IEC27001（信息安全管理体系）、ISO28000（绿色供应链安全管理体系）、GB/T39604（企业社会责任管理体系）、GB/T29490（企业知识产权管理体系）、BS10012（个人信息管理体系）、ISO10002（客户投诉管理体系）、ISO37301（合规管理体系）等认证；通过TMMi（测试成熟度模型集成）五级认证；持续保持CMMI 5级（最高级）认证。,模型集成,AIFT-016,ALS-0067,TECH_ML,MDAF0004924+TECH_ML,TECH_ML,,1,COMPANY,R_AND_D,0.265861,0.85,0.85,1,模型集成,,603927.SH_中科软_2025_管理层讨论与分析.pdf,19,25,（六）质量管理及资质优势,正文,MDAF0004924,,TECH_ML,TECH_ML=0.2659/-0.0196
CAND-00567,603927.SH,中科软,2025,研发投入,在前端业务赋能方面，通过展业助手、智能营销平台等项目重构获客与客户交互模式；在核心业务智能化方面，依托理赔、理算、风控类系统实现关键作业流程的智能决策；在中后台运营支撑方面，构建企业级知识管理与智能办公体系；在技术底座建设方面，持续夯实智能运维、代码质量保证及可观测性等技术平台。,智能决策; 智能营销; 智能运维,AIFT-109; AIFT-208; AIFT-262,ALS-0447; ALS-0844; ALS-1060,APP_INTERNAL; PRODUCT_CUSTOMER; TECH_DECISION,MDAF0004927+TECH_DECISION,TECH_DECISION,PRODUCT_CUSTOMER,1,UNKNOWN,R_AND_D,0.463595,0.6,0.6,1,智能决策; 智能营销; 智能运维,,603927.SH_中科软_2025_管理层讨论与分析.pdf,14,20,,正文,MDAF0004927,,APP_INTERNAL;PRODUCT_CUSTOMER;TECH_DECISION,APP_INTERNAL=0.4636/0.1467; TECH_DECISION=0.4524/0.0470; PRODUCT_CUSTOMER=0.4222/0.0551
CAND-00568,603927.SH,中科软,2025,研发投入,报告期内，公司持续围绕AIGC 及人工智能技术的系统性研发投入，重点聚焦以AI为核心引擎的全栈式智能化升级。,人工智能; AI; 人工智能技术; AIGC,AIFT-001; AIFT-110,ALS-0001; ALS-0002; ALS-0004; ALS-0452,AI_GENERAL; TECH_LLM,MDAF0004928+TECH_LLM,TECH_LLM,,1,COMPANY,R_AND_D,0.471997,0.98,0.98,1,人工智能; AI; 人工智能技术; AIGC,,603927.SH_中科软_2025_管理层讨论与分析.pdf,14,20,,正文,MDAF0004928,,AI_GENERAL;TECH_LLM,AI_GENERAL=0.4720/0.0533; TECH_LLM=0.3946/-0.0071
CAND-00569,603927.SH,中科软,2025,研发投入,未来，人工智能不仅是降本增效的使能工具，更是驱动业务模式重构、打造差异化竞争优势的核心支点。,人工智能,AIFT-001,ALS-0001,AI_GENERAL,MDAF0004929+AI_GENERAL,,,1,UNKNOWN,,0.403425,0.55,0.55,1,人工智能,,603927.SH_中科软_2025_管理层讨论与分析.pdf,14,20,,正文,MDAF0004929,,AI_GENERAL,AI_GENERAL=0.4034/0.0222
CAND-00570,603927.SH,中科软,2025,研发投入,这表明，公司AI 研发布局已突破单点工具属性，正演进为贯穿业务前中后台的系统性战略能力。,AI,AIFT-001,ALS-0002,AI_GENERAL,MDAF0004930+AI_GENERAL,,,1,COMPANY,APPLIED,0.519435,0.65,0.65,1,AI,,603927.SH_中科软_2025_管理层讨论与分析.pdf,14,20,,正文,MDAF0004930,,AI_GENERAL,AI_GENERAL=0.5194/0.0943
CAND-00571,603927.SH,中科软,2025,研发投入,"除人工智能应用外，公司紧密结合技术发展趋势与行业数字化转型需求，持续深化行业参考模型平台、""保险+""生态平台以及数据治理与分析应用等方向的研发创新，构建支撑长期发展的多层次技术产品矩阵。",人工智能; 数据治理,AIFT-001; AIFT-168,ALS-0001; ALS-0681,AI_ENGINEERING; AI_GENERAL,MDAF0004932+AI_ENGINEERING,,,1,COMPANY,APPLIED,0.459613,0.65,0.65,1,人工智能; 数据治理,,603927.SH_中科软_2025_管理层讨论与分析.pdf,15,21,,正文,MDAF0004932,,AI_ENGINEERING;AI_GENERAL,AI_ENGINEERING=0.4596/0.1563; AI_GENERAL=0.4537/0.0243
CAND-00572,603927.SH,中科软,2025,研发投入,研发方向：人工智能应用。,人工智能,AIFT-001,ALS-0001,AI_GENERAL,MDAF0004934+AI_GENERAL,,,1,UNKNOWN,APPLIED,0.545805,0.6,0.6,1,人工智能,,603927.SH_中科软_2025_管理层讨论与分析.pdf,15,21,,表格行,MDAF0004934,,AI_GENERAL,AI_GENERAL=0.5458/0.1719
CAND-00573,603927.SH,中科软,2025,研发投入,研发项目：多场景融合的跨域精准保险核心系统关键技术攻关、商业养老金清算平台、寿险核心一体化开发管理平台、智慧人力资源系统、产品管理平台辅助策略引擎、 平台经济综合监管系统、多平台软硬件全栈切换平台、存储系统测试平台研发、 基于地产行业的经营分析管理平台、车险理赔数智人伤管理平台、院内传染病医防融合大数据协同平台、智慧工会职工服务平台、智慧煤炭综合一体化平台、 基于Aviator 表达式引擎的高效规则引擎系统、医院智能公卫系统、省域旅游综合监管平台、城市智慧环境平台、媒体和文化阵地监管平台、智慧托育平台、 财产保险理赔全流程协同作业平台、企业应用协同平台、三级网信调度体系应急值守与应急研判指挥调度系统、中科软保险PaaS 云平台、保险中介业务一体化管理平台、产品全生命周期管理平台、门户信息管理平台、保险IFRS17 平台 V2.0、多元生物安全监测信息融合与早期预警平台、IFRS17 会计引擎、基于低代码平台的灵创办公系统、预算编报平台。,规则引擎,AIFT-105,ALS-0430,TECH_DECISION,MDAF0004936+TECH_DECISION,TECH_DECISION,,1,UNKNOWN,R_AND_D,0.423803,0.6,0.6,1,规则引擎,,603927.SH_中科软_2025_管理层讨论与分析.pdf,15,21,,表格行,MDAF0004936,,TECH_DECISION,TECH_DECISION=0.4238/0.1218
CAND-00574,603927.SH,中科软,2025,研发投入,研发项目：智能销售门户系统、健康保障委托管理业务平台、一站式个代营销服务平台、 智慧社群领航系统、数字化客户服务与教育平台、基于图数据库的家族图谱与家庭保障分析系统、金融智能营销CRM 系统、财产保险风险减量服务平台、基。,图数据库; 智能营销,AIFT-098; AIFT-208,ALS-0402; ALS-0844,PRODUCT_CUSTOMER; TECH_KG,MDAF0004937+TECH_KG,TECH_KG,PRODUCT_CUSTOMER,1,UNKNOWN,COMMERCIAL,0.431859,0.8,0.8,1,图数据库; 智能营销,,603927.SH_中科软_2025_管理层讨论与分析.pdf,15,21,,表格行,MDAF0004937,,PRODUCT_CUSTOMER;TECH_KG,PRODUCT_CUSTOMER=0.4319/0.0697; TECH_KG=0.4290/0.0982
CAND-00575,603927.SH,中科软,2025,研发投入,研发项目：行业应用软件可观测AIOps 平台、智慧执法办案平台、企业级人工智能MES 系统、保险监管数据AIGC 知识辅助系统、智慧工坊、基于人工智能的自动化测试平台、智能化数字人寿险建议书系统、基于语义理解的团险特约理算助手、基于大模型的智能健康险理赔系统、基于垂域业务模型的保险公司投资项目管理系统、基于人工智能技术的证券公司代销保险业务智能双录系统、企业智能科技资源管理系统、基于AIGC 的业财数据分析平台、基于大数据应用及人工智能技术的金融审计智能平台研发、AI 寿险数字助理系统、保险AIOps 智能运维平台、证照智能化管理系统、Clog 决策引擎平台、基于AI 的能力模型测评系统、 产品条款智能管理系统、智能保单服务系统、大模型智能检索数据库管理系统、 基于AI 技术的规则解析平台、财险数智化运维平台、古籍数字化资源智能处理平台、基于多智能体的医疗辅助诊断系统、智能web 应用构建引擎平台、基于大模型的代理人智能展业助手项目、基于智能AI 精算管理平台、养殖保险智能识别平台、数字员工催收业务管理系统、基于知识图谱和多源数据融合的关联交易管理系统、行业应用软件AI 智能助手、基于AI 生成+决策的代码质量智能保证平台、MaaS 应用服务平台、基于deepseek 的物流智能控制塔平台、基于多维度特征提取的图像篡改识别系统、保险智慧经营决策管理平台V2.0、基于大模型的会议内容萃取系统、基于大模型的学生资助风险分析平台、融合AI 技术的交通政务管理平台、AIGC 垂直领域行业知识平台、知途平台（赋能保险数智营销）V1.0、医疗健康AI-MAAS 平台、低代码平台AI 助手、基于向量数据库的AIGC 模型即服务平台研究、基于AI 的智慧教育一体化服务平台。,人工智能; AI; 人工智能技术; 智能检索; 智能双录; 知识图谱; 决策引擎; AIGC; 向量数据库; 智能体; AIOps; 智能运维; 大模型,AIFT-001; AIFT-049; AIFT-068; AIFT-089; AIFT-106; AIFT-110; AIFT-125; AIFT-128; AIFT-255; AIFT-262,ALS-0001; ALS-0002; ALS-0004; ALS-0200; ALS-0280; ALS-0365; ALS-0434; ALS-0452; ALS-0511; ALS-0523; ALS-1033; ALS-1060; ANCHOR:大模型,AI_GENERAL; APP_INTERNAL; TECH_DECISION; TECH_KG; TECH_LLM; TECH_NLP; TECH_SPEECH,MDAF0004938+TECH_DECISION,TECH_DECISION; TECH_KG; TECH_LLM; TECH_NLP; TECH_SPEECH,,1,COMPANY,APPLIED,0.54164,0.98,0.98,1,人工智能; AI; 人工智能技术; 智能检索; 智能双录; 知识图谱; 决策引擎; AIGC; 向量数据库; 智能体; AIOps; 智能运维; 大模型,,603927.SH_中科软_2025_管理层讨论与分析.pdf,15,21,,表格行,MDAF0004938,,AI_GENERAL;APP_INTERNAL;TECH_DECISION;TECH_KG;TECH_LLM;TECH_NLP;TECH_SPEECH,APP_INTERNAL=0.5416/0.2631; TECH_LLM=0.4828/0.1167; TECH_DECISION=0.4709/0.1598; AI_GENERAL=0.4309/0.0624; TECH_NLP=0.4155/0.0951; TECH_SPEECH=0.3903/0.1472; TECH_KG=0.3274/0.0012
CAND-00576,603927.SH,中科软,2025,研发投入,于大数据和智能匹配的汽车后市场维修资源智能推送系统、意健险快速出单系统、保险中介风控出单平台：数据治理与分析应用。,数据治理,AIFT-168,ALS-0681,AI_ENGINEERING,MDAF0004939+AI_ENGINEERING,,,0,UNKNOWN,APPLIED,0.441886,0.25,0.25,1,数据治理,anchor未满足,603927.SH_中科软_2025_管理层讨论与分析.pdf,16,22,,表格行,MDAF0004939,,AI_ENGINEERING,AI_ENGINEERING=0.4419/0.1203
CAND-00577,603927.SH,中科软,2025,研发投入,"于大数据和智能匹配的汽车后市场维修资源智能推送系统、意健险快速出单系统、保险中介风控出单平台：智能风险管理平台-诉责险、风险保障缺口测评分析平台、企业数智督办平台、 ""合规智盾""数字化合规管理平台、寿险档案知识库系统、智能担保风险预警控制系统、业务精准度智控系统、智能观测平台、再保人身险业务明细数据存储系统、智慧园区安全生产数据质量管控平台、责任险风控平台、车辆风险管理平台、审查调查多维数据综合分析研判系统、反洗钱智能监测分析系统项目、 基于元数据的数据服务平台、数据切割管理平台、保险法人客户数字化管理。",数据质量; 反洗钱智能监测,AIFT-170; AIFT-193,ALS-0690; ALS-0784,AI_ENGINEERING; PRODUCT_FRAUD,MDAF0004940+PRODUCT_FRAUD,,PRODUCT_FRAUD,0,UNKNOWN,WEAK_GENERIC,0.425111,0.6,0.6,1,数据质量; 反洗钱智能监测,anchor未满足,603927.SH_中科软_2025_管理层讨论与分析.pdf,16,22,,表格行,MDAF0004940,,AI_ENGINEERING;PRODUCT_FRAUD,PRODUCT_FRAUD=0.4251/0.1619; AI_ENGINEERING=0.4190/0.1257
CAND-00578,688318.SH,财富趋势,2025,业务概要,为保证公司证券信息服务质量，公司对供应商进行统一管理，主要考察供应商的资质实力、数据质量和售后服务方面，经数据部验证通过后确定合格供应商名录，并持续跟踪评级予以更新。,数据质量,AIFT-170,ALS-0690,AI_ENGINEERING,MDAF0004950+AI_ENGINEERING,,,0,COMPANY,R_AND_D,0.351058,0.3,0.3,1,数据质量,anchor未满足,688318.SH_财富趋势_2025_管理层讨论与分析.pdf,2,11,（3）采购模式,正文,MDAF0004950,,AI_ENGINEERING,AI_ENGINEERING=0.3511/0.0254
CAND-00579,688318.SH,财富趋势,2025,业务概要,公司金融数据服务包括提供基于云计算、人工智能技术和大数据平台的短线宝、扫雷宝、估值评级、智能问答、热点专题、专项分析、公司数据和行业宏观分析等金融数据服务。,人工智能; 人工智能技术; 智能问答,AIFT-001; AIFT-053,ALS-0001; ALS-0004; ALS-0216,AI_GENERAL; TECH_NLP,MDAF0004960+TECH_NLP,TECH_NLP,,1,COMPANY,,0.453861,0.8,0.8,1,人工智能; 人工智能技术; 智能问答,,688318.SH_财富趋势_2025_管理层讨论与分析.pdf,2,11,（3）证券信息服务,正文,MDAF0004960,,AI_GENERAL;TECH_NLP,TECH_NLP=0.4539/0.0963; AI_GENERAL=0.4468/0.0490
CAND-00580,688318.SH,财富趋势,2025,业务概要,《中华人民共和国国民经济和社会发展第十四个五年规划和2035年远景目标纲要》提出了包括大数据、云计算、物联网、人工智能、区块链在内的数字经济七大重点产业，推进数字产业化和产业数字化，推动数字经济和实体经济深度融合，打造具有国际竞争力的数字产业集群。,人工智能,AIFT-001,ALS-0001,AI_GENERAL,MDAF0004971+AI_GENERAL,,,1,UNKNOWN,WEAK_GENERIC,0.271055,0.55,0.55,1,人工智能,,688318.SH_财富趋势_2025_管理层讨论与分析.pdf,3,12,1.国家高度重视数字经济与软件行业发展,正文,MDAF0004971,,AI_GENERAL,AI_GENERAL=0.2711/-0.0404
CAND-00581,688318.SH,财富趋势,2025,业务概要,"在“人工智能+""行动深入实施背景下，软件技术与各行业融合深度拓展，不仅提升全要素生产率，更在培育产业新赛道、优化资源配置效率方面发挥系统性作用。",人工智能,AIFT-001,ALS-0001,AI_GENERAL,MDAF0004978+AI_GENERAL,,,1,UNKNOWN,R_AND_D,0.443877,0.6,0.6,1,人工智能,,688318.SH_财富趋势_2025_管理层讨论与分析.pdf,3,12,1.国家高度重视数字经济与软件行业发展,正文,MDAF0004978,,AI_GENERAL,AI_GENERAL=0.4439/0.0266
CAND-00582,688318.SH,财富趋势,2025,业务概要,当前人工智能技术正经历一个渗透率快速提升的阶段，为行业发展打开全新的成长空间。,人工智能; 人工智能技术,AIFT-001,ALS-0001; ALS-0004,AI_GENERAL,MDAF0004982+AI_GENERAL,,,1,UNKNOWN,,0.500718,0.55,0.55,1,人工智能; 人工智能技术,,688318.SH_财富趋势_2025_管理层讨论与分析.pdf,3,12,3.技术革新为行业发展提供有力支持,正文,MDAF0004982,,AI_GENERAL,AI_GENERAL=0.5007/0.0329
CAND-00583,688318.SH,财富趋势,2025,业务概要,当前，人工智能通过精准的语义理解与高效的逻辑推演，正在深刻影响金融信息服务行业的交互模式与业务逻辑。,人工智能,AIFT-001,ALS-0001,AI_GENERAL,MDAF0004983+AI_GENERAL,,,1,UNKNOWN,,0.536437,0.55,0.55,1,人工智能,,688318.SH_财富趋势_2025_管理层讨论与分析.pdf,3,12,3.技术革新为行业发展提供有力支持,正文,MDAF0004983,,AI_GENERAL,AI_GENERAL=0.5364/-0.0420
CAND-00584,688318.SH,财富趋势,2025,业务概要,智能体（AI Agent）技术的应用进一步催化了服务范式的转型，通过对金融数据和信息的自动化处理、智能分析，大幅提高了投研、风控和客户服务的质量与效率，能够帮助金融机构应对市场变化，优化和提升服务的广度、深度与温度。,AI; 智能体; Agent; AI Agent,AIFT-001; AIFT-128; AIFT-129,ALS-0002; ALS-0523; ALS-0524; ALS-0529,AI_GENERAL; TECH_LLM,MDAF0004986+TECH_LLM,TECH_LLM,,1,UNKNOWN,APPLIED,0.514341,0.8,0.8,1,AI; 智能体; Agent; AI Agent,,688318.SH_财富趋势_2025_管理层讨论与分析.pdf,3,12,3.技术革新为行业发展提供有力支持,正文,MDAF0004986,,AI_GENERAL;TECH_LLM,TECH_LLM=0.5143/0.1714; AI_GENERAL=0.4361/-0.0706
CAND-00585,688318.SH,财富趋势,2025,业务概要,深度学习带来的科技革命将产生巨大的经济价值，技术革新为互联网金融信息服务企业通过掌握前沿科技获得持续竞争优势提供了重要支持。,深度学习,AIFT-003,ALS-0013,TECH_ML,MDAF0004989+TECH_ML,TECH_ML,,1,UNKNOWN,,0.356454,0.75,0.75,1,深度学习,,688318.SH_财富趋势_2025_管理层讨论与分析.pdf,3,12,3.技术革新为行业发展提供有力支持,正文,MDAF0004989,,TECH_ML,TECH_ML=0.3565/0.1400
CAND-00586,688318.SH,财富趋势,2025,业务概要,近年来，以大数据、云计算、人工智能等技术为核心的新一轮科技革命正在加速推动全球经济向信息化、数字化、智能化演进。,人工智能,AIFT-001,ALS-0001,AI_GENERAL,MDAF0004991+AI_GENERAL,,,1,UNKNOWN,WEAK_GENERIC,0.403847,0.55,0.55,1,人工智能,,688318.SH_财富趋势_2025_管理层讨论与分析.pdf,3,12,3.技术革新为行业发展提供有力支持,正文,MDAF0004991,,AI_GENERAL,AI_GENERAL=0.4038/-0.0694
CAND-00587,688318.SH,财富趋势,2025,业务概要,人工智能监管方面，出台了AI 伦理准则和算法备案要求，确保AI 技术的公平性和透明度，同时针对生成式AI 的内容生成能力加强了内容审核和版权保护。,人工智能; AI; 生成式AI,AIFT-001; AIFT-110,ALS-0001; ALS-0002; ALS-0451,AI_GENERAL; TECH_LLM,MDAF0004995+TECH_LLM,TECH_LLM,,1,UNKNOWN,,0.329711,0.95,0.95,1,人工智能; AI; 生成式AI,,688318.SH_财富趋势_2025_管理层讨论与分析.pdf,4,13,4.监管促进行业健康发展,正文,MDAF0004995,,AI_GENERAL;TECH_LLM,AI_GENERAL=0.3297/0.0167; TECH_LLM=0.3089/0.0263
CAND-00588,688318.SH,财富趋势,2025,业务概要,尽管AI 在应用层快速扩张，金融行业作为一个强监管行业，AI 的应用会比其他领域更为审慎。,AI,AIFT-001,ALS-0002,AI_GENERAL,MDAF0005011+AI_GENERAL,,,1,UNKNOWN,APPLIED,0.521012,0.6,0.6,1,AI,,688318.SH_财富趋势_2025_管理层讨论与分析.pdf,4,13,4.监管促进行业健康发展,正文,MDAF0005011,,AI_GENERAL,AI_GENERAL=0.5210/-0.0130
CAND-00589,688318.SH,财富趋势,2025,业务概要,随着终端技术、云计算、人工智能等信息技术在金融领域融合发展，证券信息技术服务商开始为投资者提供结构化数据、回测分析和决策分析等多层次的服务，证券信息服务产品将会呈现多元化、个性化、智能化等特点。,人工智能,AIFT-001,ALS-0001,AI_GENERAL,MDAF0005020+AI_GENERAL,,,1,UNKNOWN,WEAK_GENERIC,0.410028,0.55,0.55,1,人工智能,,688318.SH_财富趋势_2025_管理层讨论与分析.pdf,4,13,2、公司所处的行业地位分析及其变化情况,正文,MDAF0005020,,AI_GENERAL,AI_GENERAL=0.4100/-0.0389
CAND-00590,688318.SH,财富趋势,2025,业务概要,在新一轮科技革命和产业变革的背景下，金融科技的蓬勃发展，人工智能、大数据、云计算、物联网等信息技术同金融业务的深度融合皆会为金融发展提供源源不断的创新活力。,人工智能,AIFT-001,ALS-0001,AI_GENERAL,MDAF0005023+AI_GENERAL,,,1,UNKNOWN,,0.540825,0.55,0.55,1,人工智能,,688318.SH_财富趋势_2025_管理层讨论与分析.pdf,5,14,3、报告期内新技术、新产业、新业态、新模式的发展情况和未来发展趋势,正文,MDAF0005023,,AI_GENERAL,AI_GENERAL=0.5408/-0.0512
CAND-00591,688318.SH,财富趋势,2025,业务概要,持续推进“人工智能+”行动，将数字技术与制造优势、市场优势更好结合起来，支持大模型广泛应用；地方政府通过研发创新扶持、实验平台建设和融资支持等措施，推动地方金融科技企业的发展。,人工智能; 大模型,AIFT-001,ALS-0001; ANCHOR:大模型,AI_GENERAL; TECH_LLM,MDAF0005024+TECH_LLM,TECH_LLM,,1,UNKNOWN,APPLIED,0.459417,0.8,0.8,1,人工智能; 大模型,,688318.SH_财富趋势_2025_管理层讨论与分析.pdf,5,14,3、报告期内新技术、新产业、新业态、新模式的发展情况和未来发展趋势,正文,MDAF0005024,,AI_GENERAL;TECH_LLM,AI_GENERAL=0.4594/-0.0070; TECH_LLM=0.3884/0.1118
CAND-00592,688318.SH,财富趋势,2025,业务概要,近年来，以大数据、云计算、人工智能等为代表的新一代信息技术蓬勃发展，正全方位重塑传统金融业务模式。,人工智能,AIFT-001,ALS-0001,AI_GENERAL,MDAF0005029+AI_GENERAL,,,1,UNKNOWN,,0.518314,0.55,0.55,1,人工智能,,688318.SH_财富趋势_2025_管理层讨论与分析.pdf,5,14,3、报告期内新技术、新产业、新业态、新模式的发展情况和未来发展趋势,正文,MDAF0005029,,AI_GENERAL,AI_GENERAL=0.5183/-0.0810
CAND-00593,688318.SH,财富趋势,2025,业务概要,随着计算机和互联网技术的发展及应用日趋深入，尤其是人工智能、大数据和云计算等关键领域的技术日新月异，关键技术的突破改变了人们的生产和生活方式。,人工智能,AIFT-001,ALS-0001,AI_GENERAL,MDAF0005033+AI_GENERAL,,,1,UNKNOWN,APPLIED,0.385786,0.6,0.6,1,人工智能,,688318.SH_财富趋势_2025_管理层讨论与分析.pdf,5,14,3、报告期内新技术、新产业、新业态、新模式的发展情况和未来发展趋势,正文,MDAF0005033,,AI_GENERAL,AI_GENERAL=0.3858/0.0006
CAND-00594,688318.SH,财富趋势,2025,核心竞争力,公司具备完善的研发创新平台，持续多年的研发投入和技术积累，主要包括终端技术、编码与传输技术、安全与密码技术、中间件技术、数据库技术、云计算技术、大数据技术和人工智能技术等。,人工智能; 人工智能技术,AIFT-001,ALS-0001; ALS-0004,AI_GENERAL,MDAF0005040+AI_GENERAL,,,1,COMPANY,R_AND_D,0.423856,0.65,0.65,1,人工智能; 人工智能技术,,688318.SH_财富趋势_2025_管理层讨论与分析.pdf,6,15,1、核心技术及其先进性以及报告期内的变化情况,正文,MDAF0005040,,AI_GENERAL,AI_GENERAL=0.4239/0.0828
CAND-00595,688318.SH,财富趋势,2025,核心竞争力,公司提供产品和服务内容主要包括：为证券公司等经营机构提供证券行情交易系列软件、金融数据、智能客服等产品及服务；为互联网用户提供证券信息服务、云同步服务、云计算服务、分析工具、深度数据挖掘、投资交流服务等。,智能客服,AIFT-204,ALS-0826,PRODUCT_CUSTOMER,MDAF0005046+PRODUCT_CUSTOMER,,PRODUCT_CUSTOMER,0,COMPANY,,0.493284,0.95,0.95,1,智能客服,,688318.SH_财富趋势_2025_管理层讨论与分析.pdf,6,15,3.产品优势,正文,MDAF0005046,,PRODUCT_CUSTOMER,PRODUCT_CUSTOMER=0.4933/0.1433
CAND-00596,688318.SH,财富趋势,2025,核心竞争力,同时，公司在证券信息服务中结合云计算、大数据、人工智能等研发成果并应用，积极与知名院校开展合作，通过建立金融科技实验室实现产学合作。,人工智能,AIFT-001,ALS-0001,AI_GENERAL,MDAF0005051+AI_GENERAL,,,1,COMPANY,APPLIED,0.504919,0.65,0.65,1,人工智能,,688318.SH_财富趋势_2025_管理层讨论与分析.pdf,6,15,2.研发优势,正文,MDAF0005051,,AI_GENERAL,AI_GENERAL=0.5049/0.0805
CAND-00597,688318.SH,财富趋势,2025,核心竞争力,新技术新业态的出现同时带来后台技术复杂度急剧上升，对中间件异构耦合提出更高要求，公司产品很好的适应了技术趋势变化，公司中间件技术不断加大和新兴技术融合的力度，目前已经可以与Kafka、RocketMQ、grpc、thrift 等消息队列和微服务框架对接，为大数据、云计算、人工智能的引入、为公司智能交易项目开展创造了条件。,人工智能,AIFT-001,ALS-0001,AI_GENERAL,MDAF0005067+AI_GENERAL,,,1,COMPANY,,0.436744,0.6,0.6,1,人工智能,,688318.SH_财富趋势_2025_管理层讨论与分析.pdf,7,16,1、核心技术及其先进性以及报告期内的变化情况,正文,MDAF0005067,,AI_GENERAL,AI_GENERAL=0.4367/0.1019
CAND-00598,688318.SH,财富趋势,2025,核心竞争力,7大数据技公司大数据技术研发主要集中在异常交易行为分析技术、并行查询多节点自术动分片加载技术、高性能分布式统一缓存架构、异构数据库实时同步技术、非结构化数据解析和智能结构化抽取技术、实时计算和统计引擎及个性搜索引擎等方面，并将其应用于公司证券行情交易系统软件产品。,结构化抽取,AIFT-044,ALS-0181,TECH_NLP,MDAF0005072+TECH_NLP,TECH_NLP,,1,COMPANY,APPLIED,0.442154,0.85,0.85,1,结构化抽取,,688318.SH_财富趋势_2025_管理层讨论与分析.pdf,8,17,1、核心技术及其先进性以及报告期内的变化情况,正文,MDAF0005072,,TECH_NLP,TECH_NLP=0.4422/0.1528
CAND-00599,688318.SH,财富趋势,2025,核心竞争力,8人工智能公司人工智能技术研发主要集中在资讯数据清洗和提取技术、智能写手、智能金融问答、自然语言处理、智能体、MCP 服务等方面，并将其应用于公技术司证券行情交易系统软件产品中。,人工智能; 人工智能技术; 自然语言处理; 智能体,AIFT-001; AIFT-038; AIFT-128,ALS-0001; ALS-0004; ALS-0154; ALS-0523,AI_GENERAL; TECH_NLP,MDAF0005073+TECH_NLP,TECH_NLP,,1,COMPANY,APPLIED,0.56278,0.85,0.85,1,人工智能; 人工智能技术; 自然语言处理; 智能体,,688318.SH_财富趋势_2025_管理层讨论与分析.pdf,8,17,1、核心技术及其先进性以及报告期内的变化情况,正文,MDAF0005073,,AI_GENERAL;TECH_NLP,AI_GENERAL=0.5628/0.1264; TECH_NLP=0.5299/0.1442
CAND-00600,688318.SH,财富趋势,2025,核心竞争力,公司大数据技术研发主要集中在异常交易行为分析技术、并行查询多节点自动分片加载技术、高性能分布式统一缓存架构、异构数据库实时同步技术、非结构化数据解析和智能结构化抽取技术、实时计算和统计引擎等方面，并将其应用于公司证券行情交易系统软件产品。,结构化抽取,AIFT-044,ALS-0181,TECH_NLP,MDAF0005075+TECH_NLP,TECH_NLP,,1,COMPANY,APPLIED,0.459853,0.85,0.85,1,结构化抽取,,688318.SH_财富趋势_2025_管理层讨论与分析.pdf,8,17,1、核心技术及其先进性以及报告期内的变化情况,正文,MDAF0005075,,TECH_NLP,TECH_NLP=0.4599/0.1585
CAND-00601,688318.SH,财富趋势,2025,核心竞争力,其核心技术包括：利用MySQL Binlog 结合中间件（如术Kafka）实现数据的实时增量同步，确保数据一致性；MySQL 高可用架构确保数据写入的稳定可靠，Elasticsearch 构建的智能搜索系统支持语义分析、个性化推荐和热点追踪，显著提升资讯检索效率，ES 向量数据库，实时向量搜索。,向量数据库; 个性化推荐,AIFT-125; AIFT-209,ALS-0511; ALS-0849,PRODUCT_CUSTOMER; TECH_LLM,MDAF0005077+TECH_LLM,TECH_LLM,PRODUCT_CUSTOMER,1,UNKNOWN,R_AND_D,0.390852,0.8,0.8,1,向量数据库; 个性化推荐,,688318.SH_财富趋势_2025_管理层讨论与分析.pdf,8,17,1、核心技术及其先进性以及报告期内的变化情况,正文,MDAF0005077,,PRODUCT_CUSTOMER;TECH_LLM,TECH_LLM=0.3909/0.1616; PRODUCT_CUSTOMER=0.3006/0.0025
CAND-00602,688318.SH,财富趋势,2025,核心竞争力,基于大数据和AI 平台的智能风控技术，公司产品实现了证券业务实时反欺诈功能。,AI; 智能风控,AIFT-001; AIFT-173,ALS-0002; ALS-0701,AI_GENERAL; PRODUCT_CREDIT,MDAF0005078+PRODUCT_CREDIT,,PRODUCT_CREDIT,1,COMPANY,,0.530118,0.98,0.98,1,AI; 智能风控,,688318.SH_财富趋势_2025_管理层讨论与分析.pdf,8,17,1、核心技术及其先进性以及报告期内的变化情况,正文,MDAF0005078,,AI_GENERAL;PRODUCT_CREDIT,PRODUCT_CREDIT=0.5301/0.1719; AI_GENERAL=0.4194/0.0262
CAND-00603,688318.SH,财富趋势,2025,核心竞争力,针对证券市场的行情大数据现状，公司基于云平台的基础设施，整合大数据计算、统计分析等组件技术，使用大模型基座，强化学习技术，通过自主完成任务的智能体，高效地完成了信息生成、市场研究、风险监控等任务。,强化学习; 智能体; 大模型,AIFT-027; AIFT-128,ALS-0111; ALS-0523; ANCHOR:大模型,AI_GENERAL; TECH_LLM; TECH_RL,MDAF0005080+TECH_LLM,TECH_LLM; TECH_RL,,1,COMPANY,,0.488899,0.8,0.8,1,强化学习; 智能体; 大模型,,688318.SH_财富趋势_2025_管理层讨论与分析.pdf,8,17,1、核心技术及其先进性以及报告期内的变化情况,正文,MDAF0005080,,AI_GENERAL;TECH_LLM;TECH_RL,TECH_LLM=0.4889/0.0984; AI_GENERAL=0.4661/0.1475; TECH_RL=0.4619/0.1131
CAND-00604,688318.SH,财富趋势,2025,核心竞争力,公司持续推进人工智能技术与金融信息服务全流程融合，推进各MCP 服务接口的上线，强化自主智能体的协同能力，构建智能化产品新体系。,人工智能; 人工智能技术; 智能体; 自主智能体,AIFT-001; AIFT-128,ALS-0001; ALS-0004; ALS-0523; ALS-0525,AI_GENERAL,MDAF0005081+AI_GENERAL,,,1,COMPANY,APPLIED,0.534517,0.65,0.65,1,人工智能; 人工智能技术; 智能体; 自主智能体,,688318.SH_财富趋势_2025_管理层讨论与分析.pdf,9,18,1、核心技术及其先进性以及报告期内的变化情况,正文,MDAF0005081,,AI_GENERAL,AI_GENERAL=0.5345/0.0557
CAND-00605,688318.SH,财富趋势,2025,核心竞争力,"报告期内，公司在人工智能项目产品功能拓展、平台生态构建和核心技术升级方面取得了重大突破，成功推动了""问小达""从智能问答助手向证券智能体的进化，通过RAG 持续迭代，优化提示词工程及构建知识库，显著提升了数据信息生成的准确性与专业性。",人工智能; 智能问答; 提示词工程; RAG; 智能体,AIFT-001; AIFT-053; AIFT-121; AIFT-122; AIFT-128,ALS-0001; ALS-0216; ALS-0497; ALS-0500; ALS-0523,AI_GENERAL; TECH_LLM; TECH_NLP,MDAF0005085+TECH_LLM,TECH_LLM; TECH_NLP,,1,COMPANY,R_AND_D,0.547578,0.85,0.85,1,人工智能; 智能问答; 提示词工程; RAG; 智能体,,688318.SH_财富趋势_2025_管理层讨论与分析.pdf,9,18,1、核心技术及其先进性以及报告期内的变化情况,正文,MDAF0005085,,AI_GENERAL;TECH_LLM;TECH_NLP,TECH_LLM=0.5476/0.1527; AI_GENERAL=0.4739/0.1438; TECH_NLP=0.4137/0.1114
CAND-00606,688318.SH,财富趋势,2025,核心竞争力,"2,603.70融入回归测试集，确保范式选股助手升级为人工V1.0 完成“主题新闻”知识、功能中的查询、模型在快速变化的金融能够主动理解、规划、智能功能开发、测试与9月分析、对比、解读、归市场中始终保持高准确执行并调用工具的证平台上线，通过多策略优化因等需求，为用户提供率。",策略优化; 测试集,AIFT-029; AIFT-167,ALS-0119; ALS-0678,AI_ENGINEERING; TECH_RL,MDAF0005100+TECH_RL,TECH_RL,,1,UNKNOWN,APPLIED,0.400324,0.8,0.8,1,策略优化; 测试集,,688318.SH_财富趋势_2025_管理层讨论与分析.pdf,11,20,710.61,正文,MDAF0005100,,AI_ENGINEERING;TECH_RL,TECH_RL=0.4003/-0.0208; AI_ENGINEERING=0.3892/0.0629
CAND-00607,688318.SH,财富趋势,2025,核心竞争力,券投资智能体。,智能体,AIFT-128,ALS-0523,AI_GENERAL,MDAF0005103+AI_GENERAL,,,1,UNKNOWN,,0.390606,0.35,0.35,1,智能体,仅弱词无锚点,688318.SH_财富趋势_2025_管理层讨论与分析.pdf,11,20,710.61,正文,MDAF0005103,,AI_GENERAL,AI_GENERAL=0.3906/0.1080
CAND-00608,688318.SH,财富趋势,2025,核心竞争力,在“AI 写公式”的基升，平台实现技术落地理框架进行了全面升础上，进一步降低量向价值转化，为投产收级，支持多实例并行调化策略的门槛。,AI,AIFT-001,ALS-0002,AI_GENERAL,MDAF0005108+AI_GENERAL,,,1,UNKNOWN,APPLIED,0.49547,0.6,0.6,1,AI,,688318.SH_财富趋势_2025_管理层讨论与分析.pdf,12,21,3.推理框架优化：对推,正文,MDAF0005108,,AI_GENERAL,AI_GENERAL=0.4955/0.0670
CAND-00609,688318.SH,财富趋势,2025,核心竞争力,应用智能体（Agent）编（PaaS）：通过MCP排平台，以平台化能力服务，将通达信的核赋能多条业务线快速、心实时数据能力、AI低成本地开发和上线AI模型能力封装成标准功能，加速了AI 技术在API，向金融机构、科公司产品矩阵中的落技公司及个人开发者地。,AI; 智能体; Agent,AIFT-001; AIFT-128,ALS-0002; ALS-0523; ALS-0524,AI_GENERAL,MDAF0005109+AI_GENERAL,,,1,COMPANY,APPLIED,0.439637,0.65,0.65,1,AI; 智能体; Agent,,688318.SH_财富趋势_2025_管理层讨论与分析.pdf,12,21,3. 开放平台即服务,正文,MDAF0005109,,AI_GENERAL,AI_GENERAL=0.4396/0.0853
CAND-00610,688318.SH,财富趋势,2025,核心竞争力,提供服务，构建一个围绕通达信数据和AI 能力的开发者生态。,AI,AIFT-001,ALS-0002,AI_GENERAL,MDAF0005111+AI_GENERAL,,,1,UNKNOWN,R_AND_D,0.4238,0.6,0.6,1,AI,,688318.SH_财富趋势_2025_管理层讨论与分析.pdf,12,21,3. 开放平台即服务,正文,MDAF0005111,,AI_GENERAL,AI_GENERAL=0.4238/0.0477
CAND-00611,688318.SH,财富趋势,2025,核心竞争力,智能体编排平台、自动化评估平台等内部工具整合为企业级AI 中台，为公司所有业务线提供统一的AI 基础设施，实现AI能力的快速复用和创新，全面提升公司产品的智能化水平。,AI; 智能体; 智能体编排,AIFT-001; AIFT-128; AIFT-131,ALS-0002; ALS-0523; ALS-0537,AI_GENERAL,MDAF0005112+AI_GENERAL,,,1,COMPANY,WEAK_GENERIC,0.47522,0.6,0.6,1,AI; 智能体; 智能体编排,,688318.SH_财富趋势_2025_管理层讨论与分析.pdf,12,21,4.企业级AI 中台：将,正文,MDAF0005112,,AI_GENERAL,AI_GENERAL=0.4752/0.0569
CAND-00612,688318.SH,财富趋势,2025,核心竞争力,架构，为应对未来更大想，由AI 自动生成完规模的模型调用量做好整的回测代码和分析了充分准备。,AI,AIFT-001,ALS-0002,AI_GENERAL,MDAF0005114+AI_GENERAL,,,1,UNKNOWN,,0.475698,0.55,0.55,1,AI,,688318.SH_财富趋势_2025_管理层讨论与分析.pdf,12,21,3.推理框架优化：对推,正文,MDAF0005114,,AI_GENERAL,AI_GENERAL=0.4757/0.1298
CAND-00613,688318.SH,财富趋势,2025,核心竞争力,同时支持多终指标运算，为行情分析端适配，满足投资者与策略研究提供支撑；随时随地盯盘、交易、运用人工智能与大数据研究、决策的全场景技术，实现资讯信息的需求，适用于日常投智能聚合、筛选、分析，资、短线交易、中长整体技术方案具备高性期配置等期货应用场能、高可用、高扩展特景。,人工智能,AIFT-001,ALS-0001,AI_GENERAL,MDAF0005117+AI_GENERAL,,,1,UNKNOWN,APPLIED,0.357094,0.6,0.6,1,人工智能,,688318.SH_财富趋势_2025_管理层讨论与分析.pdf,13,22,261.59,正文,MDAF0005117,,AI_GENERAL,AI_GENERAL=0.3571/-0.0003
CAND-00614,688318.SH,财富趋势,2025,核心竞争力,准分发、语义去重、个性化推荐的目的。,个性化推荐,AIFT-209,ALS-0849,PRODUCT_CUSTOMER,MDAF0005122+PRODUCT_CUSTOMER,,PRODUCT_CUSTOMER,0,UNKNOWN,,0.460246,0.4,0.4,1,个性化推荐,anchor未满足,688318.SH_财富趋势_2025_管理层讨论与分析.pdf,14,23,4、采用GPT 架构分析，,正文,MDAF0005122,,PRODUCT_CUSTOMER,PRODUCT_CUSTOMER=0.4602/0.1075
CAND-00615,688318.SH,财富趋势,2025,核心竞争力,功能决策；金融机构情分港股美股、期货期权及防控，打造创新引领性在架构、AI 应用、计算能借此优化业务、防析系可转债等品种，新增多证券行情分析软件，提能力等方面表现突出。,AI,AIFT-001,ALS-0002,AI_GENERAL,MDAF0005123+AI_GENERAL,,,1,UNKNOWN,APPLIED,0.385477,0.6,0.6,1,AI,,688318.SH_财富趋势_2025_管理层讨论与分析.pdf,14,23,261.59,正文,MDAF0005123,,AI_GENERAL,AI_GENERAL=0.3855/0.0299
CAND-00616,688318.SH,财富趋势,2025,核心竞争力,报告期内，加入AI 写响应国家及深圳金融整合已备案的“通达信个人投资者可利用其公式体系，千档盘口、科技发展政策，通过先Tendency GPT 大模型算进行多元资产配置、通达逐笔委托分析速度提进技术提升金融服务法”实现AI 智能化，拥跨市场分析、借助AI信行升；交易扩展功能覆盖质量与效率、强化风险有AIPC 本地计算能力。,AI; GPT; 大模型,AIFT-001; AIFT-143,ALS-0002; ALS-0583; ANCHOR:大模型,AI_GENERAL; TECH_LLM,MDAF0005126+TECH_LLM,TECH_LLM,,1,UNKNOWN,WEAK_GENERIC,0.489004,0.75,0.75,1,AI; GPT; 大模型,,688318.SH_财富趋势_2025_管理层讨论与分析.pdf,14,23,261.59,正文,MDAF0005126,,AI_GENERAL;TECH_LLM,TECH_LLM=0.4890/0.0908; AI_GENERAL=0.4344/0.0184
CAND-00617,688318.SH,财富趋势,2025,核心竞争力,清洗、同步、存储与搜统软度，解决一词多意情况讯标签的用户画像信索，解决用户获取各类件下，资讯语义与标签含息实现资讯个性化推资讯割裂的问题，为用V3.0义一致才关联标签。,用户画像,AIFT-206,ALS-0836,PRODUCT_CUSTOMER,MDAF0005127+PRODUCT_CUSTOMER,,PRODUCT_CUSTOMER,0,UNKNOWN,,0.353261,0.1,0.1,1,用户画像,anchor未满足；仅弱词无锚点,688318.SH_财富趋势_2025_管理层讨论与分析.pdf,14,23,3、基于用户标签和资,正文,MDAF0005127,,PRODUCT_CUSTOMER,PRODUCT_CUSTOMER=0.3533/0.0377
CAND-00618,688318.SH,财富趋势,2025,核心竞争力,"合/54,619.59 8,557.95 26,860.33////计情况说明1、募投项目“通达信可视化金融终端项目”和“通达信开放式人工智能项目”于2025年12月结项。",人工智能,AIFT-001,ALS-0001,AI_GENERAL,MDAF0005133+AI_GENERAL,,,1,UNKNOWN,,0.330436,0.55,0.55,1,人工智能,,688318.SH_财富趋势_2025_管理层讨论与分析.pdf,15,24,4、采用GPT 架构分析，,正文,MDAF0005133,,AI_GENERAL,AI_GENERAL=0.3304/0.0648
CAND-00619,688590.SH,新致软件,2025,业务概要,公司坚定信心，对现有市场深耕细作，充分发挥核心竞争力，依托丰富的产品经验，持续完善业务平台的生态布局，加大对人工智能大模型技术的投入和研发，并逐步落地应用成果。,人工智能; 大模型,AIFT-001,ALS-0001; ANCHOR:大模型,AI_GENERAL; TECH_LLM,MDAF0005150+TECH_LLM,TECH_LLM,,1,COMPANY,APPLIED,0.482547,0.85,0.85,1,人工智能; 大模型,,688590.SH_新致软件_2025_管理层讨论与分析.pdf,1,1,(一) 主要业务、主要产品或服务情况,正文,MDAF0005150,,AI_GENERAL;TECH_LLM,AI_GENERAL=0.4825/0.1355; TECH_LLM=0.3933/-0.0019
CAND-00620,688590.SH,新致软件,2025,业务概要,2025年，软件行业延续高景气增长态势，增长核心驱动力源于企业数字化转型向深水区迈进、《数字中国建设2025年行动方案》落地实施、“东数西算”工程全面深化、信创产业从“安全可控”向“价值创造”战略跃迁，以及以生成式人工智能大模型为代表的新兴技术实现从技术突破到规模化商业落地的跨越式发展。,人工智能; 生成式人工智能; 大模型,AIFT-001; AIFT-110,ALS-0001; ALS-0450; ANCHOR:大模型,AI_GENERAL; TECH_LLM,MDAF0005169+TECH_LLM,TECH_LLM,,1,UNKNOWN,APPLIED,0.339522,0.98,0.98,1,人工智能; 生成式人工智能; 大模型,,688590.SH_新致软件_2025_管理层讨论与分析.pdf,3,14,（1）行业的发展阶段和技术特点,正文,MDAF0005169,,AI_GENERAL;TECH_LLM,AI_GENERAL=0.3395/-0.0659; TECH_LLM=0.2903/-0.0414
CAND-00621,688590.SH,新致软件,2025,业务概要,企业不仅需要掌握大模型、云计算、区块链等底层技术，更需要具备将这些技术与保险、银行等具体业务场景深度融合的能力，提供端到端的智能化解决方案。,大模型,,ANCHOR:大模型,TECH_LLM,MDAF0005170+TECH_LLM,TECH_LLM,,1,UNKNOWN,WEAK_GENERIC,0.523958,0.75,0.75,1,大模型,,688590.SH_新致软件_2025_管理层讨论与分析.pdf,3,14,（2）行业主要技术门槛,正文,MDAF0005170,,TECH_LLM,TECH_LLM=0.5240/0.1195
CAND-00622,688590.SH,新致软件,2025,业务概要,具备完善的数据治理体系和隐私计算技术的企业将占据优势。,隐私计算; 数据治理,AIFT-032; AIFT-168,ALS-0131; ALS-0681,AI_ENGINEERING; TECH_PRIVACY,MDAF0005171+TECH_PRIVACY,TECH_PRIVACY,,1,UNKNOWN,,0.511135,0.75,0.75,1,隐私计算; 数据治理,,688590.SH_新致软件_2025_管理层讨论与分析.pdf,3,14,2）数据治理与安全门槛：随着《数据安全法》和《个人信息保护法》的深入实施，以及数据,正文,MDAF0005171,,AI_ENGINEERING;TECH_PRIVACY,TECH_PRIVACY=0.5111/0.0919; AI_ENGINEERING=0.3373/-0.0631
CAND-00623,688590.SH,新致软件,2025,业务概要,在国家“十四五”规划收官与“十五五”规划谋划的交汇期，以及“东数西算”工程全面铺开的背景下，行业呈现出“AI 原生化、算力普惠化、数据资产化”的显著特征。,AI,AIFT-001,ALS-0002,AI_GENERAL,MDAF0005172+AI_GENERAL,,,1,UNKNOWN,,0.434333,0.55,0.55,1,AI,,688590.SH_新致软件_2025_管理层讨论与分析.pdf,3,14,（1）行业的发展阶段和技术特点,正文,MDAF0005172,,AI_GENERAL,AI_GENERAL=0.4343/0.0575
CAND-00624,688590.SH,新致软件,2025,业务概要,"新致软件作为行业领先的软件和信息技术服务公司，将持续推动和加强云计算、大数据、物联网、人工智能、区块链、5G、信息安全等新一代信息技术在各行业的深度应用,推动公司业务向更广阔领域加速发展，不断探索新业务和新模式，强化自身品牌优势。",人工智能,AIFT-001,ALS-0001,AI_GENERAL,MDAF0005173+AI_GENERAL,,,1,COMPANY,APPLIED,0.387464,0.65,0.65,1,人工智能,,688590.SH_新致软件_2025_管理层讨论与分析.pdf,3,14,（1）行业的发展阶段和技术特点,正文,MDAF0005173,,AI_GENERAL,AI_GENERAL=0.3875/0.0141
CAND-00625,688590.SH,新致软件,2025,业务概要,能够快速适配开源大模型、构建开发者生态，并提供全生命周期服务的头部企业，将主导市场话语权。,大模型,,ANCHOR:大模型,TECH_LLM,MDAF0005176+TECH_LLM,TECH_LLM,,1,UNKNOWN,R_AND_D,0.470036,0.8,0.8,1,大模型,,688590.SH_新致软件_2025_管理层讨论与分析.pdf,3,14,3）敏捷响应与生态构建能力：在AI 技术快速迭代的背景下，企业需要具备极强的技术响应,正文,MDAF0005176,,TECH_LLM,TECH_LLM=0.4700/0.0070
CAND-00626,688590.SH,新致软件,2025,业务概要,随着企业数字化需求从单一的系统建设升级为“业务+AI”的深度融合，行业准入门槛发生了结构性变化：1）技术与场景的融合壁垒：单纯的代码编写能力已不再是核心竞争力，“行业Know-How+AI工程化能力”成为关键壁垒。,AI,AIFT-001,ALS-0002,AI_GENERAL,MDAF0005179+AI_GENERAL,,,1,UNKNOWN,R_AND_D,0.448572,0.6,0.6,1,AI,,688590.SH_新致软件_2025_管理层讨论与分析.pdf,3,14,（2）行业主要技术门槛,正文,MDAF0005179,,AI_GENERAL,AI_GENERAL=0.4486/0.0331
CAND-00627,688590.SH,新致软件,2025,业务概要,2025年以生成式人工智能（AIGC）为代表的新技术在金融、制造等核心领域的规模化落地标志着行业正式迈入“智能化重构”的新阶段。,人工智能; 生成式人工智能; AIGC,AIFT-001; AIFT-110,ALS-0001; ALS-0450; ALS-0452,AI_GENERAL; TECH_LLM,MDAF0005180+TECH_LLM,TECH_LLM,,1,UNKNOWN,APPLIED,0.512173,0.98,0.98,1,人工智能; 生成式人工智能; AIGC,,688590.SH_新致软件_2025_管理层讨论与分析.pdf,4,15,3、报告期内新技术、新产业、新业态、新模式的发展情况和未来发展趋势,正文,MDAF0005180,,AI_GENERAL;TECH_LLM,AI_GENERAL=0.5122/-0.0167; TECH_LLM=0.4671/0.0554
CAND-00628,688590.SH,新致软件,2025,业务概要,2025年，在“因地制宜发展新质生产力”政策主线牵引下，据中国信通院测算，2024年我国人工智能核心产业规模已突破9000亿元，同比增长24%，2025年有望达1.2万亿元。,人工智能,AIFT-001,ALS-0001,AI_GENERAL,MDAF0005181+AI_GENERAL,,,1,UNKNOWN,,0.348574,0.55,0.55,1,人工智能,,688590.SH_新致软件_2025_管理层讨论与分析.pdf,4,15,（1）人工智能的质变与量变,正文,MDAF0005181,,AI_GENERAL,AI_GENERAL=0.3486/0.0459
CAND-00629,688590.SH,新致软件,2025,业务概要,Token 调用量从年初到年末的几何级增长，不仅验证了推理成本快速下降带来的经济可行性，更标志着大模型已从“实验室玩具”真正进入企业核心生产流程。,大模型,,ANCHOR:大模型,TECH_LLM,MDAF0005182+TECH_LLM,TECH_LLM,,1,UNKNOWN,R_AND_D,0.485992,0.8,0.8,1,大模型,,688590.SH_新致软件_2025_管理层讨论与分析.pdf,4,15,（1）人工智能的质变与量变,正文,MDAF0005182,,TECH_LLM,TECH_LLM=0.4860/0.0966
CAND-00630,688590.SH,新致软件,2025,业务概要,Token 调用量是衡量大模型应用深度和广度的核心先行指标。,大模型,,ANCHOR:大模型,TECH_LLM,MDAF0005183+TECH_LLM,TECH_LLM,,1,UNKNOWN,APPLIED,0.482213,0.8,0.8,1,大模型,,688590.SH_新致软件_2025_管理层讨论与分析.pdf,4,15,（1）人工智能的质变与量变,正文,MDAF0005183,,TECH_LLM,TECH_LLM=0.4822/0.0771
CAND-00631,688590.SH,新致软件,2025,业务概要,中国AI 企业数量超过6000家，全球占比达16%，形成从基础底座、模型框架到行业应用的完整产业体系，这一增长速度远超同期GDP 增速，更加凸显了人工智能作为新质生产力核心引擎的地位。,人工智能; AI,AIFT-001,ALS-0001; ALS-0002,AI_GENERAL,MDAF0005184+AI_GENERAL,,,1,UNKNOWN,APPLIED,0.377964,0.6,0.6,1,人工智能; AI,,688590.SH_新致软件_2025_管理层讨论与分析.pdf,4,15,（1）人工智能的质变与量变,正文,MDAF0005184,,AI_GENERAL,AI_GENERAL=0.3780/-0.0026
CAND-00632,688590.SH,新致软件,2025,业务概要,如果说2024年是大模型的“涌现之年”，那么2025年则是大模型的“应用元年”。,大模型,,ANCHOR:大模型,TECH_LLM,MDAF0005191+TECH_LLM,TECH_LLM,,1,UNKNOWN,APPLIED,0.402295,0.8,0.8,1,大模型,,688590.SH_新致软件_2025_管理层讨论与分析.pdf,4,15,3、报告期内新技术、新产业、新业态、新模式的发展情况和未来发展趋势,正文,MDAF0005191,,TECH_LLM,TECH_LLM=0.4023/-0.0221
CAND-00633,688590.SH,新致软件,2025,业务概要,据中国信通院统计，2025年全年，公有云大模型（对客侧）Token 调用量约2000万亿次，国内日均Token 消耗量在2025年年初达到10万亿次，同比2024年年初增长约100 倍。,大模型,,ANCHOR:大模型,TECH_LLM,MDAF0005192+TECH_LLM,TECH_LLM,,1,UNKNOWN,,0.444004,0.75,0.75,1,大模型,,688590.SH_新致软件_2025_管理层讨论与分析.pdf,4,15,（1）人工智能的质变与量变,正文,MDAF0005192,,TECH_LLM,TECH_LLM=0.4440/0.0786
CAND-00634,688590.SH,新致软件,2025,业务概要,特别是在金融领域，AI 不仅用于降本增效，更开始参与核心风控与产品创新，成为新质生产力的典型代表。,AI,AIFT-001,ALS-0002,AI_GENERAL,MDAF0005195+AI_GENERAL,,,1,UNKNOWN,,0.492955,0.55,0.55,1,AI,,688590.SH_新致软件_2025_管理层讨论与分析.pdf,4,15,3、报告期内新技术、新产业、新业态、新模式的发展情况和未来发展趋势,正文,MDAF0005195,,AI_GENERAL,AI_GENERAL=0.4930/-0.0001
CAND-00635,688590.SH,新致软件,2025,业务概要,软件不再仅仅是流程的自动化工具，而是成为了具备推理能力和创造能力的“智能体”。,智能体,AIFT-128,ALS-0523,AI_GENERAL,MDAF0005198+AI_GENERAL,,,1,UNKNOWN,WEAK_GENERIC,0.56051,0.35,0.35,1,智能体,仅弱词无锚点,688590.SH_新致软件_2025_管理层讨论与分析.pdf,4,15,3、报告期内新技术、新产业、新业态、新模式的发展情况和未来发展趋势,正文,MDAF0005198,,AI_GENERAL,AI_GENERAL=0.5605/0.2152
CAND-00636,688590.SH,新致软件,2025,业务概要,2025年被业界广泛定义为“AI 应用元年”或“智能体商业化元年”。,AI; 智能体,AIFT-001; AIFT-128,ALS-0002; ALS-0523,AI_GENERAL,MDAF0005199+AI_GENERAL,,,1,UNKNOWN,APPLIED,0.361866,0.6,0.6,1,AI; 智能体,,688590.SH_新致软件_2025_管理层讨论与分析.pdf,5,16,（2）AI Agent 商业化元年的爆发,正文,MDAF0005199,,AI_GENERAL,AI_GENERAL=0.3619/-0.0035
CAND-00637,688590.SH,新致软件,2025,业务概要,OpenClaw 主要是通过开放的Skill 模块机制、本地记忆管理以及极低的安装成本，让AI 从“能说会道”走向“能动手干活”。,AI,AIFT-001,ALS-0002,AI_GENERAL,MDAF0005203+AI_GENERAL,,,1,UNKNOWN,,0.403104,0.55,0.55,1,AI,,688590.SH_新致软件_2025_管理层讨论与分析.pdf,5,16,（3）一只“龙虾”引发的AI 产业风暴,正文,MDAF0005203,,AI_GENERAL,AI_GENERAL=0.4031/0.0384
CAND-00638,688590.SH,新致软件,2025,业务概要,开源AI 智能体OpenClaw 的爆火并非偶然，而是2026年政策、技术与市场三重力量共振的结果，OpenClaw 展现的能力（本地文件操作、程序自动化、跨软件协同）指明了未来AI 操作系统级集成的方向。,AI; 智能体,AIFT-001; AIFT-128,ALS-0002; ALS-0523,AI_GENERAL,MDAF0005206+AI_GENERAL,,,1,UNKNOWN,WEAK_GENERIC,0.388689,0.55,0.55,1,AI; 智能体,,688590.SH_新致软件_2025_管理层讨论与分析.pdf,5,16,（3）一只“龙虾”引发的AI 产业风暴,正文,MDAF0005206,,AI_GENERAL,AI_GENERAL=0.3887/0.0679
CAND-00639,688590.SH,新致软件,2025,业务概要,据赛迪顾问发布的《中国2025 中国智能体市场发展研究报告》显示，2024年中国智能体市场规模达47.5亿元，同比增长64.4%；预计2025年将达78.4亿元，增速持续超过60%。,智能体,AIFT-128,ALS-0523,AI_GENERAL,MDAF0005207+AI_GENERAL,,,1,UNKNOWN,APPLIED,0.435271,0.55,0.55,1,智能体,,688590.SH_新致软件_2025_管理层讨论与分析.pdf,5,16,（2）AI Agent 商业化元年的爆发,正文,MDAF0005207,,AI_GENERAL,AI_GENERAL=0.4353/0.1716
CAND-00640,688590.SH,新致软件,2025,业务概要,普通用户也能轻松拥有可处理日常事务的“数字员工”，这一突破降低了AI 应用的技术门槛。,AI,AIFT-001,ALS-0002,AI_GENERAL,MDAF0005208+AI_GENERAL,,,1,UNKNOWN,APPLIED,0.442749,0.6,0.6,1,AI,,688590.SH_新致软件_2025_管理层讨论与分析.pdf,5,16,（3）一只“龙虾”引发的AI 产业风暴,正文,MDAF0005208,,AI_GENERAL,AI_GENERAL=0.4427/0.0356
CAND-00641,688590.SH,新致软件,2025,业务概要,智能体作为连接大模型能力与产业价值的关键载体，在这一年完成了从试点探索到规模化商用的关键跨越。,智能体; 大模型,AIFT-128,ALS-0523; ANCHOR:大模型,AI_GENERAL; TECH_LLM,MDAF0005209+TECH_LLM,TECH_LLM,,1,UNKNOWN,PILOT,0.560708,0.8,0.8,1,智能体; 大模型,,688590.SH_新致软件_2025_管理层讨论与分析.pdf,5,16,（2）AI Agent 商业化元年的爆发,正文,MDAF0005209,,AI_GENERAL;TECH_LLM,AI_GENERAL=0.5607/0.2478; TECH_LLM=0.4181/0.0199
CAND-00642,688590.SH,新致软件,2025,业务概要,未来，操作系统原生集成AI 智能体能力将成为必然趋势。,AI; 智能体,AIFT-001; AIFT-128,ALS-0002; ALS-0523,AI_GENERAL,MDAF0005210+AI_GENERAL,,,1,UNKNOWN,,0.415506,0.55,0.55,1,AI; 智能体,,688590.SH_新致软件_2025_管理层讨论与分析.pdf,5,16,（3）一只“龙虾”引发的AI 产业风暴,正文,MDAF0005210,,AI_GENERAL,AI_GENERAL=0.4155/0.0754
CAND-00643,688590.SH,新致软件,2025,业务概要,未来，智能体能否在复杂、动态、多约束的真实环境中稳定交付可解释、可审计、可复现的业务成果，将成为智能体产品和解决方案发展的分水岭，也决定了人工智能从辅助工具走向核心生产力的演进速度。,人工智能; 智能体,AIFT-001; AIFT-128,ALS-0001; ALS-0523,AI_GENERAL,MDAF0005211+AI_GENERAL,,,1,UNKNOWN,COMMERCIAL,0.531938,0.6,0.6,1,人工智能; 智能体,,688590.SH_新致软件_2025_管理层讨论与分析.pdf,5,16,（2）AI Agent 商业化元年的爆发,正文,MDAF0005211,,AI_GENERAL,AI_GENERAL=0.5319/0.2132
CAND-00644,688590.SH,新致软件,2025,业务概要,这一增长得益于模型推理能力、多模态融合与记忆机制的持续突破，以及智能体架构和低门槛智能体开发平台的广泛应用。,智能体,AIFT-128,ALS-0523,AI_GENERAL,MDAF0005213+AI_GENERAL,,,1,UNKNOWN,APPLIED,0.518104,0.55,0.55,1,智能体,,688590.SH_新致软件_2025_管理层讨论与分析.pdf,5,16,（2）AI Agent 商业化元年的爆发,正文,MDAF0005213,,AI_GENERAL,AI_GENERAL=0.5181/0.2200
CAND-00645,688590.SH,新致软件,2025,业务概要,"这只“虾”的全名是OpenClaw,一个开源AI 智能体框架，其核心功能是让大模型实现“主动执行任务”，而非单纯对话。",AI; 智能体; 大模型,AIFT-001; AIFT-128,ALS-0002; ALS-0523; ANCHOR:大模型,AI_GENERAL; TECH_LLM,MDAF0005214+TECH_LLM,TECH_LLM,,1,UNKNOWN,,0.481536,0.75,0.75,1,AI; 智能体; 大模型,,688590.SH_新致软件_2025_管理层讨论与分析.pdf,5,16,（3）一只“龙虾”引发的AI 产业风暴,正文,MDAF0005214,,AI_GENERAL;TECH_LLM,AI_GENERAL=0.4815/0.0968; TECH_LLM=0.3650/0.0222
CAND-00646,688590.SH,新致软件,2025,业务概要,随着“人工智能+”行动在政务、医疗、交通、能源等重点领域深入推进，智能体正从技术验证迈向规模化价值兑现阶段。,人工智能; 智能体,AIFT-001; AIFT-128,ALS-0001; ALS-0523,AI_GENERAL,MDAF0005215+AI_GENERAL,,,1,UNKNOWN,R_AND_D,0.538363,0.6,0.6,1,人工智能; 智能体,,688590.SH_新致软件_2025_管理层讨论与分析.pdf,5,16,（2）AI Agent 商业化元年的爆发,正文,MDAF0005215,,AI_GENERAL,AI_GENERAL=0.5384/0.1343
CAND-00647,688590.SH,新致软件,2025,业务概要,3）全面实施“人工智能+”行动，加强人工智能同科技创新、产业发展、文化建设、民生保障、社会治理相结合，抢占人工智能产业应用制高点，全方位赋能千行百业。,人工智能,AIFT-001,ALS-0001,AI_GENERAL,MDAF0005216+AI_GENERAL,,,1,UNKNOWN,APPLIED,0.393193,0.6,0.6,1,人工智能,,688590.SH_新致软件_2025_管理层讨论与分析.pdf,6,17,（4）数字中国建设的新篇章—“十五五”规划,正文,MDAF0005216,,AI_GENERAL,AI_GENERAL=0.3932/0.0422
CAND-00648,688590.SH,新致软件,2025,业务概要,推动工业互联网平台内嵌AI 能力，打造“5G+工业互联网”升级版，为企业提供“平台+智能体”的新型服务。,AI; 智能体,AIFT-001; AIFT-128,ALS-0002; ALS-0523,AI_GENERAL,MDAF0005224+AI_GENERAL,,,1,UNKNOWN,R_AND_D,0.431331,0.6,0.6,1,AI; 智能体,,688590.SH_新致软件_2025_管理层讨论与分析.pdf,6,17,（4）数字中国建设的新篇章—“十五五”规划,正文,MDAF0005224,,AI_GENERAL,AI_GENERAL=0.4313/0.0997
CAND-00649,688590.SH,新致软件,2025,业务概要,规划积极提出人工智能、数字经济等新兴领域国际规则的中国方案，标志着中国从数字经济的技术应用者向全球规则制定者的角色升级。,人工智能,AIFT-001,ALS-0001,AI_GENERAL,MDAF0005227+AI_GENERAL,,,1,UNKNOWN,APPLIED,0.332031,0.6,0.6,1,人工智能,,688590.SH_新致软件_2025_管理层讨论与分析.pdf,6,17,（5）,正文,MDAF0005227,,AI_GENERAL,AI_GENERAL=0.3320/-0.0488
CAND-00650,688590.SH,新致软件,2025,核心竞争力,公司经过多年的自主研发，掌握了一批较为领先的核心技术，形成包括项目管理所需技术、项目实施所需技术、面向具体行业业务领域解决方案等综合技术体系，建设新致新知人工智能平台、新致云PaaS 平台、技术开发平台（NewtouchOne）、企业数字信息化管理平台（NewtouchEDS）、技术验证平台（NewtouchX）等核心技术平台，利用自身的技术优势和研发团队开发了面向特定行业以及应用需求的解决方案，通过这些解决方案，能够为客户的信息系统提供量身定做的技术服务，以满足业务流程的要求。,人工智能,AIFT-001,ALS-0001,AI_GENERAL,MDAF0005236+AI_GENERAL,,,1,COMPANY,R_AND_D,0.385848,0.65,0.65,1,人工智能,,688590.SH_新致软件_2025_管理层讨论与分析.pdf,11,22,3、科学高效的研发体系,正文,MDAF0005236,,AI_GENERAL,AI_GENERAL=0.3858/0.1055
CAND-00651,688590.SH,新致软件,2025,核心竞争力,近年来，公司陆续建立云计算、大数据、人工智能及区块链实验室，不断将新技术与行业应用相结合，帮助客户上云升级、做出智能化商业分析。,人工智能,AIFT-001,ALS-0001,AI_GENERAL,MDAF0005240+AI_GENERAL,,,1,COMPANY,APPLIED,0.477927,0.65,0.65,1,人工智能,,688590.SH_新致软件_2025_管理层讨论与分析.pdf,11,22,3、科学高效的研发体系,正文,MDAF0005240,,AI_GENERAL,AI_GENERAL=0.4779/0.0420
CAND-00652,688590.SH,新致软件,2025,核心竞争力,NBDOneclick（NewtouchBigDataOneclick）是公司自主研发的工具型技术，主要应用于金融大数据的解决方案中，应用该技术的解决方案实现了金融机构底层数据的一致性，并克服了大数据应用环节（主要包括数据采集、数据加工、深度学习以及数据可视化等）的数据差异性及处理复杂性，同时解决了底层应用中存在的技术障碍，并通过分布式架构降低了数据处理的成本。,深度学习,AIFT-003,ALS-0013,TECH_ML,MDAF0005242+TECH_ML,TECH_ML,,1,COMPANY,R_AND_D,0.425391,0.85,0.85,1,深度学习,,688590.SH_新致软件_2025_管理层讨论与分析.pdf,12,23,b.异构大数据的一站式处理技术（NBDOneclick）,正文,MDAF0005242,,TECH_ML,TECH_ML=0.4254/0.1440
CAND-00653,688590.SH,新致软件,2025,核心竞争力,公司具备丰富的技术积累和项目经验，在此基础上形成了自主研发的核心技术，重点覆盖了大数据、人工智能、移动互联和云计算等领域。,人工智能,AIFT-001,ALS-0001,AI_GENERAL,MDAF0005245+AI_GENERAL,,,1,COMPANY,R_AND_D,0.445034,0.65,0.65,1,人工智能,,688590.SH_新致软件_2025_管理层讨论与分析.pdf,12,23,（1）核心技术,正文,MDAF0005245,,AI_GENERAL,AI_GENERAL=0.4450/0.1361
CAND-00654,688590.SH,新致软件,2025,核心竞争力,公司的专有技术主要包括“保险行业数据模型”、“异构大数据一站式处理技术”、“金融知识语料库技术”和“新致新知人工智能平台”，公司将专有技术应用于各个细分行业，为主要客户提供多项解决方案。,人工智能; 语料库,AIFT-001; AIFT-124,ALS-0001; ALS-0507,AI_GENERAL; TECH_LLM,MDAF0005246+TECH_LLM,TECH_LLM,,1,COMPANY,APPLIED,0.487281,0.85,0.85,1,人工智能; 语料库,,688590.SH_新致软件_2025_管理层讨论与分析.pdf,12,23,1）专有技术,正文,MDAF0005246,,AI_GENERAL;TECH_LLM,TECH_LLM=0.4873/0.1483; AI_GENERAL=0.4350/0.0751
CAND-00655,688590.SH,新致软件,2025,核心竞争力,其中，保险行业数据模型为保险公司信息系统的自主可控贡献力量；异构大数据一站式处理技术提升了数据处理的效率；金融知识语料库技术提高了金融行业信息系统的智能化程度，该技术积累了丰富的应用场景、大幅缩短了机器应答时间、明显提升了搜索的精度和速度、支持多轮人机对话。,语料库,AIFT-124,ALS-0507,TECH_LLM,MDAF0005248+TECH_LLM,TECH_LLM,,1,COMPANY,APPLIED,0.552074,0.85,0.85,1,语料库,,688590.SH_新致软件_2025_管理层讨论与分析.pdf,12,23,1）专有技术,正文,MDAF0005248,,TECH_LLM,TECH_LLM=0.5521/0.2265
CAND-00656,688590.SH,新致软件,2025,核心竞争力,报告期内，公司发布最新AI 产品技术体系，依托“知识库”、“大模型”和“智能体（Agent）”技术，将“新致新知人工智能平台”赋能各行业营销和知识流程两大领域。,人工智能; AI; 智能体; Agent; 大模型,AIFT-001; AIFT-128,ALS-0001; ALS-0002; ALS-0523; ALS-0524; ANCHOR:大模型,AI_GENERAL; TECH_LLM,MDAF0005250+TECH_LLM,TECH_LLM,,1,COMPANY,APPLIED,0.511509,0.85,0.85,1,人工智能; AI; 智能体; Agent; 大模型,,688590.SH_新致软件_2025_管理层讨论与分析.pdf,12,23,（1）核心技术,正文,MDAF0005250,,AI_GENERAL;TECH_LLM,AI_GENERAL=0.5115/0.1087; TECH_LLM=0.4663/0.0787
CAND-00657,688590.SH,新致软件,2025,核心竞争力,知识语料库技术能高效处理海量信息的能力正好满足这一需求。,语料库,AIFT-124,ALS-0507,TECH_LLM,MDAF0005251+TECH_LLM,TECH_LLM,,1,UNKNOWN,,0.490292,0.75,0.75,1,语料库,,688590.SH_新致软件_2025_管理层讨论与分析.pdf,12,23,c.金融知识语料库技术,正文,MDAF0005251,,TECH_LLM,TECH_LLM=0.4903/0.1912
CAND-00658,688590.SH,新致软件,2025,核心竞争力,新知大模型采用MoE（专家混合架构，MixtureofExperts）技术，参数规模达98B 级别，融合万亿级Token 的大规模行业数据。,大模型,,ANCHOR:大模型,TECH_LLM,MDAF0005255+TECH_LLM,TECH_LLM,,1,UNKNOWN,,0.450022,0.75,0.75,1,大模型,,688590.SH_新致软件_2025_管理层讨论与分析.pdf,13,24,d.新致新知人工智能平台,正文,MDAF0005255,,TECH_LLM,TECH_LLM=0.4500/0.0276
CAND-00659,688590.SH,新致软件,2025,核心竞争力,新致新知知识库产品将面向多个垂直行业进行拓展，例如，在汽车险领域知识语料库提供数据资源（涉及汽车零配件管理、个性化定制、经销商服务等等），新致新知平台已成功接入多家中、小型保险公司，保险经纪、理赔人员甚至是汽车从业人员均可以通过平台上传并整理标记知识库。,语料库,AIFT-124,ALS-0507,TECH_LLM,MDAF0005256+TECH_LLM,TECH_LLM,,1,COMPANY,APPLIED,0.43338,0.85,0.85,1,语料库,,688590.SH_新致软件_2025_管理层讨论与分析.pdf,13,24,c.金融知识语料库技术,正文,MDAF0005256,,TECH_LLM,TECH_LLM=0.4334/0.1270
CAND-00660,688590.SH,新致软件,2025,核心竞争力,未来基于汽车险知识库，并通过大模型训练出的保险人工智能产品将应用于保险反欺诈、保险理赔定价、二手车交易、保费定价等领域，带来保险行业效率提升并产生新的商业模式。,人工智能; 保险反欺诈; 大模型; 模型训练,AIFT-001; AIFT-231,ALS-0001; ALS-0936; ANCHOR:大模型; ANCHOR:模型训练,AI_ENGINEERING; AI_GENERAL; PRODUCT_INSURANCE; TECH_LLM,MDAF0005257+TECH_LLM,TECH_LLM,PRODUCT_INSURANCE,1,UNKNOWN,R_AND_D,0.553874,0.98,0.98,1,人工智能; 保险反欺诈; 大模型; 模型训练,,688590.SH_新致软件_2025_管理层讨论与分析.pdf,13,24,c.金融知识语料库技术,正文,MDAF0005257,,AI_ENGINEERING;AI_GENERAL;PRODUCT_INSURANCE;TECH_LLM,PRODUCT_INSURANCE=0.5539/0.1597; AI_ENGINEERING=0.4587/0.2723; TECH_LLM=0.4185/0.1146; AI_GENERAL=0.3648/0.0229
CAND-00661,688590.SH,新致软件,2025,核心竞争力,模型运用前沿强化学习算法优化，显著提升推理准确性和响应速度。,强化学习,AIFT-027,ALS-0111,TECH_RL,MDAF0005258+TECH_RL,TECH_RL,,1,UNKNOWN,R_AND_D,0.431626,0.8,0.8,1,强化学习,,688590.SH_新致软件_2025_管理层讨论与分析.pdf,13,24,d.新致新知人工智能平台,正文,MDAF0005258,,TECH_RL,TECH_RL=0.4316/0.1995
CAND-00662,688590.SH,新致软件,2025,核心竞争力,AI 技术领域，针对大语言模型（LLM）、多模态模型、OCR 识别优化、文本转语音（TTS）以及语音识别（ASR）等技术深度优化，建立起业内领先的技术优势。,AI; 语音识别; ASR; TTS; 文本转语音; OCR; 大语言模型; LLM; 多模态模型,AIFT-001; AIFT-061; AIFT-062; AIFT-079; AIFT-111; AIFT-116,ALS-0002; ALS-0251; ALS-0252; ALS-0257; ALS-0258; ALS-0326; ALS-0455; ALS-0456; ALS-0476,AI_GENERAL; TECH_CV; TECH_LLM; TECH_SPEECH,MDAF0005259+TECH_CV,TECH_CV; TECH_LLM; TECH_SPEECH,,1,UNKNOWN,R_AND_D,0.469149,0.98,0.98,1,AI; 语音识别; ASR; TTS; 文本转语音; OCR; 大语言模型; LLM; 多模态模型,,688590.SH_新致软件_2025_管理层讨论与分析.pdf,14,25,d.新致新知人工智能平台,正文,MDAF0005259,,AI_GENERAL;TECH_CV;TECH_LLM;TECH_SPEECH,TECH_LLM=0.4691/0.1336; TECH_SPEECH=0.4210/0.1217; AI_GENERAL=0.3947/0.0347; TECH_CV=0.3820/0.1439
CAND-00663,688590.SH,新致软件,2025,核心竞争力,从系统架构层面，公司实现资源调度、通信优化、中间件建设及模型推理性能提升，不仅实现了业务引用的智能化升级，更在底层强化了智能体安全合规控制与全链路操作审计机制，确保每个操作均可追溯、可监管，大幅提升了系统的灵活性、可扩展性与可靠性。,智能体,AIFT-128,ALS-0523,AI_GENERAL,MDAF0005260+AI_GENERAL,,,1,COMPANY,R_AND_D,0.508337,0.6,0.6,1,智能体,,688590.SH_新致软件_2025_管理层讨论与分析.pdf,14,25,d.新致新知人工智能平台,正文,MDAF0005260,,AI_GENERAL,AI_GENERAL=0.5083/0.2244
CAND-00664,688590.SH,新致软件,2025,核心竞争力,在工程化落地方面，公司积累了丰富的可信技能（Skills）治理、自主规划能力（ReAct）、智能体编排调度（AgentOrchestration）等先进实践经验，进一步沉淀出行业领域关键应用、数字员工、AI 编程等产品化能力，凭借这些核心优势，新知大模型成功赋能金融、汽车、电商（零售）、司法等多个行业场景。,AI; 智能体; 智能体编排; 大模型,AIFT-001; AIFT-128; AIFT-131,ALS-0002; ALS-0523; ALS-0537; ANCHOR:大模型,AI_GENERAL; TECH_LLM,MDAF0005263+TECH_LLM,TECH_LLM,,1,COMPANY,APPLIED,0.518684,0.85,0.85,1,AI; 智能体; 智能体编排; 大模型,,688590.SH_新致软件_2025_管理层讨论与分析.pdf,14,25,d.新致新知人工智能平台,正文,MDAF0005263,,AI_GENERAL;TECH_LLM,TECH_LLM=0.5187/0.1359; AI_GENERAL=0.5013/0.1276
CAND-00665,688590.SH,新致软件,2025,核心竞争力,针对企业端，新知大模型提供精准的文档自动生成、智能客服互动、合规风控审查等服务，助力企业提升运营效率与智能决策能力。,智能决策; 智能客服; 大模型,AIFT-109; AIFT-204,ALS-0447; ALS-0826; ANCHOR:大模型,PRODUCT_CUSTOMER; TECH_DECISION; TECH_LLM,MDAF0005264+TECH_DECISION,TECH_DECISION; TECH_LLM,PRODUCT_CUSTOMER,1,UNKNOWN,,0.565702,0.95,0.95,1,智能决策; 智能客服; 大模型,,688590.SH_新致软件_2025_管理层讨论与分析.pdf,14,25,d.新致新知人工智能平台,正文,MDAF0005264,,PRODUCT_CUSTOMER;TECH_DECISION;TECH_LLM,TECH_LLM=0.5657/0.2050; PRODUCT_CUSTOMER=0.4931/0.2089; TECH_DECISION=0.4859/0.1753
CAND-00666,688590.SH,新致软件,2025,核心竞争力,同时，该解决方案运用大数据技术分析客户的交易行为，为精准营销提供数据依据；前台的客户端则采用了人工智能的人脸识别技术，与金融机构已有的内部身份认证系统对接，能提高客户登录时的安全性。,人工智能; 人脸识别; 身份认证; 精准营销,AIFT-001; AIFT-076; AIFT-195; AIFT-208,ALS-0001; ALS-0313; ALS-0792; ALS-0843,AI_GENERAL; PRODUCT_CUSTOMER; PRODUCT_FRAUD; TECH_CV,MDAF0005274+TECH_CV,TECH_CV,PRODUCT_CUSTOMER; PRODUCT_FRAUD,1,UNKNOWN,,0.58212,0.75,0.75,1,人工智能; 人脸识别; 身份认证; 精准营销,,688590.SH_新致软件_2025_管理层讨论与分析.pdf,15,26,b.金融市场代客交易解决方案,正文,MDAF0005274,,AI_GENERAL;PRODUCT_CUSTOMER;PRODUCT_FRAUD;TECH_CV,TECH_CV=0.5821/0.2505; PRODUCT_FRAUD=0.5134/0.1635; PRODUCT_CUSTOMER=0.4673/0.0759; AI_GENERAL=0.4269/-0.0171
CAND-00667,688590.SH,新致软件,2025,核心竞争力,AI 技术领域，针对大语言模型（LLM）、多模态模型、OCR 识别优化、文本转语音（TTS）以及语音识别（ASR）等技术深度优化，建立起业内领先的技术优势。,AI; 语音识别; ASR; TTS; 文本转语音; OCR; 大语言模型; LLM; 多模态模型,AIFT-001; AIFT-061; AIFT-062; AIFT-079; AIFT-111; AIFT-116,ALS-0002; ALS-0251; ALS-0252; ALS-0257; ALS-0258; ALS-0326; ALS-0455; ALS-0456; ALS-0476,AI_GENERAL; TECH_CV; TECH_LLM; TECH_SPEECH,MDAF0005279+TECH_CV,TECH_CV; TECH_LLM; TECH_SPEECH,,1,UNKNOWN,R_AND_D,0.469149,0.98,0.98,1,AI; 语音识别; ASR; TTS; 文本转语音; OCR; 大语言模型; LLM; 多模态模型,,688590.SH_新致软件_2025_管理层讨论与分析.pdf,16,27,d.自研新致新知大模型,正文,MDAF0005279,,AI_GENERAL;TECH_CV;TECH_LLM;TECH_SPEECH,TECH_LLM=0.4691/0.1336; TECH_SPEECH=0.4210/0.1217; AI_GENERAL=0.3947/0.0347; TECH_CV=0.3820/0.1439
CAND-00668,688590.SH,新致软件,2025,核心竞争力,从系统架构层面，公司实现资源调度、通信优化、中间件建设、模型推理性能提升及整体应用架构集成的全链路布局，构筑了从底层技术到业务应用的AI 生态闭环。,AI,AIFT-001,ALS-0002,AI_GENERAL,MDAF0005280+AI_GENERAL,,,1,COMPANY,APPLIED,0.471456,0.65,0.65,1,AI,,688590.SH_新致软件_2025_管理层讨论与分析.pdf,16,27,d.自研新致新知大模型,正文,MDAF0005280,,AI_GENERAL,AI_GENERAL=0.4715/0.1081
CAND-00669,688590.SH,新致软件,2025,核心竞争力,在工程化落地方面，公司积累了丰富的检索增强生成（RAG）、智能代理（Agent）、智能工作流（Workflow）等先进实践经验，凭借这些核心优势，新知大模型成功赋能金融、汽车、司法等多个行业场景。,检索增强生成; RAG; Agent; 智能代理; 大模型,AIFT-122; AIFT-128,ALS-0499; ALS-0500; ALS-0524; ALS-0527; ANCHOR:大模型,AI_GENERAL; TECH_LLM,MDAF0005281+TECH_LLM,TECH_LLM,,1,COMPANY,APPLIED,0.66586,0.85,0.85,1,检索增强生成; RAG; Agent; 智能代理; 大模型,,688590.SH_新致软件_2025_管理层讨论与分析.pdf,16,27,d.自研新致新知大模型,正文,MDAF0005281,,AI_GENERAL;TECH_LLM,TECH_LLM=0.6659/0.2803; AI_GENERAL=0.5123/0.0993
CAND-00670,688590.SH,新致软件,2025,核心竞争力,新知大模型采用MoE（专家混合架构，MixtureofExperts）技术，参数规模达98B 级别，融合万亿级Token 的大规模行业数据。,大模型,,ANCHOR:大模型,TECH_LLM,MDAF0005284+TECH_LLM,TECH_LLM,,1,UNKNOWN,,0.450022,0.75,0.75,1,大模型,,688590.SH_新致软件_2025_管理层讨论与分析.pdf,16,27,d.自研新致新知大模型,正文,MDAF0005284,,TECH_LLM,TECH_LLM=0.4500/0.0276
CAND-00671,688590.SH,新致软件,2025,核心竞争力,模型运用前沿强化学习算法优化，显著提升推理准确性和响应速度。,强化学习,AIFT-027,ALS-0111,TECH_RL,MDAF0005285+TECH_RL,TECH_RL,,1,UNKNOWN,R_AND_D,0.431626,0.8,0.8,1,强化学习,,688590.SH_新致软件_2025_管理层讨论与分析.pdf,16,27,d.自研新致新知大模型,正文,MDAF0005285,,TECH_RL,TECH_RL=0.4316/0.1995
CAND-00672,688590.SH,新致软件,2025,核心竞争力,针对企业端，新知大模型提供精准的文档自动生成、智能客服互动、合规风控审查等服务，助力企业提升运营效率与智能决策能力。,智能决策; 智能客服; 大模型,AIFT-109; AIFT-204,ALS-0447; ALS-0826; ANCHOR:大模型,PRODUCT_CUSTOMER; TECH_DECISION; TECH_LLM,MDAF0005286+TECH_DECISION,TECH_DECISION; TECH_LLM,PRODUCT_CUSTOMER,1,UNKNOWN,,0.565702,0.95,0.95,1,智能决策; 智能客服; 大模型,,688590.SH_新致软件_2025_管理层讨论与分析.pdf,16,27,d.自研新致新知大模型,正文,MDAF0005286,,PRODUCT_CUSTOMER;TECH_DECISION;TECH_LLM,TECH_LLM=0.5657/0.2050; PRODUCT_CUSTOMER=0.4931/0.2089; TECH_DECISION=0.4859/0.1753
CAND-00673,688590.SH,新致软件,2025,核心竞争力,"单位：万元序项目预计总投本期投入累计投入技术进展或阶段性成果拟达到目标具体应用前景号名称资规模金额金额水平建设司法行业垂直大模完成司法大模型训服务于法官、律师、型平台，开发智能辅助新致司练、类案检索、文法律学者及公众，办案系统，实现复议案国内法行业书自动生成、案件推动公检法司领域件的快速受理、智能分行业1 4,000.00 1,507.66 2,041.62垂直大要素抽取、智能法的数字化与智能化析（如案件要素自动抽领先模型平条推荐等核心功能转型，解决司法资取、类案及法条推荐）和水平台软件开发，完成系统集源分配与判案效率文书自动生成，提升办成与联调问题。",大模型,,ANCHOR:大模型,TECH_LLM,MDAF0005290+TECH_LLM,TECH_LLM,,1,UNKNOWN,APPLIED,0.422508,0.8,0.8,1,大模型,,688590.SH_新致软件_2025_管理层讨论与分析.pdf,17,28,3、在研项目情况,正文,MDAF0005290,,TECH_LLM,TECH_LLM=0.4225/0.0738
CAND-00674,688590.SH,新致软件,2025,核心竞争力,完成AI 文档创作、为文本创作、数据分析国内服务于金融、科技、新致提供全链路AI 赋能（如文本润色扩写、表行业教育等行业的企业AIOffic格图片渲染、自定文本润色、扩写、表格与领先级市场，满足远程e义智能体接入、业图片处理），并支持企业水平办公和在线协同需求，预期提升40%务系统快速集成等自定义智能体及业务系功能开发，完成内统权限的无缝接入。,AI; 智能体,AIFT-001; AIFT-128,ALS-0002; ALS-0523,AI_GENERAL,MDAF0005291+AI_GENERAL,,,1,UNKNOWN,APPLIED,0.467204,0.6,0.6,1,AI; 智能体,,688590.SH_新致软件_2025_管理层讨论与分析.pdf,17,28,383.77,正文,MDAF0005291,,AI_GENERAL,AI_GENERAL=0.4672/0.0272
CAND-00675,688590.SH,新致软件,2025,核心竞争力,手，能与CRM/ERP能对话问答、个性识点提取与融合，打造能知识领先化定制等功能开系统集成，极大提库助手个性化定制的智能对话水平发，实现与业务系升信息获取与客户与问答机器人。,问答机器人,AIFT-053,ALS-0217,TECH_NLP,MDAF0005294+TECH_NLP,TECH_NLP,,1,UNKNOWN,,0.47591,0.75,0.75,1,问答机器人,,688590.SH_新致软件_2025_管理层讨论与分析.pdf,17,28,314.00,正文,MDAF0005294,,TECH_NLP,TECH_NLP=0.4759/0.0849
CAND-00676,688590.SH,新致软件,2025,核心竞争力,指导机制度检索、智能问识别、内外制度自动核领先识别和智能问答，器人答、规章自动撰写验及规章自动撰写与更水平大幅降低合规处罚与更新等功能开发新。,智能问答,AIFT-053,ALS-0216,TECH_NLP,MDAF0005295+TECH_NLP,TECH_NLP,,1,UNKNOWN,R_AND_D,0.557651,0.8,0.8,1,智能问答,,688590.SH_新致软件_2025_管理层讨论与分析.pdf,17,28,693.29,正文,MDAF0005295,,TECH_NLP,TECH_NLP=0.5577/0.1489
CAND-00677,688590.SH,新致软件,2025,核心竞争力,智能搜强品牌接触体验；推荐、智能营销推预测、相关性内容推荐领先索引擎助力车企实现智能送等功能开发，进及自动营销，打破传统水平助手营销推荐，有效降入全流程测试阶段关键词匹配的局限。,智能营销,AIFT-208,ALS-0844,PRODUCT_CUSTOMER,MDAF0005296+PRODUCT_CUSTOMER,,PRODUCT_CUSTOMER,0,UNKNOWN,R_AND_D,0.407953,0.25,0.25,1,智能营销,anchor未满足,688590.SH_新致软件_2025_管理层讨论与分析.pdf,17,28,383.77,正文,MDAF0005296,,PRODUCT_CUSTOMER,PRODUCT_CUSTOMER=0.4080/0.0818
CAND-00678,688590.SH,新致软件,2025,核心竞争力,"帮助金融机构应对日益严格的监管走完成反洗钱数据规通过自动化规则筛查主反洗钱国内访，提升反洗钱数则检查、问题数据动发现并定位客户、账数字化行业据质量自查能力；10 1,500.00 1,104.17 1,104.17发现、整改追踪、户及交易数据中的反洗检查软领先自动化筛查模式较数据质量评估等功钱合规问题，形成闭环件水平传统人工抽查可减能开发整改机制。",数据质量,AIFT-170,ALS-0690,AI_ENGINEERING,MDAF0005306+AI_ENGINEERING,,,0,UNKNOWN,R_AND_D,0.355759,0.25,0.25,1,数据质量,anchor未满足,688590.SH_新致软件_2025_管理层讨论与分析.pdf,18,29,738.29,正文,MDAF0005306,,AI_ENGINEERING,AI_ENGINEERING=0.3558/0.0812
