sentence_id,公司,章节,页码,句子,股票代码,PDF页序,页码来源,小标题,文本类型,源文件
MDAF0000001,海德股份,业务概要,10,2022年12月，公司成为海伦哲（300201.SZ）第一大股东，利用公司在上市公司纾困提质等方面的专业优势，协助海伦哲成功化解退市风险，支持其进一步做强做优主业，及时升级转型，实现内生增长和外延扩展协同并进，推动业绩稳步提升，海伦哲的市场形象和市场价值大幅提升。,000567.SZ,1,报告页码,（一）上市公司业务领域,正文,000567.SZ_海德股份_2025_管理层讨论与分析.pdf
MDAF0000002,海德股份,业务概要,10,2025年，公司各业务板块经营情况具体如下：,000567.SZ,1,报告页码,,正文,000567.SZ_海德股份_2025_管理层讨论与分析.pdf
MDAF0000003,海德股份,业务概要,10,2025年，公司根据市场变化情况，调整经营思路，稳健开展业务，实现营业收入约7.04亿元，同比下降18.30%，实现扣非后归母净利润约3.80亿元，同比增长30.94%。,000567.SZ,1,报告页码,,正文,000567.SZ_海德股份_2025_管理层讨论与分析.pdf
MDAF0000004,海德股份,业务概要,10,公司深耕困境资产管理行业，依托丰富的行业经验以及股东产业背景，稳健发展业务，持续优化资产结构。,000567.SZ,1,报告页码,,正文,000567.SZ_海德股份_2025_管理层讨论与分析.pdf
MDAF0000005,海德股份,业务概要,10,公司通过司法强执、债务重组、重整等方式取得标的股权或者债权，为其提供全周期专业化纾困服务。,000567.SZ,1,报告页码,（一）上市公司业务领域,正文,000567.SZ_海德股份_2025_管理层讨论与分析.pdf
MDAF0000006,海德股份,业务概要,10,同时，公司与京东、蚂蚁集团下属个贷及科技业务板块平台开展多维度深度合作，通过项目联合投资、共建纾困平台、探索多元调解模式等方式，整合各方在资产资源、客群触达、数字工具等方面的互补优势，进一步拓展业务边界，丰富不良处置与债务人服务的落地路径。,000567.SZ,1,报告页码,（二）个贷不良业务领域,正文,000567.SZ_海德股份_2025_管理层讨论与分析.pdf
MDAF0000007,海德股份,业务概要,10,在充分挤压风险、预留充足价格折扣与安全边际的前提下，公司主要布局在熟悉和擅长的底层资产为能源、上市公司等业务领域，或者具有确定性的特殊机遇业务，通过重组、重整、抵债、盘活、纾困、提质、增效、赋能、处置等多种手段化解不良资产、提升价值，与其他资管公司错位竞争。,000567.SZ,1,报告页码,,正文,000567.SZ_海德股份_2025_管理层讨论与分析.pdf
MDAF0000008,海德股份,业务概要,10,截至本报告期末，上市公司困境资产项目余额8.50亿元，多个储备项目正在推进。,000567.SZ,1,报告页码,（一）上市公司业务领域,正文,000567.SZ_海德股份_2025_管理层讨论与分析.pdf
MDAF0000009,海德股份,业务概要,10,报告期内，公司进一步优化个贷不良资产处置体系，通过区域化专项委案提升电催作业效能，健全处置合作机构库及相关入库标准与管理机制，持续推进多地司法渠道布局，综合运用集中与分散相结合的诉讼策略、诉中保全的保障措施，结合仲裁分散执行等多元模式，系统性增强清收处置能力。,000567.SZ,1,报告页码,（二）个贷不良业务领域,正文,000567.SZ_海德股份_2025_管理层讨论与分析.pdf
MDAF0000010,海德股份,业务概要,10,本业务主要针对主营业务基本面良好，但因上市公司股东或上市公司自身债务问题、经营管理和公司治理不善、股东纠纷等原因陷入经营困境，若不借助外部专业力量实施救助，可能出现经营持续恶化、甚至退市风险的上市公司主体。,000567.SZ,1,报告页码,（一）上市公司业务领域,正文,000567.SZ_海德股份_2025_管理层讨论与分析.pdf
MDAF0000011,海德股份,业务概要,10,根据海伦哲披露的定期报告，海伦哲2025年度实现营业收入17.2亿元，同比增长8.07%，实现归母净利润3.09亿元，同比增长38.19%，扣非后归母净利润2.74亿元，同比增长达34.09%。,000567.SZ,1,报告页码,（一）上市公司业务领域,正文,000567.SZ_海德股份_2025_管理层讨论与分析.pdf
MDAF0000012,海德股份,业务概要,10,该类业务的盈利来源主要是，公司通过一揽子专业化的运作手段，首先帮助其化解风险，获取价值修复的收益，然后再促进其提质增效，获取价值提升的收益。,000567.SZ,1,报告页码,（一）上市公司业务领域,正文,000567.SZ_海德股份_2025_管理层讨论与分析.pdf
MDAF0000013,海德股份,业务概要,11,公司依托内外部资源互补优势，进一步围绕全业务链条深化科技赋能：一是持续深化个贷不良资产管理业务系统开发与迭代，提升全流程自动化与协同运营水平，推进精细化业务管理，显著提高处置效率；二是依托共建的个人纾困平台，在合法合规前提下，借助数字化工具，精准触达并持续连接债务人，推动传统清收模式向长效化运营与纾困帮扶转变，在增强回款能力的同时，切实帮助困境债务人缓解压力。,000567.SZ,2,报告页码,（二）个贷不良业务领域,正文,000567.SZ_海德股份_2025_管理层讨论与分析.pdf
MDAF0000014,海德股份,业务概要,11,公司所属集团深耕能源领域十余载，在能源产业、技术、人才等方面具备深厚积累与核心优势。,000567.SZ,2,报告页码,（三）能源业务领域,正文,000567.SZ_海德股份_2025_管理层讨论与分析.pdf
MDAF0000015,海德股份,业务概要,11,公司积极关注此类业务投资机会，与多家金融机构、地方AMC 和非持牌资产管理公司建立了业务联系和合作关系，从不良资产项目筛选、组包、收购、处置等方面进行全方位深度合作。,000567.SZ,2,报告页码,（五）特殊机遇业务领域,正文,000567.SZ_海德股份_2025_管理层讨论与分析.pdf
MDAF0000016,海德股份,业务概要,11,公司还关注特定类别及特殊机遇投资机会，主要遴选折价幅度大、具备充足安全边际，债权项下有明确财产线索且价值较高、短期内可实现回款的困境资产，或市场上同类型中抵质押物易于变现的优质不良资产包。,000567.SZ,2,报告页码,（五）特殊机遇业务领域,正文,000567.SZ_海德股份_2025_管理层讨论与分析.pdf
MDAF0000017,海德股份,业务概要,11,截至本报告期末，公司个贷不良资产管理业务运营主体为海徳资管，持有个贷不良债权本金约92.52亿元，本息合计约162.93亿元，涉及债务人超过35.61万户。,000567.SZ,2,报告页码,（二）个贷不良业务领域,正文,000567.SZ_海德股份_2025_管理层讨论与分析.pdf
MDAF0000018,海德股份,业务概要,11,截至本报告期末，公司商业地产类困境资产项目存量余额10.68亿元。,000567.SZ,2,报告页码,（四）商业地产业务领域,正文,000567.SZ_海德股份_2025_管理层讨论与分析.pdf
MDAF0000019,海德股份,业务概要,11,截至本报告期末，公司特殊机遇项目存量余额18.33亿元。,000567.SZ,2,报告页码,（五）特殊机遇业务领域,正文,000567.SZ_海德股份_2025_管理层讨论与分析.pdf
MDAF0000020,海德股份,业务概要,11,截至本报告期末，公司能源类困境资产项目存量余额50.81亿元。,000567.SZ,2,报告页码,（三）能源业务领域,正文,000567.SZ_海德股份_2025_管理层讨论与分析.pdf
MDAF0000021,海德股份,业务概要,11,本业务主要定位于北京、长三角、珠三角、成渝等经济发达区域，且具有区位优势、配套成熟、能够产生稳定良好现金流、可能覆盖项目资金成本的困境商业地产项目，公司通过司法强执、债务重组等方式取得。,000567.SZ,2,报告页码,（四）商业地产业务领域,正文,000567.SZ_海德股份_2025_管理层讨论与分析.pdf
MDAF0000022,海德股份,业务概要,11,本业务重点选择因财务、经营及其他原因陷入困境的能源企业或其股东作为服务对象，核心聚焦资质手续基本齐全、开采技术条件良好、安全环保等方面符合国家政策要求的煤矿类项目，以重组方式介入标的，通过财务与经营层面的一揽子帮扶举措，帮助困境企业化解风险、提质增效后逐步退出，或者通过处置、抵债、托管经营等方式逐步退出。,000567.SZ,2,报告页码,（三）能源业务领域,正文,000567.SZ_海德股份_2025_管理层讨论与分析.pdf
MDAF0000023,海德股份,业务概要,11,此外，公司严格执行中国人民银行征信业务管理相关规定，积极响应监管要求，持续完善内部征信报送机制与管理流程，缩短信息报送周期，实现征信数据报送的精准、及时与合规，进一步提升公司在风险管理与合规运营方面的专业形象。,000567.SZ,2,报告页码,（二）个贷不良业务领域,正文,000567.SZ_海德股份_2025_管理层讨论与分析.pdf
MDAF0000024,海德股份,业务概要,11,该类业务的盈利来源，一是项目租金收益，二是后续通过对资产升级改造、提升运营管理水平等方式，逐步实现资产增值收益。,000567.SZ,2,报告页码,（四）商业地产业务领域,正文,000567.SZ_海德股份_2025_管理层讨论与分析.pdf
MDAF0000025,海德股份,业务概要,11,近年来，公司依托集团能源产业资源禀赋，已成功重组盘活多个困境能源类项目。,000567.SZ,2,报告页码,（三）能源业务领域,正文,000567.SZ_海德股份_2025_管理层讨论与分析.pdf
MDAF0000026,海德股份,核心竞争力,15,报告期内，公司聚焦困境资产管理核心主业，围绕上市公司困境资产纾困、个贷不良资产管理、能源等领域困境资产盘活三大业务方向，持续夯实专业能力、优化运营体系，形成了与自身业务模式、发展阶段相适配的核心竞争力，为业务稳健开展提供了有效支撑。,000567.SZ,6,报告页码,,正文,000567.SZ_海德股份_2025_管理层讨论与分析.pdf
MDAF0000027,海德股份,核心竞争力,16,产业资源与资管能力的互补协同，是公司区别于同业的核心业务特色。,000567.SZ,7,报告页码,（一）产业与资管协同的差异化业务能力,正文,000567.SZ_海德股份_2025_管理层讨论与分析.pdf
MDAF0000028,海德股份,核心竞争力,16,依托上市公司市场化运作机制，公司设置了扁平化的组织架构，精简了项目投资决策流程，能够快速响应市场变化、把握业务窗口期，提升了整体运营效率。,000567.SZ,7,报告页码,（二）市场化决策机制与复合型专业团队,正文,000567.SZ_海德股份_2025_管理层讨论与分析.pdf
MDAF0000029,海德股份,核心竞争力,16,公司依托股东的长期产业积累，结合自身上市公司规范管理经验，已完成多个产融结合、债务重组类项目，在能源领域困境资产盘活、上市公司纾困提质方面积累了可复制的实操经验。,000567.SZ,7,报告页码,（一）产业与资管协同的差异化业务能力,正文,000567.SZ_海德股份_2025_管理层讨论与分析.pdf
MDAF0000030,海德股份,核心竞争力,16,公司核心经营管理团队成员，均具备多年实体产业与金融行业的复合从业经历，熟悉能源等重点行业的经营逻辑，精通困境资产估值、重组、处置全流程运作，既有实体企业管理、大型金融资产运营的实操经验，也具备丰富的风险识别与管控能力，为公司业务持续发展提供了稳定的人才保障。,000567.SZ,7,报告页码,（二）市场化决策机制与复合型专业团队,正文,000567.SZ_海德股份_2025_管理层讨论与分析.pdf
MDAF0000031,海德股份,核心竞争力,16,公司结合困境资产管理行业的业务特性与自身经营模式，建立了覆盖业务全链条的风险管控与合规管理体系，保障业务稳健开展。,000567.SZ,7,报告页码,（三）全流程风险管控与合规管理体系,正文,000567.SZ_海德股份_2025_管理层讨论与分析.pdf
MDAF0000032,海德股份,核心竞争力,16,同时，公司将薪酬管理与公司战略、业务发展及人才引进相结合，坚持以效益为中心，形成了与业绩相匹配、兼顾公平、具有市场竞争力的薪酬管理体系和长效激励机制，既保障了公司及全体股东的利益，也有效激发了员工的主动管理能力和价值创造潜力。,000567.SZ,7,报告页码,（二）市场化决策机制与复合型专业团队,正文,000567.SZ_海德股份_2025_管理层讨论与分析.pdf
MDAF0000033,海德股份,核心竞争力,16,在制度建设层面，公司制定了完善的风险管理制度，明确了信用风险、操作风险、合规风险等各类风险的管控标准与处置流程，形成了常态化的风险监测与应对机制。,000567.SZ,7,报告页码,（三）全流程风险管控与合规管理体系,正文,000567.SZ_海德股份_2025_管理层讨论与分析.pdf
MDAF0000034,海德股份,核心竞争力,16,在困境资产项目运作中，公司能够基于产业规律完成标的价值判断，精准识别企业经营痛点与风险点，在项目尽调评估、重组方案设计、投后运营管理、处置退出等环节形成了差异化能力。,000567.SZ,7,报告页码,（一）产业与资管协同的差异化业务能力,正文,000567.SZ_海德股份_2025_管理层讨论与分析.pdf
MDAF0000035,海德股份,核心竞争力,16,在项目管理层面，公司建立了权责清晰的项目决策机制与风控流程，覆盖项目筛选、尽职调查、估值定价、投资决策、投后管理、处置退出的全业务环节，实现了对项目风险的全周期闭环管理。,000567.SZ,7,报告页码,（三）全流程风险管控与合规管理体系,正文,000567.SZ_海德股份_2025_管理层讨论与分析.pdf
MDAF0000036,海德股份,核心竞争力,16,相较于纯金融属性的资产管理机构，公司能够以产业视角优化资管方案设计，通过金融工具匹配企业脱困需求，助力标的企业恢复经营、完善治理，最终通过多元化渠道实现项目退出，获取合理的投资回报。,000567.SZ,7,报告页码,（一）产业与资管协同的差异化业务能力,正文,000567.SZ_海德股份_2025_管理层讨论与分析.pdf
MDAF0000037,海德股份,核心竞争力,16,针对个贷不良资产管理业务，公司建立了专项合规管理体系，严格落实监管要求，规范业务全流程操作，确保业务开展符合监管规定。,000567.SZ,7,报告页码,（三）全流程风险管控与合规管理体系,正文,000567.SZ_海德股份_2025_管理层讨论与分析.pdf
MDAF0000038,海德股份,研发投入,20,2024年：11。,000567.SZ,11,报告页码,,表格行,000567.SZ_海德股份_2025_管理层讨论与分析.pdf
MDAF0000039,海德股份,研发投入,20,2024年：12。,000567.SZ,11,报告页码,,表格行,000567.SZ_海德股份_2025_管理层讨论与分析.pdf
MDAF0000040,海德股份,研发投入,20,2024年：1。,000567.SZ,11,报告页码,,表格行,000567.SZ_海德股份_2025_管理层讨论与分析.pdf
MDAF0000041,海德股份,研发投入,20,2024年：3。,000567.SZ,11,报告页码,,表格行,000567.SZ_海德股份_2025_管理层讨论与分析.pdf
MDAF0000042,海德股份,研发投入,20,2024年：8.22%。,000567.SZ,11,报告页码,,表格行,000567.SZ_海德股份_2025_管理层讨论与分析.pdf
MDAF0000043,海德股份,研发投入,20,2024年：9。,000567.SZ,11,报告页码,,表格行,000567.SZ_海德股份_2025_管理层讨论与分析.pdf
MDAF0000044,海德股份,研发投入,20,2025年：1。,000567.SZ,11,报告页码,,表格行,000567.SZ_海德股份_2025_管理层讨论与分析.pdf
MDAF0000045,海德股份,研发投入,20,2025年：2。,000567.SZ,11,报告页码,,表格行,000567.SZ_海德股份_2025_管理层讨论与分析.pdf
MDAF0000046,海德股份,研发投入,20,2025年：3.2%。,000567.SZ,11,报告页码,,表格行,000567.SZ_海德股份_2025_管理层讨论与分析.pdf
MDAF0000047,海德股份,研发投入,20,2025年：3。,000567.SZ,11,报告页码,,表格行,000567.SZ_海德股份_2025_管理层讨论与分析.pdf
MDAF0000048,海德股份,研发投入,20,2025年：4。,000567.SZ,11,报告页码,,表格行,000567.SZ_海德股份_2025_管理层讨论与分析.pdf
MDAF0000049,海德股份,研发投入,20,主要研发项目名称：全流程智能化个贷综合管理平台。,000567.SZ,11,报告页码,,表格行,000567.SZ_海德股份_2025_管理层讨论与分析.pdf
MDAF0000050,海德股份,研发投入,20,变动比例：-61.07%。,000567.SZ,11,报告页码,,表格行,000567.SZ_海德股份_2025_管理层讨论与分析.pdf
MDAF0000051,海德股份,研发投入,20,变动比例：-66.6%。,000567.SZ,11,报告页码,,表格行,000567.SZ_海德股份_2025_管理层讨论与分析.pdf
MDAF0000052,海德股份,研发投入,20,变动比例：-66.66%。,000567.SZ,11,报告页码,,表格行,000567.SZ_海德股份_2025_管理层讨论与分析.pdf
MDAF0000053,海德股份,研发投入,20,变动比例：-81.8%。,000567.SZ,11,报告页码,,表格行,000567.SZ_海德股份_2025_管理层讨论与分析.pdf
MDAF0000054,海德股份,研发投入,20,变动比例：100%。,000567.SZ,11,报告页码,,表格行,000567.SZ_海德股份_2025_管理层讨论与分析.pdf
MDAF0000055,海德股份,研发投入,20,拟达到的目标：加强系统核心操作自动化建设，提升数据准确率和系统运行稳定性。,000567.SZ,11,报告页码,,表格行,000567.SZ_海德股份_2025_管理层讨论与分析.pdf
MDAF0000056,海德股份,研发投入,20,拟达到的目标：通过数据驱动与智能决策能力建设，显著降低运营成本与合规风险，加速资产包回款周期，强化公司在个贷不良处置领域的科技壁垒，为规模化、平台化发展奠定坚实基础。,000567.SZ,11,报告页码,,表格行,000567.SZ_海德股份_2025_管理层讨论与分析.pdf
MDAF0000057,海德股份,研发投入,20,项目目的：围绕个贷业务全生命周期，构建智能用印、自动对账、接口互通、诉讼跟踪及征信实时报送等一体的综合系统，全面提升业务处理效率与合规水平。,000567.SZ,11,报告页码,,表格行,000567.SZ_海德股份_2025_管理层讨论与分析.pdf
MDAF0000058,海德股份,研发投入,20,项目进展：已上线。,000567.SZ,11,报告页码,,表格行,000567.SZ_海德股份_2025_管理层讨论与分析.pdf
MDAF0000059,海德股份,研发投入,20,项目：30 岁以下(人)。,000567.SZ,11,报告页码,,表格行,000567.SZ_海德股份_2025_管理层讨论与分析.pdf
MDAF0000060,海德股份,研发投入,20,项目：30~40 岁(人)。,000567.SZ,11,报告页码,,表格行,000567.SZ_海德股份_2025_管理层讨论与分析.pdf
MDAF0000061,海德股份,研发投入,20,项目：本科(人)。,000567.SZ,11,报告页码,,表格行,000567.SZ_海德股份_2025_管理层讨论与分析.pdf
MDAF0000062,海德股份,研发投入,20,项目：研发人员学历结构。,000567.SZ,11,报告页码,,表格行,000567.SZ_海德股份_2025_管理层讨论与分析.pdf
MDAF0000063,海德股份,研发投入,20,项目：研发人员年龄构成。,000567.SZ,11,报告页码,,表格行,000567.SZ_海德股份_2025_管理层讨论与分析.pdf
MDAF0000064,海德股份,研发投入,20,项目：研发人员数量(人)。,000567.SZ,11,报告页码,,表格行,000567.SZ_海德股份_2025_管理层讨论与分析.pdf
MDAF0000065,海德股份,研发投入,20,项目：研发人员数量占比。,000567.SZ,11,报告页码,,表格行,000567.SZ_海德股份_2025_管理层讨论与分析.pdf
MDAF0000066,海德股份,研发投入,20,项目：硕士(人)。,000567.SZ,11,报告页码,,表格行,000567.SZ_海德股份_2025_管理层讨论与分析.pdf
MDAF0000067,海德股份,研发投入,20,适用。,000567.SZ,11,报告页码,,选项,000567.SZ_海德股份_2025_管理层讨论与分析.pdf
MDAF0000068,东北证券,业务概要,1,公司以“致力于客户成长，成为有规模、有特色、有核心竞争力的一流现代金融服务商”为长远发展愿景，并确定了“以中小创新企业投行及财富管理为特色的全能型券商”的公司定位，坚持“以客户为中心”的服务理念，为企业提供直接融资服务，为客户投资理财提供全方位、多元化、专业化的金融服务，更好满足客户日益多样化的财富配置需求。,000686.SZ,1,PDF页序,,正文,000686.SZ_东北证券_2025_管理层讨论与分析.pdf
MDAF0000069,东北证券,业务概要,1,公司依托齐全的业务资质，主要从事的业务包括财富管理业务、投资银行业务、投资与销售交易业务和资产管理业务等。,000686.SZ,1,PDF页序,,正文,000686.SZ_东北证券_2025_管理层讨论与分析.pdf
MDAF0000070,东北证券,业务概要,1,其中，证券与期货经纪业务主要为客户提供买卖股票、债券、基金、期货及期权等交易服务； 财富管理业务主要为客户提供涵盖金融产品销售、投资顾问服务及私募服务等在内的资产配置产品和服务，其中金融产品由本公司及其他合法金融机构管理；资本中介业务主要为客户提供融资融券、股票质押式回购等综合金融服务。,000686.SZ,1,PDF页序,,正文,000686.SZ_东北证券_2025_管理层讨论与分析.pdf
MDAF0000071,东北证券,业务概要,1,财富管理业务的收入来源为佣金、手续费、顾问费及利息收入等。,000686.SZ,1,PDF页序,,正文,000686.SZ_东北证券_2025_管理层讨论与分析.pdf
MDAF0000072,东北证券,业务概要,1,财富管理业务：公司财富管理业务致力于通过聚合资源为财富客户、机构客户等提供专业的资产配置服务，通过数字化服务陪伴年轻客户成长，通过优质的现代金融衍生品服务满足企业客户风险管理需求，构建服务优质的财富管理生态圈。,000686.SZ,1,PDF页序,,正文,000686.SZ_东北证券_2025_管理层讨论与分析.pdf
MDAF0000073,东北证券,业务概要,2,其中，股权承销业务主要为客户提供上市保荐及股权融资服务；债券承销业务主要为客户提供各类债券融资服务；并购与财务顾问业务主要是从产业布局和发展战略角度为客户提供并购为主的财务顾问服务；股转业务主要为客户提供新三板挂牌及后续融资服务。,000686.SZ,2,PDF页序,,正文,000686.SZ_东北证券_2025_管理层讨论与分析.pdf
MDAF0000074,东北证券,业务概要,2,投资与销售交易业务的收入来源为投资收入、顾问费和投资咨询服务收入等。,000686.SZ,2,PDF页序,,正文,000686.SZ_东北证券_2025_管理层讨论与分析.pdf
MDAF0000075,东北证券,业务概要,2,投资与销售交易业务：公司投资与销售交易业务以权益自营业务与固定收益业务为基础，发展特色化的做市交易、另类投资业务及其他金融创新业务，保障公司自有资金实现穿越牛熊周期的稳定收益；以研究咨询业务为核心，为公募基金、私募基金、保险、银行等机构客户提供总量和行业研究、公司调研、定制课题或报告、会议推介路演等研究服务。,000686.SZ,2,PDF页序,,正文,000686.SZ_东北证券_2025_管理层讨论与分析.pdf
MDAF0000076,东北证券,业务概要,2,投资银行业务的收入来源为承销费、保荐费、财务顾问费等。,000686.SZ,2,PDF页序,,正文,000686.SZ_东北证券_2025_管理层讨论与分析.pdf
MDAF0000077,东北证券,业务概要,2,投资银行业务：公司投资银行业务致力于为企业客户提供投融资一揽子综合解决方案。,000686.SZ,2,PDF页序,,正文,000686.SZ_东北证券_2025_管理层讨论与分析.pdf
MDAF0000078,东北证券,业务概要,2,资产管理业务的收入来源为顾问费、管理费和业绩报酬等。,000686.SZ,2,PDF页序,,正文,000686.SZ_东北证券_2025_管理层讨论与分析.pdf
MDAF0000079,东北证券,业务概要,2,资产管理业务：公司资产管理业务致力于通过建立完整的产品体系与客户服务体系，重点服务以商业银行为主的金融机构、上市公司和财富客户，为客户提供资产管理、公募基金管理和私募股权基金管理业务，以良好的产品业绩驱动打造具有差异化竞争优势的行业财富管理机构。,000686.SZ,2,PDF页序,,正文,000686.SZ_东北证券_2025_管理层讨论与分析.pdf
MDAF0000080,东北证券,核心竞争力,3,公司不断完善股东会、董事会和经理层组成的法人治理结构，形成了权力机构、决策机构和管理层之间权责清晰、相互分离、相互制衡的科学有效的运作机制，建立了系统全面的现代企业制度体系，为公司规范健康经营奠定了坚实基础。,000686.SZ,3,PDF页序,»»（二）科学高效的治理结构与决策机制,正文,000686.SZ_东北证券_2025_管理层讨论与分析.pdf
MDAF0000081,东北证券,核心竞争力,3,公司作为较早上市的证券公司，始终坚持稳中求进、诚信经营，以良好的企业声誉获得了股东和债权人的充分信赖与广泛支持，具有相对充足的资金补充渠道，通过不断优化资本结构与资金运营能力，有效满足各项业务开展的资金需求；公司十分重视人才吸引和储备，建立了多层次的人才培养体系，实施市场化的选拔任用与薪酬激励机制，汇聚了一批素质高、经验丰富、稳定性强的专业骨干与管理团队，为公司转型创新发展提供了较好保障。,000686.SZ,3,PDF页序,»»（三）稳定充足的资金支持与人才储备,正文,000686.SZ_东北证券_2025_管理层讨论与分析.pdf
MDAF0000082,东北证券,核心竞争力,3,公司紧紧围绕以客户为中心的核心经营理念，秉承“有规模、有特色、有核心竞争力的一流现代金融服务商”的发展愿景，充分挖掘自身比较优势，确定了“以中小创新企业投行及财富管理为特色的全能型券商”的战略定位，聚焦特色化、精品化、生态化的业务体系建设，扎实推进各项业务转型升级，持续扩大特色业务竞争优势，加速布局金融科技领域，以数字化赋能业务发展，向实现行业地位不断提升、形成差异化竞争优势、在细分业务与数字化领域行业领先的发展目标不断迈进。,000686.SZ,3,PDF页序,»»（一）清晰明确的经营理念与战略定位,正文,000686.SZ_东北证券_2025_管理层讨论与分析.pdf
MDAF0000083,东北证券,核心竞争力,3,同时，公司以客户需求为导向，决策管理机制和资源调配机制灵活高效，支持公司快速、准确识别市场变化，及时、主动把握市场机遇，为持续提升公司核心竞争力注入强大生机和活力。,000686.SZ,3,PDF页序,»»（二）科学高效的治理结构与决策机制,正文,000686.SZ_东北证券_2025_管理层讨论与分析.pdf
MDAF0000084,东北证券,核心竞争力,4,与此同时，公司部分决策职能和合规、风控、信息技术、资金运营、人力资源等管理职能实现向上海、北京等地转移，提供更加高效、强大的后台服务支持；公司在全国28个省、自治区、直辖市的66个大中城市设立了131家分支机构，构建了覆盖中国主要经济发达地区的营销网络体系，积累了丰富的营销渠道和充足的客户资源，为公司业务联动协同建设提供了较强平台基础。,000686.SZ,4,PDF页序,»»（六）成熟完整的业务架构与网点布局,正文,000686.SZ_东北证券_2025_管理层讨论与分析.pdf
MDAF0000085,东北证券,核心竞争力,4,公司作为一家综合证券服务商，业务体系日益完整，综合金融服务功能不断加强，已经形成了较好的品牌价值和市场影响力；同时，公司持续优化“三地三中心”布局，其中以北京为中心重点发展固定收益投资业务、投资银行及私募股权基金业务；上海靠近金融、科技人才高地，重点发展权益类投资、资产管理、财富管理、研究咨询及金融创新业务，打造业务创新中心；长春作为决策、治理中心，保有券商基础经纪业务和管理支持职能。,000686.SZ,4,PDF页序,»»（六）成熟完整的业务架构与网点布局,正文,000686.SZ_东北证券_2025_管理层讨论与分析.pdf
MDAF0000086,东北证券,核心竞争力,4,公司始终坚持以合规经营和有效的风险控制为根本，牢筑“底线”思维，增强“危机意识”，坚持“看不清管不住则不展业”原则，切实落实合规风控主体责任，全面夯实合规风险管控体系，将防风险作为公司经营管理的主基调，及时调整、优化风险管理策略，围绕高风险领域，发挥内控部门间协同补位作用，实现公司内控管理持续进阶，不断构建适应“高质量发展”大背景下的监管要求和与公司业务发展相匹配的合规风控能力，保障公司规范运营、行稳致远。,000686.SZ,4,PDF页序,»»（四）健全有效的合规风控与内部控制,正文,000686.SZ_东北证券_2025_管理层讨论与分析.pdf
MDAF0000087,东北证券,核心竞争力,4,公司高度重视企业文化建设，不断厚植企业文化基因，经过30 多年的积淀和实践，在中国特色金融文化和资本市场行业文化的引领下，构建起包括企业愿景、企业使命、企业精神、企业经营发展理念以及共同行动准则在内的全维度文化理念体系，将“融合、创新、专注、至简”的企业精神融入公司经营发展的各个环节，实现企业文化和品牌形象的深度结合。,000686.SZ,4,PDF页序,»»（五）优秀鲜明的企业文化与品牌特色,正文,000686.SZ_东北证券_2025_管理层讨论与分析.pdf
MDAF0000088,东北证券,核心竞争力,4,近年来，公司在文化建设方面成果丰硕，在证券公司文化建设实践评估中持续获得较好评价，形成了专业与特色兼具的文化软实力，为公司长期稳健经营提供持久动力。,000686.SZ,4,PDF页序,»»（五）优秀鲜明的企业文化与品牌特色,正文,000686.SZ_东北证券_2025_管理层讨论与分析.pdf
MDAF0000089,东北证券,研发投入,16,不适用。,000686.SZ,16,PDF页序,,选项,000686.SZ_东北证券_2025_管理层讨论与分析.pdf
MDAF0000090,国海证券,业务概要,27,公司以为客户创造价值为引领、成就客户美好生活为使命，以专业与科技为引擎，持续完善资产配置体系，丰富产品服务谱系，不断提升财富管理核心能力，致力于为广大客户提供高质量的专业、智能、贴心的服务。,000750.SZ,1,报告页码,（一）财富管理业务,正文,000750.SZ_国海证券_2025_管理层讨论与分析.pdf
MDAF0000091,国海证券,业务概要,27,公司积极践行中国特色金融文化，贯彻落实“合规、诚信、专业、稳健”的行业文化，秉承“合规诚信、专业创新、坚韧担当、高效共赢”的公司核心价值观，凭借良好的股东背景、完善的法人治理，打造高效、灵活的市场化机制，培育健康、积极向上的企业文化，凝聚团结、敬业、专业的人才队伍，推动公司从成立之初业务单一的经纪商成长为主营业务涵盖证券、基金、期货、私募投资基金、另类投资等多元业务体系的全国性上市综合金融服务企业，实现持续健康发展。,000750.SZ,1,报告页码,,正文,000750.SZ_国海证券_2025_管理层讨论与分析.pdf
MDAF0000092,国海证券,业务概要,27,公司财富管理业务代理客户买卖股票、债券、基金、期货及其他可交易证券，根据客户需求提供全方位、可定制的投资顾问、理财规划、资产配置等服务，同时为专业投资者提供基金运营、投资交易风控系统等服务。,000750.SZ,1,报告页码,（一）财富管理业务,正文,000750.SZ_国海证券_2025_管理层讨论与分析.pdf
MDAF0000093,国海证券,业务概要,27,截至报告期末，公司从事零售财富业务的证券营业部和分公司共109家，营业网点覆盖21个省级区域，其中广西区内共48家营业网点，是广西市场拥有证券营业网点最多的证券公司，在广西的市场占有率位列第一，区域和品牌优势明显。,000750.SZ,1,报告页码,（一）财富管理业务,正文,000750.SZ_国海证券_2025_管理层讨论与分析.pdf
MDAF0000094,国海证券,业务概要,27,报告期内，公司从事的主要业务如下：,000750.SZ,1,报告页码,,正文,000750.SZ_国海证券_2025_管理层讨论与分析.pdf
MDAF0000095,国海证券,业务概要,28,公司以客户需求为驱动，大力发展金融市场业务，为机构投资者提供固定收益证券及其衍生品做市、资本中介等金融市场服务，为市场提供国债、政策性金融债、地方政府债、同业存单、信用债等债券的交易定价服务和流动性支持，满足各类机构的交易服务需求，并积极开展地方政府债、政策性金融债参团销售业务，其中政策性金融债承销规模排名位居券商前列，是公司的品牌业务。,000750.SZ,2,报告页码,（三）销售交易与投资业务,正文,000750.SZ_国海证券_2025_管理层讨论与分析.pdf
MDAF0000096,国海证券,业务概要,28,公司企业金融服务业务坚持“立足区域开发、打造特色投行”的策略，致力于为各类型、各行业企业提供优质的股权融资、债务融资、并购重组等全生命周期的企业金融服务，具体涵盖首次公开发行（IPO）、再融资、并购重组、财务顾问、公司债券、企业债券等多种类型，形成了中小企业IPO 和再融资等业务特色。,000750.SZ,2,报告页码,（二）企业金融服务业务,正文,000750.SZ_国海证券_2025_管理层讨论与分析.pdf
MDAF0000097,国海证券,业务概要,28,公司拥有多元化的信用业务产品体系和专业高效的信用业务服务团队，为客户提供包括融资融券、股票质押式回购交易、约定购回式证券交易在内的一站式证券信用融资解决方案。,000750.SZ,2,报告页码,（一）财富管理业务,正文,000750.SZ_国海证券_2025_管理层讨论与分析.pdf
MDAF0000098,国海证券,业务概要,28,公司通过控股子公司国海良时期货开展商品期货经纪业务、商品期权经纪业务、金融期货经纪业务以及在期货交易所开展的金融期权经纪业务，国海良时期货在全国拥有20家分支机构，可代理国内所有上市期货品种及期权品种（股票期权除外）的交易、结算及交割。,000750.SZ,2,报告页码,（一）财富管理业务,正文,000750.SZ_国海证券_2025_管理层讨论与分析.pdf
MDAF0000099,国海证券,业务概要,28,自营投资业务方面，公司以自有资金投资于债券、股票和基金等传统证券投资品种以及国债期货、利率互换、股指期货、股票期权、商品期货期权等金融衍生品，持续打造固定收益投资业务优势，同时推动权益投资业务稳步发展，自营投资业务结构不断完善。,000750.SZ,2,报告页码,（三）销售交易与投资业务,正文,000750.SZ_国海证券_2025_管理层讨论与分析.pdf
MDAF0000100,国海证券,业务概要,28,销售交易与投资业务主要包括自营投资、金融市场等业务。,000750.SZ,2,报告页码,（三）销售交易与投资业务,正文,000750.SZ_国海证券_2025_管理层讨论与分析.pdf
MDAF0000101,国海证券,业务概要,29,公司始终把“追求可持续的绝对收益，为客户提供满意的投资回报”作为发展宗旨，致力于打造统一的投融资管理综合服务平台，帮助投资者实现财富稳健增长。,000750.SZ,3,报告页码,1.资产管理业务,正文,000750.SZ_国海证券_2025_管理层讨论与分析.pdf
MDAF0000102,国海证券,业务概要,29,公司资产管理业务范围包括为多个客户服务的集合资产管理业务、为单一客户服务的资产管理业务、资产证券化业务以及投资顾问等业务，搭建了涵盖固定收益投资、权益投资、衍生品投资、FOF 业务等在内的完备产品链。,000750.SZ,3,报告页码,1.资产管理业务,正文,000750.SZ_国海证券_2025_管理层讨论与分析.pdf
MDAF0000103,国海证券,业务概要,29,公司通过全资子公司国海创新资本开展私募股权投资基金管理业务，为基金客户提供私募股权投资方面的资产配置服务，同时根据所投资企业需要，为企业提供产业上下游资源导入、规范运作、财务管理、资本运作等方面的增值服务。,000750.SZ,3,报告页码,3.私募股权投资基金业务,正文,000750.SZ_国海证券_2025_管理层讨论与分析.pdf
MDAF0000104,国海证券,业务概要,29,公司通过全资子公司国海投资开展另类投资业务，围绕硬科技、产业升级、新消费与服务、大健康四大投资主线，以自有资金开展股权投资业务。,000750.SZ,3,报告页码,（三）销售交易与投资业务,正文,000750.SZ_国海证券_2025_管理层讨论与分析.pdf
MDAF0000105,国海证券,业务概要,29,公司通过控股子公司国海富兰克林开展基金募集、基金销售、资产管理、特定客户资产管理、作为合格境内机构投资者从事境外证券投资管理、基金投资顾问等业务。,000750.SZ,3,报告页码,2.公募基金管理业务,正文,000750.SZ_国海证券_2025_管理层讨论与分析.pdf
MDAF0000106,国海证券,业务概要,29,国海创新资本长期围绕“科技创新、健康生活”两条主线，聚焦医疗健康、新能源、新材料、新一代信息技术、航空航天等国家战略新兴和现代产业开展股权投资布局。,000750.SZ,3,报告页码,3.私募股权投资基金业务,正文,000750.SZ_国海证券_2025_管理层讨论与分析.pdf
MDAF0000107,国海证券,业务概要,29,国海富兰克林融合中外股东先进的经营管理模式、投资机制、研究平台和风险控制体系，融汇全球视野和本土经验，形成了股票投资、固定收益投资、海外投资协调发展的多元业务格局。,000750.SZ,3,报告页码,2.公募基金管理业务,正文,000750.SZ_国海证券_2025_管理层讨论与分析.pdf
MDAF0000108,国海证券,业务概要,30,传媒、海外、化工、银行、汽车、商社、电新、农业等行业在各大权威评选中具有品牌影响力，在政策、大宗商品、地缘政治、资产配置、新材料、房地产、潮玩、可转债、美债、铝、中药、风电、大众品、游戏、AIGC、港美股、区块链等方向形成了鲜明的特色，荣获新财富杂志、新浪金麒麟、水晶球、全国保险资管协会、金牛奖等最佳分析师权威评选奖项。,000750.SZ,4,报告页码,（五）研究业务,正文,000750.SZ_国海证券_2025_管理层讨论与分析.pdf
MDAF0000109,国海证券,业务概要,30,公司为投资者提供研究报告、路演、反路演、调研等一站式研究服务，致力于成为以前瞻深度研究驱动为核心，产业链研究为牵引，“投研+产研+政研”三位一体，研究阵容齐全、核心赛道突出、特色子行业集群效应显著、综合影响力领先、投研转化高效的一流市场化智库，实现研究连接一切的强大平台功能。,000750.SZ,4,报告页码,（五）研究业务,正文,000750.SZ_国海证券_2025_管理层讨论与分析.pdf
MDAF0000110,国海证券,业务概要,30,公司研究所目前拥有约30个研究团队、覆盖超过30个行业，形成较为成型的研究体系、销售体系、运营体系，正在快速成为最具成长潜力的大型研究所。,000750.SZ,4,报告页码,（五）研究业务,正文,000750.SZ_国海证券_2025_管理层讨论与分析.pdf
MDAF0000111,国海证券,核心竞争力,33,作为国内首批设立并在广西区内注册的唯一一家综合性证券公司，也是广西唯一一家上市金融机构，公司扎实落实“一区两地一园一通道”“打造面向东盟的人工智能合作高地”建设等战略部署，在引资、引产、引智上持续发力，助力地方经济和资本市场高质量发展，同时树立了较强的品牌效应，具有较强的品牌认知度和忠诚度，积累了丰富的机构及财富管理客户资源。,000750.SZ,7,报告页码,（一）符合国家战略的区位优势,正文,000750.SZ_国海证券_2025_管理层讨论与分析.pdf
MDAF0000112,国海证券,核心竞争力,33,公司证券经纪业务在广西市场的占有率多年来保持在第一位，在区内设有48家营业网点，基本实现广西市场全覆盖。,000750.SZ,7,报告页码,（一）符合国家战略的区位优势,正文,000750.SZ_国海证券_2025_管理层讨论与分析.pdf
MDAF0000113,国海证券,核心竞争力,33,同时，公司债券融资业务在广西债券融资市场占有率连续多年保持前列，与区内企业客户保持良好合作关系。,000750.SZ,7,报告页码,（一）符合国家战略的区位优势,正文,000750.SZ_国海证券_2025_管理层讨论与分析.pdf
MDAF0000114,国海证券,核心竞争力,33,当前，广西深入贯彻中央赋予的构建面向东盟的国际大通道，打造西南、中南地区开放发展新的战略支点，形成“一带一路”有机衔接重要门户的“三大定位”新使命，坚持向海图强、开放发展，深度融入中国—东盟命运共同体，高水平共建西部陆海新通道，全面对接粤港澳大湾区建设。,000750.SZ,7,报告页码,（一）符合国家战略的区位优势,正文,000750.SZ_国海证券_2025_管理层讨论与分析.pdf
MDAF0000115,国海证券,核心竞争力,34,“十四五”期间，公司扎实推动“十四五”战略落地并取得新成效，在此基础上，公司正系统性推进“十五五”战略规划编制工作，对公司战略定位、发展目标、整体思路、业务发展路径和关键战略举措等进行重新审视和规划，擘画未来五年发展新蓝图。,000750.SZ,8,报告页码,（三）清晰的发展战略,正文,000750.SZ_国海证券_2025_管理层讨论与分析.pdf
MDAF0000116,国海证券,核心竞争力,34,公司“十四五”战略规划制定了“以客户为中心，打造四大主线业务、一大平台，实施五大工程，将国海打造成为专业领先、客户信赖、员工自豪的卓越综合金融服务商”的战略定位和战略目标，并制定了配套的战略关键举措和项目。,000750.SZ,8,报告页码,（三）清晰的发展战略,正文,000750.SZ_国海证券_2025_管理层讨论与分析.pdf
MDAF0000117,国海证券,核心竞争力,34,公司实际控制人广西投资集团为广西壮族自治区本级国有资本投资公司，同时位列世界500 强和中国企业500 强，公司其他重要股东为实力雄厚的国有企业和上市公司。,000750.SZ,8,报告页码,（二）积极稳健、审慎灵活的经营管理机制,正文,000750.SZ_国海证券_2025_管理层讨论与分析.pdf
MDAF0000118,国海证券,核心竞争力,34,公司将ESG 理念融入治理体系和业务体系，设立董事会战略与ESG 委员会，进一步系统化推进ESG 管理，不断完善社会责任及ESG治理机制，持续服务国家战略和区域发展、助力共同富裕，奋力开创高质量发展的新局面。,000750.SZ,8,报告页码,（二）积极稳健、审慎灵活的经营管理机制,正文,000750.SZ_国海证券_2025_管理层讨论与分析.pdf
MDAF0000119,国海证券,核心竞争力,34,公司建立了完善的法人治理体系和市场化的经营管理机制，将党的领导与公司治理有机融合，打造了市场化的选人用人机制和激励约束机制，使公司经营管理兼具稳健和市场化特点，为公司持续健康发展提供充足动力。,000750.SZ,8,报告页码,（二）积极稳健、审慎灵活的经营管理机制,正文,000750.SZ_国海证券_2025_管理层讨论与分析.pdf
MDAF0000120,国海证券,核心竞争力,34,公司明确“公司治理为基、监管要求为纲、绩效管理为核”的子公司管理原则和战略运营为主的管理思路，强化母公司“方向盘、加油站、红绿灯”的角色定位，深化合规、风控、财务、人力等多领域有效管理和专业赋能，推动公司重大决策在子公司的有效落地，推动子公司创收水平全面提升。,000750.SZ,8,报告页码,（四）持续提升的集团化管控能力,正文,000750.SZ_国海证券_2025_管理层讨论与分析.pdf
MDAF0000121,国海证券,核心竞争力,35,公司以中国特色金融文化“五要五不”为核，以证券行业文化理念和荣辱观为基，持续打造新时期国海企业文化体系，确立了“专业创造价值，卓越成就梦想”的公司使命，“成为专业领先、客户信赖、员工自豪的卓越综合金融服务商”的公司愿景，“合规诚信、专业创新、坚韧担当、高效共赢”的公司核心价值观；明确了党建、经营、人才、合规、ESG 等九大理念及“说看听写做‘四不四要’”员工行为准则。,000750.SZ,9,报告页码,（五）有国海特色的企业文化体系,正文,000750.SZ_国海证券_2025_管理层讨论与分析.pdf
MDAF0000122,国海证券,核心竞争力,35,公司在金融债承销方面竞争优势明显，是国开行、农发行、进出口行金融债承销团成员，广西、广东、江苏、深圳等26家地方债承销团成员。,000750.SZ,9,报告页码,（六）行业领先的金融债承销业务,正文,000750.SZ_国海证券_2025_管理层讨论与分析.pdf
MDAF0000123,国海证券,核心竞争力,35,公司坚持以投研为引领，打造差异化特色化竞争优势，致力于成为“财富管理和机构服务业务特色的综合型券商”。,000750.SZ,9,报告页码,（七）打造财富管理和机构服务业务特色优势,正文,000750.SZ_国海证券_2025_管理层讨论与分析.pdf
MDAF0000124,国海证券,核心竞争力,35,公司政策性金融债承销排名长期位居券商前列，自2011年上市以来，公司在国开行、农发行、进出口行的金融债承销规模排名基本保持在券商前十位。,000750.SZ,9,报告页码,（六）行业领先的金融债承销业务,正文,000750.SZ_国海证券_2025_管理层讨论与分析.pdf
MDAF0000125,国海证券,核心竞争力,35,公司研究业务在公募基金佣金收入2025年H1 排名行业第17位，较打造前提升31位（源自wind 数据），2025年内荣获新财富、水晶球等奖项70项，市场影响力不断增强。,000750.SZ,9,报告页码,（七）打造财富管理和机构服务业务特色优势,正文,000750.SZ_国海证券_2025_管理层讨论与分析.pdf
MDAF0000126,国海证券,核心竞争力,35,公司结合实际编制《国海证券落实<进一步巩固推进证券行业文化建设工作安排>工作计划》，发布年度《企业文化建设实践报告》，深入开展“企业文化月”，推动企业文化融入党建、战略发展、经营决策、人力资源管理、合规风控等各环节，促进文化建设向深度广度发展，走出一条独具特色的文化品牌发展之路，铸就公司高质量发展的内驱力。,000750.SZ,9,报告页码,（五）有国海特色的企业文化体系,正文,000750.SZ_国海证券_2025_管理层讨论与分析.pdf
MDAF0000127,国海证券,核心竞争力,35,研究业务行业排名大幅提升，自2021年打造“精品研究”平台以来，公司研究业务的行业排名、市场份额不断提升。,000750.SZ,9,报告页码,（七）打造财富管理和机构服务业务特色优势,正文,000750.SZ_国海证券_2025_管理层讨论与分析.pdf
MDAF0000128,国海证券,核心竞争力,36,旗下公募基金国海富兰克林形成股票投资、固收投资、海外投资协调发展的多元业务格局，年末管理总规模创历史新高；旗下私募基金国海创新资本连续5年荣获中国证券报“证券公司股权投资机构金牛奖”荣誉称号。,000750.SZ,10,报告页码,（七）打造财富管理和机构服务业务特色优势,正文,000750.SZ_国海证券_2025_管理层讨论与分析.pdf
MDAF0000129,国海证券,核心竞争力,36,财富管理业务加快转型，立体化获客能力稳步增强，2025年新开客户资产净流入同比提升105%，投顾IP 获客新增有效户同比增长7.8倍，ETF 交易额同比提升119%；旗下国海良时期货连续四年获评A 类A 级，日均交易性客户权益同比增长28.69%；大资管业务主动管理能力持续增强，公司资产管理业务逐渐形成现金管理、中长债、固收+、多元资产配置、特色化ABS 等核心产品体系，标准化主动管理及投顾规模较2025年初增长15.4%，远高于行业平均增速。,000750.SZ,10,报告页码,（七）打造财富管理和机构服务业务特色优势,正文,000750.SZ_国海证券_2025_管理层讨论与分析.pdf
MDAF0000130,国海证券,研发投入,38,不适用。,000750.SZ,12,报告页码,,选项,000750.SZ_国海证券_2025_管理层讨论与分析.pdf
MDAF0000131,广发证券,业务概要,26,列示项目包括：权益投资及交易、股权融资、财富管理及经纪业务、资产管理、固定收益销售及交易、债务融资、期货经纪业务、公募基金管理、股权衍生品销售及交易、财务顾问、融资融券、私募基金管理、另类投资、回购交易、投资研究、融资租赁、资产托管。,000776.SZ,1,报告页码,投资管理,列表,000776.SZ_广发证券_2025_管理层讨论与分析.pdf
MDAF0000132,广发证券,业务概要,26,四个业务板块具体包括下表所列的各类产品和服务：,000776.SZ,1,报告页码,,正文,000776.SZ_广发证券_2025_管理层讨论与分析.pdf
MDAF0000133,广发证券,业务概要,26,投资银行业务即本集团通过承销股票及债券和提供保荐及财务顾问服务赚取承销佣金、保荐费及顾问费；财富管理业务即本集团通过提供经纪和投资顾问服务赚取手续费、顾问费及佣金，从融资融券、回购交易、融资租赁及客户交易结算资金管理等赚取利息收入，并代销本集团及其他金融机构开发的金融产品赚取手续费；交易及机构业务即本集团通过从权益、固定收益及衍生品的投资交易、另类投资及做市服务赚取投资收入及利息收入，向机构客户提供交易咨询及执行、投资研究服务和主经纪商服务赚取手续费及佣金；投资管理业务即本集团通过提供资产管理、公募基金管理和私募基金管理服务赚取管理费、顾问费以及业绩报酬。,000776.SZ,1,报告页码,投资管理,正文,000776.SZ_广发证券_2025_管理层讨论与分析.pdf
MDAF0000134,广发证券,业务概要,26,报告期内，本集团的主要业务和经营模式没有发生重大变化，符合行业发展状况。,000776.SZ,1,报告页码,投资管理,正文,000776.SZ_广发证券_2025_管理层讨论与分析.pdf
MDAF0000135,广发证券,业务概要,26,本集团专注于服务中国优质企业和众多有金融产品与服务需求的投资者，是拥有行业领先创新能力的资本市场综合服务商。,000776.SZ,1,报告页码,,正文,000776.SZ_广发证券_2025_管理层讨论与分析.pdf
MDAF0000136,广发证券,业务概要,26,本集团利用丰富的金融工具，满足企业、个人及机构投资者、金融机构及政府客户的多样化金融需求，提供综合化的解决方案。,000776.SZ,1,报告页码,,正文,000776.SZ_广发证券_2025_管理层讨论与分析.pdf
MDAF0000137,广发证券,业务概要,26,本集团的主要业务分为四个板块：投资银行业务、财富管理业务、交易及机构业务和投资管理业务。,000776.SZ,1,报告页码,,正文,000776.SZ_广发证券_2025_管理层讨论与分析.pdf
MDAF0000138,广发证券,业务概要,26,本集团的证券主营业务依赖于中国的经济增长、居民财富积累及中国资本市场的发展及表现，具体包括股票、债券和理财产品在内的金融产品的发行、投资及交易等重要因素。,000776.SZ,1,报告页码,投资管理,正文,000776.SZ_广发证券_2025_管理层讨论与分析.pdf
MDAF0000139,广发证券,业务概要,26,这些重要因素受经济环境、投资者情绪以及国际市场等多方面影响，整体趋势呈现出平稳运行态势。,000776.SZ,1,报告页码,投资管理,正文,000776.SZ_广发证券_2025_管理层讨论与分析.pdf
MDAF0000140,广发证券,核心竞争力,27,传承以“知识图强，求实奉献”为核心的企业价值观，发扬“博士军团”的优秀文化基因，以知识为保障，以专业为基石，不断开拓公司发展的新局面。,000776.SZ,2,报告页码,（一）优秀的企业文化,正文,000776.SZ_广发证券_2025_管理层讨论与分析.pdf
MDAF0000141,广发证券,核心竞争力,27,公司始终保持强烈的家国情怀，秉持“以价值创造成就金融报国之梦”的使命感，坚持践行国家战略，主动融入发展新格局，积极服务实体经济量质双升。,000776.SZ,2,报告页码,（一）优秀的企业文化,正文,000776.SZ_广发证券_2025_管理层讨论与分析.pdf
MDAF0000142,广发证券,核心竞争力,27,坚持变革创新的图强之路，凭借对行业发展和市场规律的深刻理解，持续创设创新的产品和交易设计，提供行之有效的金融解决方案。,000776.SZ,2,报告页码,（一）优秀的企业文化,正文,000776.SZ_广发证券_2025_管理层讨论与分析.pdf
MDAF0000143,广发证券,核心竞争力,27,砥砺发展的韧性，以坚定的信心坚守发展定力，促进公司高质量发展。,000776.SZ,2,报告页码,（一）优秀的企业文化,正文,000776.SZ_广发证券_2025_管理层讨论与分析.pdf
MDAF0000144,广发证券,核心竞争力,28,2025年12月末，公司代销非货币公募基金保有规模行业排名第4。,000776.SZ,3,报告页码,（四）科学的业务布局,正文,000776.SZ_广发证券_2025_管理层讨论与分析.pdf
MDAF0000145,广发证券,核心竞争力,28,全体员工以“功成不必在我”的决心和“钉钉子”的精神，锚定青山，坚决执行既定战略，战略方向始终如一。,000776.SZ,3,报告页码,（二）前瞻的战略引领,正文,000776.SZ_广发证券_2025_管理层讨论与分析.pdf
MDAF0000146,广发证券,核心竞争力,28,公司于1999年成立全国第一家金融企业博士后工作站，27年来持续塑造和输出专业人才。,000776.SZ,3,报告页码,（一）优秀的企业文化,正文,000776.SZ_广发证券_2025_管理层讨论与分析.pdf
MDAF0000147,广发证券,核心竞争力,28,公司保持一张蓝图绘到底的战略定力，20 世纪90年代初期，公司旗帜鲜明地提出了“股份化、集团化、国际化、规范化”的“四化”发展战略，为公司未来指明了方向。,000776.SZ,3,报告页码,（二）前瞻的战略引领,正文,000776.SZ_广发证券_2025_管理层讨论与分析.pdf
MDAF0000148,广发证券,核心竞争力,28,公司具备长期稳定的股权结构，主要股东吉林敖东、辽宁成大和中山公用（均为上市公司）26年来一直位列前三大股东（不包括香港结算代理人，香港结算代理人所持股份为H 股非登记股东所有）。,000776.SZ,3,报告页码,（三）稳定的股权结构,正文,000776.SZ_广发证券_2025_管理层讨论与分析.pdf
MDAF0000149,广发证券,核心竞争力,28,公司具有完备的业务体系、均衡的业务结构，突出的核心竞争力。,000776.SZ,3,报告页码,（四）科学的业务布局,正文,000776.SZ_广发证券_2025_管理层讨论与分析.pdf
MDAF0000150,广发证券,核心竞争力,28,公司发展三十余年来，始终聚焦主责主业，着力提升核心竞争力，发展核心业务，未曾偏移，扎实深耕。,000776.SZ,3,报告页码,（二）前瞻的战略引领,正文,000776.SZ_广发证券_2025_管理层讨论与分析.pdf
MDAF0000151,广发证券,核心竞争力,28,公司坚持专业化发展，在理念上坚定不移，在行动上久久为功。,000776.SZ,3,报告页码,（一）优秀的企业文化,正文,000776.SZ_广发证券_2025_管理层讨论与分析.pdf
MDAF0000152,广发证券,核心竞争力,28,公司践行研究赋能业务高质量发展的经营模式，研究能力长期保持行业领先，连续多年获得证券时报最佳分析师、新财富最佳分析师、中国证券业分析师金牛奖等主流评选的机构大奖，并名列前茅。,000776.SZ,3,报告页码,（四）科学的业务布局,正文,000776.SZ_广发证券_2025_管理层讨论与分析.pdf
MDAF0000153,广发证券,核心竞争力,28,在业务条线上，先后设立期货子公司、公募基金子公司、私募基金子公司、另类投资子公司和资产管理子公司等，以广发的价值理念和务实的创业作风，打造了布局完善、实力强劲的全业务链条。,000776.SZ,3,报告页码,（二）前瞻的战略引领,正文,000776.SZ_广发证券_2025_管理层讨论与分析.pdf
MDAF0000154,广发证券,核心竞争力,28,在区域发展上，立足广东，服务全国，联通境内外，以长远的眼光、开放的格局锻造了全国性的领先券商。,000776.SZ,3,报告页码,（二）前瞻的战略引领,正文,000776.SZ_广发证券_2025_管理层讨论与分析.pdf
MDAF0000155,广发证券,核心竞争力,28,在行业转型发展期，公司不断对“四化”战略进行丰富完善与变革创新。,000776.SZ,3,报告页码,（二）前瞻的战略引领,正文,000776.SZ_广发证券_2025_管理层讨论与分析.pdf
MDAF0000156,广发证券,核心竞争力,28,截至目前，公司经营管理团队在证券、金融和经济相关领域的经历平均约27年，在公司平均任职期限超过22年，具备丰富的业务及管理经验。,000776.SZ,3,报告页码,（一）优秀的企业文化,正文,000776.SZ_广发证券_2025_管理层讨论与分析.pdf
MDAF0000157,广发证券,核心竞争力,28,拥有投资银行、财富管理、交易及机构和投资管理四大业务板块，具备全业务牌照。,000776.SZ,3,报告页码,（四）科学的业务布局,正文,000776.SZ_广发证券_2025_管理层讨论与分析.pdf
MDAF0000158,广发证券,核心竞争力,28,持续拓展业务布局，把功能性放在首要位置，坚持金融服务实体经济的根本宗旨，认真做好金融“五篇大文章”。,000776.SZ,3,报告页码,（二）前瞻的战略引领,正文,000776.SZ_广发证券_2025_管理层讨论与分析.pdf
MDAF0000159,广发证券,核心竞争力,28,构建多元化和包容性的人才机制，凝聚共识，打造了一支专业过硬、来自“五湖四海”、高度认同公司企业文化的人才队伍。,000776.SZ,3,报告页码,（一）优秀的企业文化,正文,000776.SZ_广发证券_2025_管理层讨论与分析.pdf
MDAF0000160,广发证券,核心竞争力,28,"率先提出财富管理转型，拥有优秀的金融产品研究、销售能力，专业的资产配置能力，超过4,800名证券投资顾问，行业排名第三（母公司口径），致力于为不同类型的客户提供精准的财富管理服务，成为客户信任的一流财富管理机构。",000776.SZ,3,报告页码,（四）科学的业务布局,正文,000776.SZ_广发证券_2025_管理层讨论与分析.pdf
MDAF0000161,广发证券,核心竞争力,28,科学合理的运行机制，持续完善的公司治理体系，为公司稳健经营提供坚实保障。,000776.SZ,3,报告页码,（三）稳定的股权结构,正文,000776.SZ_广发证券_2025_管理层讨论与分析.pdf
MDAF0000162,广发证券,核心竞争力,28,管理层以身作则，在业务中潜心经营，员工求真务实，以战略达成和价值创造为导向，成长了一批能干事、想干事的年轻干部，形成了合理的人才梯队，持续铸造知识之源，图强之基。,000776.SZ,3,报告页码,（一）优秀的企业文化,正文,000776.SZ_广发证券_2025_管理层讨论与分析.pdf
MDAF0000163,广发证券,核心竞争力,28,股东、员工与公司休戚与共、水乳交融，具有高度的凝聚力和战斗力，是公司不断穿越周期、突破发展瓶颈、奠定行业地位的重要支撑。,000776.SZ,3,报告页码,（三）稳定的股权结构,正文,000776.SZ_广发证券_2025_管理层讨论与分析.pdf
MDAF0000164,广发证券,核心竞争力,28,锻造综合金融服务实力，主要经营指标连续多年稳居中国券商前列，在多项核心业务领域中形成了领先优势，研究、资产管理、财富管理等业务位居前列。,000776.SZ,3,报告页码,（四）科学的业务布局,正文,000776.SZ_广发证券_2025_管理层讨论与分析.pdf
MDAF0000165,广发证券,核心竞争力,29,2025年12月末，公司拥有全国357家分公司及营业部，布局全国31个省、直辖市、自治区；粤港澳大湾区珠三角九市营业网点家数及覆盖占比均为行业第1，为公司业务开展提供了广泛的市场触角，为客户积累和服务提供重要支撑。,000776.SZ,4,报告页码,（五）突出的区位优势,正文,000776.SZ_广发证券_2025_管理层讨论与分析.pdf
MDAF0000166,广发证券,核心竞争力,29,以客户需求为导向，构建全业务链、全生命周期的投资银行服务体系，强化业务之间协同共进，相互赋能。,000776.SZ,4,报告页码,（四）科学的业务布局,正文,000776.SZ_广发证券_2025_管理层讨论与分析.pdf
MDAF0000167,广发证券,核心竞争力,29,作为大湾区成长起来的资本市场专业机构，公司在产业研究、资本运作等方面具备优势，积极探索产融结合的新模式，通过加深与地方产业资本融合，共建多种形式的产业基金，支持区域经济产业转型升级；充分发挥资本市场价值发现与资源配置功能，通过直接融资打造产业集群，对产业实现全生命周期金融服务。,000776.SZ,4,报告页码,（五）突出的区位优势,正文,000776.SZ_广发证券_2025_管理层讨论与分析.pdf
MDAF0000168,广发证券,核心竞争力,29,公司位于中国改革开放的前沿及粤港澳大湾区的核心区位，全力支持国家重大区域战略实施，厚植客户基础，助力科技、资本和产业良性循环。,000776.SZ,4,报告页码,（五）突出的区位优势,正文,000776.SZ_广发证券_2025_管理层讨论与分析.pdf
MDAF0000169,广发证券,核心竞争力,29,公司是中国证监会选定的首批试点合规管理券商之一，行业内最早推行全面风险管理战略的券商之一，是20 世纪80年代末至90年代初成立的第一批券商中为数不多的未经历过因经营亏损而接受注资和重组的主要券商之一。,000776.SZ,4,报告页码,（六）合规稳健的经营理念,正文,000776.SZ_广发证券_2025_管理层讨论与分析.pdf
MDAF0000170,广发证券,核心竞争力,29,公司秉持稳健经营的经营管理理念，合规经营是公司行稳致远的底线，风险管理能力是服务公司高质量发展的有力抓手。,000776.SZ,4,报告页码,（六）合规稳健的经营理念,正文,000776.SZ_广发证券_2025_管理层讨论与分析.pdf
MDAF0000171,广发证券,核心竞争力,29,公司立足于加强风险管控和防范，坚守合规底线，夯实风控生命线，持续完善全面风险管理体系，为各项业务的稳健发展构筑有力支撑。,000776.SZ,4,报告页码,（六）合规稳健的经营理念,正文,000776.SZ_广发证券_2025_管理层讨论与分析.pdf
MDAF0000172,广发证券,核心竞争力,29,坚持以科技创新引领业务发展，不断加大金融科技投入，主动运用先进理念、技术和工具，持续推进公司金融科技与业务的深度融合，提升数字化水平。,000776.SZ,4,报告页码,（四）科学的业务布局,正文,000776.SZ_广发证券_2025_管理层讨论与分析.pdf
MDAF0000173,广发证券,核心竞争力,29,广发基金、易方达基金保持领先的投研能力，2025年12月末，广发基金、易方达基金剔除货币基金后的公募基金管理规模分别位于行业第3、第1。,000776.SZ,4,报告页码,（四）科学的业务布局,正文,000776.SZ_广发证券_2025_管理层讨论与分析.pdf
MDAF0000174,广发证券,核心竞争力,29,粤港澳大湾区是中国开放程度最高、市场经济活力最强、在国家发展大局中具有重要战略地位的全球四大湾区之一，将肩负起强化国家战略科技力量的使命，是拓展改革开放新局面的重要布局。,000776.SZ,4,报告页码,（五）突出的区位优势,正文,000776.SZ_广发证券_2025_管理层讨论与分析.pdf
MDAF0000175,广发证券,核心竞争力,29,统筹旗下资产管理机构优势资源，构建丰富的产品供给体系，向客户提供策略占优、品类多样的产品，打造业内领先的资产管理品牌。,000776.SZ,4,报告页码,（四）科学的业务布局,正文,000776.SZ_广发证券_2025_管理层讨论与分析.pdf
MDAF0000176,广发证券,研发投入,40,不适用。,000776.SZ,15,报告页码,,选项,000776.SZ_广发证券_2025_管理层讨论与分析.pdf
MDAF0000177,越秀资本,核心竞争力,18,不良资产管理业务坚持聚焦主业，专注开展不良资产收购处置、问题机构纾困和资产经营等业务，同时依托控股股东越秀集团在房地产行业的产业优势，协同各方探索开展房地产项目破产重整业务机会，积极履行化解区域金融风险的使命。,000987.SZ,5,报告页码,2、服务实体、绿色发展的综合金融战略,正文,000987.SZ_越秀资本_2025_管理层讨论与分析.pdf
MDAF0000178,越秀资本,核心竞争力,18,公司坚持服务实体经济，依托于粤港澳大湾区厚实的产业基础和丰富的科技创新资源，积极助推新兴产业发展和传统产业焕新升级，培育新质生产力，在推动广州高质量发展及粤港澳大湾区融合发展中持续积累竞争优势。,000987.SZ,5,报告页码,1、深耕粤港澳大湾区的地理区位优势,正文,000987.SZ_越秀资本_2025_管理层讨论与分析.pdf
MDAF0000179,越秀资本,核心竞争力,18,公司总部所在地广州是粤港澳大湾区核心城市之一。,000987.SZ,5,报告页码,1、深耕粤港澳大湾区的地理区位优势,正文,000987.SZ_越秀资本_2025_管理层讨论与分析.pdf
MDAF0000180,越秀资本,核心竞争力,18,公司深耕粤港澳大湾区，积极贯彻落实国家和区域发展战略，持续加大在绿色、科技、普惠等领域的金融支持力度，不断优化升级产品服务体系，积累了大量优质客群。,000987.SZ,5,报告页码,1、深耕粤港澳大湾区的地理区位优势,正文,000987.SZ_越秀资本_2025_管理层讨论与分析.pdf
MDAF0000181,越秀资本,核心竞争力,18,公司积极响应国家“双碳”战略，深入推进绿色转型，勇当国家新发展格局构建的践行者，服务实体经济能力不断提升。,000987.SZ,5,报告页码,2、服务实体、绿色发展的综合金融战略,正文,000987.SZ_越秀资本_2025_管理层讨论与分析.pdf
MDAF0000182,越秀资本,核心竞争力,18,投资管理业务布局清晰，构建起多元配置、久期合理、业绩稳健的投资组合，新能源及科技领域布局持续优化，核心优势不断增强。,000987.SZ,5,报告页码,2、服务实体、绿色发展的综合金融战略,正文,000987.SZ_越秀资本_2025_管理层讨论与分析.pdf
MDAF0000183,越秀资本,核心竞争力,18,期货业务紧抓广州期货交易所新品种上市机遇，利用粤港澳金融市场的互联互通大力发展风险管理业务，为实体企业提供更加专业、丰富的风险管理方案。,000987.SZ,5,报告页码,2、服务实体、绿色发展的综合金融战略,正文,000987.SZ_越秀资本_2025_管理层讨论与分析.pdf
MDAF0000184,越秀资本,核心竞争力,18,粤港澳大湾区是我国开放程度最高、经济活力最强的区域之一，区位优势明显，经济实力雄厚，创新要素集聚，国际化水平领先，具有发达的产业体系和优质的营商环境，为公司高质量发展提供了良好的基础。,000987.SZ,5,报告页码,1、深耕粤港澳大湾区的地理区位优势,正文,000987.SZ_越秀资本_2025_管理层讨论与分析.pdf
MDAF0000185,越秀资本,核心竞争力,18,融资租赁业务推进“绿色+金融+产业”发展战略，绿色租赁投放和项目储备规模持续提升；布局新能源工程机械和商用车等普惠租赁业务，积极探索高端装备等新兴业务领域，通过业务的多元化实现资产结构和期限的持续优化。,000987.SZ,5,报告页码,2、服务实体、绿色发展的综合金融战略,正文,000987.SZ_越秀资本_2025_管理层讨论与分析.pdf
MDAF0000186,越秀资本,核心竞争力,19,公司及各子公司保持优良的信用评级。,000987.SZ,6,报告页码,3、信用高、成本低、结构优的融资能力,正文,000987.SZ_越秀资本_2025_管理层讨论与分析.pdf
MDAF0000187,越秀资本,核心竞争力,19,公司围绕“品牌价值化”统筹品牌传播，强化品牌与业务的协同联动，深化品牌管控体系，提升品牌形象和价值。,000987.SZ,6,报告页码,7、良好的行业声誉和品牌影响力,正文,000987.SZ_越秀资本_2025_管理层讨论与分析.pdf
MDAF0000188,越秀资本,核心竞争力,19,公司坚持“专业化管控下的专业化经营”定位，打造了战略、风险、人力资源等核心管控及赋能能力，强化研究、客户资源、科技三大支撑作用。,000987.SZ,6,报告页码,6、价值创造型的专业管控与赋能机制,正文,000987.SZ_越秀资本_2025_管理层讨论与分析.pdf
MDAF0000189,越秀资本,核心竞争力,19,公司坚持间接融资和直接融资齐头并进，银行授信额度及交易所、银行间直接融资工具额度充足，并与信托、保险、基金、银行理财子公司等多类型金融机构密切合作。,000987.SZ,6,报告页码,3、信用高、成本低、结构优的融资能力,正文,000987.SZ_越秀资本_2025_管理层讨论与分析.pdf
MDAF0000190,越秀资本,核心竞争力,19,公司始终坚持专业化深耕，近年来改革发展成绩显著，整体经营质量位于行业前列，影响力持续提升。,000987.SZ,6,报告页码,7、良好的行业声誉和品牌影响力,正文,000987.SZ_越秀资本_2025_管理层讨论与分析.pdf
MDAF0000191,越秀资本,核心竞争力,19,公司已建成一套涵盖风险制度、组织、系统、指标、人员和文化的全面风险管理体系；搭建起治理架构、战略与偏好、风险计量、风险报告、绩效考核+信息系统的“5+1”风险管理架构；持续优化完善风险政策，引导业务聚焦重点区域、重点支柱产业、战略性新兴产业及符合ESG 理念的领域；积极建设与业务配套的风险管理系统，支持业务高效发展；建成“定期监测+专项监测+实时预警”的风险监测和预警体系，不断强化全面风险管理。,000987.SZ,6,报告页码,5、健全有效的风险管理体系,正文,000987.SZ_越秀资本_2025_管理层讨论与分析.pdf
MDAF0000192,越秀资本,核心竞争力,19,公司持续推进融资管理精细化，严控融资成本，不断优化融资结构，防范流动性风险，为业务发展提供有力支撑。,000987.SZ,6,报告页码,3、信用高、成本低、结构优的融资能力,正文,000987.SZ_越秀资本_2025_管理层讨论与分析.pdf
MDAF0000193,越秀资本,核心竞争力,19,公司按照市场化方式确定薪酬、激励和约束措施，积极推动激励与约束机制相匹配，构建员工与公司利益共享、风险共担机制，有效提升员工获得感，提高企业凝聚力和运作效率，夯实企业可持续发展基础。,000987.SZ,6,报告页码,4、激励与约束并重的市场化体制机制,正文,000987.SZ_越秀资本_2025_管理层讨论与分析.pdf
MDAF0000194,越秀资本,核心竞争力,19,公司深入实施各级企业经理层成员任期制和契约化管理，构建了以战略为导向，以业绩与能力为核心，以市场化与专业化为基础的人才管理体系；制定了涵盖竞争上岗、任期管理、人才盘点、述职评价、轮岗发展、后备人才培养、监督约束等多项管理机制；打造了一支拥有丰富金融从业经验、富有激情和创造力的高素质管理团队。,000987.SZ,6,报告页码,4、激励与约束并重的市场化体制机制,正文,000987.SZ_越秀资本_2025_管理层讨论与分析.pdf
MDAF0000195,越秀资本,核心竞争力,19,公司秉持“全面管理风险，稳健创造价值”的风险管理理念，将风险管理作为经营活动和业务活动的核心内容之一，致力于建立以国际、国内先进综合性金融机构为标杆，与业务特点相结合的全面风险管理体系。,000987.SZ,6,报告页码,5、健全有效的风险管理体系,正文,000987.SZ_越秀资本_2025_管理层讨论与分析.pdf
MDAF0000196,越秀资本,核心竞争力,19,同时持续探索完善各个层面的长效激励与约束机制，总部层面已实施覆盖公司董事、高管、核心骨干员工的股票期权激励计划，在下属企业层面探索并实施员工持股计划、跟投机制等激励与约束方案。,000987.SZ,6,报告页码,4、激励与约束并重的市场化体制机制,正文,000987.SZ_越秀资本_2025_管理层讨论与分析.pdf
MDAF0000197,越秀资本,核心竞争力,19,同时，公司以统一的企业文化理念引领各项业务发展和日常经营管理，秉承“稳健、专业、协同、创新、以奋斗者为本”的管理理念，搭建“企业文化、责任管理、责任实践”的履责框架，强化共识与融合，筑牢企业文化引领根基，为企业战略目标实现和可持续发展提供支撑动力。,000987.SZ,6,报告页码,6、价值创造型的专业管控与赋能机制,正文,000987.SZ_越秀资本_2025_管理层讨论与分析.pdf
MDAF0000198,越秀资本,核心竞争力,19,同时，公司紧跟国家支持绿色、科技产业发展等政策导向，持续加大绿色渠道融资力度，结合科技创新投资发行科技创新债券；通过搭建跨境资金池打通境内外资金通道，注册发行永续类融资工具，发行类REITs 等盘活存量资产，融资方式丰富多元。,000987.SZ,6,报告页码,3、信用高、成本低、结构优的融资能力,正文,000987.SZ_越秀资本_2025_管理层讨论与分析.pdf
MDAF0000199,越秀资本,核心竞争力,19,报告期内，公司及广州越秀资本、越秀租赁、广州资产主体评级均维持中诚信AAA 信用评级，越秀新能源首次获得AAA 主体信用评级，上海越秀租赁主体评级提升至AAA，越秀产业投资维持中诚信AA+主体信用评级。,000987.SZ,6,报告页码,3、信用高、成本低、结构优的融资能力,正文,000987.SZ_越秀资本_2025_管理层讨论与分析.pdf
MDAF0000200,越秀资本,核心竞争力,19,积极拓展对外战略合作，不断扩充战略伙伴资源，赋能下属企业拓展高能级客户；加强客户资源管理，整合内外部资源统筹开展协同营销，落实战略客户服务体系，建立、维持紧密的客户合作关系；各业务板块围绕产业龙头和链主企业，以深化产业链合作为导向，发挥多元金融优势，加强产品协同，为客户提供有竞争力的综合金融服务。,000987.SZ,6,报告页码,6、价值创造型的专业管控与赋能机制,正文,000987.SZ_越秀资本_2025_管理层讨论与分析.pdf
MDAF0000201,越秀资本,核心竞争力,20,公司核心业务单元品牌建设取得新突破，越秀租赁荣获“中国融资租赁年度公司”“广东省绿色金融改革创新推广案例”，广州资产获评地方不良资产管理行业“年度优秀管理奖”“年度最佳案例奖”，越秀产业基金荣获投中榜“中国最佳私募股权投资机构TOP30”“中国保险资管业协会A 类基金管理人”等。,000987.SZ,7,报告页码,（2024）”，荣获《证券时报》第16 届中国上市公司投资者关系管理天马奖、《董事会》第20 届中国上市公司董事会“金圆,正文,000987.SZ_越秀资本_2025_管理层讨论与分析.pdf
MDAF0000202,越秀资本,核心竞争力,20,桌”公司治理特别贡献奖等。,000987.SZ,7,报告页码,（2024）”，荣获《证券时报》第16 届中国上市公司投资者关系管理天马奖、《董事会》第20 届中国上市公司董事会“金圆,正文,000987.SZ_越秀资本_2025_管理层讨论与分析.pdf
MDAF0000203,越秀资本,研发投入,23,一是围绕数字金融要求深化业务系统建设，提升展业和运营效率。,000987.SZ,10,报告页码,,正文,000987.SZ_越秀资本_2025_管理层讨论与分析.pdf
MDAF0000204,越秀资本,研发投入,23,三是深化前沿技术创新应用。,000987.SZ,10,报告页码,,正文,000987.SZ_越秀资本_2025_管理层讨论与分析.pdf
MDAF0000205,越秀资本,研发投入,23,二是深化管控系统建设，提升管控效率，辅助经营管理。,000987.SZ,10,报告页码,,正文,000987.SZ_越秀资本_2025_管理层讨论与分析.pdf
MDAF0000206,越秀资本,研发投入,23,升级创新工具底座，接入新一代大模型并引入低代码平台，成功应用于数据填报等场景，并探索资本市场商机挖掘等高阶应用，有效提升运营效率。,000987.SZ,10,报告页码,,正文,000987.SZ_越秀资本_2025_管理层讨论与分析.pdf
MDAF0000207,越秀资本,研发投入,23,广州资产成功上线新一代核心业务系统，提升业务精细化管理水平。,000987.SZ,10,报告页码,,正文,000987.SZ_越秀资本_2025_管理层讨论与分析.pdf
MDAF0000208,越秀资本,研发投入,23,报告期内，公司扎实推进数智转型，全年金融科技投入额1.88亿元，通过深化前沿技术创新应用，夯实数据基础，赋能经营管理与业务开展。,000987.SZ,10,报告页码,,正文,000987.SZ_越秀资本_2025_管理层讨论与分析.pdf
MDAF0000209,越秀资本,研发投入,23,结合新能源、商用车等业务拓展需要，进一步推进业财风一体化覆盖，实现风险管控、财务核算、费用支付等环节的自动化和精细化管理；完善管理信息系统，优化光伏数据分析、税务分析、投资者关系等模块功能；强化人力资源数字化管理，上线员工薪酬档案模块，初步搭建人力成本数字化穿透底座，实现越秀租赁业务数据分配穿透到个人层级。,000987.SZ,10,报告页码,,正文,000987.SZ_越秀资本_2025_管理层讨论与分析.pdf
MDAF0000210,越秀资本,研发投入,23,越秀产业基金实现光伏资产数据可视化并向投资者开放，投资者可动态掌握电站运营数据，增强服务体验。,000987.SZ,10,报告页码,,正文,000987.SZ_越秀资本_2025_管理层讨论与分析.pdf
MDAF0000211,越秀资本,研发投入,23,越秀租赁完成户用光伏资产运营系统多主体改造，实现收益批量支付；上线商用车渠道平台，为渠道提供便捷的移动化展业工具。,000987.SZ,10,报告页码,,正文,000987.SZ_越秀资本_2025_管理层讨论与分析.pdf
MDAF0000212,越秀资本,研发投入,23,2024年：7.15%。,000987.SZ,10,报告页码,,表格行,000987.SZ_越秀资本_2025_管理层讨论与分析.pdf
MDAF0000213,越秀资本,研发投入,23,2024年：90。,000987.SZ,10,报告页码,,表格行,000987.SZ_越秀资本_2025_管理层讨论与分析.pdf
MDAF0000214,越秀资本,研发投入,23,2025年：6.33%。,000987.SZ,10,报告页码,,表格行,000987.SZ_越秀资本_2025_管理层讨论与分析.pdf
MDAF0000215,越秀资本,研发投入,23,2025年：79。,000987.SZ,10,报告页码,,表格行,000987.SZ_越秀资本_2025_管理层讨论与分析.pdf
MDAF0000216,越秀资本,研发投入,23,2025年：研发人员学历结构。,000987.SZ,10,报告页码,,表格行,000987.SZ_越秀资本_2025_管理层讨论与分析.pdf
MDAF0000217,越秀资本,研发投入,23,2025年：研发人员数量占比。,000987.SZ,10,报告页码,,表格行,000987.SZ_越秀资本_2025_管理层讨论与分析.pdf
MDAF0000218,越秀资本,研发投入,23,2025年：研发人员数量（人）。,000987.SZ,10,报告页码,,表格行,000987.SZ_越秀资本_2025_管理层讨论与分析.pdf
MDAF0000219,越秀资本,研发投入,23,变动比例：-12.22%。,000987.SZ,10,报告页码,,表格行,000987.SZ_越秀资本_2025_管理层讨论与分析.pdf
MDAF0000220,越秀资本,研发投入,23,变动比例：下降0.82个百分点。,000987.SZ,10,报告页码,,表格行,000987.SZ_越秀资本_2025_管理层讨论与分析.pdf
MDAF0000221,新大陆,业务概要,11,依托多年在细分领域积累的客户资源及行业经验，公司充分发挥人工智能、边缘计算、大数据等核心技术优势，持续巩固基石产业，积极培育创新赛道，深化全球化布局。,000997.SZ,1,报告页码,,正文,000997.SZ_新大陆_2025_管理层讨论与分析.pdf
MDAF0000222,新大陆,业务概要,11,公司业务范围覆盖全球130多个国家和地区，并为一带一路”沿线国家持续输出数字化转型的中国方案。,000997.SZ,1,报告页码,,正文,000997.SZ_新大陆_2025_管理层讨论与分析.pdf
MDAF0000223,新大陆,业务概要,11,公司主要产品包括Smart POS、Smart ECR、传统POS、条码支付终端、多模态支付终端、自助与行业设备等，应用场景丰富，满足餐饮、商超、酒店、物流等各类行业及线下门店的需求。,000997.SZ,1,报告页码,1、数字支付终端业务,正文,000997.SZ_新大陆_2025_管理层讨论与分析.pdf
MDAF0000224,新大陆,业务概要,11,公司以服务国家数字中国战略为己任，致力于以科技创新赋能数字经济产业发展。,000997.SZ,1,报告页码,,正文,000997.SZ_新大陆_2025_管理层讨论与分析.pdf
MDAF0000225,新大陆,业务概要,11,公司凭借技术、产品、品牌等优势，实现120多个国家及地区的销售覆盖，销量位居全球前列。,000997.SZ,1,报告页码,1、数字支付终端业务,正文,000997.SZ_新大陆_2025_管理层讨论与分析.pdf
MDAF0000226,新大陆,业务概要,11,报告期内公司主要业务经营情况如下：,000997.SZ,1,报告页码,,正文,000997.SZ_新大陆_2025_管理层讨论与分析.pdf
MDAF0000227,新大陆,业务概要,11,新大陆支付技术公司主要从事金融POS终端设备的设计、研发、销售、运维以及提供金融软件及金融终端平台运营管理服务，为商业银行与第三方支付等支付服务机构提供电子支付技术综合解决方案。,000997.SZ,1,报告页码,1、数字支付终端业务,正文,000997.SZ_新大陆_2025_管理层讨论与分析.pdf
MDAF0000228,新大陆,业务概要,11,新大陆是集智能终端、大数据处理能力、数据场景运营能力为一体的数字化服务商。,000997.SZ,1,报告页码,,正文,000997.SZ_新大陆_2025_管理层讨论与分析.pdf
MDAF0000229,新大陆,业务概要,11,生产方面，主要采用委托加工方式，与国内外7家工业4.0智能化的代工基地合作，满足全球客户交付需求；销售方面，主要包括直销和渠道销售两种方式，国内以直销模式为主，快速提供满足客户需求的产品，海外采用混合销售模式，重点客户以直营模式为主，部分区域采用经销商模式。,000997.SZ,1,报告页码,1、数字支付终端业务,正文,000997.SZ_新大陆_2025_管理层讨论与分析.pdf
MDAF0000230,新大陆,业务概要,11,面向数字经济的广阔发展前景，公司以数字人民币、可信数字身份为核心抓手，不断完善产业布局，全面参与到我国数字产业化和产业数字化的大浪潮中，力争成为数字中国建设的先锋企业。,000997.SZ,1,报告页码,,正文,000997.SZ_新大陆_2025_管理层讨论与分析.pdf
MDAF0000231,新大陆,业务概要,12,产品类别包括数据识读引擎、PDA、多形态（手持式/嵌入式/桌面式/穿戴式）扫描器、RFID、工业智能产品以及相关设备管理软件系统，能够定制化满足物流仓储、零售商超、智能制造、医疗健康、工业智能以及特种作业等各类应用场景需求。,000997.SZ,2,报告页码,2、智能感知识别终端业务,正文,000997.SZ_新大陆_2025_管理层讨论与分析.pdf
MDAF0000232,新大陆,业务概要,12,公司主要商户服务平台有星驿付”、 慧徕店”、 NovaPayor”等。,000997.SZ,2,报告页码,1、商户运营及增值服务,正文,000997.SZ_新大陆_2025_管理层讨论与分析.pdf
MDAF0000233,新大陆,业务概要,12,公司以业务联营模式为主，联营合作伙伴有渠道代理商、商户软件服务商、聚合支付服务商等，并持续强化以银行合作为主，通过分公司团队及服务商配合各地银行共同拓展商户。,000997.SZ,2,报告页码,1、商户运营及增值服务,正文,000997.SZ_新大陆_2025_管理层讨论与分析.pdf
MDAF0000234,新大陆,业务概要,12,公司商户运营及增值服务主要聚焦于我国实体经济的重要组成部分——线下中小微商户，以聚合支付为入口，以合规风控为基石，依托公司全场景智能支付设备，结合各类定制化场景解决方案，为商户提供聚合支付、库存管理、会员营销等数字化服务，并通过大数据分析，帮助商户增加收入、提升经营效率、降低运营成本与融资难度。,000997.SZ,2,报告页码,1、商户运营及增值服务,正文,000997.SZ_新大陆_2025_管理层讨论与分析.pdf
MDAF0000235,新大陆,业务概要,12,其中，NovaPayor 是公司为跨境支付业务布局而设立的境外品牌。,000997.SZ,2,报告页码,1、商户运营及增值服务,正文,000997.SZ_新大陆_2025_管理层讨论与分析.pdf
MDAF0000236,新大陆,业务概要,12,新大陆识别公司、江苏智联公司、思必拓公司、优迈捷公司主要从事感知识别产品、机器视觉产品及专用芯片的设计、研发和销售，拥有多个自主研发的解码芯片，结合人工智能技术在嵌入式系统底层开发与定制剪裁，形成与各行业应用场景深入匹配的智能化硬件产品与解决方案。,000997.SZ,2,报告页码,2、智能感知识别终端业务,正文,000997.SZ_新大陆_2025_管理层讨论与分析.pdf
MDAF0000237,新大陆,业务概要,12,星驿支付公司是拥有全国性银行卡收单业务牌照的第三方支付机构，提供银行卡支付、扫码支付、NFC支付、刷脸支付等综合支付服务。,000997.SZ,2,报告页码,1、商户运营及增值服务,正文,000997.SZ_新大陆_2025_管理层讨论与分析.pdf
MDAF0000238,新大陆,业务概要,12,杉昊智能公司主要从事线下商户服务平台的研发，整合各类SaaS 产品，结合AI 与大数据处理分析技术为中小微商户提供数字化解决方案，覆盖零售、餐饮、医疗、烟草等多个行业。,000997.SZ,2,报告页码,1、商户运营及增值服务,正文,000997.SZ_新大陆_2025_管理层讨论与分析.pdf
MDAF0000239,新大陆,业务概要,12,生产方面，公司主要采用委托加工方式；销售方面，国内产品的销售包括直销和传统渠道销售，主要由新大陆欧洲公司、新大陆北美公司和新大陆亚太公司进行海外产品的销售，聚焦重点地区及客户，在海外实现产品营销及定制化服务。,000997.SZ,2,报告页码,2、智能感知识别终端业务,正文,000997.SZ_新大陆_2025_管理层讨论与分析.pdf
MDAF0000240,新大陆,业务概要,13,主要产品线包括一揽子大模型解决方案、大数据框架平台等基础产品和业务系统，同时提供相关系统的咨询、运营、集成、维护和第三方测试等服务，产品和服务涵盖电信运营商业务支撑服务域和网络支撑运营服务域的核心环节。,000997.SZ,3,报告页码,2、电信运营商数字化服务,正文,000997.SZ_新大陆_2025_管理层讨论与分析.pdf
MDAF0000241,新大陆,业务概要,13,公司的主要客户是电信运营商。,000997.SZ,3,报告页码,2、电信运营商数字化服务,正文,000997.SZ_新大陆_2025_管理层讨论与分析.pdf
MDAF0000242,新大陆,业务概要,13,公司采取顾问直销的业务模式，分区域、分客户进行销售，销售模式分为客户单一采购、选择性洽谈和公开招投标三类。,000997.SZ,3,报告页码,2、电信运营商数字化服务,正文,000997.SZ_新大陆_2025_管理层讨论与分析.pdf
MDAF0000243,新大陆,业务概要,13,新大陆软件公司是通信行业领先的数智化资产建设服务运营商，以新一代数智化云原生业务系统为平台全栈产品线提供支撑，主要在运营商领域为客户提供企业级大数据、云计算、人工智能等平台、产品、服务，以及业务运营、网络支撑等方面的行业数智化解决方案。,000997.SZ,3,报告页码,2、电信运营商数字化服务,正文,000997.SZ_新大陆_2025_管理层讨论与分析.pdf
MDAF0000244,新大陆,业务概要,13,网商小贷公司、网商保理公司、网商融担公司和洲联信息公司以金融科技和大数据分析为核心工具，以小微经营贷款产品为主、综合消费贷为辅的产品形态，基于商户服务平台的客群及数据资源优势，为小微企业主、连锁商户和个人消费者提供小微信贷、保理融资等普惠金融服务，为金融机构和商户服务机构提供一站式小微金融全流程解决方案等金融科技服务。,000997.SZ,3,报告页码,1、商户运营及增值服务,正文,000997.SZ_新大陆_2025_管理层讨论与分析.pdf
MDAF0000245,新大陆,核心竞争力,17,上述交叉优势进而推动了公司将AI 能力推向行业数字化建设，在商户运营、政务服务、智慧交通、数字身份安全等应用场景中逐渐显现，全方位赋能线下商业场景、制造业等领域的数字化转型升级。,000997.SZ,7,报告页码,3、多元场景和核心数据处理能力的交叉优势。公司一方面在长期经营中积累了人脸识别、条码识读、,正文,000997.SZ_新大陆_2025_管理层讨论与分析.pdf
MDAF0000246,新大陆,核心竞争力,17,中关键的支付服务、金融科技服务两个领域，公司都拥有完备的支撑性牌照，稀缺性资源为公司的商户服务平台业务创造了独特优势。,000997.SZ,7,报告页码,4、完善的支撑牌照和运营能力。公司在相关业务推进中积极布局牌照资源，特别是在商户运营服务,正文,000997.SZ_新大陆_2025_管理层讨论与分析.pdf
MDAF0000247,新大陆,核心竞争力,17,以数字人民币、可信数字身份等数字中国重要组成部分的建设与推广为发展方向，明确公司未来发展的核心技术支撑为基于智能终端的分布式算力以及基于场景的算法应用能力。,000997.SZ,7,报告页码,1、坚定的发展战略和健康的品牌形象。公司坚定以成为数字中国建设的先锋企业”为发展目标，,正文,000997.SZ_新大陆_2025_管理层讨论与分析.pdf
MDAF0000248,新大陆,核心竞争力,17,公司科技创新、造福人类”的经营理念和以奋斗者为本的企业文化，得到经营团队和员工的高度认同，形成强有力的凝聚力。,000997.SZ,7,报告页码,6、稳定、团结的经营团队和积极向上的企业文化。公司在创业和发展过程中，凝聚和团结了一批由,正文,000997.SZ_新大陆_2025_管理层讨论与分析.pdf
MDAF0000249,新大陆,核心竞争力,17,各层次骨干人才组成的经营团队，配合默契、协作高效，保障了公司的稳定和持续发展。,000997.SZ,7,报告页码,6、稳定、团结的经营团队和积极向上的企业文化。公司在创业和发展过程中，凝聚和团结了一批由,正文,000997.SZ_新大陆_2025_管理层讨论与分析.pdf
MDAF0000250,新大陆,核心竞争力,17,同时公司加码海外牌照体系的布局，为跨境支付与海外收单业务打下坚实的基础。,000997.SZ,7,报告页码,4、完善的支撑牌照和运营能力。公司在相关业务推进中积极布局牌照资源，特别是在商户运营服务,正文,000997.SZ_新大陆_2025_管理层讨论与分析.pdf
MDAF0000251,新大陆,核心竞争力,17,大数据、云计算等核心技术，另一方面在信息感知识别、电子支付、收单服务、移动通信和高速公路信息化等领域积累了应对海量、高频、安全需求的数字化处理能力。,000997.SZ,7,报告页码,3、多元场景和核心数据处理能力的交叉优势。公司一方面在长期经营中积累了人脸识别、条码识读、,正文,000997.SZ_新大陆_2025_管理层讨论与分析.pdf
MDAF0000252,新大陆,核心竞争力,17,息智能处理等产业环节中，尤其是数字支付、智能感知识别领域拥有全系列产品和软硬件创新能力，同时伴随人工智能等技术的演进，公司加码AI 算法，通过云侧和边缘侧结合，在全系智能终端上形成边缘侧算法优势，建立分布式算力能力，赋能产业数字化。,000997.SZ,7,报告页码,2、端边一体化能力。公司依靠自主创新形成的产业核心技术，在物联网的信息识读、信息传输、信,正文,000997.SZ_新大陆_2025_管理层讨论与分析.pdf
MDAF0000253,新大陆,核心竞争力,17,构、政府部门、互联网企业等关键行业客户形成了稳定、长期可持续的战略合作关系，客户对公司技术和服务能力的高度认可保证了公司业务的未来持续性。,000997.SZ,7,报告页码,5、稳定、持续的关键行业客户战略合作关系。公司长期坚持面向行业应用，与三大运营商、金融机,正文,000997.SZ_新大陆_2025_管理层讨论与分析.pdf
MDAF0000254,新大陆,核心竞争力,17,随着公司技术和业务的不断发展，公司领先的数字化解决方案提供商的形象正在得到国家、地方政府、社会各界以及产业的认可。,000997.SZ,7,报告页码,1、坚定的发展战略和健康的品牌形象。公司坚定以成为数字中国建设的先锋企业”为发展目标，,正文,000997.SZ_新大陆_2025_管理层讨论与分析.pdf
MDAF0000255,新大陆,研发投入,28,2024年：0.00%。,000997.SZ,18,报告页码,2、公司研发投入情况,表格行,000997.SZ_新大陆_2025_管理层讨论与分析.pdf
MDAF0000256,新大陆,研发投入,28,2024年：0.00。,000997.SZ,18,报告页码,2、公司研发投入情况,表格行,000997.SZ_新大陆_2025_管理层讨论与分析.pdf
MDAF0000257,新大陆,研发投入,28,"2024年：1,519。",000997.SZ,18,报告页码,1、公司研发人员情况,表格行,000997.SZ_新大陆_2025_管理层讨论与分析.pdf
MDAF0000258,新大陆,研发投入,28,"2024年：1,869。",000997.SZ,18,报告页码,1、公司研发人员情况,表格行,000997.SZ_新大陆_2025_管理层讨论与分析.pdf
MDAF0000259,新大陆,研发投入,28,2024年：230。,000997.SZ,18,报告页码,1、公司研发人员情况,表格行,000997.SZ_新大陆_2025_管理层讨论与分析.pdf
MDAF0000260,新大陆,研发投入,28,"2024年：3,274。",000997.SZ,18,报告页码,1、公司研发人员情况,表格行,000997.SZ_新大陆_2025_管理层讨论与分析.pdf
MDAF0000261,新大陆,研发投入,28,"2024年：3,804。",000997.SZ,18,报告页码,1、公司研发人员情况,表格行,000997.SZ_新大陆_2025_管理层讨论与分析.pdf
MDAF0000262,新大陆,研发投入,28,2024年：56.75%。,000997.SZ,18,报告页码,1、公司研发人员情况,表格行,000997.SZ_新大陆_2025_管理层讨论与分析.pdf
MDAF0000263,新大陆,研发投入,28,"2024年：664,428,266.99。",000997.SZ,18,报告页码,2、公司研发投入情况,表格行,000997.SZ_新大陆_2025_管理层讨论与分析.pdf
MDAF0000264,新大陆,研发投入,28,2024年：8.58%。,000997.SZ,18,报告页码,2、公司研发投入情况,表格行,000997.SZ_新大陆_2025_管理层讨论与分析.pdf
MDAF0000265,新大陆,研发投入,28,2025年：0.00%。,000997.SZ,18,报告页码,2、公司研发投入情况,表格行,000997.SZ_新大陆_2025_管理层讨论与分析.pdf
MDAF0000266,新大陆,研发投入,28,2025年：0.00。,000997.SZ,18,报告页码,2、公司研发投入情况,表格行,000997.SZ_新大陆_2025_管理层讨论与分析.pdf
MDAF0000267,新大陆,研发投入,28,"2025年：1,463。",000997.SZ,18,报告页码,1、公司研发人员情况,表格行,000997.SZ_新大陆_2025_管理层讨论与分析.pdf
MDAF0000268,新大陆,研发投入,28,"2025年：1,583。",000997.SZ,18,报告页码,1、公司研发人员情况,表格行,000997.SZ_新大陆_2025_管理层讨论与分析.pdf
MDAF0000269,新大陆,研发投入,28,2025年：227。,000997.SZ,18,报告页码,1、公司研发人员情况,表格行,000997.SZ_新大陆_2025_管理层讨论与分析.pdf
MDAF0000270,新大陆,研发投入,28,"2025年：3,091。",000997.SZ,18,报告页码,1、公司研发人员情况,表格行,000997.SZ_新大陆_2025_管理层讨论与分析.pdf
MDAF0000271,新大陆,研发投入,28,"2025年：3,594。",000997.SZ,18,报告页码,1、公司研发人员情况,表格行,000997.SZ_新大陆_2025_管理层讨论与分析.pdf
MDAF0000272,新大陆,研发投入,28,2025年：30 岁以下。,000997.SZ,18,报告页码,1、公司研发人员情况,表格行,000997.SZ_新大陆_2025_管理层讨论与分析.pdf
MDAF0000273,新大陆,研发投入,28,2025年：30~40 岁。,000997.SZ,18,报告页码,1、公司研发人员情况,表格行,000997.SZ_新大陆_2025_管理层讨论与分析.pdf
MDAF0000274,新大陆,研发投入,28,2025年：57.73%。,000997.SZ,18,报告页码,1、公司研发人员情况,表格行,000997.SZ_新大陆_2025_管理层讨论与分析.pdf
MDAF0000275,新大陆,研发投入,28,"2025年：651,025,799.23。",000997.SZ,18,报告页码,2、公司研发投入情况,表格行,000997.SZ_新大陆_2025_管理层讨论与分析.pdf
MDAF0000276,新大陆,研发投入,28,2025年：7.43%。,000997.SZ,18,报告页码,2、公司研发投入情况,表格行,000997.SZ_新大陆_2025_管理层讨论与分析.pdf
MDAF0000277,新大陆,研发投入,28,2025年：本科。,000997.SZ,18,报告页码,1、公司研发人员情况,表格行,000997.SZ_新大陆_2025_管理层讨论与分析.pdf
MDAF0000278,新大陆,研发投入,28,2025年：研发人员学历结构。,000997.SZ,18,报告页码,1、公司研发人员情况,表格行,000997.SZ_新大陆_2025_管理层讨论与分析.pdf
MDAF0000279,新大陆,研发投入,28,2025年：研发人员年龄构成。,000997.SZ,18,报告页码,1、公司研发人员情况,表格行,000997.SZ_新大陆_2025_管理层讨论与分析.pdf
MDAF0000280,新大陆,研发投入,28,2025年：研发人员数量占比。,000997.SZ,18,报告页码,1、公司研发人员情况,表格行,000997.SZ_新大陆_2025_管理层讨论与分析.pdf
MDAF0000281,新大陆,研发投入,28,2025年：研发人员数量（人）。,000997.SZ,18,报告页码,1、公司研发人员情况,表格行,000997.SZ_新大陆_2025_管理层讨论与分析.pdf
MDAF0000282,新大陆,研发投入,28,2025年：研发投入占营业总收入比例。,000997.SZ,18,报告页码,2、公司研发投入情况,表格行,000997.SZ_新大陆_2025_管理层讨论与分析.pdf
MDAF0000283,新大陆,研发投入,28,2025年：研发投入资本化的金额（元）。,000997.SZ,18,报告页码,2、公司研发投入情况,表格行,000997.SZ_新大陆_2025_管理层讨论与分析.pdf
MDAF0000284,新大陆,研发投入,28,2025年：研发投入金额（元）。,000997.SZ,18,报告页码,2、公司研发投入情况,表格行,000997.SZ_新大陆_2025_管理层讨论与分析.pdf
MDAF0000285,新大陆,研发投入,28,2025年：硕士。,000997.SZ,18,报告页码,1、公司研发人员情况,表格行,000997.SZ_新大陆_2025_管理层讨论与分析.pdf
MDAF0000286,新大陆,研发投入,28,2025年：资本化研发投入占研发投入的比例。,000997.SZ,18,报告页码,2、公司研发投入情况,表格行,000997.SZ_新大陆_2025_管理层讨论与分析.pdf
MDAF0000287,新大陆,研发投入,28,主要研发项目名称：人工智能赋能的高端智能支付系统软件研发。,000997.SZ,18,报告页码,,表格行,000997.SZ_新大陆_2025_管理层讨论与分析.pdf
MDAF0000288,新大陆,研发投入,28,主要研发项目名称：商户AI 智能审核平台。,000997.SZ,18,报告页码,,表格行,000997.SZ_新大陆_2025_管理层讨论与分析.pdf
MDAF0000289,新大陆,研发投入,28,主要研发项目名称：基于银联一体化终端安全规范与开放生态的技术创新下的智能支付终端系统研发。,000997.SZ,18,报告页码,,表格行,000997.SZ_新大陆_2025_管理层讨论与分析.pdf
MDAF0000290,新大陆,研发投入,28,主要研发项目名称：掌静脉识别技术在金融安全领域的应用创新。,000997.SZ,18,报告页码,,表格行,000997.SZ_新大陆_2025_管理层讨论与分析.pdf
MDAF0000291,新大陆,研发投入,28,变动比例：-1.15%。,000997.SZ,18,报告页码,2、公司研发投入情况,表格行,000997.SZ_新大陆_2025_管理层讨论与分析.pdf
MDAF0000292,新大陆,研发投入,28,变动比例：-1.30%。,000997.SZ,18,报告页码,1、公司研发人员情况,表格行,000997.SZ_新大陆_2025_管理层讨论与分析.pdf
MDAF0000293,新大陆,研发投入,28,变动比例：-15.30%。,000997.SZ,18,报告页码,1、公司研发人员情况,表格行,000997.SZ_新大陆_2025_管理层讨论与分析.pdf
MDAF0000294,新大陆,研发投入,28,变动比例：-2.02%。,000997.SZ,18,报告页码,2、公司研发投入情况,表格行,000997.SZ_新大陆_2025_管理层讨论与分析.pdf
MDAF0000295,新大陆,研发投入,28,变动比例：-3.69%。,000997.SZ,18,报告页码,1、公司研发人员情况,表格行,000997.SZ_新大陆_2025_管理层讨论与分析.pdf
MDAF0000296,新大陆,研发投入,28,变动比例：-5.52%。,000997.SZ,18,报告页码,1、公司研发人员情况,表格行,000997.SZ_新大陆_2025_管理层讨论与分析.pdf
MDAF0000297,新大陆,研发投入,28,变动比例：-5.59%。,000997.SZ,18,报告页码,1、公司研发人员情况,表格行,000997.SZ_新大陆_2025_管理层讨论与分析.pdf
MDAF0000298,新大陆,研发投入,28,变动比例：0.00%。,000997.SZ,18,报告页码,2、公司研发投入情况,表格行,000997.SZ_新大陆_2025_管理层讨论与分析.pdf
MDAF0000299,新大陆,研发投入,28,变动比例：0.98%。,000997.SZ,18,报告页码,1、公司研发人员情况,表格行,000997.SZ_新大陆_2025_管理层讨论与分析.pdf
MDAF0000300,新大陆,研发投入,28,拟达到的目标：提升公司风控能力与市场拓展效率。,000997.SZ,18,报告页码,,表格行,000997.SZ_新大陆_2025_管理层讨论与分析.pdf
MDAF0000301,新大陆,研发投入,28,拟达到的目标：提升支付验证的安全性与便捷性。,000997.SZ,18,报告页码,,表格行,000997.SZ_新大陆_2025_管理层讨论与分析.pdf
MDAF0000302,新大陆,研发投入,28,拟达到的目标：构筑公司智能支付核心技术壁垒。,000997.SZ,18,报告页码,,表格行,000997.SZ_新大陆_2025_管理层讨论与分析.pdf
MDAF0000303,新大陆,研发投入,28,拟达到的目标：满足银联规范并适配开放生态。,000997.SZ,18,报告页码,,表格行,000997.SZ_新大陆_2025_管理层讨论与分析.pdf
MDAF0000304,新大陆,研发投入,28,项目目的：开发安全合规的智能支付终端。,000997.SZ,18,报告页码,,表格行,000997.SZ_新大陆_2025_管理层讨论与分析.pdf
MDAF0000305,新大陆,研发投入,28,项目目的：提升商户审核效率与风控水平。,000997.SZ,18,报告页码,,表格行,000997.SZ_新大陆_2025_管理层讨论与分析.pdf
MDAF0000306,新大陆,研发投入,28,项目目的：提升金融支付安全与便捷性。,000997.SZ,18,报告页码,,表格行,000997.SZ_新大陆_2025_管理层讨论与分析.pdf
MDAF0000307,新大陆,研发投入,28,项目目的：构建 AI 驱动的智能支付核心。,000997.SZ,18,报告页码,,表格行,000997.SZ_新大陆_2025_管理层讨论与分析.pdf
MDAF0000308,新大陆,研发投入,28,项目进展：中试阶段。,000997.SZ,18,报告页码,,表格行,000997.SZ_新大陆_2025_管理层讨论与分析.pdf
MDAF0000309,新大陆,研发投入,28,项目进展：小试阶段。,000997.SZ,18,报告页码,,表格行,000997.SZ_新大陆_2025_管理层讨论与分析.pdf
MDAF0000310,新大陆,研发投入,28,预计对公司未来发展的影响：巩固公司数字支付技术在行业上的领先地位。,000997.SZ,18,报告页码,,表格行,000997.SZ_新大陆_2025_管理层讨论与分析.pdf
MDAF0000311,新大陆,研发投入,28,预计对公司未来发展的影响：引领支付金融安全创新方向，提升产品在行业中的竞争力。,000997.SZ,18,报告页码,,表格行,000997.SZ_新大陆_2025_管理层讨论与分析.pdf
MDAF0000312,新大陆,研发投入,28,预计对公司未来发展的影响：提升公司智能终端在支付行业的技术优势。,000997.SZ,18,报告页码,,表格行,000997.SZ_新大陆_2025_管理层讨论与分析.pdf
MDAF0000313,新大陆,研发投入,28,预计对公司未来发展的影响：提升数字商业板块智能风控能力。,000997.SZ,18,报告页码,,表格行,000997.SZ_新大陆_2025_管理层讨论与分析.pdf
MDAF0000314,新大陆,研发投入,29,不适用。,000997.SZ,19,报告页码,3、公司研发人员构成发生重大变化的原因及影响,选项,000997.SZ_新大陆_2025_管理层讨论与分析.pdf
MDAF0000315,新大陆,研发投入,29,不适用。,000997.SZ,19,报告页码,4、研发投入总额占营业收入的比重较上年发生显著变化的原因,选项,000997.SZ_新大陆_2025_管理层讨论与分析.pdf
MDAF0000316,新大陆,研发投入,29,不适用。,000997.SZ,19,报告页码,5、研发投入资本化率大幅变动的原因及其合理性说明,选项,000997.SZ_新大陆_2025_管理层讨论与分析.pdf
MDAF0000317,弘业期货,业务概要,20,公司作为资产管理人发行资产管理计划，投资范围主要包括证券、期货及其他金融产品等。,001236.SZ,1,报告页码,2、资产管理业务：指公司接受单一客户或特定多个客户的书面或者电子委托，根据相关规定和合同约定，运用客户,正文,001236.SZ_弘业期货_2025_管理层讨论与分析.pdf
MDAF0000318,弘业期货,业务概要,20,公司全资子公司弘业资本主要从事风险管理业务，全资子公司弘业国际金融主要从事境外证券及期货交易服务。,001236.SZ,1,报告页码,,正文,001236.SZ_弘业期货_2025_管理层讨论与分析.pdf
MDAF0000319,弘业期货,业务概要,20,公司是上期所、大商所、郑商所、上海能源中心、广期所的全权会员，以及中金所的全面结算会员，可向客户提供国内6家期货交易所全部期货、期权交易品种的代理买卖。,001236.SZ,1,报告页码,1、期货经纪业务：公司期货经纪业务包括为期货交易所上市的商品期货以及金融期货提供经纪业务服务，并向客户,正文,001236.SZ_弘业期货_2025_管理层讨论与分析.pdf
MDAF0000320,弘业期货,业务概要,20,可从事业务范围包括：为客户提供指数或商品期货的买卖及经纪服务；为客户买入/卖出期货合约。,001236.SZ,1,报告页码,6、境外金融服务业务：公司通过弘业国际金融及其子公司开展境外业务。弘业国际金融于2012年6月29日获发香,正文,001236.SZ_弘业期货_2025_管理层讨论与分析.pdf
MDAF0000321,弘业期货,业务概要,20,可从事业务范围包括：为客户提供股票及股票期权的买卖及经纪服务；为客户买卖债券；为客户买入/卖出互惠基金及单位信托基金。,001236.SZ,1,报告页码,6、境外金融服务业务：公司通过弘业国际金融及其子公司开展境外业务。弘业国际金融于2012年6月29日获发香,正文,001236.SZ_弘业期货_2025_管理层讨论与分析.pdf
MDAF0000322,弘业期货,业务概要,20,同时，公司获得上海证券交易所和深圳证券交易所股票期权交易参与人资格，可向客户提供股票期权经纪服务。,001236.SZ,1,报告页码,1、期货经纪业务：公司期货经纪业务包括为期货交易所上市的商品期货以及金融期货提供经纪业务服务，并向客户,正文,001236.SZ_弘业期货_2025_管理层讨论与分析.pdf
MDAF0000323,弘业期货,业务概要,20,咨询服务，赚取咨询费及相关收入。,001236.SZ,1,报告页码,4、期货投资咨询业务：通过为客户提供风险管理顾问、专项培训、研究分析报告、设计投资方案、期货交易策略等,正文,001236.SZ_弘业期货_2025_管理层讨论与分析.pdf
MDAF0000324,弘业期货,业务概要,20,委托资产进行投资，并按照合同约定收取费用或者报酬的业务活动。,001236.SZ,1,报告页码,2、资产管理业务：指公司接受单一客户或特定多个客户的书面或者电子委托，根据相关规定和合同约定，运用客户,正文,001236.SZ_弘业期货_2025_管理层讨论与分析.pdf
MDAF0000325,弘业期货,业务概要,20,客户认购时只需在弘业期货开立一个统一的账户，即可购买所有弘业期货代销的基金产品。,001236.SZ,1,报告页码,3、基金销售业务：弘业期货与各大基金公司合作，签订代销协议成为基金公司的渠道方，依托弘业期货官网、APP,正文,001236.SZ_弘业期货_2025_管理层讨论与分析.pdf
MDAF0000326,弘业期货,业务概要,20,弘业国际金融于2017年1月10日获发香港证监会核批的第1 类牌照-证券交易。,001236.SZ,1,报告页码,6、境外金融服务业务：公司通过弘业国际金融及其子公司开展境外业务。弘业国际金融于2012年6月29日获发香,正文,001236.SZ_弘业期货_2025_管理层讨论与分析.pdf
MDAF0000327,弘业期货,业务概要,20,弘业国际金融子公司弘业国际资管于2018年8月28日获发香港证监会核批的第4 类牌照-就证券提供意见、第9 类牌照-提供资产管理。,001236.SZ,1,报告页码,6、境外金融服务业务：公司通过弘业国际金融及其子公司开展境外业务。弘业国际金融于2012年6月29日获发香,正文,001236.SZ_弘业期货_2025_管理层讨论与分析.pdf
MDAF0000328,弘业期货,业务概要,20,收取一定比例的手续费。,001236.SZ,1,报告页码,1、期货经纪业务：公司期货经纪业务包括为期货交易所上市的商品期货以及金融期货提供经纪业务服务，并向客户,正文,001236.SZ_弘业期货_2025_管理层讨论与分析.pdf
MDAF0000329,弘业期货,业务概要,20,此外，本公司还从事金融资产投资业务。,001236.SZ,1,报告页码,,正文,001236.SZ_弘业期货_2025_管理层讨论与分析.pdf
MDAF0000330,弘业期货,业务概要,20,港证监会核批的第2 类牌照-期货合约交易。,001236.SZ,1,报告页码,6、境外金融服务业务：公司通过弘业国际金融及其子公司开展境外业务。弘业国际金融于2012年6月29日获发香,正文,001236.SZ_弘业期货_2025_管理层讨论与分析.pdf
MDAF0000331,弘业期货,业务概要,20,等平台将基金销售给客户。,001236.SZ,1,报告页码,3、基金销售业务：弘业期货与各大基金公司合作，签订代销协议成为基金公司的渠道方，依托弘业期货官网、APP,正文,001236.SZ_弘业期货_2025_管理层讨论与分析.pdf
MDAF0000332,弘业期货,业务概要,20,管理子公司，业务范围主要包括基差贸易、做市业务、场外衍生品业务、合作套保及仓单服务等试点业务，以及大宗商品风险管理业务、其他与风险管理服务相关的业务。,001236.SZ,1,报告页码,5、风险管理业务：公司的风险管理业务主要由子公司弘业资本开展。弘业资本是经中国期货业协会备案设立的风险,正文,001236.SZ_弘业期货_2025_管理层讨论与分析.pdf
MDAF0000333,弘业期货,业务概要,20,经中国证监会及相关监管机构批准，公司从事的主要业务为：商品期货经纪、金融期货经纪、期货投资咨询、资产管理、基金销售。,001236.SZ,1,报告页码,,正文,001236.SZ_弘业期货_2025_管理层讨论与分析.pdf
MDAF0000334,弘业期货,业务概要,20,金从事金融投资，以寻求投资回报，投资标的包括股票、基金、债券、资管计划、信托计划等产品。,001236.SZ,1,报告页码,7、金融资产投资业务：金融资产投资业务为公司使用自有资金投资以获取收益的业务。报告期内，公司使用自有资,正文,001236.SZ_弘业期货_2025_管理层讨论与分析.pdf
MDAF0000335,弘业期货,核心竞争力,22,"2025年，江苏省GDP 达到142,351.5亿元，同比增长5.3%，增量保持全国第一；2025年江苏省居民人均可支配收入57,971元，同比增长4.6%。",001236.SZ,3,报告页码,（一）优越的地理区位,正文,001236.SZ_弘业期货_2025_管理层讨论与分析.pdf
MDAF0000336,弘业期货,核心竞争力,22,“十四五”时期，江苏正加快推进金融强省建设，推动金融业实现高质量发展。,001236.SZ,3,报告页码,（一）优越的地理区位,正文,001236.SZ_弘业期货_2025_管理层讨论与分析.pdf
MDAF0000337,弘业期货,核心竞争力,22,公司总部位于江苏省省会南京市，在江苏拥有稳固的市场地位。,001236.SZ,3,报告页码,（一）优越的地理区位,正文,001236.SZ_弘业期货_2025_管理层讨论与分析.pdf
MDAF0000338,弘业期货,核心竞争力,22,公司拥有分支机构共计34家（包括31家营业部和3家分公司），其中16家位于江苏省内，其余主要位于北京、广州、上海等经济发达、金融业繁荣地区，实现了对全国金融业发达地区和其他主要地区的覆盖。,001236.SZ,3,报告页码,（二）广泛分布的营业网络,正文,001236.SZ_弘业期货_2025_管理层讨论与分析.pdf
MDAF0000339,弘业期货,核心竞争力,22,公司期货分支机构分布较广，区位优势明显，使得公司能够获得发达地区的高端客户资源，并受惠于东部沿海地区和中西部地区的城市化进程及经济发展红利。,001236.SZ,3,报告页码,（二）广泛分布的营业网络,正文,001236.SZ_弘业期货_2025_管理层讨论与分析.pdf
MDAF0000340,弘业期货,核心竞争力,22,分支机构的合理分布和区位覆盖，能够为客户提供便捷高效的金融服务，进一步提升了公司的品牌知名度和客户忠诚度。,001236.SZ,3,报告页码,（二）广泛分布的营业网络,正文,001236.SZ_弘业期货_2025_管理层讨论与分析.pdf
MDAF0000341,弘业期货,核心竞争力,22,截至报告期末，公司34家分支机构（包括31家营业部和3家分公司）中，有16家位于江苏省。,001236.SZ,3,报告页码,（一）优越的地理区位,正文,001236.SZ_弘业期货_2025_管理层讨论与分析.pdf
MDAF0000342,弘业期货,核心竞争力,22,此外，公司子公司弘业国际金融可在香港联交所、香港期货交易所及全球其他主要期货交易所提供证券期货经纪服务。,001236.SZ,3,报告页码,（二）广泛分布的营业网络,正文,001236.SZ_弘业期货_2025_管理层讨论与分析.pdf
MDAF0000343,弘业期货,核心竞争力,22,江苏省位于我国东部沿海地区，经济发达。,001236.SZ,3,报告页码,（一）优越的地理区位,正文,001236.SZ_弘业期货_2025_管理层讨论与分析.pdf
MDAF0000344,弘业期货,核心竞争力,22,目前，江苏社会融资规模稳居全国第一方阵，截至2025年末已连续4年新增贷款全国第一，科创板和北交所上市公司数量、融资担保在保余额均位列全国第一。,001236.SZ,3,报告页码,（一）优越的地理区位,正文,001236.SZ_弘业期货_2025_管理层讨论与分析.pdf
MDAF0000345,弘业期货,核心竞争力,23,2020年1月1日起，期货公司外资持股比例限制正式取消，标志行业对外开放进入新阶段。,001236.SZ,4,报告页码,（三）强大的创新能力保障本公司把握中国期货行业改革带来的机遇,正文,001236.SZ_弘业期货_2025_管理层讨论与分析.pdf
MDAF0000346,弘业期货,核心竞争力,23,2022年8月《中华人民共和国期货和衍生品法》正式实施，进一步明确了期货市场的功能定位与监管框架，为公司创新提供了法治保障。,001236.SZ,4,报告页码,（三）强大的创新能力保障本公司把握中国期货行业改革带来的机遇,正文,001236.SZ_弘业期货_2025_管理层讨论与分析.pdf
MDAF0000347,弘业期货,核心竞争力,23,为确保客户的交易活动顺利进行，公司建立了3个独立的数据中心，其中1个位于南京，2个位于上海主备交易中心，整体运行高效平稳，并在上海、郑州成功上线了多个极速交易中心，套保管理交易系统稳定投产运行。,001236.SZ,4,报告页码,（四）高效、综合及稳定的网上交易平台,正文,001236.SZ_弘业期货_2025_管理层讨论与分析.pdf
MDAF0000348,弘业期货,核心竞争力,23,从公司网上交易平台运营以来，未发生严重影响客户活动的事件。,001236.SZ,4,报告页码,（四）高效、综合及稳定的网上交易平台,正文,001236.SZ_弘业期货_2025_管理层讨论与分析.pdf
MDAF0000349,弘业期货,核心竞争力,23,伴随《关于加强监管防范风险促进期货市场高质量发展的意见》等顶层设计落地，行业在扩大开放、强化监管的同时，不断激发竞争活力、构建核心竞争力，服务实体经济与提升国际定价影响力的能力持续增强。,001236.SZ,4,报告页码,（三）强大的创新能力保障本公司把握中国期货行业改革带来的机遇,正文,001236.SZ_弘业期货_2025_管理层讨论与分析.pdf
MDAF0000350,弘业期货,核心竞争力,23,作为网上期货交易服务供货商，公司为客户提供高效及稳定的交易平台以进行实时交易。,001236.SZ,4,报告页码,（四）高效、综合及稳定的网上交易平台,正文,001236.SZ_弘业期货_2025_管理层讨论与分析.pdf
MDAF0000351,弘业期货,核心竞争力,23,公司为客户提供使用网上交易平台的指导。,001236.SZ,4,报告页码,（五）强大的客户服务能力,正文,001236.SZ_弘业期货_2025_管理层讨论与分析.pdf
MDAF0000352,弘业期货,核心竞争力,23,公司为客户提供客户服务支持。,001236.SZ,4,报告页码,（五）强大的客户服务能力,正文,001236.SZ_弘业期货_2025_管理层讨论与分析.pdf
MDAF0000353,弘业期货,核心竞争力,23,公司拥有一支研究团队，并且在行业内率先建立了国家级博士后工作站，为客户提供增值信息，如宏观经济形势分析、产业品种研究分析。,001236.SZ,4,报告页码,（五）强大的客户服务能力,正文,001236.SZ_弘业期货_2025_管理层讨论与分析.pdf
MDAF0000354,弘业期货,核心竞争力,23,公司的销售团队稳定，公司客户经理与公司客户联系紧密，通过公司的客户服务支持，公司能够利用客户关系配合在国内的扩张和营运。,001236.SZ,4,报告页码,（五）强大的客户服务能力,正文,001236.SZ_弘业期货_2025_管理层讨论与分析.pdf
MDAF0000355,弘业期货,核心竞争力,23,公司紧抓政策红利，深化业务布局。,001236.SZ,4,报告页码,（三）强大的创新能力保障本公司把握中国期货行业改革带来的机遇,正文,001236.SZ_弘业期货_2025_管理层讨论与分析.pdf
MDAF0000356,弘业期货,核心竞争力,23,公司维持稳定交易平台的能力是建立及维持客户忠诚度和吸引新客户的关键因素。,001236.SZ,4,报告页码,（四）高效、综合及稳定的网上交易平台,正文,001236.SZ_弘业期货_2025_管理层讨论与分析.pdf
MDAF0000357,弘业期货,核心竞争力,23,公司还通过在线云服务平台，创新推出视频播报、视频直播等栏目，定期为投资者发送财经月历、时下热点等信息，形成较好的传播力和影响力。,001236.SZ,4,报告页码,（四）高效、综合及稳定的网上交易平台,正文,001236.SZ_弘业期货_2025_管理层讨论与分析.pdf
MDAF0000358,弘业期货,核心竞争力,23,公司进一步加大技术投入，着力提升服务质量及客户体验，公司的网上交易平台运行稳定且有备份系统支持。,001236.SZ,4,报告页码,（四）高效、综合及稳定的网上交易平台,正文,001236.SZ_弘业期货_2025_管理层讨论与分析.pdf
MDAF0000359,弘业期货,核心竞争力,23,在交易过程中，公司会就客户遇到的有关交易系统或客户的账户状况的技术问题或疑问提供相应服务。,001236.SZ,4,报告页码,（五）强大的客户服务能力,正文,001236.SZ_弘业期货_2025_管理层讨论与分析.pdf
MDAF0000360,弘业期货,核心竞争力,23,客户可通过免费个人计算机软件交易程序、智能手机应用程序，快速执行交易。,001236.SZ,4,报告页码,（四）高效、综合及稳定的网上交易平台,正文,001236.SZ_弘业期货_2025_管理层讨论与分析.pdf
MDAF0000361,弘业期货,核心竞争力,23,强大而经验丰富的高级管理团队是本公司能实现未来长期增长的关键因素。,001236.SZ,4,报告页码,（六）经验丰富而稳定的高级管理团队,正文,001236.SZ_弘业期货_2025_管理层讨论与分析.pdf
MDAF0000362,弘业期货,核心竞争力,23,未来，公司将持续探索期货与现货、场内与场外、境内与境外市场的联动创新，打造“全链条、国际化”服务体系，在服务实体经济与金融开放中实现高质量发展。,001236.SZ,4,报告页码,（三）强大的创新能力保障本公司把握中国期货行业改革带来的机遇,正文,001236.SZ_弘业期货_2025_管理层讨论与分析.pdf
MDAF0000363,弘业期货,核心竞争力,23,本公司及子公司在境内外拥有全面的业务资质，实现了从期货到现货、从场内到场外、从国内到国际、从线上到线下的全面业务覆盖。,001236.SZ,4,报告页码,（七）全面的业务资质,正文,001236.SZ_弘业期货_2025_管理层讨论与分析.pdf
MDAF0000364,弘业期货,核心竞争力,23,本公司子公司弘业国际金融在香港拥有证券及期货牌照，可交易或通过代理交易全球主流的境外期货产品，覆盖包括CME（芝加哥期货交易所集团）、LME（伦敦金属交易所）、HKEX（香港交易所）、Eurex（欧洲期货交易所）、SGX（新加坡期货交易所）、TOCOM（东京商品交易所）以及ICE（美国洲际交易所）等全球大型期货交易所，能有效对接深港通、沪港通，并代理香港联交所证券交易、为证券交易提供意见及提供资产管理。,001236.SZ,4,报告页码,（七）全面的业务资质,正文,001236.SZ_弘业期货_2025_管理层讨论与分析.pdf
MDAF0000365,弘业期货,核心竞争力,23,本公司拥有一支稳定而经验丰富的高级管理团队，在期货行业拥有多年的工作经验，并被授予江苏省国有企业创建“四好”领导班子先进集体称号，带领弘业期货获得“全国文明单位”称号。,001236.SZ,4,报告页码,（六）经验丰富而稳定的高级管理团队,正文,001236.SZ_弘业期货_2025_管理层讨论与分析.pdf
MDAF0000366,弘业期货,核心竞争力,23,本公司拥有包括：商品期货经纪、金融期货经纪、期货投资咨询、资产管理、基金销售、银行间债券交易以及股票期权交易参与人等中国证监会或行业监管机构颁发的业务资格。,001236.SZ,4,报告页码,（七）全面的业务资质,正文,001236.SZ_弘业期货_2025_管理层讨论与分析.pdf
MDAF0000367,弘业期货,核心竞争力,23,本公司通过400 热线电话、公司微信公众号、微博公众号以及弘业期货APP 为客户提供信息资讯、行情交易、在线开户等全方位的服务。,001236.SZ,4,报告页码,（五）强大的客户服务能力,正文,001236.SZ_弘业期货_2025_管理层讨论与分析.pdf
MDAF0000368,弘业期货,核心竞争力,23,近年开放持续深化，2025年以来，多家交易所扩大QFII/RQFII 可交易品种范围，2026年初进一步新增镍、碳酸锂、PTA、国际铜等一批期货与期权品种对外开放，境外参与主体更趋多元。,001236.SZ,4,报告页码,（三）强大的创新能力保障本公司把握中国期货行业改革带来的机遇,正文,001236.SZ_弘业期货_2025_管理层讨论与分析.pdf
MDAF0000369,弘业期货,核心竞争力,23,通过公司网上交易平台，客户可在市场开放时实时进行期货交易，并查阅其账户详细数据及记录、图表系统、新闻提要、过往市场数据，并可使用其他服务，如技术分析服务。,001236.SZ,4,报告页码,（四）高效、综合及稳定的网上交易平台,正文,001236.SZ_弘业期货_2025_管理层讨论与分析.pdf
MDAF0000370,弘业期货,核心竞争力,23,随着我国期货行业的竞争日益激烈，公司积极把握我国期货行业改革带来的新机会，拓宽公司的期货业务、收益渠道及客户基础。,001236.SZ,4,报告页码,（三）强大的创新能力保障本公司把握中国期货行业改革带来的机遇,正文,001236.SZ_弘业期货_2025_管理层讨论与分析.pdf
MDAF0000371,弘业期货,核心竞争力,24,公司凭借多年的业务发展和市场积累，在期货行业中树立了良好的市场形象，形成了稳定的客户群体，品牌价值不断提升。,001236.SZ,5,报告页码,（八）良好的市场声誉,正文,001236.SZ_弘业期货_2025_管理层讨论与分析.pdf
MDAF0000372,弘业期货,核心竞争力,24,本公司子公司弘业资本，主要从事风险管理业务，包括基差贸易、做市业务、场外衍生品业务、仓单服务及合作套保等试点业务以及大宗商品风险管理业务、其他与风险管理服务相关的业务，是郑州商品交易所和上海期货交易所4个期货品种做市商。,001236.SZ,5,报告页码,（七）全面的业务资质,正文,001236.SZ_弘业期货_2025_管理层讨论与分析.pdf
MDAF0000373,弘业期货,研发投入,29,主要研发项目名称：员工画像系统。,001236.SZ,10,报告页码,,表格行,001236.SZ_弘业期货_2025_管理层讨论与分析.pdf
MDAF0000374,弘业期货,研发投入,29,主要研发项目名称：运维管理平台。,001236.SZ,10,报告页码,,表格行,001236.SZ_弘业期货_2025_管理层讨论与分析.pdf
MDAF0000375,弘业期货,研发投入,29,主要研发项目名称：集中作业平台。,001236.SZ,10,报告页码,,表格行,001236.SZ_弘业期货_2025_管理层讨论与分析.pdf
MDAF0000376,弘业期货,研发投入,29,拟达到的目标：1、完成一期版本功能开发并投入实际使用中。,001236.SZ,10,报告页码,,表格行,001236.SZ_弘业期货_2025_管理层讨论与分析.pdf
MDAF0000377,弘业期货,研发投入,29,拟达到的目标：1、完成平台的搭建及预期内各功能模块的开发。,001236.SZ,10,报告页码,,表格行,001236.SZ_弘业期货_2025_管理层讨论与分析.pdf
MDAF0000378,弘业期货,研发投入,29,拟达到的目标：1、通过多个迭代完成预期内功能的开发。,001236.SZ,10,报告页码,,表格行,001236.SZ_弘业期货_2025_管理层讨论与分析.pdf
MDAF0000379,弘业期货,研发投入,29,拟达到的目标：2、积极响应优化需求并及时开发上线。,001236.SZ,10,报告页码,,表格行,001236.SZ_弘业期货_2025_管理层讨论与分析.pdf
MDAF0000380,弘业期货,研发投入,29,拟达到的目标：2、积极响应公司领导及各部门的需求，并及时开发上线。,001236.SZ,10,报告页码,,表格行,001236.SZ_弘业期货_2025_管理层讨论与分析.pdf
MDAF0000381,弘业期货,研发投入,29,拟达到的目标：3、研发过程中的各项文档及代码留存，便于进一步研发及维。,001236.SZ,10,报告页码,,表格行,001236.SZ_弘业期货_2025_管理层讨论与分析.pdf
MDAF0000382,弘业期货,研发投入,29,拟达到的目标：3、研发过程中的各项文档及代码留存，便于进一步研发及维护。,001236.SZ,10,报告页码,,表格行,001236.SZ_弘业期货_2025_管理层讨论与分析.pdf
MDAF0000383,弘业期货,研发投入,29,项目目的：主要功能包括移动端的每日系统运维操作、复核，异常情况上传图片备注。,001236.SZ,10,报告页码,,表格行,001236.SZ_弘业期货_2025_管理层讨论与分析.pdf
MDAF0000384,弘业期货,研发投入,29,项目目的：员工画像系统作为公司内部管理的一种重要手段，是人力资源管理的重要组成部分，通过科学的手段和方法，对员工进行全面、系统的评估，为人才管理提供科学依据，帮助企业更好地了解和管理员工，从而更全面地了解员工的能力、特点和潜力，发挥其特长，为公司创造更多的价值。,001236.SZ,10,报告页码,,表格行,001236.SZ_弘业期货_2025_管理层讨论与分析.pdf
MDAF0000385,弘业期货,研发投入,29,项目目的：有助于公司每日系统运维记录单的线上管理，可实时查看以及历史记录管理。,001236.SZ,10,报告页码,,表格行,001236.SZ_弘业期货_2025_管理层讨论与分析.pdf
MDAF0000386,弘业期货,研发投入,29,项目目的：管理后台实时运维情况查看、监控、审核； 运维流程版本管理、 运维人员登录日志、 操作日志等功能。,001236.SZ,10,报告页码,,表格行,001236.SZ_弘业期货_2025_管理层讨论与分析.pdf
MDAF0000387,弘业期货,研发投入,29,项目目的：该平台主要用于公司信息科技中心部门日常系统运维记录、机房巡检记录线上化管理。,001236.SZ,10,报告页码,,表格行,001236.SZ_弘业期货_2025_管理层讨论与分析.pdf
MDAF0000388,弘业期货,研发投入,29,项目目的：随着数字化进程的不断加快，企业越来越依赖于数据分析和挖掘工具来优化业务流程，提高效率。,001236.SZ,10,报告页码,,表格行,001236.SZ_弘业期货_2025_管理层讨论与分析.pdf
MDAF0000389,弘业期货,研发投入,29,项目目的：集中作业平台的建立主要是为了实现公司内部运营管理的一站式管理，支持公司后台部门完成各类业务服务，为自研的各业务系统提供技术及数据支持。,001236.SZ,10,报告页码,,表格行,001236.SZ_弘业期货_2025_管理层讨论与分析.pdf
MDAF0000390,弘业期货,研发投入,29,项目进展：2025年1月2日- 2025年12月31日： 已完成资讯内容中心、流量客户全渠道管理、业务运营中心、推送中心、基础系统支持的五大模块功能的开发，并完成。,001236.SZ,10,报告页码,,表格行,001236.SZ_弘业期货_2025_管理层讨论与分析.pdf
MDAF0000391,弘业期货,研发投入,29,项目进展：2025年2月10日- 2025年12月31日： 已完成一期版本的开发并上线。,001236.SZ,10,报告页码,,表格行,001236.SZ_弘业期货_2025_管理层讨论与分析.pdf
MDAF0000392,弘业期货,研发投入,29,项目进展：2025年7月25日- 2025年12月31日： 已完成一期版本的开发并投入使用，本项目主要包括移动端和管理后台两部分，移动端已完成功能包括登录、功能选择、运维系统选择、运维系统操作，管理后台已完成功能包括运维记录表、运维系统配置、用户管理、用户登录日志、后台操作日志、运维系统管理等。,001236.SZ,10,报告页码,,表格行,001236.SZ_弘业期货_2025_管理层讨论与分析.pdf
MDAF0000393,弘业期货,研发投入,29,预计对公司未来发展的影响：1、该平台的建立为各业务系统提供了有效的数据及技术支持， 可以有效提升后续公司项目开发的效率。,001236.SZ,10,报告页码,,表格行,001236.SZ_弘业期货_2025_管理层讨论与分析.pdf
MDAF0000394,弘业期货,研发投入,29,预计对公司未来发展的影响：1、该项目作为公司内部管理的一种重要手段，通过科学的手段和方法，对员工进行全面、系统的评估， 帮助企业更好地了解和管理员工。,001236.SZ,10,报告页码,,表格行,001236.SZ_弘业期货_2025_管理层讨论与分析.pdf
MDAF0000395,弘业期货,研发投入,29,预计对公司未来发展的影响：1、通过内部研发资源为公司运维工作提供方便，提升运维工作的效率，降低公司系统运维成本。,001236.SZ,10,报告页码,,表格行,001236.SZ_弘业期货_2025_管理层讨论与分析.pdf
MDAF0000396,弘业期货,研发投入,29,预计对公司未来发展的影响：2、为各业务部门提供业务支持，提升员工工作效率。,001236.SZ,10,报告页码,,表格行,001236.SZ_弘业期货_2025_管理层讨论与分析.pdf
MDAF0000397,弘业期货,研发投入,29,预计对公司未来发展的影响：2、进一步推动公司无纸化办公，规范运维工作，方便有效保留运维记录。,001236.SZ,10,报告页码,,表格行,001236.SZ_弘业期货_2025_管理层讨论与分析.pdf
MDAF0000398,弘业期货,研发投入,29,预计对公司未来发展的影响：2、通过对各部门及员工业务数据的分析， 可以更全面地了解员工的能力、特点和潜力，发挥其特长，为公司创造更多的价值。,001236.SZ,10,报告页码,,表格行,001236.SZ_弘业期货_2025_管理层讨论与分析.pdf
MDAF0000399,弘业期货,研发投入,29,适用。,001236.SZ,10,报告页码,,选项,001236.SZ_弘业期货_2025_管理层讨论与分析.pdf
MDAF0000400,海联金汇,业务概要,10,公司于2000年研发成功首款仪表板横梁，并于2023年成功研发钢塑仪表板横梁。,002537.SZ,1,报告页码,（1）仪表板横梁（CCB）,正文,002537.SZ_海联金汇_2025_管理层讨论与分析.pdf
MDAF0000401,海联金汇,业务概要,10,公司汽车零部件业务主要包括钢板采购及加工配送、模具设计生产、车身及内饰结构件总成等。,002537.SZ,1,报告页码,1、主要业务、产品及其用途,正文,002537.SZ_海联金汇_2025_管理层讨论与分析.pdf
MDAF0000402,海联金汇,业务概要,10,公司自主研发的仪表板横梁产品实现自主设计和国产替代，最高材料等级为Steel-1500MPa，拥有仪表板横梁机器人焊接工作站300 余个，年产能约800万台/套，在乘用汽车领域市场占有率约25%，处于行业领先地位。,002537.SZ,1,报告页码,（1）仪表板横梁（CCB）,正文,002537.SZ_海联金汇_2025_管理层讨论与分析.pdf
MDAF0000403,海联金汇,业务概要,10,图：公司汽车零部件产业链服务示意图图：公司主要汽车零部件产品概览部分代表性产品如下：,002537.SZ,1,报告页码,1、主要业务、产品及其用途,正文,002537.SZ_海联金汇_2025_管理层讨论与分析.pdf
MDAF0000404,海联金汇,业务概要,10,报告期内，公司仪表板横梁总成产品获评入选《2024年上海市制造业单项冠军企业名单》及《第九批山东省制造业单项冠军企业名单》。,002537.SZ,1,报告页码,（1）仪表板横梁（CCB）,正文,002537.SZ_海联金汇_2025_管理层讨论与分析.pdf
MDAF0000405,海联金汇,业务概要,10,模具设计生产业务的具体产品为各类车身及内饰结构件的生产用模具，包括铸造模、铸造级进模、钢板级进模、传递模、热成型模具等，主要用于汽车零部件厂商的冷冲压、热冲压环节。,002537.SZ,1,报告页码,1、主要业务、产品及其用途,正文,002537.SZ_海联金汇_2025_管理层讨论与分析.pdf
MDAF0000406,海联金汇,业务概要,10,车身及内饰结构件业务的具体产品包括车身件（如侧围内板总成、前围上部总成、前围下主板总成、后轮罩总成、A/B 柱等）、地板件（如纵梁总成、地板总成、门槛内板总成等）、其他结构件（如仪表板横梁、前后防撞梁、门槛梁、车门防撞杆、新能源电池壳体等），主要用于整车制造。,002537.SZ,1,报告页码,1、主要业务、产品及其用途,正文,002537.SZ_海联金汇_2025_管理层讨论与分析.pdf
MDAF0000407,海联金汇,业务概要,10,钢板采购及加工配送业务的具体产品为各型号钢卷及板材，主要用作汽车零部件厂商的生产原材料。,002537.SZ,1,报告页码,1、主要业务、产品及其用途,正文,002537.SZ_海联金汇_2025_管理层讨论与分析.pdf
MDAF0000408,海联金汇,业务概要,11,公司为国内多家知名汽车企业提供防撞梁产品，年产能约200万套。,002537.SZ,2,报告页码,（2）防撞梁,正文,002537.SZ_海联金汇_2025_管理层讨论与分析.pdf
MDAF0000409,海联金汇,业务概要,11,公司于2011年成功开发首款铝合金防撞梁，于2018年自主研发的“1500MPa 超高强钢辊压辊弯前防撞梁”成功打破了国外品牌垄断局面，填补了国内空白。,002537.SZ,2,报告页码,（2）防撞梁,正文,002537.SZ_海联金汇_2025_管理层讨论与分析.pdf
MDAF0000410,海联金汇,业务概要,11,公司在全国范围内布局近40家工厂，主要作为汽车零部件一级供应商，利用自有厂房、设备、技术、人员进行生产，部分采用租赁和外协方式进行生产。,002537.SZ,2,报告页码,2、经营模式,正文,002537.SZ_海联金汇_2025_管理层讨论与分析.pdf
MDAF0000411,海联金汇,业务概要,11,公司的热成型双门环产品将后门环与前门环相融合，对整个乘员舱侧围结构件进行一体式热冲压成型，从而打造出一体式双环的全新结构，强度可达1500MPa，获得国内知名汽车厂商认可。,002537.SZ,2,报告页码,（3）热成型门环产品及模具,正文,002537.SZ_海联金汇_2025_管理层讨论与分析.pdf
MDAF0000412,海联金汇,业务概要,11,在生产方面，公司采取“按单生产”的生产模式。,002537.SZ,2,报告页码,2、经营模式,正文,002537.SZ_海联金汇_2025_管理层讨论与分析.pdf
MDAF0000413,海联金汇,业务概要,11,在采购方面，公司采取“以产定采”并叠加适当安全库存的采购模式，通过与宝武、鞍钢、河钢、首钢等知名钢铁集团建立长期稳定的合作关系，结合钢材价格走势动态调整原材料的采购量。,002537.SZ,2,报告页码,2、经营模式,正文,002537.SZ_海联金汇_2025_管理层讨论与分析.pdf
MDAF0000414,海联金汇,业务概要,11,在钢板采购及加工配送业务中，公司依据客户对各类型钢材的订单，进行采购及加工配送，客户包括各类汽车零部件生产企业及其他钢材需求企业；在模具的设计生产业务中，公司依据客户的订单需要，为客户进行模具的设计及生产制造，主要客户为汽车零部件生产企业；在车身及内饰结构件业务中，公司作为主机厂一级供应商，通常在通过客户项目定点评审及各类招标环节后，向国内知名自主汽车品牌、合资汽车品牌等主机厂进行长期批量供货。,002537.SZ,2,报告页码,2、经营模式,正文,002537.SZ_海联金汇_2025_管理层讨论与分析.pdf
MDAF0000415,海联金汇,业务概要,11,在销售方面，公司以直销模式为主。,002537.SZ,2,报告页码,2、经营模式,正文,002537.SZ_海联金汇_2025_管理层讨论与分析.pdf
MDAF0000416,海联金汇,业务概要,11,此外，公司亦具有热成型门环模具的研发及量产制造能力，报告期内模具工厂完成全新厂区搬迁，在满足公司自身热成型产品生产需求的同时，也可助力其他汽车零部件厂商的生产制造。,002537.SZ,2,报告页码,（3）热成型门环产品及模具,正文,002537.SZ_海联金汇_2025_管理层讨论与分析.pdf
MDAF0000417,海联金汇,业务概要,11,该产品生产设备及工艺在国内拉弯行业处于领先水平，摆锤实验符合国标GB17354-1998，实验室能力得到上汽、比亚迪、吉利等客户的认可。,002537.SZ,2,报告页码,（2）防撞梁,正文,002537.SZ_海联金汇_2025_管理层讨论与分析.pdf
MDAF0000418,海联金汇,业务概要,11,门环作为汽车发生碰撞时承载冲击的关键零部件，其强度、刚度、吸能等性能对保障驾乘人员的安全至关重要。,002537.SZ,2,报告页码,（3）热成型门环产品及模具,正文,002537.SZ_海联金汇_2025_管理层讨论与分析.pdf
MDAF0000419,海联金汇,业务概要,12,公司于2024年4月签署了《股权转让协议》，拟将联动支付100%股权转让给交易对方，本次股权转让尚需通过中国人民银行核准，该协议处于履行进程中。,002537.SZ,3,报告页码,（三）第三方支付服务业务,正文,002537.SZ_海联金汇_2025_管理层讨论与分析.pdf
MDAF0000420,海联金汇,业务概要,12,公司子公司联动支付是公司开展第三方支付业务的法人主体，持有中国人民银行颁发的《支付业务许可证》，获准在全国范围内开展储值账户运营I 类（原互联网支付、移动电话支付）、支付交易处理I 类（原银行卡收单）业务，同时通过基金销售支付机构备案、跨境人民币支付业务备案，在全国范围内为企业和个人用户提供基于支付的综合服务。,002537.SZ,3,报告页码,（三）第三方支付服务业务,正文,002537.SZ_海联金汇_2025_管理层讨论与分析.pdf
MDAF0000421,海联金汇,业务概要,12,公司是国内领先的融合消息服务商，主要面向金融、政企、互联网等集团客户，提供高效易触达的融合消息解决方案及信息服务；主要产品包括联信通、银信通、云MAS 以及5G 融合消息服务等，为行业大客户、中小客户提供内容生成、内容分发、内容营销、客户运营、营销分析等全生命周期消息服务。,002537.SZ,3,报告页码,（二）移动信息服务业务,正文,002537.SZ_海联金汇_2025_管理层讨论与分析.pdf
MDAF0000422,海联金汇,业务概要,12,在客户端，公司基于不同客户群体的具体需求，向其提供各类综合移动信息服务，为客户提供价值，从而实现盈利。,002537.SZ,3,报告页码,2、经营模式,正文,002537.SZ_海联金汇_2025_管理层讨论与分析.pdf
MDAF0000423,海联金汇,业务概要,12,在采购端，公司与国内三大基础电信运营商集团建立长期稳定的业务合作关系，向其支付基础通信费用，并基于具体产品/服务类型，承担人员开支、技术开发、软硬件及其他第三方合作平台的成本费用。,002537.SZ,3,报告页码,2、经营模式,正文,002537.SZ_海联金汇_2025_管理层讨论与分析.pdf
MDAF0000424,海联金汇,业务概要,12,不适用。,002537.SZ,3,报告页码,（三）第三方支付服务业务,选项,002537.SZ_海联金汇_2025_管理层讨论与分析.pdf
MDAF0000425,海联金汇,业务概要,12,适用。,002537.SZ,3,报告页码,（三）第三方支付服务业务,选项,002537.SZ_海联金汇_2025_管理层讨论与分析.pdf
MDAF0000426,海联金汇,业务概要,13,1、报告期内公司主动控制部分低毛利业务的交易规模，钢板加工配送产品产量、销售量下降；2、受客户海外市场订单增长影响，车架产品产量、销售量同比变动较大。,002537.SZ,4,报告页码,0.16万台,正文,002537.SZ_海联金汇_2025_管理层讨论与分析.pdf
MDAF0000427,海联金汇,业务概要,13,零部件销售模式公司采取直销模式。,002537.SZ,4,报告页码,0.16万台,正文,002537.SZ_海联金汇_2025_管理层讨论与分析.pdf
MDAF0000428,海联金汇,业务概要,13,不适用。,002537.SZ,4,报告页码,0.16万台,选项,002537.SZ_海联金汇_2025_管理层讨论与分析.pdf
MDAF0000429,海联金汇,业务概要,13,适用。,002537.SZ,4,报告页码,0.16万台,选项,002537.SZ_海联金汇_2025_管理层讨论与分析.pdf
MDAF0000430,海联金汇,核心竞争力,15,公司围绕各大汽车主机厂在全国布局近40家制造基地，与客户的距离最近可在同一园区内，从而保障对客户需求的及时响应以及供货的稳定性、连续性。,002537.SZ,6,报告页码,（二）牢牢把握核心优质客户，贴近服务、共谋发展,正文,002537.SZ_海联金汇_2025_管理层讨论与分析.pdf
MDAF0000431,海联金汇,核心竞争力,15,公司基于在仪表板横梁（CCB）产品的优势，持续进行钢塑CCB 的正向设计开发能力搭建；公司与海外某战略供应商签署战略合作协议孵化海外业务，力争实现技术授权及KD 零件出海，拓展海外市场；与某头部新能源车企成立联合创新开发团队，对TRB 辊压技术相关产品进行联合研发，为客户在产品研发层面深度服务；热成型产品实现全工艺链打通及专业人才培训到位，多维度开发相关客户，类型从防撞梁、B 柱等中小件产品，到门环、天窗、中通道等大件产品均有覆盖。,002537.SZ,6,报告页码,（一）持续进行技术研发升级，勇于创新、追求卓越,正文,002537.SZ_海联金汇_2025_管理层讨论与分析.pdf
MDAF0000432,海联金汇,核心竞争力,15,公司打造的5G 智能融合消息营销平台是在数字化转型背景下，为行业客户打造的金融安全级智能融合消息平台，提供大数据应用、消息融合、智能运营与智能分发服务。,002537.SZ,6,报告页码,（一）持续进行技术研发升级，勇于创新、追求卓越,正文,002537.SZ_海联金汇_2025_管理层讨论与分析.pdf
MDAF0000433,海联金汇,核心竞争力,15,公司持续推动产品技术研发升级，增强与客户的联合设计及工艺优化能力，深耕车身及内饰结构件领域，为驾乘人员的生命安全保驾护航，主要产品研发历程如下图所示：报告期内，公司紧跟汽车行业“新能源化、智能化、轻量化”的发展趋势，在车身件领域不断追求技术与产品的突破和提升。,002537.SZ,6,报告页码,（一）持续进行技术研发升级，勇于创新、追求卓越,正文,002537.SZ_海联金汇_2025_管理层讨论与分析.pdf
MDAF0000434,海联金汇,核心竞争力,15,公司汽车零部件业务板块拥有1个院士（专家）工作站、3个省级企业技术中心和6个市级研发平台，1项产品获上海市制造业单项冠军和山东省制造业单项冠军。,002537.SZ,6,报告页码,（一）持续进行技术研发升级，勇于创新、追求卓越,正文,002537.SZ_海联金汇_2025_管理层讨论与分析.pdf
MDAF0000435,海联金汇,核心竞争力,15,同时，伴随着我国自主汽车品牌的崛起，公司亦积极跟进工艺研发升级，主动与客户进行联合设计及优化，与客户携手共进。,002537.SZ,6,报告页码,（二）牢牢把握核心优质客户，贴近服务、共谋发展,正文,002537.SZ_海联金汇_2025_管理层讨论与分析.pdf
MDAF0000436,海联金汇,核心竞争力,15,在兼容客户既有短信、微信、APP、小程序、网站等消息服务的基础上，充分运用5G 高带宽、低延时的技术优势，依托手机原生消息入口，助力行业客户实现消息服务的多媒体化、客户端轻量化与服务一体化。,002537.SZ,6,报告页码,（一）持续进行技术研发升级，勇于创新、追求卓越,正文,002537.SZ_海联金汇_2025_管理层讨论与分析.pdf
MDAF0000437,海联金汇,核心竞争力,15,在汽车零部件领域，公司长期服务国内知名自主品牌及合资品牌厂商，坚持贴近配套服务的理念。,002537.SZ,6,报告页码,（二）牢牢把握核心优质客户，贴近服务、共谋发展,正文,002537.SZ_海联金汇_2025_管理层讨论与分析.pdf
MDAF0000438,海联金汇,核心竞争力,15,在移动信息服务领域，公司于报告期内荣获“2025年中国金融科技竞争力TOP100 企业”、“2025 北京软件和信息技术服务综合实力百家企业”、“2025年度中国软件高质量发展前百家企业”，通过中关村高新技术企业认定，入选“北京市第二批商业秘密保护示范基地”，展现了公司在技术研发方面的持续创新升级能力。,002537.SZ,6,报告页码,（一）持续进行技术研发升级，勇于创新、追求卓越,正文,002537.SZ_海联金汇_2025_管理层讨论与分析.pdf
MDAF0000439,海联金汇,核心竞争力,15,平台践行“消息即服务”理念，推动行业客户实现消息场景升级与大数据行业应用，其适用范围广泛，涵盖金融、电商、消费、民生服务等众多行业领域，亦契合移动信息服务业务的未来发展方向。,002537.SZ,6,报告页码,（一）持续进行技术研发升级，勇于创新、追求卓越,正文,002537.SZ_海联金汇_2025_管理层讨论与分析.pdf
MDAF0000440,海联金汇,核心竞争力,15,该平台整合运营商、OTT、互联网等渠道，连接行业客户与底层消息中心。,002537.SZ,6,报告页码,（一）持续进行技术研发升级，勇于创新、追求卓越,正文,002537.SZ_海联金汇_2025_管理层讨论与分析.pdf
MDAF0000441,海联金汇,核心竞争力,16,公司于2025年5月向5名高管及96名核心骨干人员授予限制性股票共计481.7万股，将于未来三年在持续满足授予条件及达成业绩考核要求后予以分批次解除限售，从而实现公司价值与员工回报的长期共赢。,002537.SZ,7,报告页码,（五）培育企业文化价值体系，珍视人才、共享成果,正文,002537.SZ_海联金汇_2025_管理层讨论与分析.pdf
MDAF0000442,海联金汇,核心竞争力,16,公司于2025年上半年成功为非洲南部某国家国有电信运营商打造了一套全面的数字支付解决方案（移动支付系统MFS），不仅解决了客户所需的支付系统问题，同时为客户搭建了包含面向个人用户的数字钱包应用、面向商户的收款应用以及面向代理商展业的应用在内的数字生态共建系统。,002537.SZ,7,报告页码,（三）产业链延伸协同发展，相互促进、积极赋能,正文,002537.SZ_海联金汇_2025_管理层讨论与分析.pdf
MDAF0000443,海联金汇,核心竞争力,16,公司以“协作、诚信、尊重、创新、共享”为理念，定位智能制造和信息科技服务，追求协同聚力、合作共赢，倡导诚实守信、相互尊重，推动商业和技术创新，谋求公司与员工、合作伙伴、股东和社会的共赢，逐步形成了自身的文化价值体系。,002537.SZ,7,报告页码,（五）培育企业文化价值体系，珍视人才、共享成果,正文,002537.SZ_海联金汇_2025_管理层讨论与分析.pdf
MDAF0000444,海联金汇,核心竞争力,16,公司依托对市场的深刻洞察，搭建了常态化的乘用车市场动态与趋势分析框架，先后完成百余个新项目的市场量纲预估，精准把握细分市场需求及产品迭代创新等行业前沿动向，为主机厂客户提供从技术方案到量产落地的全周期服务。,002537.SZ,7,报告页码,（二）牢牢把握核心优质客户，贴近服务、共谋发展,正文,002537.SZ_海联金汇_2025_管理层讨论与分析.pdf
MDAF0000445,海联金汇,核心竞争力,16,公司的优质服务获得了客户的认可，报告期内，公司荣获多项来自汽车主机厂客户的荣誉奖项，包括奇瑞汽车优秀供应商奖、广汽丰田品质协力奖、极氪汽车卓越保障奖、上汽通用五菱奋斗进取奖等，多家核心客户质量绩效保持100%评优记录。,002537.SZ,7,报告页码,（二）牢牢把握核心优质客户，贴近服务、共谋发展,正文,002537.SZ_海联金汇_2025_管理层讨论与分析.pdf
MDAF0000446,海联金汇,核心竞争力,16,同时，模具的设计及制造与车身及内饰结构件的生产相互促进，提高产品开发效率和客户响应速度，加深了公司对汽车零部件的行业认知和技术水平。,002537.SZ,7,报告页码,（三）产业链延伸协同发展，相互促进、积极赋能,正文,002537.SZ_海联金汇_2025_管理层讨论与分析.pdf
MDAF0000447,海联金汇,核心竞争力,16,在为核心客户的长期服务中，公司得以实现技术积累和经验沉淀，并能在深刻了解客户需求的基础上，为客户量身打造综合服务解决方案，从而持续为客户创造价值、共谋发展。,002537.SZ,7,报告页码,（二）牢牢把握核心优质客户，贴近服务、共谋发展,正文,002537.SZ_海联金汇_2025_管理层讨论与分析.pdf
MDAF0000448,海联金汇,核心竞争力,16,在企业文化价值体系的引导下，公司珍视人才，希望与创造价值的人才共享发展成果。,002537.SZ,7,报告页码,（五）培育企业文化价值体系，珍视人才、共享成果,正文,002537.SZ_海联金汇_2025_管理层讨论与分析.pdf
MDAF0000449,海联金汇,核心竞争力,16,在合同评审环节，通过AI 辅助信息提取、智能比对及自动处理，相关业务流程效率提升近40%；在办公协同环节，依托AI 办公模块实现智能文档、会议纪要自动生成等，大幅减少员工重复性、机械性的文案工作，提升办公效率；在数据分析环节，通过落实智能报表建设，覆盖采购、生产、销售等关键节点，数据处理与经营分析能力得以提升，“数智化”水平不断提高。,002537.SZ,7,报告页码,（四）深化AI 技术应用赋能，智能驱动、管理提效,正文,002537.SZ_海联金汇_2025_管理层讨论与分析.pdf
MDAF0000450,海联金汇,核心竞争力,16,在数字化转型升级过程中，公司积极推动AI 技术与业务场景深度融合，围绕合同评审、办公协同、数据分析等环节全面落地智能应用，助力管理提效。,002537.SZ,7,报告页码,（四）深化AI 技术应用赋能，智能驱动、管理提效,正文,002537.SZ_海联金汇_2025_管理层讨论与分析.pdf
MDAF0000451,海联金汇,核心竞争力,16,在整体验收过程中，公司产品与服务受到了客户的高度认可和肯定。,002537.SZ,7,报告页码,（三）产业链延伸协同发展，相互促进、积极赋能,正文,002537.SZ_海联金汇_2025_管理层讨论与分析.pdf
MDAF0000452,海联金汇,核心竞争力,16,在汽车零部件板块，公司具有从钢板采购及加工配送，到模具的设计及制造，再到车身及内饰结构件生产的长链条业务板块。,002537.SZ,7,报告页码,（三）产业链延伸协同发展，相互促进、积极赋能,正文,002537.SZ_海联金汇_2025_管理层讨论与分析.pdf
MDAF0000453,海联金汇,核心竞争力,16,在移动信息服务业务中，公司在金融科技板块的投入和积淀，使得公司能够与金融类客户形成良性互动，有意愿和认知为金融企业的数字化转型赋能，从而实现自身的差异化发展路径和独特的竞争优势。,002537.SZ,7,报告页码,（三）产业链延伸协同发展，相互促进、积极赋能,正文,002537.SZ_海联金汇_2025_管理层讨论与分析.pdf
MDAF0000454,海联金汇,核心竞争力,16,在移动信息服务领域，公司与国内三大运营商及大型银行保持了长期稳定的合作关系，深耕银行业金融信息服务近20年，年发送量超千亿条。,002537.SZ,7,报告页码,（二）牢牢把握核心优质客户，贴近服务、共谋发展,正文,002537.SZ_海联金汇_2025_管理层讨论与分析.pdf
MDAF0000455,海联金汇,核心竞争力,16,报告期内，公司位于山东省枣庄市的模具子公司（枣庄海联金汇汽车装备有限公司）顺利实现新工厂的搬迁，具备从拉延模、冲孔模、整形模等单工程模具，到铸造级进模、钢板级进模、连续模（TRF）、热成型模等全工序模具的设计与制造能力。,002537.SZ,7,报告页码,（三）产业链延伸协同发展，相互促进、积极赋能,正文,002537.SZ_海联金汇_2025_管理层讨论与分析.pdf
MDAF0000456,海联金汇,核心竞争力,16,报告期内，公司管理层展开多场员工培训及交流活动，培养员工技能改善提升，听取来自一线员工的合理化改进建议，努力提高员工能力和工作满意度。,002537.SZ,7,报告页码,（五）培育企业文化价值体系，珍视人才、共享成果,正文,002537.SZ_海联金汇_2025_管理层讨论与分析.pdf
MDAF0000457,海联金汇,核心竞争力,16,该项目的顺利实施，是移动信息服务业务与第三方支付服务业务相互赋能的有力印证。,002537.SZ,7,报告页码,（三）产业链延伸协同发展，相互促进、积极赋能,正文,002537.SZ_海联金汇_2025_管理层讨论与分析.pdf
MDAF0000458,海联金汇,核心竞争力,16,通过自主的钢材供应链服务，一方面使得公司能够从源头钢厂进行原材料采购，形成价格优势；另一方面能够动态把握市场行情，对原材料的涨跌幅度能够形成前瞻性判断。,002537.SZ,7,报告页码,（三）产业链延伸协同发展，相互促进、积极赋能,正文,002537.SZ_海联金汇_2025_管理层讨论与分析.pdf
MDAF0000459,海联金汇,研发投入,21,主要研发项目：仪表板横梁轻量化集成化制造技术研发。,002537.SZ,12,报告页码,,表格行,002537.SZ_海联金汇_2025_管理层讨论与分析.pdf
MDAF0000460,海联金汇,研发投入,21,主要研发项目：名称。,002537.SZ,12,报告页码,,表格行,002537.SZ_海联金汇_2025_管理层讨论与分析.pdf
MDAF0000461,海联金汇,研发投入,21,主要研发项目：已完成。,002537.SZ,12,报告页码,,表格行,002537.SZ_海联金汇_2025_管理层讨论与分析.pdf
MDAF0000462,海联金汇,研发投入,21,主要研发项目：拉伸翻边线长动态补偿技术开发与内应力消除研究。,002537.SZ,12,报告页码,,表格行,002537.SZ_海联金汇_2025_管理层讨论与分析.pdf
MDAF0000463,海联金汇,研发投入,21,主要研发项目：热成型模具多段协同冷却与流速均匀性调控技术研发。,002537.SZ,12,报告页码,,表格行,002537.SZ_海联金汇_2025_管理层讨论与分析.pdf
MDAF0000464,海联金汇,研发投入,21,主要研发项目：研发进行中。,002537.SZ,12,报告页码,,表格行,002537.SZ_海联金汇_2025_管理层讨论与分析.pdf
MDAF0000465,海联金汇,研发投入,21,主要研发项目：轻量化技术越来越多地被应用于乘用车仪表板横梁，其目的在于使整车的整体重量尽量减小，同时又能保持车身的强度和安全性。,002537.SZ,12,报告页码,,表格行,002537.SZ_海联金汇_2025_管理层讨论与分析.pdf
MDAF0000466,海联金汇,研发投入,21,主要研发项目：针对汽车热成型零部件生产过程中存在的冷却不均匀、组织性能波动大、变形稳定性差等行业共性技术难题，开展热成型模具多段协同冷却与流速均匀性调控技术研究。,002537.SZ,12,报告页码,,表格行,002537.SZ_海联金汇_2025_管理层讨论与分析.pdf
MDAF0000467,海联金汇,研发投入,21,主要研发项目：针对汽车车身覆盖件在拉伸翻边成形过程中，因材料流动不均匀、线长变化不可控导致的回弹、起皱、开裂等缺陷问题，开展拉伸翻边线长动态补偿技术与内应力消除的集成研究。,002537.SZ,12,报告页码,,表格行,002537.SZ_海联金汇_2025_管理层讨论与分析.pdf
MDAF0000468,海联金汇,研发投入,21,主要研发项目：项目基于热成型材料相变动力学。,002537.SZ,12,报告页码,,表格行,002537.SZ_海联金汇_2025_管理层讨论与分析.pdf
MDAF0000469,海联金汇,研发投入,21,主要研发项目：项目目的。,002537.SZ,12,报告页码,,表格行,002537.SZ_海联金汇_2025_管理层讨论与分析.pdf
MDAF0000470,海联金汇,研发投入,21,主要研发项目：项目进展。,002537.SZ,12,报告页码,,表格行,002537.SZ_海联金汇_2025_管理层讨论与分析.pdf
MDAF0000471,海联金汇,研发投入,21,预计对公司未来发展：可以提高公司的生产效率和生产质量。,002537.SZ,12,报告页码,,表格行,002537.SZ_海联金汇_2025_管理层讨论与分析.pdf
MDAF0000472,海联金汇,研发投入,21,预计对公司未来发展：拟达到的目标。,002537.SZ,12,报告页码,,表格行,002537.SZ_海联金汇_2025_管理层讨论与分析.pdf
MDAF0000473,海联金汇,研发投入,21,预计对公司未来发展：有利于降低整车重量、提升能效与续航，增强产品市场竞争力；助力客户满足低碳与安全法规，扩大公司配套供应空间；推动材料与工艺升级，形成技术壁垒，提升盈利与长期发展潜力。,002537.SZ,12,报告页码,,表格行,002537.SZ_海联金汇_2025_管理层讨论与分析.pdf
MDAF0000474,海联金汇,研发投入,21,预计对公司未来发展：核心是通过材料创新、结构拓扑优化与一体化工艺，实现减重 30%-50%、集成度提升 40%-60%，同时满足强度升 40%- 60%。,002537.SZ,12,报告页码,,表格行,002537.SZ_海联金汇_2025_管理层讨论与分析.pdf
MDAF0000475,海联金汇,研发投入,21,预计对公司未来发展：的影响。,002537.SZ,12,报告页码,,表格行,002537.SZ_海联金汇_2025_管理层讨论与分析.pdf
MDAF0000476,海联金汇,研发投入,21,预计对公司未来发展：该技术突破了传统依赖经验试错的工艺局限，大幅提升了复杂曲面零件成形精度与一致性，为高强钢、铝合金等轻量化材料的可靠应用提供了工艺保障。,002537.SZ,12,报告页码,,表格行,002537.SZ_海联金汇_2025_管理层讨论与分析.pdf
MDAF0000477,海联金汇,研发投入,21,预计对公司未来发展：通过开发基于实时力-位移耦合反馈的智能补偿算法，结合多场耦合仿真与工艺参数优化，实现对翻边线长的精准动态调节与残余应力的主动消减。,002537.SZ,12,报告页码,,表格行,002537.SZ_海联金汇_2025_管理层讨论与分析.pdf
MDAF0000478,海联金汇,研发投入,21,预计对公司未来发展：通过构建冷却通道智能设计方法与流量主动分配系统，有效解决了深腔、筋板等特殊结构区域的冷却滞后问题，显著提升了热成型零件的力学性能一致性、 尺寸精度和生产效率，为轻量化高强度零部件的规模化稳定生产提供了核心技术支撑。,002537.SZ,12,报告页码,,表格行,002537.SZ_海联金汇_2025_管理层讨论与分析.pdf
MDAF0000479,海联金汇,研发投入,21,适用。,002537.SZ,12,报告页码,,选项,002537.SZ_海联金汇_2025_管理层讨论与分析.pdf
MDAF0000480,海联金汇,研发投入,22,与模具传热学原理，开发分区精准控温与流量动态平衡技术，实现对复杂形状模具冷却速率的精确控制：1.个性化上行路由技术：通过创建智能路由表，实现上行短信的精准分发，显著提升处理效率； 2.共享黑名单智能管理：构建支持亿级数据量的黑名单库，实现短信内容的实时智能过滤； 3.多维度短信内容审核：结合白模板、黑模板与人工审核流程，确保短信内容的。,002537.SZ,13,报告页码,,表格行,002537.SZ_海联金汇_2025_管理层讨论与分析.pdf
MDAF0000481,海联金汇,研发投入,22,与模具传热学原理，开发分区精准控温与流量动态平衡技术，实现对复杂形状模具冷却速率的精确控制：①实现 3 秒内快速开合；②内置电磁离合器，确保断电或故障时可手动轻松开启；③橡胶减震设计有效降低运行噪音；④集成光栅感应与微动开关，实现防夹手与到位检测。,002537.SZ,13,报告页码,,表格行,002537.SZ_海联金汇_2025_管理层讨论与分析.pdf
MDAF0000482,海联金汇,研发投入,22,与模具传热学原理，开发分区精准控温与流量动态平衡技术，实现对复杂形状模具冷却速率的精确控制：关于 7XXX 系高强挤压铝合金材料的研发和应用。,002537.SZ,13,报告页码,,表格行,002537.SZ_海联金汇_2025_管理层讨论与分析.pdf
MDAF0000483,海联金汇,研发投入,22,与模具传热学原理，开发分区精准控温与流量动态平衡技术，实现对复杂形状模具冷却速率的精确控制：关于汽车关键零部件薄壁复杂截面铝型材门槛梁挤出先进工艺技术的研发。,002537.SZ,13,报告页码,,表格行,002537.SZ_海联金汇_2025_管理层讨论与分析.pdf
MDAF0000484,海联金汇,研发投入,22,与模具传热学原理，开发分区精准控温与流量动态平衡技术，实现对复杂形状模具冷却速率的精确控制：关于超高强钢 HC13501700M S 产品的研发和应用。,002537.SZ,13,报告页码,,表格行,002537.SZ_海联金汇_2025_管理层讨论与分析.pdf
MDAF0000485,海联金汇,研发投入,22,与模具传热学原理，开发分区精准控温与流量动态平衡技术，实现对复杂形状模具冷却速率的精确控制：关于铝产品激光切割工作站集成的研发和应用。,002537.SZ,13,报告页码,,表格行,002537.SZ_海联金汇_2025_管理层讨论与分析.pdf
MDAF0000486,海联金汇,研发投入,22,与模具传热学原理，开发分区精准控温与流量动态平衡技术，实现对复杂形状模具冷却速率的精确控制：切入商用制冷电机市场，丰富产品线，提升在高效节能电机领域的技术储备，增强对制冷行业客户的配套能力。,002537.SZ,13,报告页码,,表格行,002537.SZ_海联金汇_2025_管理层讨论与分析.pdf
MDAF0000487,海联金汇,研发投入,22,与模具传热学原理，开发分区精准控温与流量动态平衡技术，实现对复杂形状模具冷却速率的精确控制：制冰机交流变频电机项目。,002537.SZ,13,报告页码,,表格行,002537.SZ_海联金汇_2025_管理层讨论与分析.pdf
MDAF0000488,海联金汇,研发投入,22,与模具传热学原理，开发分区精准控温与流量动态平衡技术，实现对复杂形状模具冷却速率的精确控制：填补国内 1700Mpa 辊压产品的市场空白。,002537.SZ,13,报告页码,,表格行,002537.SZ_海联金汇_2025_管理层讨论与分析.pdf
MDAF0000489,海联金汇,研发投入,22,与模具传热学原理，开发分区精准控温与流量动态平衡技术，实现对复杂形状模具冷却速率的精确控制：完成性能行业领先的变频电机开发，通过能效测试，实现低振动、低噪音运行。,002537.SZ,13,报告页码,,表格行,002537.SZ_海联金汇_2025_管理层讨论与分析.pdf
MDAF0000490,海联金汇,研发投入,22,与模具传热学原理，开发分区精准控温与流量动态平衡技术，实现对复杂形状模具冷却速率的精确控制：已完成。,002537.SZ,13,报告页码,,表格行,002537.SZ_海联金汇_2025_管理层讨论与分析.pdf
MDAF0000491,海联金汇,研发投入,22,与模具传热学原理，开发分区精准控温与流量动态平衡技术，实现对复杂形状模具冷却速率的精确控制：布局智能家居与机器人核心执行部件领域，通过技术创新 （电磁离合器应用） 提升产品附加值，开辟新的业务增长点， 提升品牌在高精度微电机市场的竞争力。,002537.SZ,13,报告页码,,表格行,002537.SZ_海联金汇_2025_管理层讨论与分析.pdf
MDAF0000492,海联金汇,研发投入,22,与模具传热学原理，开发分区精准控温与流量动态平衡技术，实现对复杂形状模具冷却速率的精确控制：建立稳定、高效的“熔铸-挤压-热处理-成形”一体化生产工艺，实现生产周期缩短 20%，产品不良率控制在 1.5%以内，生产能耗降低15%。,002537.SZ,13,报告页码,,表格行,002537.SZ_海联金汇_2025_管理层讨论与分析.pdf
MDAF0000493,海联金汇,研发投入,22,与模具传热学原理，开发分区精准控温与流量动态平衡技术，实现对复杂形状模具冷却速率的精确控制：开发出 7XXX 系高强挤压铝合金材料，可挤压性相对传统 AL-Zn-Mg-Cu 合金有所提高，整体提高行业技术水平。,002537.SZ,13,报告页码,,表格行,002537.SZ_海联金汇_2025_管理层讨论与分析.pdf
MDAF0000494,海联金汇,研发投入,22,与模具传热学原理，开发分区精准控温与流量动态平衡技术，实现对复杂形状模具冷却速率的精确控制：开发完成，处于测试阶段。,002537.SZ,13,报告页码,,表格行,002537.SZ_海联金汇_2025_管理层讨论与分析.pdf
MDAF0000495,海联金汇,研发投入,22,与模具传热学原理，开发分区精准控温与流量动态平衡技术，实现对复杂形状模具冷却速率的精确控制：推动相关产业链发展：该项目的实施将促进原材料、加工制造、检测认证等相关产业链的发展，为上下游企业创造更多商机，推动整个产业链的协同发展和技术创新。,002537.SZ,13,报告页码,,表格行,002537.SZ_海联金汇_2025_管理层讨论与分析.pdf
MDAF0000496,海联金汇,研发投入,22,与模具传热学原理，开发分区精准控温与流量动态平衡技术，实现对复杂形状模具冷却速率的精确控制：提供高质量汽车零部件，提升汽车安全性和环保性能，推动汽车工业的绿色发展。,002537.SZ,13,报告页码,,表格行,002537.SZ_海联金汇_2025_管理层讨论与分析.pdf
MDAF0000497,海联金汇,研发投入,22,与模具传热学原理，开发分区精准控温与流量动态平衡技术，实现对复杂形状模具冷却速率的精确控制：本期联信通平台系统 （LXT）升级改造项目旨在应对日益增长的客户需求与更高的运营运维标准。,002537.SZ,13,报告页码,,表格行,002537.SZ_海联金汇_2025_管理层讨论与分析.pdf
MDAF0000498,海联金汇,研发投入,22,与模具传热学原理，开发分区精准控温与流量动态平衡技术，实现对复杂形状模具冷却速率的精确控制：满足更多客户的需求，提高稳定性。,002537.SZ,13,报告页码,,表格行,002537.SZ_海联金汇_2025_管理层讨论与分析.pdf
MDAF0000499,海联金汇,研发投入,22,与模具传热学原理，开发分区精准控温与流量动态平衡技术，实现对复杂形状模具冷却速率的精确控制：电动推杆电机系统开发。,002537.SZ,13,报告页码,,表格行,002537.SZ_海联金汇_2025_管理层讨论与分析.pdf
MDAF0000500,海联金汇,研发投入,22,与模具传热学原理，开发分区精准控温与流量动态平衡技术，实现对复杂形状模具冷却速率的精确控制：相较于传统切割方法，提高了材料利用率和生产效率。,002537.SZ,13,报告页码,,表格行,002537.SZ_海联金汇_2025_管理层讨论与分析.pdf
MDAF0000501,海联金汇,研发投入,22,与模具传热学原理，开发分区精准控温与流量动态平衡技术，实现对复杂形状模具冷却速率的精确控制：研发用于智能抽屉（如智能家具、橱柜）的电动推杆电机系统。,002537.SZ,13,报告页码,,表格行,002537.SZ_海联金汇_2025_管理层讨论与分析.pdf
MDAF0000502,海联金汇,研发投入,22,与模具传热学原理，开发分区精准控温与流量动态平衡技术，实现对复杂形状模具冷却速率的精确控制：研发的激光切割工作站： 成功开发出高精度、高效率的铝合金激光切割工作站，具备先进的切割能力和智能化操作系统。,002537.SZ,13,报告页码,,表格行,002537.SZ_海联金汇_2025_管理层讨论与分析.pdf
MDAF0000503,海联金汇,研发投入,22,与模具传热学原理，开发分区精准控温与流量动态平衡技术，实现对复杂形状模具冷却速率的精确控制：研发进行中。,002537.SZ,13,报告页码,,表格行,002537.SZ_海联金汇_2025_管理层讨论与分析.pdf
MDAF0000504,海联金汇,研发投入,22,与模具传热学原理，开发分区精准控温与流量动态平衡技术，实现对复杂形状模具冷却速率的精确控制：联信通平台项目。,002537.SZ,13,报告页码,,表格行,002537.SZ_海联金汇_2025_管理层讨论与分析.pdf
MDAF0000505,海联金汇,研发投入,22,与模具传热学原理，开发分区精准控温与流量动态平衡技术，实现对复杂形状模具冷却速率的精确控制：解决 6082-T6 薄壁复杂截面铝合金型材挤出工艺的难点。,002537.SZ,13,报告页码,,表格行,002537.SZ_海联金汇_2025_管理层讨论与分析.pdf
MDAF0000506,海联金汇,研发投入,22,与模具传热学原理，开发分区精准控温与流量动态平衡技术，实现对复杂形状模具冷却速率的精确控制：进一步巩固公司在国内汽车门槛梁行业的领先位置。,002537.SZ,13,报告页码,,表格行,002537.SZ_海联金汇_2025_管理层讨论与分析.pdf
MDAF0000507,海联金汇,研发投入,22,与模具传热学原理，开发分区精准控温与流量动态平衡技术，实现对复杂形状模具冷却速率的精确控制：通过控制铸锭均质温度、挤压工艺参数、调试时效制度等方法进行试验，并对挤压成型后的产品相关性能进行总结分析，为现阶段高标准要求的汽车门槛梁高强度 6082 挤压铝合金的开发提供相关参考依据。,002537.SZ,13,报告页码,,表格行,002537.SZ_海联金汇_2025_管理层讨论与分析.pdf
MDAF0000508,海联金汇,研发投入,22,与模具传热学原理，开发分区精准控温与流量动态平衡技术，实现对复杂形状模具冷却速率的精确控制：采用最新的高功率光纤激光器技术，能量利用率高、切割速度快，满足工业化生产的需求；结合人工智能和机器人技术，实现全自动化的切割和上下料过程，减少人工干预，提高生产效率。,002537.SZ,13,报告页码,,表格行,002537.SZ_海联金汇_2025_管理层讨论与分析.pdf
MDAF0000509,海联金汇,研发投入,22,与模具传热学原理，开发分区精准控温与流量动态平衡技术，实现对复杂形状模具冷却速率的精确控制：重点解决连接可靠性、开关速度、低噪音运行、断电保护及防夹手安全问题。,002537.SZ,13,报告页码,,表格行,002537.SZ_海联金汇_2025_管理层讨论与分析.pdf
MDAF0000510,海联金汇,研发投入,22,与模具传热学原理，开发分区精准控温与流量动态平衡技术，实现对复杂形状模具冷却速率的精确控制：针对商用制冷设备（冷水机、制冰机）领域，开发高效、低功耗的交流变频电机，替代传统低效电机。,002537.SZ,13,报告页码,,表格行,002537.SZ_海联金汇_2025_管理层讨论与分析.pdf
MDAF0000511,海联金汇,研发投入,22,与模具传热学原理，开发分区精准控温与流量动态平衡技术，实现对复杂形状模具冷却速率的精确控制：首次在该类零部件中大规模应用 HC1350/1700MS 高强度钢材，提高零部件强度和安全性能；开发快速换型技术，显著降低生产切换时间，提高生产效率。,002537.SZ,13,报告页码,,表格行,002537.SZ_海联金汇_2025_管理层讨论与分析.pdf
MDAF0000512,仁东控股,业务概要,10,仁东控股作为一家金融科技公司，立足于为中小微企业经营提供服务，主要从事第三方支付服务。,002647.SZ,1,报告页码,,正文,002647.SZ_仁东控股_2025_管理层讨论与分析.pdf
MDAF0000513,仁东控股,业务概要,10,公司子公司合利宝坚持创新驱动发展战略，拥有独立研发的支付结算系统，持续开发各种新技术、新手段、新模型，深化支付服务建设，在适合自身和客户发展需要的基础上不断探索和实践，在行业内具有较强的竞争优势。,002647.SZ,1,报告页码,,正文,002647.SZ_仁东控股_2025_管理层讨论与分析.pdf
MDAF0000514,仁东控股,业务概要,10,公司按照重整计划相关安排要求，集中力量聚焦主营业务第三方支付的发展，报告期内结合实际情况对相关低效资产加速拍卖处置。,002647.SZ,1,报告页码,2、加速开展低效资产处置剥离,正文,002647.SZ_仁东控股_2025_管理层讨论与分析.pdf
MDAF0000515,仁东控股,业务概要,10,合利宝同时还是中国支付清算协会理事成员、中国支付清算协会网络支付应用工作委员会成员单位、中国支付清算协会金融科技专业委员会成员单位。,002647.SZ,1,报告页码,,正文,002647.SZ_仁东控股_2025_管理层讨论与分析.pdf
MDAF0000516,仁东控股,业务概要,10,合利宝香港子公司合利付服务有限公司作为持牌主体已获得香港MSO 牌照（Money Service Operator，该牌照为香港海关颁发，是从事货币兑换、汇款等金钱服务的合规凭证）。,002647.SZ,1,报告页码,,正文,002647.SZ_仁东控股_2025_管理层讨论与分析.pdf
MDAF0000517,仁东控股,业务概要,10,子公司合利宝作为第三方支付业务的经营主体，拥有中国人民银行核发的《支付业务许可证》，具有跨境人民币支付业务备案许可，业务类型为储值账户运营Ⅰ类、支付交易处理Ⅰ类，具备在全国范围开展线上、线下支付业务的经营资质优势。,002647.SZ,1,报告页码,,正文,002647.SZ_仁东控股_2025_管理层讨论与分析.pdf
MDAF0000518,仁东控股,业务概要,10,截至报告期末，公司持有的民盛租赁有限公司70%股权、北京海淀科技金融资本控股集团股份有限公司3.0236%股权、广州仁东信息技术服务有限公司100%股权、仁东(深圳)大数据技术有限公司100%股权、诸暨仁东新材料科技有限公司100%股权被成功拍出，为进一步改善公司资产结构、优化公司资产质量奠定基础。,002647.SZ,1,报告页码,2、加速开展低效资产处置剥离,正文,002647.SZ_仁东控股_2025_管理层讨论与分析.pdf
MDAF0000519,仁东控股,业务概要,10,报告期内， 公司管理层始终坚定贯彻落实董事会的战略部署与决策要求，在董事会的科学引领和全力支持下，恪尽职守、履职尽责，紧密围绕公司中长期发展战略规划，以提质增效、转型升级为核心导向，持续深耕内部管理，着力优化管理体系，不断完善内控机制，推动管理水平稳步提升，保证了公司稳定发展。,002647.SZ,1,报告页码,,正文,002647.SZ_仁东控股_2025_管理层讨论与分析.pdf
MDAF0000520,仁东控股,业务概要,10,报告期内，公司重整程序高效推进，自法院正式受理公司重整至重整计划执行完毕，用时不超过三个月。,002647.SZ,1,报告页码,1、全力推进完成公司重整事项,正文,002647.SZ_仁东控股_2025_管理层讨论与分析.pdf
MDAF0000521,仁东控股,业务概要,10,经过不断地丰富和发展，目前合利宝业务涵盖智慧零售、金融科技、跨境支付、电商文化、旅游出行、教育考试等多个领域，推出了多种创新扫码支付产品，比如智能POS 机、4G 云音响、4G 语音台卡、立牌、贴纸等，智慧支付解决方案已聚合多种支付渠道，涵盖支付宝、微信、云闪付等多种支付方式，能够满足消费者多样化的付款需求，显著提高商家收银效率，为数百万商户提供可靠的支付及增值服务，交易额稳居头部，是国内领先的第三方支付机构。,002647.SZ,1,报告页码,,正文,002647.SZ_仁东控股_2025_管理层讨论与分析.pdf
MDAF0000522,仁东控股,业务概要,10,自成立以来，合利宝以立足支付、推动产业变革、提升企业竞争力为使命，致力于为客户提供从线上到线下，从境内到境外的全方位支付服务，发展至今先后获得高新技术企业认证、中国数字服务暨服务外包百强企业、广东省工程技术研发中心、广东省2022年专精特新中小企业等认证和荣誉。,002647.SZ,1,报告页码,,正文,002647.SZ_仁东控股_2025_管理层讨论与分析.pdf
MDAF0000523,仁东控股,业务概要,10,通过执行重整程序，公司不仅成功解决了历史遗留的债务问题，实现了资产负债结构的极大优化，还引入了中信资本（中国）投资有限公司、广州资产管理有限公司、深圳市招商平安资产管理有限责任公司等实力雄厚的投资人，为未来实现高质量、健康可持续发展奠定了坚实基础。,002647.SZ,1,报告页码,1、全力推进完成公司重整事项,正文,002647.SZ_仁东控股_2025_管理层讨论与分析.pdf
MDAF0000524,仁东控股,业务概要,11,2025年7月4日，中国人民银行在其官方网站公布了《非银行支付机构〈支付业务许可证〉续展（换证）公示信息(2025年7月第一批次)》，因合利宝申请续展时，其间接控股股东仁东控股进入重整程序，根据《中国人民银行行政许可实施办法》第二十四条规定，中国人民银行决定对合利宝中止审查。,002647.SZ,2,报告页码,3、稳步做好支付牌照换证续展,正文,002647.SZ_仁东控股_2025_管理层讨论与分析.pdf
MDAF0000525,仁东控股,业务概要,11,中止审查阶段，合利宝各项业务均正常开展。,002647.SZ,2,报告页码,3、稳步做好支付牌照换证续展,正文,002647.SZ_仁东控股_2025_管理层讨论与分析.pdf
MDAF0000526,仁东控股,业务概要,11,公司实施重整后，资产负债结构得到极大优化，持续经营发展能力大幅增强。,002647.SZ,2,报告页码,7、逐步修复资本市场信用评级,正文,002647.SZ_仁东控股_2025_管理层讨论与分析.pdf
MDAF0000527,仁东控股,业务概要,11,公司秉承“支付赋能产业，AI 引领未来”的战略愿景，构建智能科技生态闭环，打造共生、共创、共享的智能科技产业生态。,002647.SZ,2,报告页码,5、积极谋划业务第二增长曲线,正文,002647.SZ_仁东控股_2025_管理层讨论与分析.pdf
MDAF0000528,仁东控股,业务概要,11,公司结合相关证券法律法规要求，逐步修订完善内部控制制度，持续优化组织结构体系，不断改善公司生产经营、提升管理效率，努力实现高效合规有序的企业经营状态。,002647.SZ,2,报告页码,6、持续加强内部控制和公司治理,正文,002647.SZ_仁东控股_2025_管理层讨论与分析.pdf
MDAF0000529,仁东控股,业务概要,11,合利宝作为公司第三方支付业务的经营主体，具有跨境人民币支付业务备案许可，其下属香港子公司合利付服务有限公司作为持牌主体已获得香港MSO 牌照。,002647.SZ,2,报告页码,4、重点布局和发展跨境支付业务,正文,002647.SZ_仁东控股_2025_管理层讨论与分析.pdf
MDAF0000530,仁东控股,业务概要,11,合利宝目前正与主管部门保持密切沟通，积极推动换证续展事宜。,002647.SZ,2,报告页码,3、稳步做好支付牌照换证续展,正文,002647.SZ_仁东控股_2025_管理层讨论与分析.pdf
MDAF0000531,仁东控股,业务概要,11,合利宝近年在跨境支付领域持续发力且成效显著，服务客户数量和交易规模高速增长，构建了更具竞争力的现代化跨境支付服务体系，多币种结算、即时支付和定制化解决方案等服务，满足了不同市场和客户群体的特定需求。,002647.SZ,2,报告页码,4、重点布局和发展跨境支付业务,正文,002647.SZ_仁东控股_2025_管理层讨论与分析.pdf
MDAF0000532,仁东控股,业务概要,11,报告期内，公司成立深圳仁东智算科技有限公司、北京仁东数域科技有限公司、乌兰察布仁东智算科技有限公司等子公司，投资江原科技，结合公司实际发展需要适时对相关产业进行布局。,002647.SZ,2,报告页码,5、积极谋划业务第二增长曲线,正文,002647.SZ_仁东控股_2025_管理层讨论与分析.pdf
MDAF0000533,仁东控股,业务概要,11,报告期内，公司结合重整工作安排积极解除前期资产受限情况，依托重整后优化的资产结构与经营能力审慎制定融资方案，主动对接金融机构，积极拓宽融资渠道，逐步恢复资本市场信用评级，系统性重塑市场信心，为可持续发展构建长效融资支持体系。,002647.SZ,2,报告页码,7、逐步修复资本市场信用评级,正文,002647.SZ_仁东控股_2025_管理层讨论与分析.pdf
MDAF0000534,仁东控股,业务概要,11,根据公司重整计划中未来经营安排，结合公司实际情况，公司除了不断深耕第一主业支付外，也积极谋划布局业务第二增长曲线。,002647.SZ,2,报告页码,5、积极谋划业务第二增长曲线,正文,002647.SZ_仁东控股_2025_管理层讨论与分析.pdf
MDAF0000535,仁东控股,业务概要,11,进入新的阶段，公司更加注重加强内部控制，致力于提升公司长效治理水平。,002647.SZ,2,报告页码,6、持续加强内部控制和公司治理,正文,002647.SZ_仁东控股_2025_管理层讨论与分析.pdf
MDAF0000536,仁东控股,业务概要,11,通过执行重整程序，公司原有历史遗留问题得到根本解决，正式开启全新发展篇章。,002647.SZ,2,报告页码,6、持续加强内部控制和公司治理,正文,002647.SZ_仁东控股_2025_管理层讨论与分析.pdf
MDAF0000537,仁东控股,核心竞争力,12,为满足客户便捷化的服务需求，合利宝智能客户系统实现全新升级，能自主优化系统流程，提升人机协作水平，准确理解用户需求并解决问题，目前合利宝已搭建包括智能客服系统、人工客服等在内的全新多元化客服载体，随时对用户发起的提问做出响应。,002647.SZ,3,报告页码,3、产品及服务优势。合利宝针对不同行业的商户，按需定制个性化的智慧经营解决方案，围绕产业支付需求，提供,正文,002647.SZ_仁东控股_2025_管理层讨论与分析.pdf
MDAF0000538,仁东控股,核心竞争力,12,产、交易、消费、流通等环节深度赋能，已形成丰富的应用场景，在行业内具有较强的竞争优势，发展至今先后获得高新技术企业认证、中国数字服务暨服务外包百强企业、广东省工程技术研发中心、广东省2022年专精特新中小企业等认证和荣誉。,002647.SZ,3,报告页码,4、技术创新优势。公司重视技术创新，子公司合利宝拥有独立研发的支付结算系统，以创新支付技术对各产业的生,正文,002647.SZ_仁东控股_2025_管理层讨论与分析.pdf
MDAF0000539,仁东控股,核心竞争力,12,务备案许可，业务类型为储值账户运营Ⅰ类、支付交易处理Ⅰ类，具备在全国范围开展线上、线下支付业务的经营资质优势。,002647.SZ,3,报告页码,1、支付牌照优势。公司下属控股子公司合利宝拥有中国人民银行核发的支付业务许可证，并具有跨境人民币支付业,正文,002647.SZ_仁东控股_2025_管理层讨论与分析.pdf
MDAF0000540,仁东控股,核心竞争力,12,合利宝香港子公司合利付服务有限公司作为持牌主体已获得香港MSO 牌照。,002647.SZ,3,报告页码,1、支付牌照优势。公司下属控股子公司合利宝拥有中国人民银行核发的支付业务许可证，并具有跨境人民币支付业,正文,002647.SZ_仁东控股_2025_管理层讨论与分析.pdf
MDAF0000541,仁东控股,核心竞争力,12,多元化、个性化的产品与增值服务，深挖中小微企业数字化升级中的痛点，通过一站式的“支付+SaaS”服务为其提供个性化的增值服务，把支付服务延伸至获客和营销等经营的各个环节，帮助企业实现业务流程的数字化和智能化，以满足用户经营与管理需要。,002647.SZ,3,报告页码,3、产品及服务优势。合利宝针对不同行业的商户，按需定制个性化的智慧经营解决方案，围绕产业支付需求，提供,正文,002647.SZ_仁东控股_2025_管理层讨论与分析.pdf
MDAF0000542,仁东控股,核心竞争力,12,深圳市招商平安资产管理有限责任公司等实力雄厚的投资人，相关投资人可从业务资源对接、产业并购、提升融资能力等方面为公司提供支持。,002647.SZ,3,报告页码,2、投资人业务资源支持和整合。公司通过重整程序引入了中信资本（中国）投资有限公司、广州资产管理有限公司、,正文,002647.SZ_仁东控股_2025_管理层讨论与分析.pdf
MDAF0000543,仁东控股,核心竞争力,13,司业务模式的持续优化，公司能够不断整合行业内的各类优质客户资源，有效提升公司的市场竞争力。,002647.SZ,4,报告页码,6、客户资源优势。公司以第三方支付业务为入口端已逐步积累了一批客户，具备比较明显的客户资源优势。随着公,正文,002647.SZ_仁东控股_2025_管理层讨论与分析.pdf
MDAF0000544,仁东控股,核心竞争力,13,招募和凝聚优秀人才队伍，使得公司在行业内的竞争能力不断增强。,002647.SZ,4,报告页码,7、经营团队优势。公司经营管理人员经验丰富、专业素质过硬，核心业务人员队伍稳定。在发展过程中，公司持续,正文,002647.SZ_仁东控股_2025_管理层讨论与分析.pdf
MDAF0000545,仁东控股,核心竞争力,13,文化、旅游出行、教育考试等行业，通过可靠的支付及增值服务，显著提升了企业客户的竞争力，在业界树立了良好的口碑。,002647.SZ,4,报告页码,5、平台发展优势。合利宝业务区域覆盖全国，在多地设立有分支机构，重点布局智慧零售、金融科技、跨境、电商,正文,002647.SZ_仁东控股_2025_管理层讨论与分析.pdf
MDAF0000546,仁东控股,研发投入,16,主要研发项目名称：全新展业模式的 POS 收单产品全系统开发项目。,002647.SZ,7,报告页码,,表格行,002647.SZ_仁东控股_2025_管理层讨论与分析.pdf
MDAF0000547,仁东控股,研发投入,16,主要研发项目名称：合利宝航采通系统。,002647.SZ,7,报告页码,,表格行,002647.SZ_仁东控股_2025_管理层讨论与分析.pdf
MDAF0000548,仁东控股,研发投入,16,主要研发项目名称：基于外卡收单业务交易模型实现的多通道路由管理平台。,002647.SZ,7,报告页码,,表格行,002647.SZ_仁东控股_2025_管理层讨论与分析.pdf
MDAF0000549,仁东控股,研发投入,16,主要研发项目名称：轻餐饮模式 saas+支付数字化系统开发项目。,002647.SZ,7,报告页码,,表格行,002647.SZ_仁东控股_2025_管理层讨论与分析.pdf
MDAF0000550,仁东控股,研发投入,16,拟达到的目标：完成上线并投入使用。,002647.SZ,7,报告页码,,表格行,002647.SZ_仁东控股_2025_管理层讨论与分析.pdf
MDAF0000551,仁东控股,研发投入,16,项目目的：建设一套基于新政策、新展业端、新交易端的 POS 新产品， 实现可灵活配置。,002647.SZ,7,报告页码,,表格行,002647.SZ_仁东控股_2025_管理层讨论与分析.pdf
MDAF0000552,仁东控股,研发投入,16,项目目的：构建帮助机票代理人 /TMC 在 OTA 采购票务，提升代理人采购效率自动化工具产品。,002647.SZ,7,报告页码,,表格行,002647.SZ_仁东控股_2025_管理层讨论与分析.pdf
MDAF0000553,仁东控股,研发投入,16,项目目的：通过提供“工具+ 支付” 的一体化服务，深度介入代理人的日常作业流程，极大提升了商户的粘性，构建了深厚的竞。,002647.SZ,7,报告页码,,表格行,002647.SZ_仁东控股_2025_管理层讨论与分析.pdf
MDAF0000554,仁东控股,研发投入,16,项目目的：针对接入的多家支付通道，能够根据不同业务策略、稳定性策略进行动态管理交易。,002647.SZ,7,报告页码,,表格行,002647.SZ_仁东控股_2025_管理层讨论与分析.pdf
MDAF0000555,仁东控股,研发投入,16,项目目的：针对轻餐饮业态提供一套点餐管理+支付+ 营销的一整套数字化解决方案。,002647.SZ,7,报告页码,,表格行,002647.SZ_仁东控股_2025_管理层讨论与分析.pdf
MDAF0000556,仁东控股,研发投入,16,项目进展：完成开发。,002647.SZ,7,报告页码,,表格行,002647.SZ_仁东控股_2025_管理层讨论与分析.pdf
MDAF0000557,仁东控股,研发投入,16,预计对公司未来发展的影响：完善公司产品线，提高竞争力和利润。,002647.SZ,7,报告页码,,表格行,002647.SZ_仁东控股_2025_管理层讨论与分析.pdf
MDAF0000558,仁东控股,研发投入,16,"预计对公司未来发展的影响：帮助代理人节省资金成本、 人力成本，提高抢票效率， 有助于公司在航旅垂直领域建立品牌形象, 助力公司沉淀 B 端真实贸易数据、卡位供应链金融入口。",002647.SZ,7,报告页码,,表格行,002647.SZ_仁东控股_2025_管理层讨论与分析.pdf
MDAF0000559,仁东控股,研发投入,16,预计对公司未来发展的影响：应对新的市场变化推出新产品，抢占市场和提升利润。,002647.SZ,7,报告页码,,表格行,002647.SZ_仁东控股_2025_管理层讨论与分析.pdf
MDAF0000560,仁东控股,研发投入,16,预计对公司未来发展的影响：提高交易效率和稳定性，提升了客户满意度同时可降本增效。,002647.SZ,7,报告页码,,表格行,002647.SZ_仁东控股_2025_管理层讨论与分析.pdf
MDAF0000561,仁东控股,研发投入,16,适用。,002647.SZ,7,报告页码,,选项,002647.SZ_仁东控股_2025_管理层讨论与分析.pdf
MDAF0000562,仁东控股,研发投入,17,争护城河：丰富公司跨境收款产品线， 提升企业在国际化业务中的资金管理效率与灵活性，增强客户黏性与满意度，助力公司进一步拓展企业客户市场，提升在国际支付领域的综合服务能力与品牌影响力。,002647.SZ,8,报告页码,,表格行,002647.SZ_仁东控股_2025_管理层讨论与分析.pdf
MDAF0000563,仁东控股,研发投入,17,争护城河：依据客户的需求，融合智能算法，持续优化最优换汇策略模型，为客户提供一站式、低成本、多元化的外汇解决方案，全面提升资金运营效率与体验。,002647.SZ,8,报告页码,,表格行,002647.SZ_仁东控股_2025_管理层讨论与分析.pdf
MDAF0000564,仁东控股,研发投入,17,争护城河：全球多币种虚拟账户收款解决方案。,002647.SZ,8,报告页码,,表格行,002647.SZ_仁东控股_2025_管理层讨论与分析.pdf
MDAF0000565,仁东控股,研发投入,17,争护城河：助力公司构建可靠的外汇服务能力，通过多元化的换汇服务提升客户资金管理效率。,002647.SZ,8,报告页码,,表格行,002647.SZ_仁东控股_2025_管理层讨论与分析.pdf
MDAF0000566,仁东控股,研发投入,17,争护城河：合利宝自动出票系统升级。,002647.SZ,8,报告页码,,表格行,002647.SZ_仁东控股_2025_管理层讨论与分析.pdf
MDAF0000567,仁东控股,研发投入,17,争护城河：基于国家倡导提高来华人士便利下的外包内用系统开发项目。,002647.SZ,8,报告页码,,表格行,002647.SZ_仁东控股_2025_管理层讨论与分析.pdf
MDAF0000568,仁东控股,研发投入,17,争护城河：基于大数据分析的智能化跨境风控体系项目。,002647.SZ,8,报告页码,,表格行,002647.SZ_仁东控股_2025_管理层讨论与分析.pdf
MDAF0000569,仁东控股,研发投入,17,争护城河：基于大数据构建智能化、系统化的风控机制，聚焦于事前智能化风险评估与事后系统化交易核验，并结合事中多维度风控模型，形成覆盖交易全流程、智能化的风险监测体系。,002647.SZ,8,报告页码,,表格行,002647.SZ_仁东控股_2025_管理层讨论与分析.pdf
MDAF0000570,仁东控股,研发投入,17,争护城河：基于最优化策略模型的多元化外汇服务平台项目。,002647.SZ,8,报告页码,,表格行,002647.SZ_仁东控股_2025_管理层讨论与分析.pdf
MDAF0000571,仁东控股,研发投入,17,争护城河：完成上线并投入使用。,002647.SZ,8,报告页码,,表格行,002647.SZ_仁东控股_2025_管理层讨论与分析.pdf
MDAF0000572,仁东控股,研发投入,17,争护城河：完成开发。,002647.SZ,8,报告页码,,表格行,002647.SZ_仁东控股_2025_管理层讨论与分析.pdf
MDAF0000573,仁东控股,研发投入,17,争护城河：打破传统票务操作中“查、 定、付、出”割裂的瓶颈， 实现从搜索意向到出票交付的全流程无缝闭环。,002647.SZ,8,报告页码,,表格行,002647.SZ_仁东控股_2025_管理层讨论与分析.pdf
MDAF0000574,仁东控股,研发投入,17,争护城河：打造一个全线上化、 智能化的商户自助注册与身份认证平台， 支持多语言、多证件类型识别与自动校验，简化入驻流程， 提升审核效率，帮助中小型企业快速完成入网并开展业务，降低人工介入与操作成本。,002647.SZ,8,报告页码,,表格行,002647.SZ_仁东控股_2025_管理层讨论与分析.pdf
MDAF0000575,仁东控股,研发投入,17,争护城河：提升商户入驻体验与运营效率，吸引更多中小微企业客户，扩大公司商户基础与业务规模，同时降低客服与审核人力成本，推动公司向更高效、更智能的服务模式转型。,002647.SZ,8,报告页码,,表格行,002647.SZ_仁东控股_2025_管理层讨论与分析.pdf
MDAF0000576,仁东控股,研发投入,17,争护城河：提高了公司社会效益，提升了商户和消费者满意度。,002647.SZ,8,报告页码,,表格行,002647.SZ_仁东控股_2025_管理层讨论与分析.pdf
MDAF0000577,仁东控股,研发投入,17,争护城河：有效提升公司在跨境业务中的风险识别与防范能力，保障交易安全与合规性，从而支撑业务稳健拓展。,002647.SZ,8,报告页码,,表格行,002647.SZ_仁东控股_2025_管理层讨论与分析.pdf
MDAF0000578,仁东控股,研发投入,17,争护城河：构建一个高效、智能、集约化的航空票务自动化中台，通过数字化手段深度链接上游航空公司与下游分销生态（OTA、代理人、TMC），构建统一的 API 接口标准与分发引擎，一站式聚合航司库存与下游多元化客群（OTA、TMC、 代理人）的需求。,002647.SZ,8,报告页码,,表格行,002647.SZ_仁东控股_2025_管理层讨论与分析.pdf
MDAF0000579,仁东控股,研发投入,17,争护城河：系统化处理有助于提高运营效率， 增强客户与合作伙伴的信任，为公司在跨境市场的长期发展奠定扎实基础。,002647.SZ,8,报告页码,,表格行,002647.SZ_仁东控股_2025_管理层讨论与分析.pdf
MDAF0000580,仁东控股,研发投入,17,争护城河：系统化的风控与透明运营，将增强结算安全性与客户信任，为公司深化全球金融服务布局提供有力支撑。,002647.SZ,8,报告页码,,表格行,002647.SZ_仁东控股_2025_管理层讨论与分析.pdf
MDAF0000581,仁东控股,研发投入,17,争护城河：能够满足境外来华人士使用自己国家钱包便捷、安全的消费。,002647.SZ,8,报告页码,,表格行,002647.SZ_仁东控股_2025_管理层讨论与分析.pdf
MDAF0000582,仁东控股,研发投入,17,争护城河：解决渠道接入繁杂、系统对接困难的问题， 实现航司产品的高效渗透与市场覆盖。,002647.SZ,8,报告页码,,表格行,002647.SZ_仁东控股_2025_管理层讨论与分析.pdf
MDAF0000583,仁东控股,研发投入,17,争护城河：跨境商户自助注册与认证一体化平台。,002647.SZ,8,报告页码,,表格行,002647.SZ_仁东控股_2025_管理层讨论与分析.pdf
MDAF0000584,仁东控股,研发投入,17,争护城河：通过自动化技术大幅削减人工操作环节，将出票时效从分钟级提升至秒级，显著降低渠道运营的人力成本与时间成本。,002647.SZ,8,报告页码,,表格行,002647.SZ_仁东控股_2025_管理层讨论与分析.pdf
MDAF0000585,仁东控股,研发投入,17,争护城河：面向全球企业客户提供支持多币种、多地区的虚拟账户收款服务，集成实时汇率转换、自动对账与资金归集功能，帮助企业实现一站式跨境资金管理，降低外汇风险与运营复杂度。,002647.SZ,8,报告页码,,表格行,002647.SZ_仁东控股_2025_管理层讨论与分析.pdf
MDAF0000586,仁东控股,研发投入,18,2024年：111。,002647.SZ,9,报告页码,,表格行,002647.SZ_仁东控股_2025_管理层讨论与分析.pdf
MDAF0000587,仁东控股,研发投入,18,2024年：139。,002647.SZ,9,报告页码,,表格行,002647.SZ_仁东控股_2025_管理层讨论与分析.pdf
MDAF0000588,仁东控股,研发投入,18,2024年：14。,002647.SZ,9,报告页码,,表格行,002647.SZ_仁东控股_2025_管理层讨论与分析.pdf
MDAF0000589,仁东控股,研发投入,18,2024年：22。,002647.SZ,9,报告页码,,表格行,002647.SZ_仁东控股_2025_管理层讨论与分析.pdf
MDAF0000590,仁东控股,研发投入,18,2024年：36.58%。,002647.SZ,9,报告页码,,表格行,002647.SZ_仁东控股_2025_管理层讨论与分析.pdf
MDAF0000591,仁东控股,研发投入,18,2024年：45。,002647.SZ,9,报告页码,,表格行,002647.SZ_仁东控股_2025_管理层讨论与分析.pdf
MDAF0000592,仁东控股,研发投入,18,2024年：6。,002647.SZ,9,报告页码,,表格行,002647.SZ_仁东控股_2025_管理层讨论与分析.pdf
MDAF0000593,仁东控股,研发投入,18,2024年：80。,002647.SZ,9,报告页码,,表格行,002647.SZ_仁东控股_2025_管理层讨论与分析.pdf
MDAF0000594,仁东控股,研发投入,18,2025年：104。,002647.SZ,9,报告页码,,表格行,002647.SZ_仁东控股_2025_管理层讨论与分析.pdf
MDAF0000595,仁东控股,研发投入,18,2025年：10。,002647.SZ,9,报告页码,,表格行,002647.SZ_仁东控股_2025_管理层讨论与分析.pdf
MDAF0000596,仁东控股,研发投入,18,2025年：116。,002647.SZ,9,报告页码,,表格行,002647.SZ_仁东控股_2025_管理层讨论与分析.pdf
MDAF0000597,仁东控股,研发投入,18,2025年：2。,002647.SZ,9,报告页码,,表格行,002647.SZ_仁东控股_2025_管理层讨论与分析.pdf
MDAF0000598,仁东控股,研发投入,18,2025年：30 岁以下。,002647.SZ,9,报告页码,,表格行,002647.SZ_仁东控股_2025_管理层讨论与分析.pdf
MDAF0000599,仁东控股,研发投入,18,2025年：30~40 岁。,002647.SZ,9,报告页码,,表格行,002647.SZ_仁东控股_2025_管理层讨论与分析.pdf
MDAF0000600,仁东控股,研发投入,18,2025年：35.37%。,002647.SZ,9,报告页码,,表格行,002647.SZ_仁东控股_2025_管理层讨论与分析.pdf
MDAF0000601,仁东控股,研发投入,18,2025年：40 岁以上。,002647.SZ,9,报告页码,,表格行,002647.SZ_仁东控股_2025_管理层讨论与分析.pdf
MDAF0000602,仁东控股,研发投入,18,2025年：40。,002647.SZ,9,报告页码,,表格行,002647.SZ_仁东控股_2025_管理层讨论与分析.pdf
MDAF0000603,仁东控股,研发投入,18,2025年：4。,002647.SZ,9,报告页码,,表格行,002647.SZ_仁东控股_2025_管理层讨论与分析.pdf
MDAF0000604,仁东控股,研发投入,18,2025年：72。,002647.SZ,9,报告页码,,表格行,002647.SZ_仁东控股_2025_管理层讨论与分析.pdf
MDAF0000605,仁东控股,研发投入,18,2025年：大专。,002647.SZ,9,报告页码,,表格行,002647.SZ_仁东控股_2025_管理层讨论与分析.pdf
MDAF0000606,仁东控股,研发投入,18,2025年：本科。,002647.SZ,9,报告页码,,表格行,002647.SZ_仁东控股_2025_管理层讨论与分析.pdf
MDAF0000607,仁东控股,研发投入,18,2025年：研发人员学历结构。,002647.SZ,9,报告页码,,表格行,002647.SZ_仁东控股_2025_管理层讨论与分析.pdf
MDAF0000608,仁东控股,研发投入,18,2025年：研发人员年龄构成。,002647.SZ,9,报告页码,,表格行,002647.SZ_仁东控股_2025_管理层讨论与分析.pdf
MDAF0000609,仁东控股,研发投入,18,2025年：研发人员数量占比。,002647.SZ,9,报告页码,,表格行,002647.SZ_仁东控股_2025_管理层讨论与分析.pdf
MDAF0000610,仁东控股,研发投入,18,2025年：研发人员数量（人）。,002647.SZ,9,报告页码,,表格行,002647.SZ_仁东控股_2025_管理层讨论与分析.pdf
MDAF0000611,仁东控股,研发投入,18,2025年：硕士。,002647.SZ,9,报告页码,,表格行,002647.SZ_仁东控股_2025_管理层讨论与分析.pdf
MDAF0000612,仁东控股,研发投入,18,变动比例：-1.21%。,002647.SZ,9,报告页码,,表格行,002647.SZ_仁东控股_2025_管理层讨论与分析.pdf
MDAF0000613,仁东控股,研发投入,18,变动比例：-10.00%。,002647.SZ,9,报告页码,,表格行,002647.SZ_仁东控股_2025_管理层讨论与分析.pdf
MDAF0000614,仁东控股,研发投入,18,变动比例：-11.11%。,002647.SZ,9,报告页码,,表格行,002647.SZ_仁东控股_2025_管理层讨论与分析.pdf
MDAF0000615,仁东控股,研发投入,18,变动比例：-16.55%。,002647.SZ,9,报告页码,,表格行,002647.SZ_仁东控股_2025_管理层讨论与分析.pdf
MDAF0000616,仁东控股,研发投入,18,变动比例：-54.55%。,002647.SZ,9,报告页码,,表格行,002647.SZ_仁东控股_2025_管理层讨论与分析.pdf
MDAF0000617,仁东控股,研发投入,18,变动比例：-6.31%。,002647.SZ,9,报告页码,,表格行,002647.SZ_仁东控股_2025_管理层讨论与分析.pdf
MDAF0000618,仁东控股,研发投入,18,变动比例：-66.67%。,002647.SZ,9,报告页码,,表格行,002647.SZ_仁东控股_2025_管理层讨论与分析.pdf
MDAF0000619,仁东控股,研发投入,18,变动比例：-71.43%。,002647.SZ,9,报告页码,,表格行,002647.SZ_仁东控股_2025_管理层讨论与分析.pdf
MDAF0000620,中科金财,业务概要,10,公司AI 业务流程智能体原生平台通过国家工业信息安全发展研究中心软件所“软件智能化成熟度等级”测评，在智能理解与生成、智能交互、智能分析与决策、智能检索与智能集成这五方面均满足三级能力要求。,002657.SZ,1,报告页码,（一）人工智能综合服务,正文,002657.SZ_中科金财_2025_管理层讨论与分析.pdf
MDAF0000621,中科金财,业务概要,10,公司与阿里云、百度、火山引擎等头部厂商建立了稳固共赢的生态合作，合作范围覆盖基础设施、平台工具、产品实施、场景交付全链条服务，解决方案及应用更趋多元丰富，覆盖AI 原生智能体平台、知识库、智能营销、智能问数、全流程智能贷款、手机银行、OCR、客户画像等核心场景，合作客户覆盖股份制、城商行、农商农信、证券、保险等金融机构。,002657.SZ,1,报告页码,（一）人工智能综合服务,正文,002657.SZ_中科金财_2025_管理层讨论与分析.pdf
MDAF0000622,中科金财,业务概要,10,公司坚守AI-Native 技术设计理念，以本体构建、语义模型研发为核心技术架构，整合动力层与动态层形成完善技术框架，着力推动业务与技术的深度融合，全力搭建从底层架构、交互逻辑到应用场景均以AI 为核心进行重构的人工智能服务链条。,002657.SZ,1,报告页码,（一）人工智能综合服务,正文,002657.SZ_中科金财_2025_管理层讨论与分析.pdf
MDAF0000623,中科金财,业务概要,10,公司建立了多层次生态合作模式，覆盖AI 全产业链合作。,002657.SZ,1,报告页码,（一）人工智能综合服务,正文,002657.SZ_中科金财_2025_管理层讨论与分析.pdf
MDAF0000624,中科金财,业务概要,10,公司研发的“插排式多模型架构”，支持全球主流模型灵活插拔，降低技术选型成本。,002657.SZ,1,报告页码,（一）人工智能综合服务,正文,002657.SZ_中科金财_2025_管理层讨论与分析.pdf
MDAF0000625,中科金财,业务概要,10,公司立足于全球AI 发展前沿，与国际国内AI 领域各龙头企业建立广泛联系与合作，保持科技的领先性和业务的前瞻性，坚持大客户战略，加大研发投入，进一步推动AI 技术在垂类行业的落地。,002657.SZ,1,报告页码,（一）人工智能综合服务,正文,002657.SZ_中科金财_2025_管理层讨论与分析.pdf
MDAF0000626,中科金财,业务概要,10,公司遵循国家数字经济发展方向，以数字科技为切入点，围绕金融机构、政府与公共事业、企业等客户群体，提供人工智能综合服务、金融科技综合服务和数据中心综合服务，通过科技赋能帮助客户实现新一轮数字化、智能化升级。,002657.SZ,1,报告页码,,正文,002657.SZ_中科金财_2025_管理层讨论与分析.pdf
MDAF0000627,中科金财,业务概要,10,在生态合作方面，公司构建了“头部AI 厂商合作＋小B 协同赋能”双轮驱动的生态体系，整合行业上下游，形成“理论研究—技术研发—场景适配—项目交付—价值变现”全链条闭环。,002657.SZ,1,报告页码,（一）人工智能综合服务,正文,002657.SZ_中科金财_2025_管理层讨论与分析.pdf
MDAF0000628,中科金财,业务概要,10,截至目前，公司在人工智能领域累计获得《基于大模型的本体建模平台V1.0》《基于本体的智能问数平台V1.0》《AI 业务流程智能体原生平台V1.0》《多模态大模型数据集及数据管理平台V1.0》《银行大模型应用及大模型管理平台 V1.0》《多模态AI 视频工具平台 V1.0》等178项软件著作权、13项发明专利。,002657.SZ,1,报告页码,（一）人工智能综合服务,正文,002657.SZ_中科金财_2025_管理层讨论与分析.pdf
MDAF0000629,中科金财,业务概要,10,"报告期内，公司人工智能综合服务业务结构优化，人工智能综合服务营业收入217,938,046.6元，较上年同期上升7.27%；毛利额72,903,446.12元，较上年同期上升69.58%；毛利率33.45%，较上年同期提升12.29个百分点，销售合同签订金额270,151,625.85元，续签客户数量达77.48%。",002657.SZ,1,报告页码,（一）人工智能综合服务,正文,002657.SZ_中科金财_2025_管理层讨论与分析.pdf
MDAF0000630,中科金财,业务概要,10,报告期内，公司在AI 本体应用、AI Agent 等方向投入研发，并形成解决方案。,002657.SZ,1,报告页码,（一）人工智能综合服务,正文,002657.SZ_中科金财_2025_管理层讨论与分析.pdf
MDAF0000631,中科金财,业务概要,11,公司依托20 余年行业经验沉淀，金融科技综合服务在国内外金融机构已得到广泛应用。,002657.SZ,2,报告页码,（二）金融科技综合服务,正文,002657.SZ_中科金财_2025_管理层讨论与分析.pdf
MDAF0000632,中科金财,业务概要,11,公司向政府与公共事业、企业提供数据中心综合服务。,002657.SZ,2,报告页码,（三）数据中心综合服务,正文,002657.SZ_中科金财_2025_管理层讨论与分析.pdf
MDAF0000633,中科金财,业务概要,11,公司在数据要素领域持续探索，帮助客户进一步挖掘数据价值，提升对内外提供数据应用与服务的能力，实现业务价值。,002657.SZ,2,报告页码,（三）数据中心综合服务,正文,002657.SZ_中科金财_2025_管理层讨论与分析.pdf
MDAF0000634,中科金财,业务概要,11,公司数据中心综合服务包括信息系统集成、IT 运维管理、数据中心建设、设备维保服务、数据分析服务等。,002657.SZ,2,报告页码,（三）数据中心综合服务,正文,002657.SZ_中科金财_2025_管理层讨论与分析.pdf
MDAF0000635,中科金财,业务概要,11,公司软件服务业资质完整性目前居中国软件行业前列。,002657.SZ,2,报告页码,（三）数据中心综合服务,正文,002657.SZ_中科金财_2025_管理层讨论与分析.pdf
MDAF0000636,中科金财,业务概要,11,公司通过多年积累，资质及服务体系等较为全面，先后获得了信息系统建设及服务能力四级（CS4）、ITSS 运维服务能力一级、软件开发和集成服务能力五级（CMMI5）等100 余项行业资质。,002657.SZ,2,报告页码,（三）数据中心综合服务,正文,002657.SZ_中科金财_2025_管理层讨论与分析.pdf
MDAF0000637,中科金财,业务概要,11,其中，银行为公司主要客户群体，公司金融科技综合服务覆盖银行前、中、后台全业务流程，累计服务国内外银行客户500 余家，涵盖全部的三大政策性银行、六大国有商业银行、十二家全国性股份制银行以及部分城市商业银行、农村商业银行和农村信用联社，累计覆盖过约5万个银行营业网点。,002657.SZ,2,报告页码,（二）金融科技综合服务,正文,002657.SZ_中科金财_2025_管理层讨论与分析.pdf
MDAF0000638,中科金财,业务概要,11,报告期内，公司深度聚焦银行智能化转型需求，持续打造和增强覆盖银行前、中、后台的全链路智能银行解决方案，在数据治理、软件开发与维护、数据库建设等领域落地项目，以数据为驱动，以智能化为引擎，助力银行突破传统服务边界，实现效率提升、风险可控与业务创新的协同发展。,002657.SZ,2,报告页码,（二）金融科技综合服务,正文,002657.SZ_中科金财_2025_管理层讨论与分析.pdf
MDAF0000639,中科金财,业务概要,11,报告期内，在技术研发上，公司形成了《信创数据安全加密交互运维系统V1.0》《信创数据存储综合管理系统V1.0》等软件著作权。,002657.SZ,2,报告页码,（三）数据中心综合服务,正文,002657.SZ_中科金财_2025_管理层讨论与分析.pdf
MDAF0000640,中科金财,业务概要,11,立足信息技术应用创新的发展浪潮，公司锚定金融信创场景下系统运行的稳定性与可靠性需求，将国产化软硬件适配能力建设与部署落地作为业务发展目标之一，助力银行等金融机构稳步达成信创技术架构转型的战略目标，提升业务系统的运行质量，筑牢业务连续性与稳定性的安全防线。,002657.SZ,2,报告页码,（二）金融科技综合服务,正文,002657.SZ_中科金财_2025_管理层讨论与分析.pdf
MDAF0000641,中科金财,核心竞争力,14,2025年公司再次获得“信息系统建设和服务能力等级四级资质（CS4）、软件开发及集成服务能力CMMI5 级资质、ITSS 运维服务能力等级一级资质”三项顶级认证，新取得“信息安全服务CCRC 安全集成三级资质、信息安全服务CCRC 安全运维三级资质、ISO22301 业务连续性管理体系认证证书”、北京市软件核心竞争力企业，华为钻石经销商。,002657.SZ,5,报告页码,1、在数字经济领域长期坚定的发展战略和广受信任的品牌形象,正文,002657.SZ_中科金财_2025_管理层讨论与分析.pdf
MDAF0000642,中科金财,核心竞争力,14,伴随着软件及信息技术的不断迭代，公司在软件集成、大数据、人工智能等领域不断拓展，得到政府部门、资本市场与社会各界的广泛认可。,002657.SZ,5,报告页码,1、在数字经济领域长期坚定的发展战略和广受信任的品牌形象,正文,002657.SZ_中科金财_2025_管理层讨论与分析.pdf
MDAF0000643,中科金财,核心竞争力,14,公司成立至今，获得北京市“四个一批”工程企业、中关村“十百千工程”及新锐百强企业、中关村最具影响力星级企业、中国软件和信息服务综合竞争力百强企业、北京市软件和信息服务业综合实力百强企业、中国智能运维百强企业、中关村TOP100 高成长企业、中国十佳金融行业软件开发商、中国金融科技竞争力百强企业、中国金软件金服务十大杰出企业、AAA 级信用企业。,002657.SZ,5,报告页码,1、在数字经济领域长期坚定的发展战略和广受信任的品牌形象,正文,002657.SZ_中科金财_2025_管理层讨论与分析.pdf
MDAF0000644,中科金财,核心竞争力,14,公司是北京区块链技术应用协会会长单位、中国电子工业标准化技术协会理事单位、ITSS 信息技术服务分会委员单位、ITSS 全权工作单位、信创工委会成员单位、中国信息协会常务理事单位。,002657.SZ,5,报告页码,1、在数字经济领域长期坚定的发展战略和广受信任的品牌形象,正文,002657.SZ_中科金财_2025_管理层讨论与分析.pdf
MDAF0000645,中科金财,核心竞争力,14,公司累计参与了《信息技术服务-分类与代码》《区块链和分布式记账技术》等6项国家标准制定，参与了《信息技术服务-咨询设计》《银行监管报表 XBRL 扩展分类标准》《票据自助柜员机（ATM）终端规范》3项行业标准制定，参与了《软件技能人才评价规范》《工业区块链应用参考架构和使用要求》《信息技术服务运行维护服务能力成熟度模型》《基于大模型的数字人系统技术要求和评估方法》4项团体标准制定。,002657.SZ,5,报告页码,1、在数字经济领域长期坚定的发展战略和广受信任的品牌形象,正文,002657.SZ_中科金财_2025_管理层讨论与分析.pdf
MDAF0000646,中科金财,核心竞争力,14,遵循国家数字经济发展方向，公司坚持科技创新、数字化的长期愿景，坚决贯彻可持续的发展战略，坚持以创新驱动数字经济发展。,002657.SZ,5,报告页码,1、在数字经济领域长期坚定的发展战略和广受信任的品牌形象,正文,002657.SZ_中科金财_2025_管理层讨论与分析.pdf
MDAF0000647,中科金财,核心竞争力,15,AI 头部厂商在算力供给、大模型研发及产品工具领域优势显著，公司凭借深耕金融领域二十余年的场景落地能力与其形成了高度战略互补。,002657.SZ,6,报告页码,2、立足全球技术发展前沿，紧跟技术创新趋势，与科技产业龙头、行业伙伴精诚合作,正文,002657.SZ_中科金财_2025_管理层讨论与分析.pdf
MDAF0000648,中科金财,核心竞争力,15,为提升金融数据的可解释性，公司依托专业技术体系，围绕金融数据特性构建系统化、规范化的语义模型体系，涵盖形式语义模型、认知语义模型及结构语义模型，完善数据逻辑架构，夯实智能应用基础。,002657.SZ,6,报告页码,3、AI 技术+业务数据治理能力+业务Know-How，铸就银行业数智化服务核心竞争力,正文,002657.SZ_中科金财_2025_管理层讨论与分析.pdf
MDAF0000649,中科金财,核心竞争力,15,二十余年的行业深耕与广阔的客户及业务覆盖面，形成了公司深厚的行业洞察力与业务Know-How 根基，也为公司持续的技术突破与创新奠定基础。,002657.SZ,6,报告页码,3、AI 技术+业务数据治理能力+业务Know-How，铸就银行业数智化服务核心竞争力,正文,002657.SZ_中科金财_2025_管理层讨论与分析.pdf
MDAF0000650,中科金财,核心竞争力,15,依托二十余年银行业务Know-How 积累，公司构建了基于本体理论的业务模型，将银行复杂业务抽象为可复用、可推理的本体结构，打通业务概念、数据资产与技术实现之间的语义鸿沟，实现业务知识的系统化沉淀与智能调用。,002657.SZ,6,报告页码,3、AI 技术+业务数据治理能力+业务Know-How，铸就银行业数智化服务核心竞争力,正文,002657.SZ_中科金财_2025_管理层讨论与分析.pdf
MDAF0000651,中科金财,核心竞争力,15,公司与北京区块链技术应用协会、中关村创新研修学院、阿里云等科研机构及行业领军企业共同推出《中国通用人工智能发展报告（2025）》，与区块链技术与数据安全工信部重点实验室、北京区块链技术应用协会共同推出《中国互联网3.0 发展报告（2025）》，以上报告均由公司董事长朱烨东担任主编，获得了诸多业内专家的一致认可及行业用户的高度重视。,002657.SZ,6,报告页码,1、在数字经济领域长期坚定的发展战略和广受信任的品牌形象,正文,002657.SZ_中科金财_2025_管理层讨论与分析.pdf
MDAF0000652,中科金财,核心竞争力,15,公司与国际国内相关领域各龙头企业建立广泛联系与合作，通过持续跟踪全球技术发展趋势，结合行业经验和内部研发的创新实践，保持科技的领先性和业务的前瞻性，不断探索创新技术在应用场景的转化落地，提升公司产品及服务的先进性，增强公司的行业竞争力。,002657.SZ,6,报告页码,2、立足全球技术发展前沿，紧跟技术创新趋势，与科技产业龙头、行业伙伴精诚合作,正文,002657.SZ_中科金财_2025_管理层讨论与分析.pdf
MDAF0000653,中科金财,核心竞争力,15,公司与头部AI 厂商合作范围覆盖基础设施、平台工具、产品实施、场景交付全链条服务，落地应用多元丰富，覆盖AI 原生智能体平台、知识库、智能营销、智能问数、全流程智能贷款、手机银行、OCR、客户画像等核心场景，合作客户覆盖股份制银行、城商行、农商农信、证券、保险等金融机构。,002657.SZ,6,报告页码,2、立足全球技术发展前沿，紧跟技术创新趋势，与科技产业龙头、行业伙伴精诚合作,正文,002657.SZ_中科金财_2025_管理层讨论与分析.pdf
MDAF0000654,中科金财,核心竞争力,15,公司以银行为核心客户群体，累计服务国内外银行客户500 余家，落地交付银行项目6200 余个，打造了一支专业领先、经验丰富的银行业务及技术团队，形成了扎实的AI 技术能力、业务数据治理能力及业务Know-How。,002657.SZ,6,报告页码,3、AI 技术+业务数据治理能力+业务Know-How，铸就银行业数智化服务核心竞争力,正文,002657.SZ_中科金财_2025_管理层讨论与分析.pdf
MDAF0000655,中科金财,核心竞争力,15,公司先后获得了信息系统建设及服务能力四级（CS4）、ITSS 运维服务能力一级、安防工程企业一级、软件开发和集成服务能力五级（CMMI5）、信息安全服务一级、音视频智能系统集成工程壹级等系列行业资质。,002657.SZ,6,报告页码,4、专业为本，技术领先，公司软件服务业资质完整性居中国软件行业前列,正文,002657.SZ_中科金财_2025_管理层讨论与分析.pdf
MDAF0000656,中科金财,核心竞争力,15,公司凭借基于本体理论的业务模型、业务数据治理及语义模型领域的前瞻性布局与技术积淀，构筑起差异化竞争优势。,002657.SZ,6,报告页码,3、AI 技术+业务数据治理能力+业务Know-How，铸就银行业数智化服务核心竞争力,正文,002657.SZ_中科金财_2025_管理层讨论与分析.pdf
MDAF0000657,中科金财,核心竞争力,15,公司所处的软件信息行业，技术迭代快、综合要求高，需要专业且专注的技术能力。,002657.SZ,6,报告页码,4、专业为本，技术领先，公司软件服务业资质完整性居中国软件行业前列,正文,002657.SZ_中科金财_2025_管理层讨论与分析.pdf
MDAF0000658,中科金财,核心竞争力,15,公司持续聚焦金融行业，顺应行业信息化、数字化、智能化发展演进路径。,002657.SZ,6,报告页码,3、AI 技术+业务数据治理能力+业务Know-How，铸就银行业数智化服务核心竞争力,正文,002657.SZ_中科金财_2025_管理层讨论与分析.pdf
MDAF0000659,中科金财,核心竞争力,15,公司是国家火炬计划重点高新技术企业、国家规划布局内重点软件企业、中关村国家自主创新示范区创新型试点企业、国家高新技术认定企业、中关村高新技术企业及双软认定企业、北京市企业技术中心。,002657.SZ,6,报告页码,4、专业为本，技术领先，公司软件服务业资质完整性居中国软件行业前列,正文,002657.SZ_中科金财_2025_管理层讨论与分析.pdf
MDAF0000660,中科金财,核心竞争力,15,公司研发的业务数据治理体系，通过统一业务术语、指标口径、实体关系与业务规则，构建覆盖全业务域的语义标准与知识图谱，实现数据从技术字段到业务知识的转化，破解跨系统数据孤岛、用数门槛高、AI 应用语义偏差等痛点。,002657.SZ,6,报告页码,3、AI 技术+业务数据治理能力+业务Know-How，铸就银行业数智化服务核心竞争力,正文,002657.SZ_中科金财_2025_管理层讨论与分析.pdf
MDAF0000661,中科金财,核心竞争力,15,公司软件服务业资质完整性目前居中国软件行业前列。,002657.SZ,6,报告页码,4、专业为本，技术领先，公司软件服务业资质完整性居中国软件行业前列,正文,002657.SZ_中科金财_2025_管理层讨论与分析.pdf
MDAF0000662,中科金财,核心竞争力,15,截至目前，公司已具备100 多项行业资质，拥有自主研发的600 多项计算机软件著作权和专利证书，多项国家重点新产品和北京市新技术新产品证书。,002657.SZ,6,报告页码,4、专业为本，技术领先，公司软件服务业资质完整性居中国软件行业前列,正文,002657.SZ_中科金财_2025_管理层讨论与分析.pdf
MDAF0000663,中科金财,核心竞争力,15,通过了ISO9001 质量管理体系认证、ISO14001 环境管理体系认证、ISO20000 IT 服务管理体系认证、ISO27001信息安全管理体系认证、ISO45001 职业健康安全管理体系认证、五星级售后服务管理体系认证等。,002657.SZ,6,报告页码,4、专业为本，技术领先，公司软件服务业资质完整性居中国软件行业前列,正文,002657.SZ_中科金财_2025_管理层讨论与分析.pdf
MDAF0000664,中科金财,核心竞争力,16,中科金财多层级合伙人经营责任制注重发现及培养经营人才，强调以客户为中心、全局观及组织协同性，打破了传统企业部门间的隔阂。,002657.SZ,7,报告页码,6、以人为本，践行“中科金财多层级合伙人经营责任制”,正文,002657.SZ_中科金财_2025_管理层讨论与分析.pdf
MDAF0000665,中科金财,核心竞争力,16,公司“以客户为中心”的经营理念、创新前沿的学术支持、领先的技术水平，保障公司持续具备先进的科技服务能力。,002657.SZ,7,报告页码,5、以客户为中心，前瞻且全面的科技创新能力,正文,002657.SZ_中科金财_2025_管理层讨论与分析.pdf
MDAF0000666,中科金财,核心竞争力,16,公司与客户建立了长期稳定的合作关系，赢得客户的持续信任，为公司的持续发展和技术创新提供了坚实支持。,002657.SZ,7,报告页码,5、以客户为中心，前瞻且全面的科技创新能力,正文,002657.SZ_中科金财_2025_管理层讨论与分析.pdf
MDAF0000667,中科金财,核心竞争力,16,公司与清华大学五道口金融学院、南开大学金融学院、中国信通院开展战略合作，和昆山杜克大学建立了人工智能联合实验室，以及和北京邮电大学开展深入科研合作，形成了整套“产学研用”研发培训、协同创新体系。,002657.SZ,7,报告页码,5、以客户为中心，前瞻且全面的科技创新能力,正文,002657.SZ_中科金财_2025_管理层讨论与分析.pdf
MDAF0000668,中科金财,核心竞争力,16,公司扎实推行“中科金财多层级合伙人经营责任制”，通过调动员工参与经营管理，实现全员参与的经营模式。,002657.SZ,7,报告页码,6、以人为本，践行“中科金财多层级合伙人经营责任制”,正文,002657.SZ_中科金财_2025_管理层讨论与分析.pdf
MDAF0000669,中科金财,核心竞争力,16,公司长期以来为金融机构、政府与公共事业、企业客户提供人工智能、金融科技、数据中心等科技服务。,002657.SZ,7,报告页码,5、以客户为中心，前瞻且全面的科技创新能力,正文,002657.SZ_中科金财_2025_管理层讨论与分析.pdf
MDAF0000670,中科金财,核心竞争力,16,在实际经营过程中各经营单元体现出极强的经营智慧与合作意识，有效降低了沟通成本、交易成本、营销成本、运营成本及操作风险，提升了经营部门劳动生产率，降低了经营风险。,002657.SZ,7,报告页码,6、以人为本，践行“中科金财多层级合伙人经营责任制”,正文,002657.SZ_中科金财_2025_管理层讨论与分析.pdf
MDAF0000671,中科金财,核心竞争力,16,基于对行业的深刻理解，公司能够敏锐洞察行业客户对科技的需求，前瞻性地规划发展布局，抢占市场先机。,002657.SZ,7,报告页码,5、以客户为中心，前瞻且全面的科技创新能力,正文,002657.SZ_中科金财_2025_管理层讨论与分析.pdf
MDAF0000672,中科金财,核心竞争力,16,由于客户需求有一定差异性、定制化特点，除提供专业技术外，更需要全面的科技服务能力以保证应用落地。,002657.SZ,7,报告页码,5、以客户为中心，前瞻且全面的科技创新能力,正文,002657.SZ_中科金财_2025_管理层讨论与分析.pdf
MDAF0000673,中科金财,核心竞争力,16,针对AI 技术在垂类行业规模化应用过程中面临的自然语言理解不足、业务场景适配有限、专业逻辑转化不畅等核心难点，公司积极整合外部专业高端智力资源，组建由国内语言学专家、社会学专家、哲学专家等构成的咨询团队，形成“技术人才攻坚+专家智库赋能”的协同创新模式，持续强化在AI 垂直场景应用领域的差异化竞争优势。,002657.SZ,7,报告页码,5、以客户为中心，前瞻且全面的科技创新能力,正文,002657.SZ_中科金财_2025_管理层讨论与分析.pdf
MDAF0000674,中科金财,核心竞争力,16,面向未来的数字经济时代，面对不断创新的技术与应用场景，公司的人才需求越发多层次、多元化，中科金财多层级合伙人经营责任制对人才的吸引、发掘、培养能力已经成为公司重要的核心竞争力之一。,002657.SZ,7,报告页码,6、以人为本，践行“中科金财多层级合伙人经营责任制”,正文,002657.SZ_中科金财_2025_管理层讨论与分析.pdf
MDAF0000675,中科金财,研发投入,21,预计对公司未来发展：业务流程智能体研发项目。,002657.SZ,12,报告页码,,表格行,002657.SZ_中科金财_2025_管理层讨论与分析.pdf
MDAF0000676,中科金财,研发投入,21,预计对公司未来发展：中科智算ChatBI 应用管理研发项目。,002657.SZ,12,报告页码,,表格行,002657.SZ_中科金财_2025_管理层讨论与分析.pdf
MDAF0000677,中科金财,研发投入,21,预计对公司未来发展：主要研发项目名称。,002657.SZ,12,报告页码,,表格行,002657.SZ_中科金财_2025_管理层讨论与分析.pdf
MDAF0000678,中科金财,研发投入,21,预计对公司未来发展：产品完成开发、测试，取得软件著作权。,002657.SZ,12,报告页码,,表格行,002657.SZ_中科金财_2025_管理层讨论与分析.pdf
MDAF0000679,中科金财,研发投入,21,预计对公司未来发展：产品完成开发、测试，取得软件著作权证书，已上线投入使用。,002657.SZ,12,报告页码,,表格行,002657.SZ_中科金财_2025_管理层讨论与分析.pdf
MDAF0000680,中科金财,研发投入,21,预计对公司未来发展：利用业务流程管理与 AI Agent 等技术对银行业务流程进行全链路智能重构，智能化升级银行业务管理和运营模式，支持业务流程自动化编排、调度和执行，实现降本增效。,002657.SZ,12,报告页码,,表格行,002657.SZ_中科金财_2025_管理层讨论与分析.pdf
MDAF0000681,中科金财,研发投入,21,预计对公司未来发展：升级银行运管风控系统智能化体系，实现降本增效。,002657.SZ,12,报告页码,,表格行,002657.SZ_中科金财_2025_管理层讨论与分析.pdf
MDAF0000682,中科金财,研发投入,21,预计对公司未来发展：基于大模型的OCR 识别平台研发项目。,002657.SZ,12,报告页码,,表格行,002657.SZ_中科金财_2025_管理层讨论与分析.pdf
MDAF0000683,中科金财,研发投入,21,预计对公司未来发展：应用AI 技术处理银行影像数据。,002657.SZ,12,报告页码,,表格行,002657.SZ_中科金财_2025_管理层讨论与分析.pdf
MDAF0000684,中科金财,研发投入,21,预计对公司未来发展：建成具备多语言、复杂排版识别能力的 OCR 识别平台，赋能业务场景。,002657.SZ,12,报告页码,,表格行,002657.SZ_中科金财_2025_管理层讨论与分析.pdf
MDAF0000685,中科金财,研发投入,21,预计对公司未来发展：建成安全可控的 ChatBI 应用管理平。,002657.SZ,12,报告页码,,表格行,002657.SZ_中科金财_2025_管理层讨论与分析.pdf
MDAF0000686,中科金财,研发投入,21,预计对公司未来发展：建立银行智能化运营风控体系。,002657.SZ,12,报告页码,,表格行,002657.SZ_中科金财_2025_管理层讨论与分析.pdf
MDAF0000687,中科金财,研发投入,21,预计对公司未来发展：形成账户管理 Agent、智能客服 Agent、智能营销 Agent、智能授权 Agent，通过AI Agent 降本增效。,002657.SZ,12,报告页码,,表格行,002657.SZ_中科金财_2025_管理层讨论与分析.pdf
MDAF0000688,中科金财,研发投入,21,预计对公司未来发展：拟达到的目标。,002657.SZ,12,报告页码,,表格行,002657.SZ_中科金财_2025_管理层讨论与分析.pdf
MDAF0000689,中科金财,研发投入,21,预计对公司未来发展：持续探索AI 技术在场景的应用，提升公司。,002657.SZ,12,报告页码,,表格行,002657.SZ_中科金财_2025_管理层讨论与分析.pdf
MDAF0000690,中科金财,研发投入,21,预计对公司未来发展：持续探索AI 技术在场景的应用，提升公司解决方案的竞争力。,002657.SZ,12,报告页码,,表格行,002657.SZ_中科金财_2025_管理层讨论与分析.pdf
MDAF0000691,中科金财,研发投入,21,预计对公司未来发展：提升银行业务流程效率，降低合规风险。,002657.SZ,12,报告页码,,表格行,002657.SZ_中科金财_2025_管理层讨论与分析.pdf
MDAF0000692,中科金财,研发投入,21,预计对公司未来发展：构建融合业务流程管理与AI Agent 等技术的银行核心业务系统，支持自动化生成业务流程、设计业务产品与执行操作。,002657.SZ,12,报告页码,,表格行,002657.SZ_中科金财_2025_管理层讨论与分析.pdf
MDAF0000693,中科金财,研发投入,21,预计对公司未来发展：的影响。,002657.SZ,12,报告页码,,表格行,002657.SZ_中科金财_2025_管理层讨论与分析.pdf
MDAF0000694,中科金财,研发投入,21,预计对公司未来发展：研发ChatBI 应用管理系统，实现数据智能。,002657.SZ,12,报告页码,,表格行,002657.SZ_中科金财_2025_管理层讨论与分析.pdf
MDAF0000695,中科金财,研发投入,21,预计对公司未来发展：结合公司多年在银行业务中的知识和技术积累，融合AI 技术， 提升公司金融科技解决方案的竞争力，推动银行业务智能化转型。,002657.SZ,12,报告页码,,表格行,002657.SZ_中科金财_2025_管理层讨论与分析.pdf
MDAF0000696,中科金财,研发投入,21,预计对公司未来发展：融合大模型语义理解能力，提升复杂场景下文本识别精度与效率。,002657.SZ,12,报告页码,,表格行,002657.SZ_中科金财_2025_管理层讨论与分析.pdf
MDAF0000697,中科金财,研发投入,21,预计对公司未来发展：通过AI Agent 赋能金融业务场景。,002657.SZ,12,报告页码,,表格行,002657.SZ_中科金财_2025_管理层讨论与分析.pdf
MDAF0000698,中科金财,研发投入,21,预计对公司未来发展：金融业务Agent 研发项目。,002657.SZ,12,报告页码,,表格行,002657.SZ_中科金财_2025_管理层讨论与分析.pdf
MDAF0000699,中科金财,研发投入,21,预计对公司未来发展：银行AI 影像研发项目。,002657.SZ,12,报告页码,,表格行,002657.SZ_中科金财_2025_管理层讨论与分析.pdf
MDAF0000700,中科金财,研发投入,21,预计对公司未来发展：银行AI 运管风控研发项目。,002657.SZ,12,报告页码,,表格行,002657.SZ_中科金财_2025_管理层讨论与分析.pdf
MDAF0000701,中科金财,研发投入,21,预计对公司未来发展：项目目的。,002657.SZ,12,报告页码,,表格行,002657.SZ_中科金财_2025_管理层讨论与分析.pdf
MDAF0000702,中科金财,研发投入,21,预计对公司未来发展：项目进展。,002657.SZ,12,报告页码,,表格行,002657.SZ_中科金财_2025_管理层讨论与分析.pdf
MDAF0000703,中科金财,研发投入,21,适用。,002657.SZ,12,报告页码,,选项,002657.SZ_中科金财_2025_管理层讨论与分析.pdf
MDAF0000704,中科金财,研发投入,22,2024年：134。,002657.SZ,13,报告页码,,表格行,002657.SZ_中科金财_2025_管理层讨论与分析.pdf
MDAF0000705,中科金财,研发投入,22,2024年：174。,002657.SZ,13,报告页码,,表格行,002657.SZ_中科金财_2025_管理层讨论与分析.pdf
MDAF0000706,中科金财,研发投入,22,2024年：18。,002657.SZ,13,报告页码,,表格行,002657.SZ_中科金财_2025_管理层讨论与分析.pdf
MDAF0000707,中科金财,研发投入,22,2024年：237。,002657.SZ,13,报告页码,,表格行,002657.SZ_中科金财_2025_管理层讨论与分析.pdf
MDAF0000708,中科金财,研发投入,22,2024年：2。,002657.SZ,13,报告页码,,表格行,002657.SZ_中科金财_2025_管理层讨论与分析.pdf
MDAF0000709,中科金财,研发投入,22,2024年：318。,002657.SZ,13,报告页码,,表格行,002657.SZ_中科金财_2025_管理层讨论与分析.pdf
MDAF0000710,中科金财,研发投入,22,2024年：472。,002657.SZ,13,报告页码,,表格行,002657.SZ_中科金财_2025_管理层讨论与分析.pdf
MDAF0000711,中科金财,研发投入,22,2024年：54。,002657.SZ,13,报告页码,,表格行,002657.SZ_中科金财_2025_管理层讨论与分析.pdf
MDAF0000712,中科金财,研发投入,22,2024年：72.62%。,002657.SZ,13,报告页码,,表格行,002657.SZ_中科金财_2025_管理层讨论与分析.pdf
MDAF0000713,中科金财,研发投入,22,2024年：7。,002657.SZ,13,报告页码,,表格行,002657.SZ_中科金财_2025_管理层讨论与分析.pdf
MDAF0000714,中科金财,研发投入,22,2025年：133。,002657.SZ,13,报告页码,,表格行,002657.SZ_中科金财_2025_管理层讨论与分析.pdf
MDAF0000715,中科金财,研发投入,22,2025年：20。,002657.SZ,13,报告页码,,表格行,002657.SZ_中科金财_2025_管理层讨论与分析.pdf
MDAF0000716,中科金财,研发投入,22,2025年：215。,002657.SZ,13,报告页码,,表格行,002657.SZ_中科金财_2025_管理层讨论与分析.pdf
MDAF0000717,中科金财,研发投入,22,2025年：294。,002657.SZ,13,报告页码,,表格行,002657.SZ_中科金财_2025_管理层讨论与分析.pdf
MDAF0000718,中科金财,研发投入,22,2025年：2。,002657.SZ,13,报告页码,,表格行,002657.SZ_中科金财_2025_管理层讨论与分析.pdf
MDAF0000719,中科金财,研发投入,22,2025年：30 岁以下。,002657.SZ,13,报告页码,,表格行,002657.SZ_中科金财_2025_管理层讨论与分析.pdf
MDAF0000720,中科金财,研发投入,22,2025年：30~40 岁。,002657.SZ,13,报告页码,,表格行,002657.SZ_中科金财_2025_管理层讨论与分析.pdf
MDAF0000721,中科金财,研发投入,22,2025年：40-50 岁。,002657.SZ,13,报告页码,,表格行,002657.SZ_中科金财_2025_管理层讨论与分析.pdf
MDAF0000722,中科金财,研发投入,22,2025年：410。,002657.SZ,13,报告页码,,表格行,002657.SZ_中科金财_2025_管理层讨论与分析.pdf
MDAF0000723,中科金财,研发投入,22,2025年：50-60 岁。,002657.SZ,13,报告页码,,表格行,002657.SZ_中科金财_2025_管理层讨论与分析.pdf
MDAF0000724,中科金财,研发投入,22,2025年：54。,002657.SZ,13,报告页码,,表格行,002657.SZ_中科金财_2025_管理层讨论与分析.pdf
MDAF0000725,中科金财,研发投入,22,2025年：70.69%。,002657.SZ,13,报告页码,,表格行,002657.SZ_中科金财_2025_管理层讨论与分析.pdf
MDAF0000726,中科金财,研发投入,22,2025年：8。,002657.SZ,13,报告页码,,表格行,002657.SZ_中科金财_2025_管理层讨论与分析.pdf
MDAF0000727,中科金财,研发投入,22,2025年：94。,002657.SZ,13,报告页码,,表格行,002657.SZ_中科金财_2025_管理层讨论与分析.pdf
MDAF0000728,中科金财,研发投入,22,2025年：其他。,002657.SZ,13,报告页码,,表格行,002657.SZ_中科金财_2025_管理层讨论与分析.pdf
MDAF0000729,中科金财,研发投入,22,2025年：博士。,002657.SZ,13,报告页码,,表格行,002657.SZ_中科金财_2025_管理层讨论与分析.pdf
MDAF0000730,中科金财,研发投入,22,2025年：本科。,002657.SZ,13,报告页码,,表格行,002657.SZ_中科金财_2025_管理层讨论与分析.pdf
MDAF0000731,中科金财,研发投入,22,2025年：研发人员学历结构。,002657.SZ,13,报告页码,,表格行,002657.SZ_中科金财_2025_管理层讨论与分析.pdf
MDAF0000732,中科金财,研发投入,22,2025年：研发人员年龄构成。,002657.SZ,13,报告页码,,表格行,002657.SZ_中科金财_2025_管理层讨论与分析.pdf
MDAF0000733,中科金财,研发投入,22,2025年：研发人员数量占比。,002657.SZ,13,报告页码,,表格行,002657.SZ_中科金财_2025_管理层讨论与分析.pdf
MDAF0000734,中科金财,研发投入,22,2025年：研发人员数量（人）。,002657.SZ,13,报告页码,,表格行,002657.SZ_中科金财_2025_管理层讨论与分析.pdf
MDAF0000735,中科金财,研发投入,22,2025年：硕士。,002657.SZ,13,报告页码,,表格行,002657.SZ_中科金财_2025_管理层讨论与分析.pdf
MDAF0000736,中科金财,研发投入,22,业务数据治理平台研发项目。,002657.SZ,13,报告页码,,表格行,002657.SZ_中科金财_2025_管理层讨论与分析.pdf
MDAF0000737,中科金财,研发投入,22,产品完成开发、测试，取得软件著作权证书，已上线投入使用。,002657.SZ,13,报告页码,,表格行,002657.SZ_中科金财_2025_管理层讨论与分析.pdf
MDAF0000738,中科金财,研发投入,22,变动比例：-1.93%。,002657.SZ,13,报告页码,,表格行,002657.SZ_中科金财_2025_管理层讨论与分析.pdf
MDAF0000739,中科金财,研发投入,22,变动比例：-13.14%。,002657.SZ,13,报告页码,,表格行,002657.SZ_中科金财_2025_管理层讨论与分析.pdf
MDAF0000740,中科金财,研发投入,22,变动比例：-23.56%。,002657.SZ,13,报告页码,,表格行,002657.SZ_中科金财_2025_管理层讨论与分析.pdf
MDAF0000741,中科金财,研发投入,22,变动比例：-29.85%。,002657.SZ,13,报告页码,,表格行,002657.SZ_中科金财_2025_管理层讨论与分析.pdf
MDAF0000742,中科金财,研发投入,22,变动比例：-7.55%。,002657.SZ,13,报告页码,,表格行,002657.SZ_中科金财_2025_管理层讨论与分析.pdf
MDAF0000743,中科金财,研发投入,22,变动比例：-9.28%。,002657.SZ,13,报告页码,,表格行,002657.SZ_中科金财_2025_管理层讨论与分析.pdf
MDAF0000744,中科金财,研发投入,22,变动比例：0.00%。,002657.SZ,13,报告页码,,表格行,002657.SZ_中科金财_2025_管理层讨论与分析.pdf
MDAF0000745,中科金财,研发投入,22,变动比例：11.11%。,002657.SZ,13,报告页码,,表格行,002657.SZ_中科金财_2025_管理层讨论与分析.pdf
MDAF0000746,中科金财,研发投入,22,变动比例：14.29%。,002657.SZ,13,报告页码,,表格行,002657.SZ_中科金财_2025_管理层讨论与分析.pdf
MDAF0000747,中科金财,研发投入,22,多模态AI 应用研发项目。,002657.SZ,13,报告页码,,表格行,002657.SZ_中科金财_2025_管理层讨论与分析.pdf
MDAF0000748,中科金财,研发投入,22,实现本体建模效率提升，适配业务场景。,002657.SZ,13,报告页码,,表格行,002657.SZ_中科金财_2025_管理层讨论与分析.pdf
MDAF0000749,中科金财,研发投入,22,已立项，产品研发中。,002657.SZ,13,报告页码,,表格行,002657.SZ_中科金财_2025_管理层讨论与分析.pdf
MDAF0000750,中科金财,研发投入,22,建成统一业务数据管理平台，实现数据口径统一、溯源可查， 提升数据可用性与分析效率。,002657.SZ,13,报告页码,,表格行,002657.SZ_中科金财_2025_管理层讨论与分析.pdf
MDAF0000751,中科金财,研发投入,22,形成多模态AI 应用产品矩阵。,002657.SZ,13,报告页码,,表格行,002657.SZ_中科金财_2025_管理层讨论与分析.pdf
MDAF0000752,中科金财,研发投入,22,持续探索AI 技术在场景的应用，提升公司解决方案的竞争力。,002657.SZ,13,报告页码,,表格行,002657.SZ_中科金财_2025_管理层讨论与分析.pdf
MDAF0000753,中科金财,研发投入,22,本体语义大模型操作系统建设研发项目。,002657.SZ,13,报告页码,,表格行,002657.SZ_中科金财_2025_管理层讨论与分析.pdf
MDAF0000754,中科金财,研发投入,22,构建本体语义大模型操作系统，打通数据孤岛，实现AI 与业务逻辑的深度融合。,002657.SZ,13,报告页码,,表格行,002657.SZ_中科金财_2025_管理层讨论与分析.pdf
MDAF0000755,中科金财,研发投入,22,研发多模态融合应用技术，实现文本、图像、音频等多维度信息的统一理解与生成。,002657.SZ,13,报告页码,,表格行,002657.SZ_中科金财_2025_管理层讨论与分析.pdf
MDAF0000756,中科金财,研发投入,22,解决企业数据口径混乱、溯源困难等问题，实现数据资产规范化管理与高效利用。,002657.SZ,13,报告页码,,表格行,002657.SZ_中科金财_2025_管理层讨论与分析.pdf
MDAF0000757,国盛证券,业务概要,20,信用业务，为客户提供融资融券、股票质押式回购、约定购回等资本中介服务，赚取利息及相关收入。,002670.SZ,1,报告页码,,正文,002670.SZ_国盛证券_2025_管理层讨论与分析.pdf
MDAF0000758,国盛证券,业务概要,20,公司经营业务主要分为六个板块，证券经纪业务、信用业务、证券自营业务、投资银行业务、期货业务、资产管理业务。,002670.SZ,1,报告页码,,正文,002670.SZ_国盛证券_2025_管理层讨论与分析.pdf
MDAF0000759,国盛证券,业务概要,20,其中：证券经纪业务，为个人和机构客户提供证券经纪服务，推广和销售证券及金融产品，通过报告、路演、策略会、调研和电话会议等多种形式提供专业化研究和咨询等服务，赚取手续费、佣金及相关收入。,002670.SZ,1,报告页码,,正文,002670.SZ_国盛证券_2025_管理层讨论与分析.pdf
MDAF0000760,国盛证券,业务概要,20,投资银行业务，为机构客户提供包括股票承销保荐、债券承销、并购重组财务顾问、新三板推荐挂牌等金融服务，赚取承销费、保荐费、财务顾问费及相关收入。,002670.SZ,1,报告页码,,正文,002670.SZ_国盛证券_2025_管理层讨论与分析.pdf
MDAF0000761,国盛证券,业务概要,20,报告期，公司经营业务的业务类型和经营模式没有发生重大变化。,002670.SZ,1,报告页码,,正文,002670.SZ_国盛证券_2025_管理层讨论与分析.pdf
MDAF0000762,国盛证券,业务概要,20,期货业务，为个人和机构客户提供期货经纪服务，赚取手续费、佣金及相关收入。,002670.SZ,1,报告页码,,正文,002670.SZ_国盛证券_2025_管理层讨论与分析.pdf
MDAF0000763,国盛证券,业务概要,20,证券自营业务，从事权益类、固定收益类、直接投资类、衍生类产品及其他金融产品的交易和做市业务，赚取投资收益。,002670.SZ,1,报告页码,,正文,002670.SZ_国盛证券_2025_管理层讨论与分析.pdf
MDAF0000764,国盛证券,业务概要,20,资产管理业务，根据客户需求开发资产管理产品并提供相关服务，包括单一资产管理计划、集合资产管理计划、资产支持专项计划及基于资产管理业务牌照的延伸为资产管理产品（非公开发行）提供投资顾问业务等，赚取管理费、业绩报酬及相关收入。,002670.SZ,1,报告页码,,正文,002670.SZ_国盛证券_2025_管理层讨论与分析.pdf
MDAF0000765,国盛证券,业务概要,20,除上述主要业务外，公司还存在历史存续的非证券类投资项目。,002670.SZ,1,报告页码,,正文,002670.SZ_国盛证券_2025_管理层讨论与分析.pdf
MDAF0000766,国盛证券,核心竞争力,21,2025年公司研究所聚焦产业链一体化研究，强化内外协同联动，主动应对基金行业降费降佣压力，持续深耕专业研究、优化服务质量，进一步巩固行业影响力与品牌口碑。,002670.SZ,2,报告页码,（三）证券投研业务品牌口碑持续巩固，核心竞争力稳步提升,正文,002670.SZ_国盛证券_2025_管理层讨论与分析.pdf
MDAF0000767,国盛证券,核心竞争力,21,2025年，公司金融科技工作多点突破、成果丰硕，信创改造工作超额完成。,002670.SZ,2,报告页码,（四）金融科技后发优势持续释放，数字化转型成效显著,正文,002670.SZ_国盛证券_2025_管理层讨论与分析.pdf
MDAF0000768,国盛证券,核心竞争力,21,依托国资股东资源联动的协同优势，公司围绕江西省打造“三大高地”、实施“五大战略”，积极融入制造业重点产业链现代化建设“1269”行动计划和企业上市“映山红行动”升级工程，发挥投研与综合金融服务优势，为省内各级政府提供专业化地方发展研究报告，助力区域经济结构转型和企业高质量发展。,002670.SZ,2,报告页码,（二）证券业务全国性布局持续完善，江西区域核心优势进一步凸显,正文,002670.SZ_国盛证券_2025_管理层讨论与分析.pdf
MDAF0000769,国盛证券,核心竞争力,21,公司专门成立AI 专项小组、制定专项战略规划，建成AI 基础算力服务器，推动多项AI 应用场景落地见效，有效优化员工端智能化服务，提升业务运营与客户服务效率。,002670.SZ,2,报告页码,（四）金融科技后发优势持续释放，数字化转型成效显著,正文,002670.SZ_国盛证券_2025_管理层讨论与分析.pdf
MDAF0000770,国盛证券,核心竞争力,21,公司作为江西省属唯一上市券商，贯彻“深耕江西、服务全国”发展理念。,002670.SZ,2,报告页码,（二）证券业务全国性布局持续完善，江西区域核心优势进一步凸显,正文,002670.SZ_国盛证券_2025_管理层讨论与分析.pdf
MDAF0000771,国盛证券,核心竞争力,21,公司发挥投研优势和智库作用，为地方经济发展建言献策，应邀为省国资委、南昌市政府等政府单位安排授课，并多次撰写政策建议及分析报告，公司4名业务骨干入选江西省金融研究智库专家名单，积极支持江西金融改革发展。,002670.SZ,2,报告页码,（三）证券投研业务品牌口碑持续巩固，核心竞争力稳步提升,正文,002670.SZ_国盛证券_2025_管理层讨论与分析.pdf
MDAF0000772,国盛证券,核心竞争力,21,公司始终坚持“金融科技强实力”的经营理念，依托后发优势，立足自身资源禀赋，坚持创新与应用双驱动，持续加大金融科技投入，加速推进数字化转型，短时间内实现技术能力与应用水平的快速提升，逐步构建起差异化竞争优势。,002670.SZ,2,报告页码,（四）金融科技后发优势持续释放，数字化转型成效显著,正文,002670.SZ_国盛证券_2025_管理层讨论与分析.pdf
MDAF0000773,国盛证券,核心竞争力,21,公司研究所覆盖6 大类38个研究领域，服务公募基金近150家、保险资管等超90家、外资机构108家、私募等超300家。,002670.SZ,2,报告页码,（三）证券投研业务品牌口碑持续巩固，核心竞争力稳步提升,正文,002670.SZ_国盛证券_2025_管理层讨论与分析.pdf
MDAF0000774,国盛证券,核心竞争力,21,同时，公司持续强化科技成果转化，全年获得6项软件著作权，《国盛证券移动金融客户端》企业标准连续五年荣获金融信息服务领域企业标准“领跑者”称号，国盛通APP 等产品也斩获多项行业荣誉，进一步彰显了公司金融科技的创新实力与行业认可度，为各项业务高质量发展注入强劲科技动能。,002670.SZ,2,报告页码,（四）金融科技后发优势持续释放，数字化转型成效显著,正文,002670.SZ_国盛证券_2025_管理层讨论与分析.pdf
MDAF0000775,国盛证券,核心竞争力,21,同时，公司持续深化区域服务内涵，升级投资者教育与普惠金融服务，赣州投教基地作为省内首家实体全国证券期货投资者教育基地，切实履行投资者保护责任。,002670.SZ,2,报告页码,（二）证券业务全国性布局持续完善，江西区域核心优势进一步凸显,正文,002670.SZ_国盛证券_2025_管理层讨论与分析.pdf
MDAF0000776,国盛证券,核心竞争力,21,在“2025 证券时报最佳分析师”评选中，建筑和工程团队蝉联十六年第1名，计算机团队蝉联五年第1名，国盛研究连续三年最佳研究团队SSR 第6名。,002670.SZ,2,报告页码,（三）证券投研业务品牌口碑持续巩固，核心竞争力稳步提升,正文,002670.SZ_国盛证券_2025_管理层讨论与分析.pdf
MDAF0000777,国盛证券,核心竞争力,21,在北京、上海、深圳等全国重点城市设立业务总部，统筹推进全国范围内的投研、投行、财富管理等核心业务，有效衔接国内优质资源，为全国客户提供专业化、全链条综合金融服务。,002670.SZ,2,报告页码,（二）证券业务全国性布局持续完善，江西区域核心优势进一步凸显,正文,002670.SZ_国盛证券_2025_管理层讨论与分析.pdf
MDAF0000778,国盛证券,核心竞争力,21,在江西省内，公司区域优势持续强化，设有93家分支机构，全面覆盖全省所有市级行政区，分支机构数量稳居省内第一，业务渗透率与市场影响力持续领先。,002670.SZ,2,报告页码,（二）证券业务全国性布局持续完善，江西区域核心优势进一步凸显,正文,002670.SZ_国盛证券_2025_管理层讨论与分析.pdf
MDAF0000779,国盛证券,核心竞争力,21,截至报告期末，公司共设立27家分公司、139家营业网点，分支机构遍及全国27个省级行政区，分支机构数量在行业中居于较前位次。,002670.SZ,2,报告页码,（二）证券业务全国性布局持续完善，江西区域核心优势进一步凸显,正文,002670.SZ_国盛证券_2025_管理层讨论与分析.pdf
MDAF0000780,国盛证券,核心竞争力,21,报告期内公司实施吸收合并国盛证券有限责任公司，2025年10月24日，公司完成名称变更登记，并于11月3日举行“国盛证券股份有限公司”揭牌仪式，标志着自2022年江西国资收购公司以来，公司正式迈入聚焦证券主业、提升核心竞争力的全新发展阶段。,002670.SZ,2,报告页码,（一）国资股东持续赋能，吸收合并圆满收官助力高质量发展,正文,002670.SZ_国盛证券_2025_管理层讨论与分析.pdf
MDAF0000781,国盛证券,核心竞争力,21,江西国资相关股东始终全力支持公司发展，自2022年9月起，控股股东江西交投先后为公司提供26.79亿元股东借款、不超过人民币20亿元的融资担保、不超过35亿元次级债务等，为公司稳健运营和战略落地提供了坚实保障。,002670.SZ,2,报告页码,（一）国资股东持续赋能，吸收合并圆满收官助力高质量发展,正文,002670.SZ_国盛证券_2025_管理层讨论与分析.pdf
MDAF0000782,国盛证券,研发投入,24,主要研发项目名称：智能数据质量监测系统的研究开发。,002670.SZ,5,报告页码,,表格行,002670.SZ_国盛证券_2025_管理层讨论与分析.pdf
MDAF0000783,国盛证券,研发投入,24,拟达到的目标：通过发现和评估数据质量问题，持续跟踪数据全生命周期中的各个环节， 提供针对性的改进方案，优化数据采集、存储和处理流。,002670.SZ,5,报告页码,,表格行,002670.SZ_国盛证券_2025_管理层讨论与分析.pdf
MDAF0000784,国盛证券,研发投入,24,项目目的：旨在发现数据质量存在的问题、评估数据的质量状况、 持续跟踪，有助于提高数据质量，还能为数据治理、决策支持和合规管理。,002670.SZ,5,报告页码,,表格行,002670.SZ_国盛证券_2025_管理层讨论与分析.pdf
MDAF0000785,国盛证券,研发投入,24,项目进展：项目已完成。,002670.SZ,5,报告页码,,表格行,002670.SZ_国盛证券_2025_管理层讨论与分析.pdf
MDAF0000786,国盛证券,研发投入,24,预计对公司未来发展的影响：1）提升数据可靠性，降低数据质量问题引发的损失； 2）加快问题响应，减少运维与修。,002670.SZ,5,报告页码,,表格行,002670.SZ_国盛证券_2025_管理层讨论与分析.pdf
MDAF0000787,国盛证券,研发投入,25,1）减少研发周期和提升研发效率； 2）提升发布效率和质量，提升研发产品的稳定性； 3）提升研发资源利用率。,002670.SZ,6,报告页码,,表格行,002670.SZ_国盛证券_2025_管理层讨论与分析.pdf
MDAF0000788,国盛证券,研发投入,25,1）大幅提升测试效率， 2）优化设备资源分配，降低硬件投资成本。,002670.SZ,6,报告页码,,表格行,002670.SZ_国盛证券_2025_管理层讨论与分析.pdf
MDAF0000789,国盛证券,研发投入,25,1）提高企业的整体运营效率； 2）使得终端用户能够快速获取分析报告和业务预测结果，降低使用门槛。,002670.SZ,6,报告页码,,表格行,002670.SZ_国盛证券_2025_管理层讨论与分析.pdf
MDAF0000790,国盛证券,研发投入,25,1）预计可节省约 30%的后续适配和技术支持费用； 2）预计能够触达更多高净值客户群体，争取20%- 30%的新用户增长。,002670.SZ,6,报告页码,,表格行,002670.SZ_国盛证券_2025_管理层讨论与分析.pdf
MDAF0000791,国盛证券,研发投入,25,2024年：1。,002670.SZ,6,报告页码,,表格行,002670.SZ_国盛证券_2025_管理层讨论与分析.pdf
MDAF0000792,国盛证券,研发投入,25,2024年：2.40%。,002670.SZ,6,报告页码,,表格行,002670.SZ_国盛证券_2025_管理层讨论与分析.pdf
MDAF0000793,国盛证券,研发投入,25,2024年：41。,002670.SZ,6,报告页码,,表格行,002670.SZ_国盛证券_2025_管理层讨论与分析.pdf
MDAF0000794,国盛证券,研发投入,25,2024年：50。,002670.SZ,6,报告页码,,表格行,002670.SZ_国盛证券_2025_管理层讨论与分析.pdf
MDAF0000795,国盛证券,研发投入,25,2024年：8。,002670.SZ,6,报告页码,,表格行,002670.SZ_国盛证券_2025_管理层讨论与分析.pdf
MDAF0000796,国盛证券,研发投入,25,2024年：——。,002670.SZ,6,报告页码,,表格行,002670.SZ_国盛证券_2025_管理层讨论与分析.pdf
MDAF0000797,国盛证券,研发投入,25,2025年：10。,002670.SZ,6,报告页码,,表格行,002670.SZ_国盛证券_2025_管理层讨论与分析.pdf
MDAF0000798,国盛证券,研发投入,25,2025年：1。,002670.SZ,6,报告页码,,表格行,002670.SZ_国盛证券_2025_管理层讨论与分析.pdf
MDAF0000799,国盛证券,研发投入,25,2025年：2.30%。,002670.SZ,6,报告页码,,表格行,002670.SZ_国盛证券_2025_管理层讨论与分析.pdf
MDAF0000800,国盛证券,研发投入,25,2025年：42。,002670.SZ,6,报告页码,,表格行,002670.SZ_国盛证券_2025_管理层讨论与分析.pdf
MDAF0000801,国盛证券,研发投入,25,2025年：53。,002670.SZ,6,报告页码,,表格行,002670.SZ_国盛证券_2025_管理层讨论与分析.pdf
MDAF0000802,国盛证券,研发投入,25,2025年：——。,002670.SZ,6,报告页码,,表格行,002670.SZ_国盛证券_2025_管理层讨论与分析.pdf
MDAF0000803,国盛证券,研发投入,25,2025年：大专。,002670.SZ,6,报告页码,,表格行,002670.SZ_国盛证券_2025_管理层讨论与分析.pdf
MDAF0000804,国盛证券,研发投入,25,2025年：本科。,002670.SZ,6,报告页码,,表格行,002670.SZ_国盛证券_2025_管理层讨论与分析.pdf
MDAF0000805,国盛证券,研发投入,25,2025年：研发人员学历。,002670.SZ,6,报告页码,,表格行,002670.SZ_国盛证券_2025_管理层讨论与分析.pdf
MDAF0000806,国盛证券,研发投入,25,2025年：研发人员数量占比。,002670.SZ,6,报告页码,,表格行,002670.SZ_国盛证券_2025_管理层讨论与分析.pdf
MDAF0000807,国盛证券,研发投入,25,2025年：研发人员数量（人）。,002670.SZ,6,报告页码,,表格行,002670.SZ_国盛证券_2025_管理层讨论与分析.pdf
MDAF0000808,国盛证券,研发投入,25,2025年：硕士。,002670.SZ,6,报告页码,,表格行,002670.SZ_国盛证券_2025_管理层讨论与分析.pdf
MDAF0000809,国盛证券,研发投入,25,AI 驱动下的UI 自动化平台建设的研究开发。,002670.SZ,6,报告页码,,表格行,002670.SZ_国盛证券_2025_管理层讨论与分析.pdf
MDAF0000810,国盛证券,研发投入,25,不仅在于实现国盛通App 在多个操作系统上的同步运营，更在于抢占市场先机，通过鸿蒙版本的上线，提高品牌曝光度，吸引更多用户。,002670.SZ,6,报告页码,,表格行,002670.SZ_国盛证券_2025_管理层讨论与分析.pdf
MDAF0000811,国盛证券,研发投入,25,变动比例：-0.10%。,002670.SZ,6,报告页码,,表格行,002670.SZ_国盛证券_2025_管理层讨论与分析.pdf
MDAF0000812,国盛证券,研发投入,25,变动比例：0.00%。,002670.SZ,6,报告页码,,表格行,002670.SZ_国盛证券_2025_管理层讨论与分析.pdf
MDAF0000813,国盛证券,研发投入,25,变动比例：2.44%。,002670.SZ,6,报告页码,,表格行,002670.SZ_国盛证券_2025_管理层讨论与分析.pdf
MDAF0000814,国盛证券,研发投入,25,变动比例：25.00%。,002670.SZ,6,报告页码,,表格行,002670.SZ_国盛证券_2025_管理层讨论与分析.pdf
MDAF0000815,国盛证券,研发投入,25,变动比例：6.00%。,002670.SZ,6,报告页码,,表格行,002670.SZ_国盛证券_2025_管理层讨论与分析.pdf
MDAF0000816,国盛证券,研发投入,25,变动比例：——。,002670.SZ,6,报告页码,,表格行,002670.SZ_国盛证券_2025_管理层讨论与分析.pdf
MDAF0000817,国盛证券,研发投入,25,国盛证券研发运营一体化系统的研究开发。,002670.SZ,6,报告页码,,表格行,002670.SZ_国盛证券_2025_管理层讨论与分析.pdf
MDAF0000818,国盛证券,研发投入,25,国盛通鸿蒙二期客户端平台建设的研究开发。,002670.SZ,6,报告页码,,表格行,002670.SZ_国盛证券_2025_管理层讨论与分析.pdf
MDAF0000819,国盛证券,研发投入,25,基于大模型的归因分析及业务预测平台的研究开发。,002670.SZ,6,报告页码,,表格行,002670.SZ_国盛证券_2025_管理层讨论与分析.pdf
MDAF0000820,国盛证券,研发投入,25,建设研发运营一体化系统平台，实现研发管理流程的标准化、数字化和自动化，提升研发效率和质量，降低研发成本。,002670.SZ,6,报告页码,,表格行,002670.SZ_国盛证券_2025_管理层讨论与分析.pdf
MDAF0000821,国盛证券,研发投入,25,旨在通过技术创新，打造一个高效、智能的UI 自动化测试平台，通过一系列创新功能和技术手段，全面提升测试效率、可靠性和成本效益， 助力企业实现数字化转型和效率提升。,002670.SZ,6,报告页码,,表格行,002670.SZ_国盛证券_2025_管理层讨论与分析.pdf
MDAF0000822,国盛证券,研发投入,25,通过全面整合需求管理、任务管理、 迭代管理、测试管理、代码管理、 CI/CD 及度量指标等功能，将大幅提升研发流程的标准化、数字化和自动化水平。,002670.SZ,6,报告页码,,表格行,002670.SZ_国盛证券_2025_管理层讨论与分析.pdf
MDAF0000823,国盛证券,研发投入,25,通过创新技术和智能化手段，致力于打造一款高效、可靠的UI 自动化测试平台，充分解决当前券商APP 测试中的痛点问题。,002670.SZ,6,报告页码,,表格行,002670.SZ_国盛证券_2025_管理层讨论与分析.pdf
MDAF0000824,国盛证券,研发投入,25,通过基于 HarmonyOS NEXT 的技术改造，全面实现国盛通App 在IOS、安卓、鸿蒙三大平台的同步运营，利用鸿蒙系统的分布式架构与跨设备协同能力， 提升用户体验并抢占市场先机。,002670.SZ,6,报告页码,,表格行,002670.SZ_国盛证券_2025_管理层讨论与分析.pdf
MDAF0000825,国盛证券,研发投入,25,通过引入大模型技术，建立智能化的归因分析和业务预测平台，提升金融机构的业务分析能力和决策效率。,002670.SZ,6,报告页码,,表格行,002670.SZ_国盛证券_2025_管理层讨论与分析.pdf
MDAF0000826,国盛证券,研发投入,25,通过引入大模型技术，显著提升金融机构在业务分析和决策支持方面的技术水平，推动行业智能化转型。,002670.SZ,6,报告页码,,表格行,002670.SZ_国盛证券_2025_管理层讨论与分析.pdf
MDAF0000827,国盛证券,研发投入,25,项目已完成。,002670.SZ,6,报告页码,,表格行,002670.SZ_国盛证券_2025_管理层讨论与分析.pdf
MDAF0000828,国盛证券,研发投入,26,2024年：0.00%。,002670.SZ,7,报告页码,,表格行,002670.SZ_国盛证券_2025_管理层讨论与分析.pdf
MDAF0000829,国盛证券,研发投入,26,2024年：0.00。,002670.SZ,7,报告页码,,表格行,002670.SZ_国盛证券_2025_管理层讨论与分析.pdf
MDAF0000830,国盛证券,研发投入,26,2024年：0.95%。,002670.SZ,7,报告页码,,表格行,002670.SZ_国盛证券_2025_管理层讨论与分析.pdf
MDAF0000831,国盛证券,研发投入,26,"2024年：16,545,576.97。",002670.SZ,7,报告页码,,表格行,002670.SZ_国盛证券_2025_管理层讨论与分析.pdf
MDAF0000832,国盛证券,研发投入,26,2025年：0.00%。,002670.SZ,7,报告页码,,表格行,002670.SZ_国盛证券_2025_管理层讨论与分析.pdf
MDAF0000833,国盛证券,研发投入,26,2025年：0.00。,002670.SZ,7,报告页码,,表格行,002670.SZ_国盛证券_2025_管理层讨论与分析.pdf
MDAF0000834,国盛证券,研发投入,26,2025年：1.05%。,002670.SZ,7,报告页码,,表格行,002670.SZ_国盛证券_2025_管理层讨论与分析.pdf
MDAF0000835,国盛证券,研发投入,26,"2025年：18,741,642.27。",002670.SZ,7,报告页码,,表格行,002670.SZ_国盛证券_2025_管理层讨论与分析.pdf
MDAF0000836,国盛证券,研发投入,26,2025年：研发投入占营业总收入比例。,002670.SZ,7,报告页码,,表格行,002670.SZ_国盛证券_2025_管理层讨论与分析.pdf
MDAF0000837,国盛证券,研发投入,26,2025年：研发投入资本化的金额 （元）。,002670.SZ,7,报告页码,,表格行,002670.SZ_国盛证券_2025_管理层讨论与分析.pdf
MDAF0000838,国盛证券,研发投入,26,2025年：研发投入金额（元）。,002670.SZ,7,报告页码,,表格行,002670.SZ_国盛证券_2025_管理层讨论与分析.pdf
MDAF0000839,国盛证券,研发投入,26,2025年：资本化研发投入占研发投入的比例。,002670.SZ,7,报告页码,,表格行,002670.SZ_国盛证券_2025_管理层讨论与分析.pdf
MDAF0000840,国盛证券,研发投入,26,——：0.00%。,002670.SZ,7,报告页码,,表格行,002670.SZ_国盛证券_2025_管理层讨论与分析.pdf
MDAF0000841,国盛证券,研发投入,26,——：2.86%。,002670.SZ,7,报告页码,,表格行,002670.SZ_国盛证券_2025_管理层讨论与分析.pdf
MDAF0000842,国盛证券,研发投入,26,——：33.33%。,002670.SZ,7,报告页码,,表格行,002670.SZ_国盛证券_2025_管理层讨论与分析.pdf
MDAF0000843,国盛证券,研发投入,26,——：35。,002670.SZ,7,报告页码,,表格行,002670.SZ_国盛证券_2025_管理层讨论与分析.pdf
MDAF0000844,国盛证券,研发投入,26,——：36。,002670.SZ,7,报告页码,,表格行,002670.SZ_国盛证券_2025_管理层讨论与分析.pdf
MDAF0000845,国盛证券,研发投入,26,——：6。,002670.SZ,7,报告页码,,表格行,002670.SZ_国盛证券_2025_管理层讨论与分析.pdf
MDAF0000846,国盛证券,研发投入,26,——：8。,002670.SZ,7,报告页码,,表格行,002670.SZ_国盛证券_2025_管理层讨论与分析.pdf
MDAF0000847,国盛证券,研发投入,26,——：9。,002670.SZ,7,报告页码,,表格行,002670.SZ_国盛证券_2025_管理层讨论与分析.pdf
MDAF0000848,国盛证券,研发投入,26,变动比例：0.00%。,002670.SZ,7,报告页码,,表格行,002670.SZ_国盛证券_2025_管理层讨论与分析.pdf
MDAF0000849,国盛证券,研发投入,26,变动比例：0.10%。,002670.SZ,7,报告页码,,表格行,002670.SZ_国盛证券_2025_管理层讨论与分析.pdf
MDAF0000850,国盛证券,研发投入,26,变动比例：13.27%。,002670.SZ,7,报告页码,,表格行,002670.SZ_国盛证券_2025_管理层讨论与分析.pdf
MDAF0000851,国盛证券,研发投入,26,研发人员年龄构成：30 岁以下。,002670.SZ,7,报告页码,,表格行,002670.SZ_国盛证券_2025_管理层讨论与分析.pdf
MDAF0000852,国盛证券,研发投入,26,研发人员年龄构成：30~40 岁。,002670.SZ,7,报告页码,,表格行,002670.SZ_国盛证券_2025_管理层讨论与分析.pdf
MDAF0000853,国盛证券,研发投入,26,研发人员年龄构成：40 岁以上。,002670.SZ,7,报告页码,,表格行,002670.SZ_国盛证券_2025_管理层讨论与分析.pdf
MDAF0000854,国盛证券,研发投入,26,不适用。,002670.SZ,7,报告页码,,选项,002670.SZ_国盛证券_2025_管理层讨论与分析.pdf
MDAF0000855,金一文化,业务概要,10,公司主要运营品牌为“越王珠宝”、“越王古法黄金”品牌，主要经营模式为全直营品牌门店零售。,002721.SZ,1,报告页码,生肖守护佛-千手观音,正文,002721.SZ_金一文化_2025_管理层讨论与分析.pdf
MDAF0000856,金一文化,业务概要,10,公司依托行业资源，优先选择资质齐全、信誉良好的供应商及上海黄金交易所相关会员单位，通过现货交易及委外加工采购黄金原料，涵盖黄金饰品、贵金属投资产品、钻翠珠宝饰品等全品类产品，严格审核成品的工艺、质量、检测证书等，确保产品符合国家相关标准及公司品牌定位。,002721.SZ,1,报告页码,生肖守护佛-千手观音,正文,002721.SZ_金一文化_2025_管理层讨论与分析.pdf
MDAF0000857,金一文化,业务概要,10,公司深耕黄金珠宝品牌零售领域，聚焦中高消费市场，打造具有竞争力的黄金珠宝零售品牌，保障公司业务稳定高效运转。,002721.SZ,1,报告页码,生肖守护佛-千手观音,正文,002721.SZ_金一文化_2025_管理层讨论与分析.pdf
MDAF0000858,金一文化,业务概要,10,公司致力于为消费者提供做工精良、设计精美、性价比高，兼具审美与文化价值的黄金珠宝产品，公司为中国黄金协会会员单位，在行业内拥有较高知名度。,002721.SZ,1,报告页码,（一）黄金珠宝零售业务,正文,002721.SZ_金一文化_2025_管理层讨论与分析.pdf
MDAF0000859,金一文化,业务概要,10,哑光质制底，佛宝相庄严、慈感，纹理清晰，配以珍悲肃穆，体态端庄，佛稀玛瑙、绿松。,002721.SZ,1,报告页码,十二生肖午马挂坠,正文,002721.SZ_金一文化_2025_管理层讨论与分析.pdf
MDAF0000860,金一文化,业务概要,10,在产品加工环节，公司采用“外购成品+委托加工”相结合的模式，兼顾产品丰富度与差异化竞争力。,002721.SZ,1,报告页码,生肖守护佛-千手观音,正文,002721.SZ_金一文化_2025_管理层讨论与分析.pdf
MDAF0000861,金一文化,业务概要,10,对于标准化程度高、市场流通广的常规款式产品，以外购成品为主，有效缩短产品上市周期；对于具有品牌特色、定制化需求及特殊工艺的产品，采用委托加工模式，公司全程把控设计、生产、质检等关键环节，明确贵金属纯度、工艺标准、尺寸精度等核心要求，约定合理的物料损耗范围，同时兼顾拓展产品设计风格，满足消费者多样化、个性化的消费需求。,002721.SZ,1,报告页码,生肖守护佛-千手观音,正文,002721.SZ_金一文化_2025_管理层讨论与分析.pdf
MDAF0000862,金一文化,业务概要,10,应人生五福，展现中华产品以珐琅工艺及锦鲤传统文化中喜悦、圆满造型，寓意鸿运当头、的独特寓意。,002721.SZ,1,报告页码,（一）黄金珠宝零售业务,正文,002721.SZ_金一文化_2025_管理层讨论与分析.pdf
MDAF0000863,金一文化,业务概要,10,报告期内，公司部分产品如下图所示：锦鲤，寓意吉祥好运、产品将梅花五瓣绽放对聚财纳福、多子多福。,002721.SZ,1,报告页码,（一）黄金珠宝零售业务,正文,002721.SZ_金一文化_2025_管理层讨论与分析.pdf
MDAF0000864,金一文化,业务概要,10,报告期，公司主营业务涵盖黄金珠宝零售、软件与信息技术服务两大板块业务。,002721.SZ,1,报告页码,,正文,002721.SZ_金一文化_2025_管理层讨论与分析.pdf
MDAF0000865,金一文化,业务概要,10,生肖文化与古法工艺完纯圆环造型的足金戒美结合，正面手工錾刻指，将古法哑光与硬金生肖祥瑞，背面手工花工艺结合，以极简圆融丝缠枝纹，寓意生生不的线条传递圆满永恒、息、富贵吉祥、龙马精纯粹初心的东方美学。,002721.SZ,1,报告页码,圆明园“马上有乾”手环,正文,002721.SZ_金一文化_2025_管理层讨论与分析.pdf
MDAF0000866,金一文化,业务概要,10,由圆明园稀世珍宝兽首“福禄”取自葫芦的谐复刻。,002721.SZ,1,报告页码,点钻红宝梅开五福耳饰,正文,002721.SZ_金一文化_2025_管理层讨论与分析.pdf
MDAF0000867,金一文化,业务概要,10,祈佑佩身光圈照耀火焰纹环戴之人平心静气、祥瑞绕。,002721.SZ,1,报告页码,十二生肖午马挂坠,正文,002721.SZ_金一文化_2025_管理层讨论与分析.pdf
MDAF0000868,金一文化,业务概要,10,纯手工打造，金珠相千手观音，纯手工花丝连，串起好运。,002721.SZ,1,报告页码,十二生肖午马挂坠,正文,002721.SZ_金一文化_2025_管理层讨论与分析.pdf
MDAF0000869,金一文化,业务概要,10,马上有乾音，寓意福禄双全；南（钱），乾坤应和时红玛瑙的喜庆红色则象空，乾象征天，象征领征鸿运与吉祥。,002721.SZ,1,报告页码,点钻红宝梅开五福耳饰,正文,002721.SZ_金一文化_2025_管理层讨论与分析.pdf
MDAF0000870,金一文化,业务概要,11,以更为灵活、智能化的业务系统赋能财富管理业务的产品管理、净值计算、研究分析、风险管理、绩效评价、信息披露、监管报送、运营管理等环节。,002721.SZ,2,报告页码,（1）财富管理业务解决方案主要面向银行等金融机构提供涵盖产品端到资金端的智能、高效匹配服务，,正文,002721.SZ_金一文化_2025_管理层讨论与分析.pdf
MDAF0000871,金一文化,业务概要,11,公司以线下布局品牌直营店作为主要销售终端，选址核心商圈，打造标准化的门店形象，配备专业的销售及服务团队，为消费者提供产品咨询、试戴体验，同时通过门店陈列、节日促销等方式，提升消费者粘性与购买意愿；线上依托电商平台，拓展销售边界，打破地域限制，同步线下产品体系，提供便捷的线上咨询、下单服务，兼顾线上流量引流与线下到店转化，全力提升消费者的购物体验，努力推动品牌影响力与市场份额提升。,002721.SZ,2,报告页码,生肖守护佛-千手观音,正文,002721.SZ_金一文化_2025_管理层讨论与分析.pdf
MDAF0000872,金一文化,业务概要,11,其中，根据服务领域可分为财富管理及金融市场业务解决方案、支付清算业务解决方案以及与之相关的智能数字化客户服务解决方案，三类业务解决方案联动协同、相互促进。,002721.SZ,2,报告页码,（二）软件及信息技术服务业务,正文,002721.SZ_金一文化_2025_管理层讨论与分析.pdf
MDAF0000873,金一文化,业务概要,11,在该模式下，开科唯识综合考虑项目产品构成、定制化难易程度以及产品市场竞争情况等因素进行一定比例的浮动定价，开科唯识收入主要来源于软件交付成果验收模式的相关业务。,002721.SZ,2,报告页码,（1）软件交付成果验收模式,正文,002721.SZ_金一文化_2025_管理层讨论与分析.pdf
MDAF0000874,金一文化,业务概要,11,处理海量、高并发的支付清算业务数据的效率，另一方面还可以帮助银行向更多实体经济业务场景拓展，提供更为安全、规范、便捷的支付清算服务。,002721.SZ,2,报告页码,（2）支付清算业务解决方案覆盖银行支付清算业务的前、中、后台全业务链条，一方面可以提升银行,正文,002721.SZ_金一文化_2025_管理层讨论与分析.pdf
MDAF0000875,金一文化,业务概要,11,开科唯识主要盈利模式分为以下两类：,002721.SZ,2,报告页码,（3）智能数字化客户服务解决方案紧密围绕财富管理及支付清算等相关业务展开，主要面向银行等金,正文,002721.SZ_金一文化_2025_管理层讨论与分析.pdf
MDAF0000876,金一文化,业务概要,11,开科唯识是数字化转型技术及产品供应商，主要为银行等金融机构提供财富管理及金融市场、支付清算、智能数字化客户服务等领域的软件开发及技术服务、运维及咨询服务。,002721.SZ,2,报告页码,（二）软件及信息技术服务业务,正文,002721.SZ_金一文化_2025_管理层讨论与分析.pdf
MDAF0000877,金一文化,业务概要,11,开科唯识财富管理业务的代表性解决方案主要包括财富管理平台、理财分销系统、理财直销系统、资产配置系统、财富管理运营平台、财富管理业务数据中台、投研和风控平台、资金业务系统。,002721.SZ,2,报告页码,（1）财富管理业务解决方案主要面向银行等金融机构提供涵盖产品端到资金端的智能、高效匹配服务，,正文,002721.SZ_金一文化_2025_管理层讨论与分析.pdf
MDAF0000878,金一文化,业务概要,11,报告期内，公司通过现金收购股权以及接受表决权委托的方式合计控制了开科唯识57.48%的表决权，开科唯识成为公司的控股子公司，纳入公司的合并报表范围内。,002721.SZ,2,报告页码,（二）软件及信息技术服务业务,正文,002721.SZ_金一文化_2025_管理层讨论与分析.pdf
MDAF0000879,金一文化,业务概要,11,此外，在运维及数字化咨询服务方面，开科唯识主要系为保障客户应用系统或平台正常运行，对系统或平台进行定期维护或根据客户提出的咨询服务需求出具相应的信息化解决方案的相关咨询或运维服务。,002721.SZ,2,报告页码,（3）智能数字化客户服务解决方案紧密围绕财富管理及支付清算等相关业务展开，主要面向银行等金,正文,002721.SZ_金一文化_2025_管理层讨论与分析.pdf
MDAF0000880,金一文化,业务概要,11,融机构的客户服务业务，提供内嵌了积分、权益等多种活动形式模板的客户服务活动策划及运营平台。,002721.SZ,2,报告页码,（3）智能数字化客户服务解决方案紧密围绕财富管理及支付清算等相关业务展开，主要面向银行等金,正文,002721.SZ_金一文化_2025_管理层讨论与分析.pdf
MDAF0000881,金一文化,业务概要,11,金融市场业务解决方案主要面向银行等金融机构投资端的金融市场业务，提供以估值定价为核心的相关产品。,002721.SZ,2,报告页码,（1）财富管理业务解决方案主要面向银行等金融机构提供涵盖产品端到资金端的智能、高效匹配服务，,正文,002721.SZ_金一文化_2025_管理层讨论与分析.pdf
MDAF0000882,金一文化,业务概要,11,针对不同客户的个性化需求，开科唯识在原型产品基础上、应用其自主研发的技术平台进行继续开发，对客户交付相应的软件产品，客户对其最终交付成果进行验收。,002721.SZ,2,报告页码,（1）软件交付成果验收模式,正文,002721.SZ_金一文化_2025_管理层讨论与分析.pdf
MDAF0000883,金一文化,业务概要,12,业务专用技术层面，由于银行业务本身的多元性、复杂性，不同细分业务领域所需的业务系统具有明显差异。,002721.SZ,3,报告页码,（2）软件外包工作量模式,正文,002721.SZ_金一文化_2025_管理层讨论与分析.pdf
MDAF0000884,金一文化,业务概要,12,公司主要生产模式为外购成品及委托加工。,002721.SZ,3,报告页码,（2）生产模式,正文,002721.SZ_金一文化_2025_管理层讨论与分析.pdf
MDAF0000885,金一文化,业务概要,12,公司需遵守《深圳证券交易所上市公司自律监管指引第3 号——行业信息披露》中珠宝相关业的披露要求黄金珠宝零售业务：,002721.SZ,3,报告页码,（2）软件外包工作量模式,正文,002721.SZ_金一文化_2025_管理层讨论与分析.pdf
MDAF0000886,金一文化,业务概要,12,在该模式下，公司业务收入根据现场人员的级别、专业方向、技能水平等级等因素综合确定。,002721.SZ,3,报告页码,（2）软件外包工作量模式,正文,002721.SZ_金一文化_2025_管理层讨论与分析.pdf
MDAF0000887,金一文化,业务概要,12,在通用技术层面，开科唯识所采用的分布式架构依托其可拓展性强、处理效率高、能更好地满足银行需要处理海量、高并发数据的业务需求，成为银行业务系统市场的发展方向。,002721.SZ,3,报告页码,（2）软件外包工作量模式,正文,002721.SZ_金一文化_2025_管理层讨论与分析.pdf
MDAF0000888,金一文化,业务概要,12,开科唯识以项目工作量为导向，根据客户对技术人员的需求，以工作量法为客户提供软件开发服务，客户定期对开科唯识出具工作量结算单，不涉及对最终交付成果的验收。,002721.SZ,3,报告页码,（2）软件外包工作量模式,正文,002721.SZ_金一文化_2025_管理层讨论与分析.pdf
MDAF0000889,金一文化,业务概要,12,开科唯识基于在财富管理、支付清算等业务领域的丰富实践经验，自主研发了多项核心技术，针对性地解决了各细分业务领域的痛点，从而为相应业务的长期、健康、安全发展提供技术支撑。,002721.SZ,3,报告页码,（2）软件外包工作量模式,正文,002721.SZ_金一文化_2025_管理层讨论与分析.pdf
MDAF0000890,金一文化,业务概要,12,开科唯识的产品及服务已被国内近300 多家金融机构选用，并在逐步从18家大型国有银行和股份制银行向150 余家城商行、4000 余家农商行、农信社、银行理财子公司等其他银行业金融机构和券商、保险、基金及其资管子公司等其他金融机构拓展。,002721.SZ,3,报告页码,（2）软件外包工作量模式,正文,002721.SZ_金一文化_2025_管理层讨论与分析.pdf
MDAF0000891,金一文化,业务概要,12,开科唯识自主研发了基于分布式架构的系统调度与一致性保障技术、大规模批量数据的快速处理技术、海量实时数据的快速处理技术等核心技术，解决了技术痛点，以软件系统的创新架构设计与技术创新提升国产硬件设备的数据处理能力，从而在金融业务数据规模庞大、高并发等特点的情况下，满足金融业务系统的高可靠性、高稳定性、高安全性等要求。,002721.SZ,3,报告页码,（2）软件外包工作量模式,正文,002721.SZ_金一文化_2025_管理层讨论与分析.pdf
MDAF0000892,金一文化,业务概要,12,当前，开科唯识相关业务的核心竞争力主要体现在，基于多年业务经验，对各项具体的业务形成了深刻的理解，使得产品更符合相关业务开展的实际场景需求，同时积极进行自主研发与技术创新，持续提升产品与服务的性能，满足业务发展与创新的需要。,002721.SZ,3,报告页码,（2）软件外包工作量模式,正文,002721.SZ_金一文化_2025_管理层讨论与分析.pdf
MDAF0000893,金一文化,业务概要,12,此外，以核心技术为基础开发形成5个技术平台满足了各产品直接调用，最大程度上减少开发人员的重复开发工作，达到提升开发效率、提高个性化服务能力的效果。,002721.SZ,3,报告页码,（2）软件外包工作量模式,正文,002721.SZ_金一文化_2025_管理层讨论与分析.pdf
MDAF0000894,金一文化,业务概要,12,此外，开科唯识还自主研发了量化金融市场计算技术、金融指标实时计算、以及基于人工智能的金融模型开发、训练及测试技术等核心技术，应用先进的技术能力、将精密的金融模型应用到具体业务场景中，进一步支持相应业务的智能化、数字化发展。,002721.SZ,3,报告页码,（2）软件外包工作量模式,正文,002721.SZ_金一文化_2025_管理层讨论与分析.pdf
MDAF0000895,金一文化,业务概要,12,目前对18家大型国有银行和股份制银行的覆盖率已达83%，对城商行的覆盖率已达70%。,002721.SZ,3,报告页码,（2）软件外包工作量模式,正文,002721.SZ_金一文化_2025_管理层讨论与分析.pdf
MDAF0000896,金一文化,业务概要,13,公司目前在天猫、京东等互联网平台分别开设“越王旗舰店”、“越王黄金旗舰店”等品牌店面，方便消费者在线上选购黄金珠宝产品。,002721.SZ,4,报告页码,（4）门店情况,正文,002721.SZ_金一文化_2025_管理层讨论与分析.pdf
MDAF0000897,金一文化,业务概要,13,"截至2025年12月31日公司线上交易平台营业收入为1,192.28万元，全部为第三方平台的营业收入。",002721.SZ,4,报告页码,（4）门店情况,正文,002721.SZ_金一文化_2025_管理层讨论与分析.pdf
MDAF0000898,金一文化,业务概要,13,截至2025年12月31日，公司共有直营店面58家，其中，报告期内新增直营门店1家，关闭直营门店12家。,002721.SZ,4,报告页码,（4）门店情况,正文,002721.SZ_金一文化_2025_管理层讨论与分析.pdf
MDAF0000899,金一文化,业务概要,13,"报告期（2025年1-12月）新增直营门店情况单位：万元地区店数本期营业收入西南1 1,382.30报告期，公司关闭直营门店12家，关闭的门店2025年1-12月营业收入合计1,998.81万元。",002721.SZ,4,报告页码,2、新增及关闭直营门店的情况,正文,002721.SZ_金一文化_2025_管理层讨论与分析.pdf
MDAF0000900,金一文化,核心竞争力,14,公司品牌协同发力，筑牢业务根基。,002721.SZ,5,报告页码,1.强大的品牌力支撑。报告期内，公司销售收入主要来源于“越王古法黄金”、“越王珠宝”品牌的零售业务，,正文,002721.SZ_金一文化_2025_管理层讨论与分析.pdf
MDAF0000901,金一文化,核心竞争力,14,其中“越王”为中华老字号品牌，始于1901年间，具有深厚的品牌历史积淀，“越王古法黄金”为公司2019年创立品牌，在古法黄金领域具有先发优势。,002721.SZ,5,报告页码,1.强大的品牌力支撑。报告期内，公司销售收入主要来源于“越王古法黄金”、“越王珠宝”品牌的零售业务，,正文,002721.SZ_金一文化_2025_管理层讨论与分析.pdf
MDAF0000902,金一文化,核心竞争力,14,大主体合并，精简后台，既有效控制成本，又提升业务响应速度与垂直管理力度。,002721.SZ,5,报告页码,3.零售业务整合优化，降本增效显著。2025年，公司推进零售业务板块管理整合，将原分区域经营的三,正文,002721.SZ_金一文化_2025_管理层讨论与分析.pdf
MDAF0000903,金一文化,核心竞争力,14,端商场建立合作关系，稳定高效的全一线销售渠道布局为后续业绩提升提供保障。,002721.SZ,5,报告页码,2.高端渠道布局成熟。公司已构建完善的销售网络，越王古法黄金成功与SKP、华润万象等全国一线高,正文,002721.SZ_金一文化_2025_管理层讨论与分析.pdf
MDAF0000904,金一文化,核心竞争力,15,公司子公司开科唯识致力于用软件的力量创新金融服务业，核心业务领域涵盖财富管理、支付清算、智能数字化客户服务等，在国内客户积累、软件产品自主研发与创新等方面具有强大的核心竞争能力。,002721.SZ,6,报告页码,（二）软件及信息技术服务板块,正文,002721.SZ_金一文化_2025_管理层讨论与分析.pdf
MDAF0000905,金一文化,核心竞争力,15,在财务、安全生产、税务、人力管理等方面坚持高标准合规运营，随着行业监管收紧，合规优势愈发凸显。,002721.SZ,6,报告页码,4.全维度合规经营，管理体系成熟完善。公司强化全面预算、分级授权、“三重一大”决策、内部稽核等,正文,002721.SZ_金一文化_2025_管理层讨论与分析.pdf
MDAF0000906,金一文化,核心竞争力,15,在金融信息创新方面，随着国产化进程的加速推进，开科唯识自研产品陆续完成华为、飞腾、麒麟、统信、达梦、龙芯、OceanBase 数据库、TDSQL、东方通等70 余项国产化软硬件生态适配。,002721.SZ,6,报告页码,2、强大的自主研发实力与创新能力,正文,002721.SZ_金一文化_2025_管理层讨论与分析.pdf
MDAF0000907,金一文化,核心竞争力,15,开科唯识已和阿里千问、deepseek、深思考、澜舟等知名企业开展合作。,002721.SZ,6,报告页码,3、国资体系的资源配置与产业协同的赋能,正文,002721.SZ_金一文化_2025_管理层讨论与分析.pdf
MDAF0000908,金一文化,核心竞争力,15,开科唯识拥有国家高新技术企业、中关村高新技术企业、CMMI 5 级认证、ISO9001 质量管理体系认证、ISO27001 信息安全管理体系认证等多项证书，被北京市经济和信息化局评为“北京市企业技术中心”，被北京软件和信息服务业协会评为“2025年北京软件核心竞争力企业”。,002721.SZ,6,报告页码,2、强大的自主研发实力与创新能力,正文,002721.SZ_金一文化_2025_管理层讨论与分析.pdf
MDAF0000909,金一文化,核心竞争力,15,开科唯识是财富管理和支付清算领域具有深厚积累和领先优势的数字化转型技术及产品供应商，深耕银行领域二十余年，凭借卓越的产品性能和客户服务能力，受到市场广泛认可，赢得了良好的声誉。,002721.SZ,6,报告页码,1、深耕多年的客户资源积累,正文,002721.SZ_金一文化_2025_管理层讨论与分析.pdf
MDAF0000910,金一文化,核心竞争力,15,开科唯识深耕银行持续创新发展的财富管理与支付清算等业务领域，致力于解决银行业务系统的痛点，高度重视技术研发和产品创新，通过持续的自主创新形成和不断迭代积累了13项底层通用技术和契合行业需求的专用技术，报告期内，软件及信息技术服务业务收入100%来自于核心技术相关的产品及服务。,002721.SZ,6,报告页码,2、强大的自主研发实力与创新能力,正文,002721.SZ_金一文化_2025_管理层讨论与分析.pdf
MDAF0000911,金一文化,核心竞争力,15,开科唯识鼓励研发人员积极进行产品开发和技术创新，以制度保障以及符合市场标准的待遇维持公司核心技术人员和研发人员的稳定性。,002721.SZ,6,报告页码,2、强大的自主研发实力与创新能力,正文,002721.SZ_金一文化_2025_管理层讨论与分析.pdf
MDAF0000912,金一文化,核心竞争力,15,截止2025年12月31日，开科唯识已取得25项专利，拥有14项注册商标、180 余项计算机软件著作权，现拥有1700 余名IT+金融的复合型人才。,002721.SZ,6,报告页码,2、强大的自主研发实力与创新能力,正文,002721.SZ_金一文化_2025_管理层讨论与分析.pdf
MDAF0000913,金一文化,核心竞争力,15,截至目前，其产品及服务已被国内近300 多家金融机构选用，并在逐步从18家大型国有银行和股份制银行向150 余家城商行、4000 余家农商行、农信社、银行理财子公司等其他银行业金融机构和券商、保险、基金及其资管子公司等其他金融机构拓展。,002721.SZ,6,报告页码,1、深耕多年的客户资源积累,正文,002721.SZ_金一文化_2025_管理层讨论与分析.pdf
MDAF0000914,金一文化,核心竞争力,15,未来，借助海淀区国资体系在软件信息领域的长期战略布局，可以通过海淀区广泛的信息技术领域资源协同，持续为公司整体业务发展赋能。,002721.SZ,6,报告页码,3、国资体系的资源配置与产业协同的赋能,正文,002721.SZ_金一文化_2025_管理层讨论与分析.pdf
MDAF0000915,金一文化,核心竞争力,15,根据软件及信息技术服务业务的未来发展战略规划，开科唯识将聚焦于财富管理与支付清算领域的创新发展，助力金融行业智能化转型，将AI 和大模型技术深度融入财富管理、支付清算、营销服务、客户经营、风险控制等核心场景，打造行业智能金融解决方案；优先构建垂直领域智能体，如理财师助手、客户经理助手等大模型助手，同时推动代码生成、智能问答、数据分析等场景的自动化工具开发，通过AI 技术降低传统开发人力成本，实现人均效能提升，以及深化生态伙伴合作，形成大模型多场景联合解决方案，提供大模型软硬件一体化全栈服务能力。,002721.SZ,6,报告页码,3、国资体系的资源配置与产业协同的赋能,正文,002721.SZ_金一文化_2025_管理层讨论与分析.pdf
MDAF0000916,金一文化,核心竞争力,15,目前对18家大型国有银行和股份制银行的覆盖率已达83%，对城商行的覆盖率已达70%。,002721.SZ,6,报告页码,1、深耕多年的客户资源积累,正文,002721.SZ_金一文化_2025_管理层讨论与分析.pdf
MDAF0000917,金一文化,核心竞争力,15,管理机制，搭配成熟稳定的核心管理团队、关键技术人员及优质专业人才，提升管理规范性与运营效能。,002721.SZ,6,报告页码,4.全维度合规经营，管理体系成熟完善。公司强化全面预算、分级授权、“三重一大”决策、内部稽核等,正文,002721.SZ_金一文化_2025_管理层讨论与分析.pdf
MDAF0000918,金一文化,核心竞争力,15,软件和信息技术服务业是北京市海淀区第一大产业，目前正在全力打造具有全球影响力的人工智能产业高地。,002721.SZ,6,报告页码,3、国资体系的资源配置与产业协同的赋能,正文,002721.SZ_金一文化_2025_管理层讨论与分析.pdf
MDAF0000919,金一文化,研发投入,22,主要研发项目名称：全网收单平台研发项目。,002721.SZ,13,报告页码,,表格行,002721.SZ_金一文化_2025_管理层讨论与分析.pdf
MDAF0000920,金一文化,研发投入,22,拟达到的目标：各微服务可根据不同功能需求进行拆分、组合，运管台使用前后端分离技术，能够充分为实施市场提供基础版本，实现敏捷交付。,002721.SZ,13,报告页码,,表格行,002721.SZ_金一文化_2025_管理层讨论与分析.pdf
MDAF0000921,金一文化,研发投入,22,拟达到的目标：通过与银行支付中后台对接，为银行场景层提供更加丰富的场景支付实现方式。,002721.SZ,13,报告页码,,表格行,002721.SZ_金一文化_2025_管理层讨论与分析.pdf
MDAF0000922,金一文化,研发投入,22,项目目的：满足更多场景支付诉求，能提高客户的经济效益，银行客户的转化、 通过营销策略获取新客户、 实现资金沉淀。,002721.SZ,13,报告页码,,表格行,002721.SZ_金一文化_2025_管理层讨论与分析.pdf
MDAF0000923,金一文化,研发投入,22,项目进展：已经形成稳定版本、 技术能力，在持续优化升级。,002721.SZ,13,报告页码,,表格行,002721.SZ_金一文化_2025_管理层讨论与分析.pdf
MDAF0000924,金一文化,研发投入,22,预计对公司未来发展的影响：本产品能与市场上其他厂家产品完全分开的关键点在于产品利用公司在支付上的建树实现了多个项目技术创新。,002721.SZ,13,报告页码,,表格行,002721.SZ_金一文化_2025_管理层讨论与分析.pdf
MDAF0000925,金一文化,研发投入,22,预计对公司未来发展的影响：该产品能为公司提供一套独立功能的收单系统，为客户带来一套功能新颖技术领先的产品项目。,002721.SZ,13,报告页码,,表格行,002721.SZ_金一文化_2025_管理层讨论与分析.pdf
MDAF0000926,金一文化,研发投入,22,适用。,002721.SZ,13,报告页码,,选项,002721.SZ_金一文化_2025_管理层讨论与分析.pdf
MDAF0000927,金一文化,研发投入,23,2024年：0.00%。,002721.SZ,14,报告页码,,表格行,002721.SZ_金一文化_2025_管理层讨论与分析.pdf
MDAF0000928,金一文化,研发投入,23,2024年：0。,002721.SZ,14,报告页码,,表格行,002721.SZ_金一文化_2025_管理层讨论与分析.pdf
MDAF0000929,金一文化,研发投入,23,2025年：135。,002721.SZ,14,报告页码,,表格行,002721.SZ_金一文化_2025_管理层讨论与分析.pdf
MDAF0000930,金一文化,研发投入,23,2025年：164。,002721.SZ,14,报告页码,,表格行,002721.SZ_金一文化_2025_管理层讨论与分析.pdf
MDAF0000931,金一文化,研发投入,23,2025年：1。,002721.SZ,14,报告页码,,表格行,002721.SZ_金一文化_2025_管理层讨论与分析.pdf
MDAF0000932,金一文化,研发投入,23,2025年：28。,002721.SZ,14,报告页码,,表格行,002721.SZ_金一文化_2025_管理层讨论与分析.pdf
MDAF0000933,金一文化,研发投入,23,2025年：30 岁以下。,002721.SZ,14,报告页码,,表格行,002721.SZ_金一文化_2025_管理层讨论与分析.pdf
MDAF0000934,金一文化,研发投入,23,2025年：7.44%。,002721.SZ,14,报告页码,,表格行,002721.SZ_金一文化_2025_管理层讨论与分析.pdf
MDAF0000935,金一文化,研发投入,23,2025年：86。,002721.SZ,14,报告页码,,表格行,002721.SZ_金一文化_2025_管理层讨论与分析.pdf
MDAF0000936,金一文化,研发投入,23,2025年：大专。,002721.SZ,14,报告页码,,表格行,002721.SZ_金一文化_2025_管理层讨论与分析.pdf
MDAF0000937,金一文化,研发投入,23,2025年：本科。,002721.SZ,14,报告页码,,表格行,002721.SZ_金一文化_2025_管理层讨论与分析.pdf
MDAF0000938,金一文化,研发投入,23,2025年：研发人员学历结构。,002721.SZ,14,报告页码,,表格行,002721.SZ_金一文化_2025_管理层讨论与分析.pdf
MDAF0000939,金一文化,研发投入,23,2025年：研发人员年龄构成。,002721.SZ,14,报告页码,,表格行,002721.SZ_金一文化_2025_管理层讨论与分析.pdf
MDAF0000940,金一文化,研发投入,23,2025年：研发人员数量占比。,002721.SZ,14,报告页码,,表格行,002721.SZ_金一文化_2025_管理层讨论与分析.pdf
MDAF0000941,金一文化,研发投入,23,2025年：研发人员数量（人）。,002721.SZ,14,报告页码,,表格行,002721.SZ_金一文化_2025_管理层讨论与分析.pdf
MDAF0000942,金一文化,研发投入,23,2025年：硕士。,002721.SZ,14,报告页码,,表格行,002721.SZ_金一文化_2025_管理层讨论与分析.pdf
MDAF0000943,金一文化,研发投入,23,上游渠道使用支付平台的支付能力时，支付平台可以根据渠道上送的交易要素，以多种维度完成支付通道的路由选择，最终以最满足该笔交易场景的通道完成交易。,002721.SZ,14,报告页码,,表格行,002721.SZ_金一文化_2025_管理层讨论与分析.pdf
MDAF0000944,金一文化,研发投入,23,产品整体架构设计更加灵活度、业务处理更为高效，进一步提升客户业务处理效率。,002721.SZ,14,报告页码,,表格行,002721.SZ_金一文化_2025_管理层讨论与分析.pdf
MDAF0000945,金一文化,研发投入,23,企业薪酬服务平台研发项目 V2.0。,002721.SZ,14,报告页码,,表格行,002721.SZ_金一文化_2025_管理层讨论与分析.pdf
MDAF0000946,金一文化,研发投入,23,变动比例：100.00%。,002721.SZ,14,报告页码,,表格行,002721.SZ_金一文化_2025_管理层讨论与分析.pdf
MDAF0000947,金一文化,研发投入,23,因此财富平台7.1 在未来市场前景广阔， 理财代销系统作为财富平台7.1 中的子系统，可以随着7.1 平台一起营销，市场前景广阔。,002721.SZ,14,报告页码,,表格行,002721.SZ_金一文化_2025_管理层讨论与分析.pdf
MDAF0000948,金一文化,研发投入,23,国内如此庞大的支付市场就是统一支付的市场。,002721.SZ,14,报告页码,,表格行,002721.SZ_金一文化_2025_管理层讨论与分析.pdf
MDAF0000949,金一文化,研发投入,23,国内金融行业，由于网路支付的繁荣发展，各家银行、支付机构等金融机构都紧跟支付宝、微信的脚步，开始建设统一支付系统和全网收单平台， 力求在网络支付市场中分一杯羹。,002721.SZ,14,报告页码,,表格行,002721.SZ_金一文化_2025_管理层讨论与分析.pdf
MDAF0000950,金一文化,研发投入,23,已经形成稳定版本、 技术能力，在持续优化升级。,002721.SZ,14,报告页码,,表格行,002721.SZ_金一文化_2025_管理层讨论与分析.pdf
MDAF0000951,金一文化,研发投入,23,我司理财分销系统使用平台将各业务系统公共部分进行提炼整合，包括账户体系的整合、交易体系的整合、费用体系的整合以及系统管理的整合， 大大的降低了系统的复杂度和提高系统的易用性，各业务模块间的差异部分采用松耦合的设计思想，即保证了业务的高整合度，系统各业务模块间亦不失灵活性，可根据机构的需要灵活组装，逻辑规划上具有一定的竞争力。,002721.SZ,14,报告页码,,表格行,002721.SZ_金一文化_2025_管理层讨论与分析.pdf
MDAF0000952,金一文化,研发投入,23,持续满足更新的行业规范、各种理财产品、夜市理财以及养老理财等业务需求；持续迭代/重构用户交互设计体验。,002721.SZ,14,报告页码,,表格行,002721.SZ_金一文化_2025_管理层讨论与分析.pdf
MDAF0000953,金一文化,研发投入,23,提升与代销机构对接的速度与接口配置灵活度。,002721.SZ,14,报告页码,,表格行,002721.SZ_金一文化_2025_管理层讨论与分析.pdf
MDAF0000954,金一文化,研发投入,23,提升代发资金的留存率和转化率：帮助银行创新企业服务场景，拓展对公服务边界，搭建对私运营窗口，有效辐射可能业务群体，实现代发资金及时留存和高效转化。,002721.SZ,14,报告页码,,表格行,002721.SZ_金一文化_2025_管理层讨论与分析.pdf
MDAF0000955,金一文化,研发投入,23,提高代发薪业务处理效率。,002721.SZ,14,报告页码,,表格行,002721.SZ_金一文化_2025_管理层讨论与分析.pdf
MDAF0000956,金一文化,研发投入,23,支付平台整合了支付通道（或称“汇路”），对所有需要对接的支付通道进行包装和抽象，再提供统一的支付接口，将支付能力输出给上游渠道。,002721.SZ,14,报告页码,,表格行,002721.SZ_金一文化_2025_管理层讨论与分析.pdf
MDAF0000957,金一文化,研发投入,23,未来将会有大量的资管子公司成立，改变现有的银行理财业务模式，对中小银行自有自有理财业务发生巨大影响。,002721.SZ,14,报告页码,,表格行,002721.SZ_金一文化_2025_管理层讨论与分析.pdf
MDAF0000958,金一文化,研发投入,23,清算处理能力及灵活性全面提升，改善重跑功能，支持分销售商、分产品进行清算，支持批量重做、断点续做以及7X24 小时交易机制；优化按组回滚任务，持续提高清算的性能；持续满足更新的行业规范、以及养老理财夜市理财等新兴产品的业务需求；支持信披文件的交互；持续迭代/重构用户交互设计体验。,002721.SZ,14,报告页码,,表格行,002721.SZ_金一文化_2025_管理层讨论与分析.pdf
MDAF0000959,金一文化,研发投入,23,理财代销子系统研发项目。,002721.SZ,14,报告页码,,表格行,002721.SZ_金一文化_2025_管理层讨论与分析.pdf
MDAF0000960,金一文化,研发投入,23,目前产品在经过迭代的市场投放后， 已经初步实现盈利，24年经过版本迭代后，在产品力层面达到市场绝对领先水平，在推广、poc 过程中占据主导地位，从而推动更多的项目机会落地。,002721.SZ,14,报告页码,,表格行,002721.SZ_金一文化_2025_管理层讨论与分析.pdf
MDAF0000961,金一文化,研发投入,23,统一支付平台 （网联平台） 研发项目。,002721.SZ,14,报告页码,,表格行,002721.SZ_金一文化_2025_管理层讨论与分析.pdf
MDAF0000962,金一文化,研发投入,23,进一步完善客群管理、通道探测、通道监控等功能。,002721.SZ,14,报告页码,,表格行,002721.SZ_金一文化_2025_管理层讨论与分析.pdf
MDAF0000963,金一文化,研发投入,23,通过此举，运营人员可通过运管平台对所有的支付通过进行统一的管理维护。,002721.SZ,14,报告页码,,表格行,002721.SZ_金一文化_2025_管理层讨论与分析.pdf
MDAF0000964,金一文化,研发投入,23,针对不同业务模式进行接口配置、清算流程、驾驶舱功能等方面的升级。,002721.SZ,14,报告页码,,表格行,002721.SZ_金一文化_2025_管理层讨论与分析.pdf
MDAF0000965,金一文化,研发投入,23,针对系统的使用体验、性能、运管操作逻辑等多个方面进行优化升级。,002721.SZ,14,报告页码,,表格行,002721.SZ_金一文化_2025_管理层讨论与分析.pdf
MDAF0000966,金一文化,研发投入,23,银行理财分销系统研发项目。,002721.SZ,14,报告页码,,表格行,002721.SZ_金一文化_2025_管理层讨论与分析.pdf
MDAF0000967,金一文化,研发投入,23,随着产品不断优化和成熟，形成市场竞争力，将会有足够的市场机会和生存空间。,002721.SZ,14,报告页码,,表格行,002721.SZ_金一文化_2025_管理层讨论与分析.pdf
MDAF0000968,金一文化,研发投入,23,随着资管新规的发布，多家银行公布了关于资管子公司的规划。,002721.SZ,14,报告页码,,表格行,002721.SZ_金一文化_2025_管理层讨论与分析.pdf
MDAF0000969,第一创业,业务概要,20,公司及下属子公司主要为机构客户、个人客户提供综合金融产品和服务，从事的主要业务如下：,002797.SZ,3,报告页码,1、公司所从事的主要业务及经营模式,正文,002797.SZ_第一创业_2025_管理层讨论与分析.pdf
MDAF0000970,第一创业,业务概要,20,公司向客户提供证券经纪、证券投资咨询、融资融券、金融产品销售、股票质押式回购等多样化金融服务。,002797.SZ,3,报告页码,（4）证券经纪及信用业务,正文,002797.SZ_第一创业_2025_管理层讨论与分析.pdf
MDAF0000971,第一创业,业务概要,20,公司自营投资及交易业务主要为权益类证券投资、权益类衍生品投资以及新三板做市业务。,002797.SZ,3,报告页码,（6）自营投资及交易业务,正文,002797.SZ_第一创业_2025_管理层讨论与分析.pdf
MDAF0000972,第一创业,业务概要,20,公司通过全资子公司一创投行从事投资银行业务，主要包括股权融资、债权融资、并购重组、结构化融资、新三板推荐挂牌及相关财务顾问等业务。,002797.SZ,3,报告页码,（3）投资银行业务,正文,002797.SZ_第一创业_2025_管理层讨论与分析.pdf
MDAF0000973,第一创业,业务概要,20,公司通过全资子公司一创投资从事私募基金管理业务，设立和管理私募股权投资基金；通过全资子公司创新资本从事另类投资业务，使用自有资金对非上市公司进行股权投资。,002797.SZ,3,报告页码,（5）私募股权基金管理及另类投资业务,正文,002797.SZ_第一创业_2025_管理层讨论与分析.pdf
MDAF0000974,第一创业,业务概要,20,公司通过全资子公司一创期货从事期货业务，主要包括商品期货经纪、金融期货经纪、期货投资咨询业务。,002797.SZ,3,报告页码,（4）证券经纪及信用业务,正文,002797.SZ_第一创业_2025_管理层讨论与分析.pdf
MDAF0000975,第一创业,业务概要,20,客需业务则分为做市交易业务和债券销售业务，做市交易业务是指为客户提供各类固定收益产品的定价支持、做市报价和交易服务；债券销售业务是指固定收益类产品的承销、参团及销售，包括但不限于国债、地方政府债、政策性金融债、同业存单、其他金融债、非金融企业债务融资工具、资产支持证券等。,002797.SZ,3,报告页码,（2）固定收益业务,正文,002797.SZ_第一创业_2025_管理层讨论与分析.pdf
MDAF0000976,第一创业,业务概要,20,本公司是经中国证监会批准设立的综合类证券公司，公司证券业务牌照较为齐全。,002797.SZ,3,报告页码,1、公司所从事的主要业务及经营模式,正文,002797.SZ_第一创业_2025_管理层讨论与分析.pdf
MDAF0000977,第一创业,业务概要,20,根据市场发展和公司业务发展战略，公司对固定收益业务布局进行了调整，将业务拆分为自营投资业务和客需业务。,002797.SZ,3,报告页码,（2）固定收益业务,正文,002797.SZ_第一创业_2025_管理层讨论与分析.pdf
MDAF0000978,第一创业,业务概要,20,母公司主要从事集合资产管理、单一资产管理和专项资产管理等券商资产管理业务；公司通过控股子公司创金合信从事公募基金和私募资产管理等业务。,002797.SZ,3,报告页码,（1）资产管理业务,正文,002797.SZ_第一创业_2025_管理层讨论与分析.pdf
MDAF0000979,第一创业,业务概要,20,自营投资业务是指通过固定收益类产品、固定收益类衍生品的投资配置、投资交易策略的开发，获取自有资金投资收益的业务。,002797.SZ,3,报告页码,（2）固定收益业务,正文,002797.SZ_第一创业_2025_管理层讨论与分析.pdf
MDAF0000980,第一创业,业务概要,21,2025年，公司品牌知名度持续提升，获得一系列荣誉。,002797.SZ,4,报告页码,2、公司市场地位、主要业绩驱动因素及业绩变化,正文,002797.SZ_第一创业_2025_管理层讨论与分析.pdf
MDAF0000981,第一创业,业务概要,21,公司特色鲜明，经营资质较为齐全，具有良好的业务发展基础。,002797.SZ,4,报告页码,2、公司市场地位、主要业绩驱动因素及业绩变化,正文,002797.SZ_第一创业_2025_管理层讨论与分析.pdf
MDAF0000982,第一创业,业务概要,21,公司荣获全国银行间同业拆借中心“最受市场欢迎的信用债做市商”，中央国债登记结算有限责任公司“优秀债券承销机构”，上交所“债券市场交易百强机构”，中国农业发展银行“金融债券优秀做市机构”、“金融债券廿载同行奖”，中国进出口银行“境内人民币金融债券承销做市团优秀做市商”，中国证券报“三年期FOF 型金牛资管计划金牛奖”、“一年期偏债混合型金牛资管计划金牛奖”、“金牛成长营业部”，上海证券报“2025 新锐财富管理机构”、“2025 数智化创新奖”，证券时报“2025 中国证券业投资银行创新项目君鼎奖”、“2025中国证券业财富服务品牌君鼎奖”、“2025 中国证券业投资者教育君鼎奖”、“2025 中国证券业数字化创新服务实践案例君鼎奖”，证券日报“2025‘金骏马奖’务实投教卓越机构奖”，中国基金报“券商资管优秀投资经理（三年期权益）奖项”、“券商资管英华产品示范案例（三年期FOF）奖项”、“权益券商资管示范机构奖项”、“投资者教育创新项目英华奖”、“英华优秀董秘”、“金融科技创新项目英华奖”、“品牌传播创新资产管理机构英华奖”，人民日报“金融创新优秀案例”、“风控创新案例”，深圳证券交易所“信息披露A 类评价”，中国上市公司协会“2025年度上市公司董事会最佳实践案例”、“2025年上市公司董事会秘书履职评价5A 评级”、“2025年上市公司董事会办公室最佳实践”、“2024年度上市公司投资者关系管理最佳实践”、“2025年上市公司可持续发展最佳实践案例”、“上市公司2024年报业绩说明会优秀实践”，中国金融工会“2025年粤港澳大湾区绿色金融技能大赛优秀案例奖”，深圳市绿色金融协会“绿色及可持续金融产品服务创新2025年度优秀案例”，中共深圳市委金融工作委员会“党建创新案例优秀奖”。,002797.SZ,4,报告页码,2、公司市场地位、主要业绩驱动因素及业绩变化,正文,002797.SZ_第一创业_2025_管理层讨论与分析.pdf
MDAF0000983,第一创业,业务概要,21,报告期内，公司经营稳健，固定收益业务、资产管理业务、投资银行业务、证券经纪及信用业务、自营投资及交易业务等各项业务稳步发展。,002797.SZ,4,报告页码,2、公司市场地位、主要业绩驱动因素及业绩变化,正文,002797.SZ_第一创业_2025_管理层讨论与分析.pdf
MDAF0000984,第一创业,业务概要,21,自北京国管成为公司第一大股东以来，公司依托股东赋能与战略协同，全方位推动市场拓展与业务发展。,002797.SZ,4,报告页码,2、公司市场地位、主要业绩驱动因素及业绩变化,正文,002797.SZ_第一创业_2025_管理层讨论与分析.pdf
MDAF0000985,第一创业,核心竞争力,21,公司以“成就企业家和投资者的梦想”为使命，以“追求可持续发展，做受人尊敬的一流投资银行”为愿景；坚持“以客户为中心，打造具有固定收益特色优势，以资产管理和投行业务驱动综合金融服务能力的一流投资银行”的战略目标，保持战略定力，增强发展活力；积极把握资本市场全面深化改革的机遇，锐意进取、踔厉奋发，在特色化和差异化发展上重点部署，进一步做大客户基础，做大资产规模，提升产品服务能力，提升投资者回报，形成特色化的核心竞争力。,002797.SZ,4,报告页码,1、保持战略定力，坚持经营理念,正文,002797.SZ_第一创业_2025_管理层讨论与分析.pdf
MDAF0000986,第一创业,核心竞争力,22,2025年，公司持续夯实企业文化建设，积极践行“五要五不”中国特色金融文化，弘扬中华优秀传统文化，持续开展“创行天下”、“书山引路•好书共读”、“学海行舟•好课共学”等系列活动，将文化建设工作落到实处。,002797.SZ,5,报告页码,3、党建引领，夯实优秀的企业文化,正文,002797.SZ_第一创业_2025_管理层讨论与分析.pdf
MDAF0000987,第一创业,核心竞争力,22,健康的股权结构使公司具有混合所有制企业的优势，有利于公司持续健康发展。,002797.SZ,5,报告页码,2、健康的股权结构，有效的公司治理机制,正文,002797.SZ_第一创业_2025_管理层讨论与分析.pdf
MDAF0000988,第一创业,核心竞争力,22,公司以党建为引领，文化传承为根基，厚植“合规、诚信、专业、稳健”的行业文化理念，培育积极向上的企业文化，营造干事创业的良好氛围，不断增强企业凝聚力。,002797.SZ,5,报告页码,3、党建引领，夯实优秀的企业文化,正文,002797.SZ_第一创业_2025_管理层讨论与分析.pdf
MDAF0000989,第一创业,核心竞争力,22,公司坚持以习近平新时代中国特色社会主义思想为指导，贯彻落实党中央及上级党委各项重大部署要求，打造坚强有力的战斗堡垒，发挥党员先锋模范作用；创新开展丰富多样的党建活动，抓实党风廉政建设，营造风清气正的工作环境。,002797.SZ,5,报告页码,3、党建引领，夯实优秀的企业文化,正文,002797.SZ_第一创业_2025_管理层讨论与分析.pdf
MDAF0000990,第一创业,核心竞争力,22,公司始终秉承“诚信、进取、创新”的核心价值观，形成了“开放、创新、包容、协作”的海洋文化。,002797.SZ,5,报告页码,3、党建引领，夯实优秀的企业文化,正文,002797.SZ_第一创业_2025_管理层讨论与分析.pdf
MDAF0000991,第一创业,核心竞争力,22,公司始终秉持“以客户为中心”的经营理念，持续强化功能性发挥，不断探求深度理解客户，精准服务客户，强化客户服务质效。,002797.SZ,5,报告页码,1、保持战略定力，坚持经营理念,正文,002797.SZ_第一创业_2025_管理层讨论与分析.pdf
MDAF0000992,第一创业,核心竞争力,22,公司将企业文化的内涵纳入各类员工招聘、培训、考核、晋升体系中，将企业文化理念贯穿于公司发展和经营管理的各个方面。,002797.SZ,5,报告页码,3、党建引领，夯实优秀的企业文化,正文,002797.SZ_第一创业_2025_管理层讨论与分析.pdf
MDAF0000993,第一创业,核心竞争力,22,公司持续打造“一个一创”客户管理与协同服务体系，建立战略客户服务体系，夯实投研能力，强化链接投资者和产业客户的服务能力，强化内外部协同力度，动态优化协同和交叉销售机制，培育协同文化，调整组织架构和业务流程，提升组织效率和协同效能，开展综合金融新业务模式探索；聚焦服务国家战略，扎实做好金融“五篇大文章”，提升服务实体经济和服务居民财富管理质效，积极布局科技创新领域，支持新质生产力发展，进一步强化北交所业务布局，坚持债券业务高质量发展；围绕京津冀、粤港澳大湾区、长三角等重点区域，加大人员、资源投入，提升服务水平；积极探索金融科技在客户服务、交易策略、风控合规等方面的应用，以技术创新提升服务质效，实现经营管理全面数字化转型；优化人才结构，持续加大人才梯队建设和专业能力培养，致力于为客户提供专业、精准、高效的综合金融服务。,002797.SZ,5,报告页码,1、保持战略定力，坚持经营理念,正文,002797.SZ_第一创业_2025_管理层讨论与分析.pdf
MDAF0000994,第一创业,核心竞争力,22,公司股权结构进一步夯实。,002797.SZ,5,报告页码,2、健康的股权结构，有效的公司治理机制,正文,002797.SZ_第一创业_2025_管理层讨论与分析.pdf
MDAF0000995,第一创业,核心竞争力,22,北京国管成为公司第一大股东，进一步增强了公司的股东背景，巩固了健康、稳定的股权结构，为公司实现高质量发展奠定了稳固的基石。,002797.SZ,5,报告页码,2、健康的股权结构，有效的公司治理机制,正文,002797.SZ_第一创业_2025_管理层讨论与分析.pdf
MDAF0000996,第一创业,核心竞争力,22,截至报告期末，公司持股比例排名前五的股东为北京国管、北京京国瑞国企改革发展基金（有限合伙）、北京首农食品集团有限公司、华熙昕宇投资有限公司和中国建设银行股份有限公司－国泰中证全指证券公司交易型开放式指数证券投资基金，股东性质涵盖国有企业、民营企业、私募基金和公募基金。,002797.SZ,5,报告页码,2、健康的股权结构，有效的公司治理机制,正文,002797.SZ_第一创业_2025_管理层讨论与分析.pdf
MDAF0000997,第一创业,核心竞争力,22,报告期内，北京国管通过强化股东赋能与战略协同，全力支持公司发展，促进公司价值提升。,002797.SZ,5,报告页码,2、健康的股权结构，有效的公司治理机制,正文,002797.SZ_第一创业_2025_管理层讨论与分析.pdf
MDAF0000998,第一创业,核心竞争力,23,作为国内首家加入联合国支持的负责任投资原则组织（以下简称“UN PRI”）的证券公司，公司与首都经济贸易大学等机构联合发起成立国内首家专门开展ESG 研究的高校智库——中国ESG 研究院；行业首家支持并落实TCFD（气候相关财务信息披露工作组）信息披露建议；创设并持续运作行业首个固定收益类ESG 券商资管产品系列，通过先发优势及特色化投研体系打造固定收益类ESG 资管品牌；与首都经济贸易大学中国ESG 研究院等机构联合牵头起草发布国内首个企业ESG 信息披露标准《企业ESG 披露指南》团体标准，并配套牵头起草发布《企业ESG 评价体系》和《企业ESG 报告编制指南》团体标准；成为中国上市公司协会可持续发展委员会委员单位，作为深圳市绿色金融协会绿色金融标准委员会副主任委员单位，参与深圳市地方标准《金融机构投融资环境效益信息披露指标要求》《绿色金融统计规范》《绿色投资评估指南》制定。,002797.SZ,6,报告页码,4、建立ESG 先发优势，提升可持续发展能力,正文,002797.SZ_第一创业_2025_管理层讨论与分析.pdf
MDAF0000999,第一创业,核心竞争力,23,公司以企业文化为依托，形成“公开、公平、透明、市场化”的人力资源政策，推行“为贡献/业绩付薪、为潜力付薪、为能力付薪”的薪酬理念，培养有理想、有道德、有正确的思维方式、有持续系统的学习能力的合格第一创业人。,002797.SZ,6,报告页码,3、党建引领，夯实优秀的企业文化,正文,002797.SZ_第一创业_2025_管理层讨论与分析.pdf
MDAF0001000,第一创业,核心竞争力,23,公司在ESG 领域已经创造了多个行业第一，建立并持续巩固ESG 先发优势，不断提升公司可持续发展能力。,002797.SZ,6,报告页码,4、建立ESG 先发优势，提升可持续发展能力,正文,002797.SZ_第一创业_2025_管理层讨论与分析.pdf
MDAF0001001,第一创业,核心竞争力,23,公司将可持续发展纳入公司愿景和发展战略，始终将自身发展与社会进步、环境改善紧密相连。,002797.SZ,6,报告页码,4、建立ESG 先发优势，提升可持续发展能力,正文,002797.SZ_第一创业_2025_管理层讨论与分析.pdf
MDAF0001002,第一创业,核心竞争力,23,公司成立ESG 委员会，在董事会领导下全面统筹推进ESG 实践，持续完善ESG 投研体系，健全ESG风险管理制度体系，丰富ESG 产品和服务，积极输出ESG 实践经验，提升可持续发展能力和影响力。,002797.SZ,6,报告页码,4、建立ESG 先发优势，提升可持续发展能力,正文,002797.SZ_第一创业_2025_管理层讨论与分析.pdf
MDAF0001003,第一创业,核心竞争力,23,公司独特的企业文化在培养、选拔、推动内部员工成长的同时，也吸引了一批优秀人才加入，有效提高员工的积极性、认同度与专业服务能力，已经成为公司在激烈的市场竞争中持续发展的重要因素。,002797.SZ,6,报告页码,3、党建引领，夯实优秀的企业文化,正文,002797.SZ_第一创业_2025_管理层讨论与分析.pdf
MDAF0001004,第一创业,核心竞争力,23,截至报告期末，公司深交所国证ESG 评级为AA 级，Wind ESG 评级为A 级，商道融绿ESG 评级为A 级且ESG 综合得分位列A 股非银金融行业第一。,002797.SZ,6,报告页码,4、建立ESG 先发优势，提升可持续发展能力,正文,002797.SZ_第一创业_2025_管理层讨论与分析.pdf
MDAF0001005,第一创业,核心竞争力,23,报告期内，公司荣获中国上市公司协会“2025年上市公司可持续发展最佳实践案例”、中国金融工会2025年粤港澳大湾区绿色金融技能大赛“优秀案例奖”、深圳市绿色金融协会“绿色及可持续金融产品服务创新2025年度优秀案例”、商道融绿“中国企业ESG 领先者2025”徽章等系列权威奖项。,002797.SZ,6,报告页码,4、建立ESG 先发优势，提升可持续发展能力,正文,002797.SZ_第一创业_2025_管理层讨论与分析.pdf
MDAF0001006,第一创业,核心竞争力,23,近年来，公司从战略高度全面践行ESG 可持续发展理念，以ESG 治理为核心，以重要性议题管理为抓手，从ESG 治理、ESG 投融资、ESG 风险管理、ESG 信息披露和ESG 生态系统建设等方面深入开展ESG 实践，致力于成为ESG 实践的行业先行者和倡导者。,002797.SZ,6,报告页码,4、建立ESG 先发优势，提升可持续发展能力,正文,002797.SZ_第一创业_2025_管理层讨论与分析.pdf
MDAF0001007,第一创业,研发投入,38,不适用。,002797.SZ,21,报告页码,,选项,002797.SZ_第一创业_2025_管理层讨论与分析.pdf
MDAF0001008,张家港行,业务概要,10,一是情系百姓显担当。,002839.SZ,1,报告页码,（二）业务发展模式,正文,002839.SZ_张家港行_2025_管理层讨论与分析.pdf
MDAF0001009,张家港行,业务概要,10,一是聚焦科创金融服务难点。,002839.SZ,1,报告页码,（二）业务发展模式,正文,002839.SZ_张家港行_2025_管理层讨论与分析.pdf
MDAF0001010,张家港行,业务概要,10,三是创新发展养老金融。,002839.SZ,1,报告页码,（二）业务发展模式,正文,002839.SZ_张家港行_2025_管理层讨论与分析.pdf
MDAF0001011,张家港行,业务概要,10,不断提升场景化服务质效，在智慧医疗领域深耕细作，成功落地智慧物业、智慧旅游等多项特色场景；深度融合金融服务与生活场景，上线“大家家园”小程序，集政务民生、好物惠享、金融服务于一体，构建“生活+金融”社区循环生态。,002839.SZ,1,报告页码,（二）业务发展模式,正文,002839.SZ_张家港行_2025_管理层讨论与分析.pdf
MDAF0001012,张家港行,业务概要,10,二是打造金融生态圈。,002839.SZ,1,报告页码,（二）业务发展模式,正文,002839.SZ_张家港行_2025_管理层讨论与分析.pdf
MDAF0001013,张家港行,业务概要,10,以数币“乡村行”活动率先发行旅游主题硬钱包，成为苏州首家上线聚合码一码通扫功能的农商行。,002839.SZ,1,报告页码,（二）业务发展模式,正文,002839.SZ_张家港行_2025_管理层讨论与分析.pdf
MDAF0001014,张家港行,业务概要,10,做强公司金融，打造振兴实体、赋能成长的政企伙伴银行。,002839.SZ,1,报告页码,（二）业务发展模式,正文,002839.SZ_张家港行_2025_管理层讨论与分析.pdf
MDAF0001015,张家港行,业务概要,10,做深普惠金融，打造情系本土、深耕当地的普惠精品银行。,002839.SZ,1,报告页码,（二）业务发展模式,正文,002839.SZ_张家港行_2025_管理层讨论与分析.pdf
MDAF0001016,张家港行,业务概要,10,创新思路，聚焦标杆小区建设，打造“大家商圈·大家集市”定点宣传模式，普惠客群基础实现再夯实。,002839.SZ,1,报告页码,（二）业务发展模式,正文,002839.SZ_张家港行_2025_管理层讨论与分析.pdf
MDAF0001017,张家港行,业务概要,10,吸收公众存款；发放短期、中期和长期贷款；办理国内外结算；办理票据承兑与贴现；代理收付款项及代理保险业务；代理发行、代理兑付、承销政府债券；买卖政府债券、金融债券；从事同业拆借；提供保管箱服务；办理借记卡业务；外汇存款；外汇贷款；外汇汇款；外币兑换；结汇、售汇；资信调查、咨询、见证服务；经中国银行业监督管理委员会批准的其他业务。,002839.SZ,1,报告页码,（一）经营范围,正文,002839.SZ_张家港行_2025_管理层讨论与分析.pdf
MDAF0001018,张家港行,业务概要,10,将“网格走访+公益反诈”相结合，积极扩大走访盟友圈，联合市公安局、社会治理现代化指挥中心等，组建全市金融系统首支千人“反诈金融卫士”队伍，打造“金网融合·服务万家”品牌。,002839.SZ,1,报告页码,（二）业务发展模式,正文,002839.SZ_张家港行_2025_管理层讨论与分析.pdf
MDAF0001019,张家港行,业务概要,10,截至2025年末，本行累计开展走访15405 场次，触达94万人次。,002839.SZ,1,报告页码,（二）业务发展模式,正文,002839.SZ_张家港行_2025_管理层讨论与分析.pdf
MDAF0001020,张家港行,业务概要,10,报告期内，面对复杂经济环境与多重挑战，本行深入贯彻国家政策和监管要求，保持“做小做散”战略定力，坚守“服务三农两小、服务实体经济、服务城乡居民”的市场定位，实施“控风险、夯基础、强落地见效。,002839.SZ,1,报告页码,（二）业务发展模式,正文,002839.SZ_张家港行_2025_管理层讨论与分析.pdf
MDAF0001021,张家港行,业务概要,10,深入开展科“11183”发展规划：秉持“1”大愿景“中国农村金融先行者”，肩负“1”个使命“让普惠金融触手可及”，致力于打造农商行系统内“高质量发展标杆银行”这“1”个总目标，构筑“8”大支撑能力，保障公司金融、普惠金融、金融市场“3”大业务板块高效运行。,002839.SZ,1,报告页码,（二）业务发展模式,正文,002839.SZ_张家港行_2025_管理层讨论与分析.pdf
MDAF0001022,张家港行,业务概要,10,着力构建三大业务协同发展格局——做深普惠金融筑牢民生底色、做强公司金融提升服务成色、做专金融市场擦亮专业本色，聚力打造“普惠精品、政企伙伴、稳健投资”三大银行，在服务实体经济高质量发展中稳健前行。,002839.SZ,1,报告页码,（二）业务发展模式,正文,002839.SZ_张家港行_2025_管理层讨论与分析.pdf
MDAF0001023,张家港行,业务概要,10,联合民政局开展智慧养老助餐资金托管，以市民卡为载体完成110个银发餐厅资金监管，支持老年人在社区助餐服务点进行充值、消费、查询等业务，为银发族营造集智能、便捷、舒适、实惠于一体的就餐环境。,002839.SZ,1,报告页码,（二）业务发展模式,正文,002839.SZ_张家港行_2025_管理层讨论与分析.pdf
MDAF0001024,张家港行,业务概要,10,聚力攻坚克难，深化改革转型，坚持以客户为中队伍”总方针，纵深推进“11183”发展规划心，整合资源深耕长尾客群。,002839.SZ,1,报告页码,（二）业务发展模式,正文,002839.SZ_张家港行_2025_管理层讨论与分析.pdf
MDAF0001025,张家港行,业务概要,10,自试点以来，数币累计交易金额超928亿元。,002839.SZ,1,报告页码,（二）业务发展模式,正文,002839.SZ_张家港行_2025_管理层讨论与分析.pdf
MDAF0001026,张家港行,业务概要,11,一是精益管理，降本优配增收益。,002839.SZ,2,报告页码,（二）业务发展模式,正文,002839.SZ_张家港行_2025_管理层讨论与分析.pdf
MDAF0001027,张家港行,业务概要,11,三是深耕网格缩短服务半径。,002839.SZ,2,报告页码,（二）业务发展模式,正文,002839.SZ_张家港行_2025_管理层讨论与分析.pdf
MDAF0001028,张家港行,业务概要,11,三是锐意进取，财富管理新阶段。,002839.SZ,2,报告页码,（二）业务发展模式,正文,002839.SZ_张家港行_2025_管理层讨论与分析.pdf
MDAF0001029,张家港行,业务概要,11,不断加大对绿色产业集群示范项目、资源能源循环高效利用项目、清洁能源供给项目等信贷投入。,002839.SZ,2,报告页码,（二）业务发展模式,正文,002839.SZ_张家港行_2025_管理层讨论与分析.pdf
MDAF0001030,张家港行,业务概要,11,二是资质拓维，投资序列优架构。,002839.SZ,2,报告页码,（二）业务发展模式,正文,002839.SZ_张家港行_2025_管理层讨论与分析.pdf
MDAF0001031,张家港行,业务概要,11,二是驶入绿色金融发展快车道。,002839.SZ,2,报告页码,（二）业务发展模式,正文,002839.SZ_张家港行_2025_管理层讨论与分析.pdf
MDAF0001032,张家港行,业务概要,11,依托融合营销平台实现公司零售营销网格深度协同，实现重点区域、产业客户全覆盖。,002839.SZ,2,报告页码,（二）业务发展模式,正文,002839.SZ_张家港行_2025_管理层讨论与分析.pdf
MDAF0001033,张家港行,业务概要,11,做专金融市场，打造高周转、轻资本的稳健投资银行。,002839.SZ,2,报告页码,（二）业务发展模式,正文,002839.SZ_张家港行_2025_管理层讨论与分析.pdf
MDAF0001034,张家港行,业务概要,11,发挥地方性法人银行“小灵快”的优势，打通金融惠企利民最后一公里。,002839.SZ,2,报告页码,（二）业务发展模式,正文,002839.SZ_张家港行_2025_管理层讨论与分析.pdf
MDAF0001035,张家港行,业务概要,11,四是构筑稳外贸金融新生态。,002839.SZ,2,报告页码,（二）业务发展模式,正文,002839.SZ_张家港行_2025_管理层讨论与分析.pdf
MDAF0001036,张家港行,业务概要,11,截至2025年末，本行科技型企业贷款余额119.89亿元，较年初增长17.70亿元，增幅17.32%。,002839.SZ,2,报告页码,（二）业务发展模式,正文,002839.SZ_张家港行_2025_管理层讨论与分析.pdf
MDAF0001037,张家港行,业务概要,11,截至2025年末，本行绿色贷款余额及户数较年初增长26.05%、21.09%，跑出绿色金融加速度。,002839.SZ,2,报告页码,（二）业务发展模式,正文,002839.SZ_张家港行_2025_管理层讨论与分析.pdf
MDAF0001038,张家港行,业务概要,11,技金融体系建设，从架构优化、资源倾斜、产品创新、集群服务等方面主动打破制约，制定符合自身发展的特色化经营模式。,002839.SZ,2,报告页码,（二）业务发展模式,正文,002839.SZ_张家港行_2025_管理层讨论与分析.pdf
MDAF0001039,张家港行,业务概要,11,持续强化投研体系建设，通过精细化管理资产账户，以顺势思维灵活应对市场变化；主动拉长负债久期，择机吸收月内低价资金，有效压降负债成本；灵活开展货币基金投资、债券逆回购及同业存单投资，多渠道增厚资金业务收益。,002839.SZ,2,报告页码,（二）业务发展模式,正文,002839.SZ_张家港行_2025_管理层讨论与分析.pdf
MDAF0001040,张家港行,业务概要,11,持续推进围绕“以客户为中心”进行的财富管理业务，贯彻“自营+代销”双轨发展战略，强化自营理财发行创新与运作管理，丰富代销产品体系，满足客户日益多元的财富管理需求。,002839.SZ,2,报告页码,（二）业务发展模式,正文,002839.SZ_张家港行_2025_管理层讨论与分析.pdf
MDAF0001041,张家港行,业务概要,11,本地机构全面实施属地化经营，深化五级网格体系建设。,002839.SZ,2,报告页码,（二）业务发展模式,正文,002839.SZ_张家港行_2025_管理层讨论与分析.pdf
MDAF0001042,张家港行,业务概要,11,本行金港湾瑞享9 号净值型人民币理财产品分别荣获2025 英华奖、金誉奖、上证鹰金理财产品奖。,002839.SZ,2,报告页码,（二）业务发展模式,正文,002839.SZ_张家港行_2025_管理层讨论与分析.pdf
MDAF0001043,张家港行,业务概要,11,积极申请业务资质牌照，成功获批“非金融企业债务融资工具承销商”资质，标志着我行在服务企业直接融资领域迈出了关键一步。,002839.SZ,2,报告页码,（二）业务发展模式,正文,002839.SZ_张家港行_2025_管理层讨论与分析.pdf
MDAF0001044,张家港行,业务概要,11,突出专业投资序列，调优板块架构。,002839.SZ,2,报告页码,（二）业务发展模式,正文,002839.SZ_张家港行_2025_管理层讨论与分析.pdf
MDAF0001045,张家港行,业务概要,11,精准聚焦涉外产业链企业的融资与服务需求，为企业定制涵盖融资、结算、汇率避险的一站式金融方案，切实缓解外贸企业融资压力，有效缓释汇率波动风险。,002839.SZ,2,报告页码,（二）业务发展模式,正文,002839.SZ_张家港行_2025_管理层讨论与分析.pdf
MDAF0001046,张家港行,业务概要,11,至2025年末，财富业务规模达264.81亿元，较年初新增40.27亿元，增幅17.93%。,002839.SZ,2,报告页码,（二）业务发展模式,正文,002839.SZ_张家港行_2025_管理层讨论与分析.pdf
MDAF0001047,张家港行,业务概要,11,落实绿色金融三年发展规划，以服务实体经济为导向，积极支持绿色、低碳、循环经济发展，助力地方经济绿色转型和社会可持续发展。,002839.SZ,2,报告页码,（二）业务发展模式,正文,002839.SZ_张家港行_2025_管理层讨论与分析.pdf
MDAF0001048,张家港行,业务概要,11,通过机制创新、产品迭代与服务升级，构建起覆盖交易全周期稳外贸金融支持体系，为地方外向型企业保驾护航。,002839.SZ,2,报告页码,（二）业务发展模式,正文,002839.SZ_张家港行_2025_管理层讨论与分析.pdf
MDAF0001049,张家港行,核心竞争力,11,本行连续16年入围英国《银行家》杂志全球银行1000强，2025年排名502位，较上年提升28位；蝉联“中国服务业企业500强”、“江苏服务业100强”、“陀螺”评价体系县域农商银行第三名；获深市上市公司信息披露最高评级A级、江苏省外汇业务合规与审慎经营评估A类银行、2025年度苏州市数字人民币试点专项工作先进单位等多项荣誉。,002839.SZ,2,报告页码,,正文,002839.SZ_张家港行_2025_管理层讨论与分析.pdf
MDAF0001050,张家港行,核心竞争力,12,AI技术深度融入业务场景，BI看板全面覆盖核心领域，科技赋能贯穿业务全链条，驱动数字化经营整体跃升。,002839.SZ,3,报告页码,,正文,002839.SZ_张家港行_2025_管理层讨论与分析.pdf
MDAF0001051,张家港行,核心竞争力,12,人才队伍融合向新。,002839.SZ,3,报告页码,,正文,002839.SZ_张家港行_2025_管理层讨论与分析.pdf
MDAF0001052,张家港行,核心竞争力,12,区域品牌优势明显。,002839.SZ,3,报告页码,,正文,002839.SZ_张家港行_2025_管理层讨论与分析.pdf
MDAF0001053,张家港行,核心竞争力,12,在合规基础上，以客户需求为中心，秉持简洁高效理念，致力于持续推进流程优化，打造“短平快”“小而美”银行。,002839.SZ,3,报告页码,,正文,002839.SZ_张家港行_2025_管理层讨论与分析.pdf
MDAF0001054,张家港行,核心竞争力,12,市场空间潜力广阔。,002839.SZ,3,报告页码,,正文,002839.SZ_张家港行_2025_管理层讨论与分析.pdf
MDAF0001055,张家港行,核心竞争力,12,持续迭代核心系统、信贷系统，优化升级手机银行等，为全行业务运营、信贷拓展和精细化管理保驾护航。,002839.SZ,3,报告页码,,正文,002839.SZ_张家港行_2025_管理层讨论与分析.pdf
MDAF0001056,张家港行,核心竞争力,12,数智驱动科技赋能。,002839.SZ,3,报告页码,,正文,002839.SZ_张家港行_2025_管理层讨论与分析.pdf
MDAF0001057,张家港行,核心竞争力,12,新数据中心正式启用，全面采用绿色环保技术，系统效能与网络安全可靠性显著增强。,002839.SZ,3,报告页码,,正文,002839.SZ_张家港行_2025_管理层讨论与分析.pdf
MDAF0001058,张家港行,核心竞争力,12,本行为全国首家由农信社改制组建成立的农商行，蕴含“敢为人先、创新改革”的天然基因，具有决策链条短、决策效率高的灵活主动优势。,002839.SZ,3,报告页码,,正文,002839.SZ_张家港行_2025_管理层讨论与分析.pdf
MDAF0001059,张家港行,核心竞争力,12,本行作为区域性农商行，在苏州、无锡、南通及青岛等经济活跃地区，设有异地机构网点21家，布局深入长三角核心腹地，先进制造、现代服务、生物医药、科创领域等新兴产业集聚效应明显，经济转型发展动能强劲，发展空间巨大。,002839.SZ,3,报告页码,,正文,002839.SZ_张家港行_2025_管理层讨论与分析.pdf
MDAF0001060,张家港行,核心竞争力,12,本行总部所在区域连续32年位居中国百强县（市）前三甲，作为本土唯一的一级法人银行，深耕港城多年，与当地政府、企业及居民保持天然的紧密关系，具有极强的地缘人脉优势，本地网点密集遍布市区乡镇，客户基础广泛而扎实，具备做熟、做透本地市场的先天条件，本地存贷款市场份额常年名列前茅。,002839.SZ,3,报告页码,,正文,002839.SZ_张家港行_2025_管理层讨论与分析.pdf
MDAF0001061,张家港行,核心竞争力,12,机制体制优势明显。,002839.SZ,3,报告页码,,正文,002839.SZ_张家港行_2025_管理层讨论与分析.pdf
MDAF0001062,张家港行,核心竞争力,12,队伍专业化：将原四支营销队伍整编为公司、普惠两支主力军，深耕细作、分层经营，在细分市场领域专业性得到显著提高。,002839.SZ,3,报告页码,,正文,002839.SZ_张家港行_2025_管理层讨论与分析.pdf
MDAF0001063,张家港行,核心竞争力,12,队伍综合化：立足客户需求多元化场景，促进一线营销融合、基层与机关融合、前台与中后台融合等多元融合，队伍综合化服务能力显著增强。,002839.SZ,3,报告页码,,正文,002839.SZ_张家港行_2025_管理层讨论与分析.pdf
MDAF0001064,华西证券,业务概要,21,各项业务中，财富管理转型获行业认可，荣获证券时报“2025 中国证券业投资者教育君鼎奖”“2025 中国证券业投资顾问服务君鼎奖”“2025 中国证券业APP 运营团队君鼎奖”“2025 中国证券业财富经纪数字化实践案例君鼎奖”；荣获新财富最佳投资顾问“卓越组织奖”和“最具潜力投资顾问团队第二名”、中国证券报“基金投顾新锐金牛奖”、财联社“最佳基金投顾奖”与“最佳客户体验奖”；在中国经济信息社2025年度发起的基金投顾“金谘机构”评选中，公司“华彩安逸投”获“新锐优势金谘机构”称号。,002926.SZ,1,报告页码,2、报告期内公司各业务的行业地位,正文,002926.SZ_华西证券_2025_管理层讨论与分析.pdf
MDAF0001065,华西证券,业务概要,21,截至报告期末，公司融资融券余额（不含利息）243.77亿元；债券承销规模141亿元；投资业务综合运用多种场内外金融工具，持续打造非方向性投资交易能力；公司资管业务在债券投资、资产证券化方面已经具备了较强的行业竞争力和一定的品牌影响力，资产证券化业务发行规模123亿元。,002926.SZ,1,报告页码,2、报告期内公司各业务的行业地位,正文,002926.SZ_华西证券_2025_管理层讨论与分析.pdf
MDAF0001066,华西证券,业务概要,21,报告期内，本公司及子公司主要从事经纪及财富管理业务、信用业务、投资银行业务、资产管理业务、投资业务、公募基金管理业务以及其他业务。,002926.SZ,1,报告页码,1、报告期内公司所从事的主要业务,正文,002926.SZ_华西证券_2025_管理层讨论与分析.pdf
MDAF0001067,华西证券,业务概要,21,经纪及财富管理业务：主要为证券和期货经纪业务、推广和代理销售金融产品业务、提供专业化研究和咨询服务业务等；信用业务：主要为融资融券业务、股票质押式回购业务、约定购回式证券交易业务等资金融通业务；投资银行业务：主要为向机构客户提供金融服务，具体包括股票承销保荐、债券承销、并购重组财务顾问和新三板推荐等业务；资产管理业务：主要为公司作为集合、单一和专项资管产品以及私募基金管理人提供的资产管理服务；投资业务：主要为公司从事权益类、固定收益类、衍生类产品及其他金融产品的交易和做市业务；报告期内及报告期末至本报告披露日，本公司及子公司的主营业务、经营模式、业绩驱动因素等未发生重大变化。,002926.SZ,1,报告页码,1、报告期内公司所从事的主要业务,正文,002926.SZ_华西证券_2025_管理层讨论与分析.pdf
MDAF0001068,华西证券,核心竞争力,22,一是持续抓住行情机遇，拓展多元获客渠道，夯实客户基础、改善客户结构。,002926.SZ,2,报告页码,3、较强的经纪业务竞争实力,正文,002926.SZ_华西证券_2025_管理层讨论与分析.pdf
MDAF0001069,华西证券,核心竞争力,22,三是双融业务借助高效的协同配合、成熟健全的工作机制，深耕高净值客户服务，完善融资定价机制，持续挖掘融资融券业务潜力。,002926.SZ,2,报告页码,3、较强的经纪业务竞争实力,正文,002926.SZ_华西证券_2025_管理层讨论与分析.pdf
MDAF0001070,华西证券,核心竞争力,22,与此同时，公司注重风险管理能力提升，进一步完善全面风险管理体系。,002926.SZ,2,报告页码,1、西部地区综合实力保持领先,正文,002926.SZ_华西证券_2025_管理层讨论与分析.pdf
MDAF0001071,华西证券,核心竞争力,22,二是证券投资顾问业务收入规模创历史新高，通过组合式产品服务推动产品体系升级，实现从“标准化服务”到“个性化价值服务”的转型，依托高质量增值服务满足客户多元化需求。,002926.SZ,2,报告页码,3、较强的经纪业务竞争实力,正文,002926.SZ_华西证券_2025_管理层讨论与分析.pdf
MDAF0001072,华西证券,核心竞争力,22,五是集约化试点取得突破，依托线上数字化运营平台，为大众客户提供符合其需求的标准化产品与智能化服务内容，实现对大众客群运营规模、精度和效率的有效提升。,002926.SZ,2,报告页码,3、较强的经纪业务竞争实力,正文,002926.SZ_华西证券_2025_管理层讨论与分析.pdf
MDAF0001073,华西证券,核心竞争力,22,公司可有效利用地方政策支持和股东资源支持，基于零售客户日益增加的金融服务需求，加快业务从传统通道服务向综合财富管理服务方向转型发展；基于机构客户多样化融资需求，以资本中介和创新投资银行服务为手段，开拓新的运营模式和盈利模式，丰富公司收入和利润来源。,002926.SZ,2,报告页码,2、极具发展潜力的区位优势,正文,002926.SZ_华西证券_2025_管理层讨论与分析.pdf
MDAF0001074,华西证券,核心竞争力,22,公司在充分发挥四川地区区域优势的基础上，在北京、上海、深圳、广州、重庆、天津、南京、杭州、大连、宁波、青岛等经济发达的重点城市和省会城市进行战略布局，初步完成了全国性经营网络的构建，截至报告期末，分支机构数量已超过130家。,002926.SZ,2,报告页码,2、极具发展潜力的区位优势,正文,002926.SZ_华西证券_2025_管理层讨论与分析.pdf
MDAF0001075,华西证券,核心竞争力,22,公司按照“立足四川、面向全国”的发展方针，充分发挥自身区域资源优势，针对性实施在全国范围战略布局。,002926.SZ,2,报告页码,2、极具发展潜力的区位优势,正文,002926.SZ_华西证券_2025_管理层讨论与分析.pdf
MDAF0001076,华西证券,核心竞争力,22,公司的机构网点、客户基础等重要资源主要集中在四川省内。,002926.SZ,2,报告页码,2、极具发展潜力的区位优势,正文,002926.SZ_华西证券_2025_管理层讨论与分析.pdf
MDAF0001077,华西证券,核心竞争力,22,公司秉承成为价值驱动，极具活力和特色的全国一流证券金融服务商的发展目标，持续以客户为中心，聚焦重点区域和重点行业，打造新的营销服务业务组织体系，构建“研究+投资+投行+财富管理”的新商业模式，做强财富管理、固定收益等优势特色业务，形成特色化、差异化的竞争优势，持续提升具有华西特色的核心竞争力。,002926.SZ,2,报告页码,,正文,002926.SZ_华西证券_2025_管理层讨论与分析.pdf
MDAF0001078,华西证券,核心竞争力,22,四川是西部经济、人口以及资源大省。,002926.SZ,2,报告页码,2、极具发展潜力的区位优势,正文,002926.SZ_华西证券_2025_管理层讨论与分析.pdf
MDAF0001079,华西证券,核心竞争力,22,四是基金投顾蓄势发力，公司目前已形成较为健全的产品体系和业务模式，全面覆盖客户活钱管理、稳健保值、平衡增值与长期投资等场景需求。,002926.SZ,2,报告页码,3、较强的经纪业务竞争实力,正文,002926.SZ_华西证券_2025_管理层讨论与分析.pdf
MDAF0001080,华西证券,核心竞争力,22,在西部地区领先的综合实力、竞争能力以及品牌影响力是公司未来在西部地区乃至全国范围内业务拓展的坚实基础。,002926.SZ,2,报告页码,1、西部地区综合实力保持领先,正文,002926.SZ_华西证券_2025_管理层讨论与分析.pdf
MDAF0001081,华西证券,核心竞争力,22,经过多年经营发展，公司在四川地区已形成了较为显著的经营网络优势和客户资源优势。,002926.SZ,2,报告页码,2、极具发展潜力的区位优势,正文,002926.SZ_华西证券_2025_管理层讨论与分析.pdf
MDAF0001082,华西证券,核心竞争力,22,近年来，公司持续推进经营转型，在传统业务保持良好发展态势的同时，衍生品投资、券商结算业务、基金投顾等新兴业务快速发展，并打造以客户为中心的全业务链综合服务体系。,002926.SZ,2,报告页码,1、西部地区综合实力保持领先,正文,002926.SZ_华西证券_2025_管理层讨论与分析.pdf
MDAF0001083,华西证券,核心竞争力,22,近年来，四川省经济持续快速发展，西部大开发持续深入，中国（四川）自由贸易试验区扎实推进，成渝双城经济圈建设、成渝共建西部金融中心加速推进，这些安排部署将为四川乃至西部经济发展注入新的动力。,002926.SZ,2,报告页码,2、极具发展潜力的区位优势,正文,002926.SZ_华西证券_2025_管理层讨论与分析.pdf
MDAF0001084,华西证券,核心竞争力,22,面对加速演进的行业变革及日趋激烈的市场竞争，在机遇和挑战并存的关键时点，公司主动拥抱行业变化和监管新规，坚定不移地巩固并做大公司在营销、投顾、双融等传统交易业务领域的特色优势，推动零售业务实现了规模跃升、结构优化、营收突破。,002926.SZ,2,报告页码,3、较强的经纪业务竞争实力,正文,002926.SZ_华西证券_2025_管理层讨论与分析.pdf
MDAF0001085,华西证券,核心竞争力,23,2025年，公司固定收益业务持续巩固核心竞争优势，加速推进FICC战略转型落地。,002926.SZ,3,报告页码,4、巩固创新的固定收益FICC 业务,正文,002926.SZ_华西证券_2025_管理层讨论与分析.pdf
MDAF0001086,华西证券,核心竞争力,23,三大业务板块在交易管理中台的统筹协调与支持下，战略协同效应进一步增强，有效推动了业务业绩的稳健增长和市场份额的有力巩固。,002926.SZ,3,报告页码,4、巩固创新的固定收益FICC 业务,正文,002926.SZ_华西证券_2025_管理层讨论与分析.pdf
MDAF0001087,华西证券,核心竞争力,23,专业高效的管理团队保障了公司保持较高的经营效率，并能够继续带领公司在竞争激烈的证券行业中保持优势。,002926.SZ,3,报告页码,6、良好的公司治理结构和专业高效的管理团队,正文,002926.SZ_华西证券_2025_管理层讨论与分析.pdf
MDAF0001088,华西证券,核心竞争力,23,公司固定收益业务多年来始终坚守低风险、高效率的运行原则，在深入研究分析国家宏观经济、货币政策、利率走势以及市场运行特征的基础上，通过规范化运作、流程化管理以及科学的决策程序，持续增厚组合收益、实现公司收益最优化。,002926.SZ,3,报告页码,4、巩固创新的固定收益FICC 业务,正文,002926.SZ_华西证券_2025_管理层讨论与分析.pdf
MDAF0001089,华西证券,核心竞争力,23,公司成立以来，坚持稳健发展经营理念，通过持续推动经营模式转型升级，优化收入结构和利润来源。,002926.SZ,3,报告页码,5、稳定的经营能力,正文,002926.SZ_华西证券_2025_管理层讨论与分析.pdf
MDAF0001090,华西证券,核心竞争力,23,公司持续强化优势业务盈利能力。,002926.SZ,3,报告页码,5、稳定的经营能力,正文,002926.SZ_华西证券_2025_管理层讨论与分析.pdf
MDAF0001091,华西证券,核心竞争力,23,公司控股股东老窖集团是大型国有企业，实力雄厚。,002926.SZ,3,报告页码,6、良好的公司治理结构和专业高效的管理团队,正文,002926.SZ_华西证券_2025_管理层讨论与分析.pdf
MDAF0001092,华西证券,核心竞争力,23,公司现有高级管理人员团队在经营运营和业务发展领域拥有较丰富的经验，高级管理层结构稳定，经过多年合作形成了稳健、诚信、务实的经营风格，对公司文化高度认同。,002926.SZ,3,报告页码,6、良好的公司治理结构和专业高效的管理团队,正文,002926.SZ_华西证券_2025_管理层讨论与分析.pdf
MDAF0001093,华西证券,核心竞争力,23,公司股东会、董事会及经理层各司其职，相互制衡，有利于保障全体股东的合法利益，保证了公司持续、独立、稳定的经营环境。,002926.SZ,3,报告页码,6、良好的公司治理结构和专业高效的管理团队,正文,002926.SZ_华西证券_2025_管理层讨论与分析.pdf
MDAF0001094,华西证券,核心竞争力,23,公司通过不断优化完善绩效考核机制，加强业务协同的有效性和针对性，提升资源配置效率。,002926.SZ,3,报告页码,5、稳定的经营能力,正文,002926.SZ_华西证券_2025_管理层讨论与分析.pdf
MDAF0001095,华西证券,核心竞争力,23,华能资本服务有限公司、四川剑南春（集团）有限责任公司等持有公司5%以上股份的其他主要股东均为在其各自行业内拥有较强综合实力和影响力的企业，较为多元的股权结构为本公司建立健全公司治理提供了良好基础。,002926.SZ,3,报告页码,6、良好的公司治理结构和专业高效的管理团队,正文,002926.SZ_华西证券_2025_管理层讨论与分析.pdf
MDAF0001096,华西证券,核心竞争力,23,同时，通过对创新业务资源的有效整合投入，将传统资源优势逐步转化为创新业务产出，扩大收入来源，提升盈利水平。,002926.SZ,3,报告页码,5、稳定的经营能力,正文,002926.SZ_华西证券_2025_管理层讨论与分析.pdf
MDAF0001097,华西证券,核心竞争力,23,在以“投资驱动、做市筑基、销售赋能”三位一体业务矩阵为核心的FICC综合服务体系基础上，进一步着力优化体系效能。,002926.SZ,3,报告页码,4、巩固创新的固定收益FICC 业务,正文,002926.SZ_华西证券_2025_管理层讨论与分析.pdf
MDAF0001098,华西证券,研发投入,26,不适用。,002926.SZ,6,报告页码,,选项,002926.SZ_华西证券_2025_管理层讨论与分析.pdf
MDAF0001099,郑州银行,业务概要,14,本行为公司银行客户提供多元化的金融产品和服务，包括公司贷款（含贸易融资）、国际业务及服务、公司存款、手续费及佣金类业务产品和服务。,002936.SZ,2,报告页码,,正文,002936.SZ_郑州银行_2025_管理层讨论与分析.pdf
MDAF0001100,郑州银行,业务概要,14,本行主营业务主要包括公司银行业务、零售银行业务和金融市场业务等。,002936.SZ,2,报告页码,,正文,002936.SZ_郑州银行_2025_管理层讨论与分析.pdf
MDAF0001101,郑州银行,业务概要,14,本行向零售银行客户提供多样化的产品和服务，包括贷款、存款、财富管理、银行卡、手续费及佣金类业务产品和服务。,002936.SZ,2,报告页码,,正文,002936.SZ_郑州银行_2025_管理层讨论与分析.pdf
MDAF0001102,郑州银行,业务概要,14,本行的金融市场业务在满足本行流动性需求的同时，寻求资金回报最大化，主要包括货币市场交易、证券及其他金融资产投资、债券承分销、票据转贴现与再贴现及代客资金业务。,002936.SZ,2,报告页码,,正文,002936.SZ_郑州银行_2025_管理层讨论与分析.pdf
MDAF0001103,郑州银行,业务概要,14,郑州银行始终坚持“服务地方经济、服务中小企业、服务城乡居民”定位，根植郑州，深耕河南，锚定建设一流城商行目标，转换经营机制，提升经营质效，持续塑造特色化、差异化、专业化竞争优势，为广大客户提供优质、便捷、高效的综合化金融服务，不断提升金融服务实体经济效能。,002936.SZ,2,报告页码,,正文,002936.SZ_郑州银行_2025_管理层讨论与分析.pdf
MDAF0001104,郑州银行,业务概要,14,郑州银行成立于1996年11月，2015年12月在香港联交所上市，2018年9月在深交所上市，是全国首家“A+H”股上市城商行。,002936.SZ,2,报告页码,,正文,002936.SZ_郑州银行_2025_管理层讨论与分析.pdf
MDAF0001105,郑州银行,核心竞争力,15,专业专注，强化敬业、勤业、创业、立业的理念，全面提升全员专业能力；精益求精，端正一丝不苟、严谨细致的态度，引导全行发扬“工匠精神”；打造铁军，树立铁的信念、铁的担当、铁的纪律，做到政治过硬、意志坚定、本领高强。,002936.SZ,3,报告页码,,正文,002936.SZ_郑州银行_2025_管理层讨论与分析.pdf
MDAF0001106,郑州银行,核心竞争力,15,作为地方法人银行，本行根植郑州、深耕河南，始终坚持与地方经济紧密相融，携手共进。,002936.SZ,3,报告页码,,正文,002936.SZ_郑州银行_2025_管理层讨论与分析.pdf
MDAF0001107,郑州银行,核心竞争力,15,努力建强干部队伍，优化人才引领支撑。,002936.SZ,3,报告页码,,正文,002936.SZ_郑州银行_2025_管理层讨论与分析.pdf
MDAF0001108,郑州银行,核心竞争力,15,区域经济发展良好，带来重要发展机遇。,002936.SZ,3,报告页码,,正文,002936.SZ_郑州银行_2025_管理层讨论与分析.pdf
MDAF0001109,郑州银行,核心竞争力,15,合规审慎管理，实现稳健经营。,002936.SZ,3,报告页码,,正文,002936.SZ_郑州银行_2025_管理层讨论与分析.pdf
MDAF0001110,郑州银行,核心竞争力,15,始终坚持“服务地方经济、服务中小企业、服务城乡居民”的市场定位，持续推动业务特色化发展。,002936.SZ,3,报告页码,,正文,002936.SZ_郑州银行_2025_管理层讨论与分析.pdf
MDAF0001111,郑州银行,核心竞争力,15,定期开展制度梳理和合规审查，坚持对经营管理活动事前、事中、事后各环节实施检查，全面筑牢内控合规工作基础；深入推进员工行为管理，逐级落实案件防控责任，树立主动合规导向；重视员工合规理念和合规技能教育，筑牢合规发展基石，促进各项业务稳步健康发展；持续强化风险三道防线建设，加大违规问责力度，及时消除风险隐患。,002936.SZ,3,报告页码,,正文,002936.SZ_郑州银行_2025_管理层讨论与分析.pdf
MDAF0001112,郑州银行,核心竞争力,15,战略目标清晰，业务特色鲜明。,002936.SZ,3,报告页码,,正文,002936.SZ_郑州银行_2025_管理层讨论与分析.pdf
MDAF0001113,郑州银行,核心竞争力,15,提升科技金融服务能力，精准赋能科技企业。,002936.SZ,3,报告页码,,正文,002936.SZ_郑州银行_2025_管理层讨论与分析.pdf
MDAF0001114,郑州银行,核心竞争力,15,本行树立“合规发展”底线思维，营造“合规经营，稳健发展”良好氛围，持续提升内控合规管理水平。,002936.SZ,3,报告页码,,正文,002936.SZ_郑州银行_2025_管理层讨论与分析.pdf
MDAF0001115,郑州银行,核心竞争力,15,本行积极响应河南建设国家创新高地的战略部署，全力做好“科技金融大文章”，不断引导金融资源向科技创新领域集聚。,002936.SZ,3,报告页码,,正文,002936.SZ_郑州银行_2025_管理层讨论与分析.pdf
MDAF0001116,郑州银行,核心竞争力,15,本行紧盯业务与管理急缺岗位，大力引进领军人才和专业人才，建立柔性引才引智机制；通过多种形式，选拔政治素质过硬、贡献突出的优秀干部；全面推进干部队伍改革，树立忠诚干净担当的用人导向；完善业务培训体系，打造学习型、专家型团队，坚持用专业服务客户。,002936.SZ,3,报告页码,,正文,002936.SZ_郑州银行_2025_管理层讨论与分析.pdf
MDAF0001117,郑州银行,核心竞争力,15,省会郑州占据国家重要交通枢纽、国家中心城市等众多区位优势，发展潜力强劲。,002936.SZ,3,报告页码,,正文,002936.SZ_郑州银行_2025_管理层讨论与分析.pdf
MDAF0001118,郑州银行,核心竞争力,15,秉持创新发展理念，稳步推进业务转型，主动思变、求变、谋变，夯实高质量发展基础，更好践行服务实体经济使命。,002936.SZ,3,报告页码,,正文,002936.SZ_郑州银行_2025_管理层讨论与分析.pdf
MDAF0001119,郑州银行,核心竞争力,15,良好的区域发展前景，为本行高质量发展提供了重要政策机遇、历史机遇。,002936.SZ,3,报告页码,,正文,002936.SZ_郑州银行_2025_管理层讨论与分析.pdf
MDAF0001120,郑州银行,核心竞争力,15,近年来，河南经济发展提质增效，众多国家战略规划和平台密集落地，战略地位和综合竞争优势日益突出。,002936.SZ,3,报告页码,,正文,002936.SZ_郑州银行_2025_管理层讨论与分析.pdf
MDAF0001121,郑州银行,核心竞争力,15,通过强化顶层布局、增设科技特色支行、打造复合型专业团队、创新金融产品、构建创新生态等举措，持续提升科技金融立体服务能力，促进企业技术创新提质增效，为全省产业转型升级和经济高质量发展注入新动能。,002936.SZ,3,报告页码,,正文,002936.SZ_郑州银行_2025_管理层讨论与分析.pdf
MDAF0001122,郑州银行,核心竞争力,15,重塑企业文化，坚守企业愿景。,002936.SZ,3,报告页码,,正文,002936.SZ_郑州银行_2025_管理层讨论与分析.pdf
MDAF0001123,郑州银行,核心竞争力,16,主要获奖情况2025年11月，每日经济新闻授予本行“金鼎奖 - 年度支持地方经济发展奖”；2025年12月，证券市场周刊授予本行“优秀金融企业奖”；2025年12月，和讯网授予本行“2025年度区域服务领军银行”；2025年12月，中国经营报授予本行“卓越竞争力区域金融服务银行”。,002936.SZ,4,报告页码,2.4,正文,002936.SZ_郑州银行_2025_管理层讨论与分析.pdf
MDAF0001124,京北方,业务概要,10,公司充分利用AI 引领的产业变革，“抢抓机遇”全面满足客户在核心业务、渠道营销、运营管理、风险控制及数据平台等方面的数智化赋能需求，致力于在智能经济生态中，以效果为导向引导客户落地“数据－决策－行动”的数智神经中枢，通过多元业态与创新模式助力客户实现增收创利、降本增效。,002987.SZ,1,报告页码,,正文,002987.SZ_京北方_2025_管理层讨论与分析.pdf
MDAF0001125,京北方,业务概要,10,在京北方研究院主导的“产学研用”协同创新体系推动下，公司自主研发了众多国产化适配软件产品及AI 智能体，形成“咨询+产品+解决方案+服务”四位一体的综合服务体系。,002987.SZ,1,报告页码,,正文,002987.SZ_京北方_2025_管理层讨论与分析.pdf
MDAF0001126,京北方,业务概要,10,本公司作为国内领先的数智技术与金融科技服务商，依托人工智能、大数据、区块链、云计算、隐私计算、数字孪生及量子科技等新一代信息技术，为银行、非银金融机构以及优质非金融企业客户，提供人工智能与大数据创新产品、金融科技解决方案及全链条数智化运营服务。,002987.SZ,1,报告页码,,正文,002987.SZ_京北方_2025_管理层讨论与分析.pdf
MDAF0001127,京北方,核心竞争力,12,公司业务合作对象覆盖各类银行业金融机构，同时涵盖多领域非银金融机构，并延伸至金融基础设施、政府、各类国有企业及多元化非金融实体，已实现核心银行业客户的全覆盖，并持续加大对中小银行、非银金融机构及非金融机构客户的开拓与服务力度，客户结构不断优化。,002987.SZ,3,报告页码,1、立体化的优质客户资源布局,正文,002987.SZ_京北方_2025_管理层讨论与分析.pdf
MDAF0001128,京北方,核心竞争力,12,公司基于立体化的优质客户资源布局、兼具广度与深度的行业经验积淀、体系化的研发组织及创新能力、以及数智化能力支撑的精益运营，构筑起显著的竞争壁垒，形成可持续发展的核心竞争优势。,002987.SZ,3,报告页码,,正文,002987.SZ_京北方_2025_管理层讨论与分析.pdf
MDAF0001129,京北方,核心竞争力,12,公司始终注重稳固与核心客户的长期合作关系，同时积极拓展新兴客户群体，中小银行、非银金融机构及非金融机构客户业务增长势头良好，成为公司未来持续发展的重要增长极，进一步丰富和完善了公司的客户生态。,002987.SZ,3,报告页码,1、立体化的优质客户资源布局,正文,002987.SZ_京北方_2025_管理层讨论与分析.pdf
MDAF0001130,京北方,核心竞争力,12,公司熟悉各类金融机构的业务场景与运营模式，能够快速响应客户多样化、个性化的需求，精准匹配客户业务发展痛点，提供贴合行业实际的解决方案与服务。,002987.SZ,3,报告页码,2、兼具广度与深度的行业经验积淀,正文,002987.SZ_京北方_2025_管理层讨论与分析.pdf
MDAF0001131,京北方,核心竞争力,12,公司自创立伊始，始终秉持深耕细作的发展理念，专注数智技术及金融科技在客户端的创新实践。,002987.SZ,3,报告页码,1、立体化的优质客户资源布局,正文,002987.SZ_京北方_2025_管理层讨论与分析.pdf
MDAF0001132,京北方,核心竞争力,12,公司通过将多年积累的金融业务逻辑、合规约束等封装为AI Agent 的行动指南，助力AI 智能体实现从“工具调用”到“价值创造”的跨越。,002987.SZ,3,报告页码,2、兼具广度与深度的行业经验积淀,正文,002987.SZ_京北方_2025_管理层讨论与分析.pdf
MDAF0001133,京北方,核心竞争力,12,凭借在金融科技领域多年的深耕细作，公司积累了兼具广度与深度的行业经验，对金融行业的业务逻辑、监管要求、客户需求有着深刻理解和精准把握。,002987.SZ,3,报告页码,2、兼具广度与深度的行业经验积淀,正文,002987.SZ_京北方_2025_管理层讨论与分析.pdf
MDAF0001134,京北方,核心竞争力,12,历经多年行业积淀，已成功构建以银行业为核心，辐射保险、证券、信托、基金等多领域的立体化客户矩阵，客户拓展成效显著。,002987.SZ,3,报告页码,1、立体化的优质客户资源布局,正文,002987.SZ_京北方_2025_管理层讨论与分析.pdf
MDAF0001135,京北方,核心竞争力,12,在AI 驱动软件的范式变革中，场景化Know-how 已成为决定大模型落地价值的决定性因素，支撑业务运转的底层业务逻辑依然掌握在具备深厚行业积淀的服务商手中。,002987.SZ,3,报告页码,2、兼具广度与深度的行业经验积淀,正文,002987.SZ_京北方_2025_管理层讨论与分析.pdf
MDAF0001136,京北方,核心竞争力,12,核心银行业客户资金实力雄厚、需求稳定且资信良好、回款及时，为公司核心业务提供了坚实稳定的支撑。,002987.SZ,3,报告页码,1、立体化的优质客户资源布局,正文,002987.SZ_京北方_2025_管理层讨论与分析.pdf
MDAF0001137,京北方,核心竞争力,13,京北方研究院通过持续培养和引进各领域技术专家，聚焦大模型智能体、计算机视觉、大数据、云计算、区块链及隐私计算等战略领域，建立常态化技术跟踪机制，密切追踪全球科技趋势，提升预研能力与产品标准化水平，同时密切关注量子科技、具身智能的发展，调研其在金融领域相关应用。,002987.SZ,4,报告页码,3、体系化的研发组织及创新能力,正文,002987.SZ_京北方_2025_管理层讨论与分析.pdf
MDAF0001138,京北方,核心竞争力,13,公司以数智化能力为核心支撑，构建了精益化的运营管理体系，将数智技术深度融入运营全流程，实现运营效率、服务质量与风险管控水平的同步提升。,002987.SZ,4,报告页码,4、数智化能力支撑的精益运营,正文,002987.SZ_京北方_2025_管理层讨论与分析.pdf
MDAF0001139,京北方,核心竞争力,13,公司注重运营团队的专业化建设，完善运营管理制度与服务标准，强化过程管控与质量监督，形成了标准化、规范化、精益化的运营模式。,002987.SZ,4,报告页码,4、数智化能力支撑的精益运营,正文,002987.SZ_京北方_2025_管理层讨论与分析.pdf
MDAF0001140,京北方,核心竞争力,13,公司紧跟国家战略导向与科技变革趋势，通过持续优化研发资源配置体系、推进科研组织架构迭代升级，强化数智技术与金融科技革新领域的前瞻性布局，构建支撑主营业务可持续发展的内生驱动力与技术护城河。,002987.SZ,4,报告页码,3、体系化的研发组织及创新能力,正文,002987.SZ_京北方_2025_管理层讨论与分析.pdf
MDAF0001141,京北方,核心竞争力,13,公司通过“创新大赛”等机制，围绕技术热点与真实业务场景开展验证与迭代，推动创新能力转化为可复制、可交付、可规模化的产品能力。,002987.SZ,4,报告页码,3、体系化的研发组织及创新能力,正文,002987.SZ_京北方_2025_管理层讨论与分析.pdf
MDAF0001142,京北方,核心竞争力,13,另外，公司设有博士后科研工作站，推动产学研协同与人才体系建设，为研发体系持续输送高层次后备人才。,002987.SZ,4,报告页码,3、体系化的研发组织及创新能力,正文,002987.SZ_京北方_2025_管理层讨论与分析.pdf
MDAF0001143,京北方,核心竞争力,13,在产品创新方面，公司已构建涵盖大模型智能体类、计算机视觉类、大数据类、盘庚测试云平台、影像及流程管理类、基础技术平台类等在内的通用产品与技术体系，并面向银行、保险、证券等金融行业客户，形成覆盖集约化运营、运营管理与风控、电子渠道、数字人民币、资产管理、供应链金融、普惠金融、同业业务管理、风险管理等多领域的行业应用解决方案，持续拓展产品广度与应用深度。,002987.SZ,4,报告页码,3、体系化的研发组织及创新能力,正文,002987.SZ_京北方_2025_管理层讨论与分析.pdf
MDAF0001144,京北方,核心竞争力,13,在技术研发方面，公司持续推进专利储备与信创资质体系建设，并持续开展国产算力适配与信创认证工作，形成以自主知识产权与国产化适配能力为支撑的研发成果转化体系，进一步巩固公司在金融科技领域的竞争优势。,002987.SZ,4,报告页码,3、体系化的研发组织及创新能力,正文,002987.SZ_京北方_2025_管理层讨论与分析.pdf
MDAF0001145,京北方,核心竞争力,13,在研发组织架构层面，京北方研究院负责系统推进前沿技术领域的深化研究，强化与高等院校、科研机构的战略协同。,002987.SZ,4,报告页码,3、体系化的研发组织及创新能力,正文,002987.SZ_京北方_2025_管理层讨论与分析.pdf
MDAF0001146,京北方,核心竞争力,13,截至报告期末，公司累计获得国家授权专利36项，登记软件著作权316项，通过国家级信息技术应用创新适配认证21项。,002987.SZ,4,报告页码,3、体系化的研发组织及创新能力,正文,002987.SZ_京北方_2025_管理层讨论与分析.pdf
MDAF0001147,京北方,核心竞争力,13,数智化与精益化的深度融合，不仅降低了运营成本，提升了运营效能，也进一步增强了公司的服务竞争力，为客户创造了更高的价值，助力公司实现可持续发展。,002987.SZ,4,报告页码,4、数智化能力支撑的精益运营,正文,002987.SZ_京北方_2025_管理层讨论与分析.pdf
MDAF0001148,京北方,核心竞争力,13,通过数字化工具与智能化手段，优化业务流程、简化操作环节、提升响应速度，为客户提供高效、便捷、精准的服务。,002987.SZ,4,报告页码,4、数智化能力支撑的精益运营,正文,002987.SZ_京北方_2025_管理层讨论与分析.pdf
MDAF0001149,京北方,研发投入,21,主要研发项目名称：AI 智能体门户与场景智能体。,002987.SZ,12,报告页码,,表格行,002987.SZ_京北方_2025_管理层讨论与分析.pdf
MDAF0001150,京北方,研发投入,21,主要研发项目名称：AI 测试智能体。,002987.SZ,12,报告页码,,表格行,002987.SZ_京北方_2025_管理层讨论与分析.pdf
MDAF0001151,京北方,研发投入,21,拟达到的目标：1.功能目标：实现AI 驱动的全流程测试能力，涵盖需求分析智能化、测试点自动生成、测试用例生成与优化、测试执行自动化、测试结果分析与缺陷定位，形成闭环式智能测试流程； 2.效率目标：相较于传统人工测试，大幅缩短测试周期（如核心测试环节效率提升 50%以上），减少人工投入，降低测试成本，支撑创新产品快速交付迭代； 3.质量目标：提升测试覆盖率，减少漏测、误测问题，精准定位产品缺陷，助力产品交付质量提升。,002987.SZ,12,报告页码,,表格行,002987.SZ_京北方_2025_管理层讨论与分析.pdf
MDAF0001152,京北方,研发投入,21,拟达到的目标：1、搭建大模型应用服务平台，支持多种业务智能体集成与功能展示； 2、完成智能营销、智能合规、智能运维、 智能办公、智能报告等智能体研发。,002987.SZ,12,报告页码,,表格行,002987.SZ_京北方_2025_管理层讨论与分析.pdf
MDAF0001153,京北方,研发投入,21,项目目的：同时，沉淀测试知识与决策模型，形成企业级测试大脑，实现测试从 “工具化”向“智能化”升级。,002987.SZ,12,报告页码,,表格行,002987.SZ_京北方_2025_管理层讨论与分析.pdf
MDAF0001154,京北方,研发投入,21,项目目的：大模型应用服务平台基于前沿大语言模型技术构建，支持AI 能力集成与按需灵活拓展，可无缝搭载智能营销、智能合规、智能运维、 智能办公等多场景业务智能体，通过清晰直观的功能体系，为企业提供全流程、高适配的业务智能赋能服务。,002987.SZ,12,报告页码,,表格行,002987.SZ_京北方_2025_管理层讨论与分析.pdf
MDAF0001155,京北方,研发投入,21,项目目的：用AI 智能体替代传统人工/ 自动化测试，实现自主规划、自主执行、自主分析、 自主修复的测试闭环，解决传统测试效率低、覆盖率不足、回归成本高、问题定位慢等痛点，提升研发交付质量与速度。,002987.SZ,12,报告页码,,表格行,002987.SZ_京北方_2025_管理层讨论与分析.pdf
MDAF0001156,京北方,研发投入,21,项目进展：1、完成平台整体框架设计与功能模块划分； 2、完成大模型应用服务平台研发； 3、完成运维智能体、 合规智能体、智能报告生成、智能办公等多业务场景的智能体研发与接入。,002987.SZ,12,报告页码,,表格行,002987.SZ_京北方_2025_管理层讨论与分析.pdf
MDAF0001157,京北方,研发投入,21,项目进展：1、完成解析需求文档、生成测试点和测试用例功能； 2、完成知识库搭建， 知识向量化和RAG 调优； 3、完成人工用例生成自动化脚本，以及自动执行脚本； 4、完成测试结果智能分析； 5、正在实现AI 生成测试业务数据。,002987.SZ,12,报告页码,,表格行,002987.SZ_京北方_2025_管理层讨论与分析.pdf
MDAF0001158,京北方,研发投入,21,预计对公司未来发展的影响：推动技术创新：引入 AI 大模型等技术，提升测试能力，积累技术优势，为未来创新和业务拓展奠定基础。,002987.SZ,12,报告页码,,表格行,002987.SZ_京北方_2025_管理层讨论与分析.pdf
MDAF0001159,京北方,研发投入,21,预计对公司未来发展的影响：支持多业务场景智能体的灵活搭载与快速拓展，通过即插即用的AI 能力，深度赋能智能营销、合规、运维及办公场景，为企业打造全流程闭环的智能服务体系。,002987.SZ,12,报告页码,,表格行,002987.SZ_京北方_2025_管理层讨论与分析.pdf
MDAF0001160,京北方,研发投入,21,适用。,002987.SZ,12,报告页码,,选项,002987.SZ_京北方_2025_管理层讨论与分析.pdf
MDAF0001161,同花顺,业务概要,9,依托长期积累的金融数据资源、技术能力与用户基础，公司持续推进人工智能技术与主营业务深度融合，加快向AI 驱动型金融科技平台转型升级。,300033.SZ,1,报告页码,（一）公司主营业务及经营情况,正文,300033.SZ_同花顺_2025_管理层讨论与分析.pdf
MDAF0001162,同花顺,业务概要,9,公司围绕“数据、模型、场景、流量”构建核心能力体系，形成机构端与个人端双轮驱动的业务格局。,300033.SZ,1,报告页码,（一）公司主营业务及经营情况,正文,300033.SZ_同花顺_2025_管理层讨论与分析.pdf
MDAF0001163,同花顺,业务概要,9,公司围绕“流量入口—数据能力—产品服务—交易转化”形成商业闭环，收入结构多元、协同效应显著。,300033.SZ,1,报告页码,（一）公司主营业务及经营情况,正文,300033.SZ_同花顺_2025_管理层讨论与分析.pdf
MDAF0001164,同花顺,业务概要,9,公司是国内领先的互联网金融信息服务提供商，围绕资本市场生态打造“AI+金融信息服务”一体化平台，服务对象覆盖证券公司、基金公司、银行、保险机构、政府部门、研究机构、上市公司等机构客户及广大个人投资者。,300033.SZ,1,报告页码,（一）公司主营业务及经营情况,正文,300033.SZ_同花顺_2025_管理层讨论与分析.pdf
MDAF0001165,同花顺,业务概要,9,同时积极布局人工智能产业生态，探索模型能力输出及场景合作机会，培育新增量业务。,300033.SZ,1,报告页码,（一）公司主营业务及经营情况,正文,300033.SZ_同花顺_2025_管理层讨论与分析.pdf
MDAF0001166,同花顺,业务概要,9,"报告期内公司实现营业收入6,028,985,966.48元，比上年同期增加44.00%；实现归属于股东的净利润3,205,082,002.69元，比上年同期增长75.79%。",300033.SZ,1,报告页码,（一）公司主营业务及经营情况,正文,300033.SZ_同花顺_2025_管理层讨论与分析.pdf
MDAF0001167,同花顺,业务概要,9,报告期内公司实现营业收入和净利润增长，主要由于公司加大人工智能等领域的投入力度，推进产品与大模型技术融合创新，优化核心产品竞争力与用户体验，公司各项业务取得了较快增长；同时，国内资本市场活跃度持续回升，投资者信心较强，市场交投活跃度明显提升，投资者对金融信息服务需求增强；另外，由于同花顺网站与APP 用户活跃度提升，公司大力拓展生活、消费、科技类客户，同时证券、基金等金融客户需求有所增加，公司广告及互联网推广服务收入相应增长。,300033.SZ,1,报告页码,（一）公司主营业务及经营情况,正文,300033.SZ_同花顺_2025_管理层讨论与分析.pdf
MDAF0001168,同花顺,业务概要,9,报告期内，公司收入主要来源于增值电信服务、软件销售及技术维护服务、广告及互联网推广服务以及基金代销及其他交易服务。,300033.SZ,1,报告页码,（一）公司主营业务及经营情况,正文,300033.SZ_同花顺_2025_管理层讨论与分析.pdf
MDAF0001169,同花顺,业务概要,9,报告期内，公司立足主业稳步推进年度经营计划，持续加大人工智能研发投入，强化自研大模型能力建设，提升模型在金融专业场景中的准确性与应用深度，推动产品智能化升级。,300033.SZ,1,报告页码,（一）公司主营业务及经营情况,正文,300033.SZ_同花顺_2025_管理层讨论与分析.pdf
MDAF0001170,同花顺,业务概要,9,通过将大模型能力嵌入内容生成、智能问答、策略分析与产品推荐等环节，持续优化用户体验，提升活跃度与付费转化率，增强平台黏性与生态协同效应。,300033.SZ,1,报告页码,（一）公司主营业务及经营情况,正文,300033.SZ_同花顺_2025_管理层讨论与分析.pdf
MDAF0001171,同花顺,业务概要,9,通过持续优化大模型在金融垂直场景中的适配能力，公司不断增强产品智能化水平和差异化竞争优势。,300033.SZ,1,报告页码,（一）公司主营业务及经营情况,正文,300033.SZ_同花顺_2025_管理层讨论与分析.pdf
MDAF0001172,同花顺,业务概要,9,面向个人端，公司依托网站及移动应用平台，为投资者提供基于AI 的投资助理、金融资讯、行情分析工具、策略辅助及理财产品交易服务。,300033.SZ,1,报告页码,（一）公司主营业务及经营情况,正文,300033.SZ_同花顺_2025_管理层讨论与分析.pdf
MDAF0001173,同花顺,业务概要,9,面向机构端，公司为证券、基金、银行、保险等金融机构提供AI 应用产品、系统建设及维护服务、金融数据服务和智能推广服务，涵盖投研辅助与决策支持系统、数据终端及接口服务、智能营销解决方案及运维支持，助力客户提升投研效率、风险管理能力和数字化运营水平。,300033.SZ,1,报告页码,（一）公司主营业务及经营情况,正文,300033.SZ_同花顺_2025_管理层讨论与分析.pdf
MDAF0001174,同花顺,业务概要,10,与此同时，公司进一步深化与高校及科研机构的产学研协同创新，围绕金融知识建模、逻辑推理优化及领域微调等方向开展联合攻关，加快科研成果向实际应用转化。,300033.SZ,2,报告页码,1、强化人工智能核心技术攻关，提升大模型金融应用能力,正文,300033.SZ_同花顺_2025_管理层讨论与分析.pdf
MDAF0001175,同花顺,业务概要,10,公司持续增强模型多模态理解能力，提高其在复杂金融语境下的信息处理与分析能力，进一步提升在风险识别、数据解析和智能问答等场景中的应用效果。,300033.SZ,2,报告页码,1、强化人工智能核心技术攻关，提升大模型金融应用能力,正文,300033.SZ_同花顺_2025_管理层讨论与分析.pdf
MDAF0001176,同花顺,业务概要,10,公司持续推进智能化互联网财富管理平台建设，构建覆盖多元资产类别和全生命周期需求的综合服务体系。,300033.SZ,2,报告页码,3、打造智能化互联网财富管理平台，完善全链条服务生态,正文,300033.SZ_同花顺_2025_管理层讨论与分析.pdf
MDAF0001177,同花顺,业务概要,10,加强与基金管理人的协同合作，完善交易支持与信息披露机制，通过专题内容、策略解读等形式普及ETF 投资知识，引导投资者理性投资、长期配置，持续提升财富管理服务的专业能力与客户价值创造水平。,300033.SZ,2,报告页码,3、打造智能化互联网财富管理平台，完善全链条服务生态,正文,300033.SZ_同花顺_2025_管理层讨论与分析.pdf
MDAF0001178,同花顺,业务概要,10,同时，公司积极参与行业技术规范研究与交流，推动金融人工智能在准确性、可解释性和安全性方面的标准建设，助力行业规范化、可持续发展。,300033.SZ,2,报告页码,2、深化人工智能与金融业务融合，驱动服务模式升级,正文,300033.SZ_同花顺_2025_管理层讨论与分析.pdf
MDAF0001179,同花顺,业务概要,10,在业务拓展方面，公司紧跟公募基金市场发展趋势，积极把握ETF 规模持续扩容带来的业务机遇，优化基金销售流程与服务体验。,300033.SZ,2,报告页码,3、打造智能化互联网财富管理平台，完善全链条服务生态,正文,300033.SZ_同花顺_2025_管理层讨论与分析.pdf
MDAF0001180,同花顺,业务概要,10,在技术应用层面，公司坚持效果与安全并重，通过引入检索增强生成（RAG）、优化提示词工程及构建领域知识库等方式，降低模型幻觉风险，提升输出结果的准确性与专业性。,300033.SZ,2,报告页码,2、深化人工智能与金融业务融合，驱动服务模式升级,正文,300033.SZ_同花顺_2025_管理层讨论与分析.pdf
MDAF0001181,同花顺,业务概要,10,平台整合股票、ETF、基金、个人养老金、期货、保险等产品资源，依托用户画像与行为分析技术，提供差异化、场景化的资产配置建议与服务支持，提升服务精准度与客户体验。,300033.SZ,2,报告页码,3、打造智能化互联网财富管理平台，完善全链条服务生态,正文,300033.SZ_同花顺_2025_管理层讨论与分析.pdf
MDAF0001182,同花顺,业务概要,10,报告期内，公司围绕人工智能核心技术持续投入，重点提升大模型在金融场景等垂域中的应用水平。,300033.SZ,2,报告页码,1、强化人工智能核心技术攻关，提升大模型金融应用能力,正文,300033.SZ_同花顺_2025_管理层讨论与分析.pdf
MDAF0001183,同花顺,业务概要,10,报告期内，公司持续推进人工智能技术与金融信息服务全流程融合，推动信息获取、数据分析与决策支持环节的智能化升级。,300033.SZ,2,报告页码,2、深化人工智能与金融业务融合，驱动服务模式升级,正文,300033.SZ_同花顺_2025_管理层讨论与分析.pdf
MDAF0001184,同花顺,业务概要,10,报告期内，公司自主构建并开源金融大语言模型评测基准 （BizFinBench），涵盖10万余条中文金融问答数据，从数值计算、逻辑推理、信息抽取、预测识别及知识问答等维度系统评估模型能力，为金融大模型性能优化与行业应用提供标准化参考。,300033.SZ,2,报告页码,1、强化人工智能核心技术攻关，提升大模型金融应用能力,正文,300033.SZ_同花顺_2025_管理层讨论与分析.pdf
MDAF0001185,同花顺,业务概要,10,通过优化模型架构和训练策略，采用混合精度训练、梯度检查点及分布式并行等技术手段，在控制算力成本的同时提升训练效率与推理性能，实现模型能力与资源投入的有效平衡。,300033.SZ,2,报告页码,1、强化人工智能核心技术攻关，提升大模型金融应用能力,正文,300033.SZ_同花顺_2025_管理层讨论与分析.pdf
MDAF0001186,同花顺,业务概要,10,面向个人投资者，公司提升“问财”投资助手智能化水平，优化智能问答、策略生成及风险提示功能，提高交互效率与内容精准度。,300033.SZ,2,报告页码,2、深化人工智能与金融业务融合，驱动服务模式升级,正文,300033.SZ_同花顺_2025_管理层讨论与分析.pdf
MDAF0001187,同花顺,业务概要,10,面向金融机构客户，iFinD 终端强化数据处理、研报生成和合规校验能力，提升专业机构的研究与运营效率。,300033.SZ,2,报告页码,2、深化人工智能与金融业务融合，驱动服务模式升级,正文,300033.SZ_同花顺_2025_管理层讨论与分析.pdf
MDAF0001188,同花顺,业务概要,11,严格落实金融营销合规要求，完善销售流程管理和从业人员培训体系，常态化开展法规学习与职业道德教育，强化合规经营和客户权益保护。,300033.SZ,3,报告页码,4、优化营销服务与品牌建设体系，进一步提升品牌价值与市场影响力,正文,300033.SZ_同花顺_2025_管理层讨论与分析.pdf
MDAF0001189,同花顺,业务概要,11,依托国家级博士后工作站、省级重点企业研究院、省级高新技术企业研发中心等创新载体，完善技术研发人才的梯队建设与能力提升路径；深化校企协同育人机制，通过共建课程体系、实训基地、联合课题等方式，促进理论教学与产业实践深度融合，加速复合型金融科技人才培养。,300033.SZ,3,报告页码,5、完善人才引进培养与创新激励机制，筑牢可持续发展根基,正文,300033.SZ_同花顺_2025_管理层讨论与分析.pdf
MDAF0001190,同花顺,业务概要,11,公司是国内领先的互联网金融信息服务提供商，也是网上证券交易系统的重要供应商之一。,300033.SZ,3,报告页码,（二）公司行业地位和优势,正文,300033.SZ_同花顺_2025_管理层讨论与分析.pdf
MDAF0001191,同花顺,业务概要,11,在公司治理层面，严格规范股东会、董事会、审计委员会运作程序，提升决策科学性与透明度。,300033.SZ,3,报告页码,6、健全内部控制与风险管理体系，提高公司治理水平,正文,300033.SZ_同花顺_2025_管理层讨论与分析.pdf
MDAF0001192,同花顺,业务概要,11,在品牌建设方面，公司聚焦专业价值输出，通过持续开展投资者教育、行业趋势解读等内容建设，强化理性投资理念传播，提升品牌专业形象与社会认知度。,300033.SZ,3,报告页码,4、优化营销服务与品牌建设体系，进一步提升品牌价值与市场影响力,正文,300033.SZ_同花顺_2025_管理层讨论与分析.pdf
MDAF0001193,同花顺,业务概要,11,在海外业务拓展方面，公司坚持本地化运营策略，结合不同区域监管环境和客户需求制定差异化发展方案，努力提升国际化服务能力与品牌影响力。,300033.SZ,3,报告页码,4、优化营销服务与品牌建设体系，进一步提升品牌价值与市场影响力,正文,300033.SZ_同花顺_2025_管理层讨论与分析.pdf
MDAF0001194,同花顺,业务概要,11,定期开展合规培训与专项检查，强化全员风险意识与责任落实。,300033.SZ,3,报告页码,6、健全内部控制与风险管理体系，提高公司治理水平,正文,300033.SZ_同花顺_2025_管理层讨论与分析.pdf
MDAF0001195,同花顺,业务概要,11,将合规要求嵌入业务流程各环节，筑牢稳健经营的制度根基。,300033.SZ,3,报告页码,6、健全内部控制与风险管理体系，提高公司治理水平,正文,300033.SZ_同花顺_2025_管理层讨论与分析.pdf
MDAF0001196,同花顺,业务概要,11,建立常态化技术交流机制，支持研发人员参与国内外学术研讨，跟踪技术前沿动态；同步优化绩效评价与创新激励政策，激发团队内生动力，为技术突破与业务创新提供持续人才保障。,300033.SZ,3,报告页码,5、完善人才引进培养与创新激励机制，筑牢可持续发展根基,正文,300033.SZ_同花顺_2025_管理层讨论与分析.pdf
MDAF0001197,同花顺,业务概要,11,报告期内公司严格按照国家法律法规及相关规范性文件的要求，规范信息披露工作，提升信息披露工作的整体质量，确保信息披露的及时性、真实性、准确性和完整性。,300033.SZ,3,报告页码,7、加强信息披露与投资者关系管理，提升资本市场沟通效能,正文,300033.SZ_同花顺_2025_管理层讨论与分析.pdf
MDAF0001198,同花顺,业务概要,11,报告期内公司构建与业务战略相匹配的人才发展体系，动态优化组织架构与岗位配置。,300033.SZ,3,报告页码,5、完善人才引进培养与创新激励机制，筑牢可持续发展根基,正文,300033.SZ_同花顺_2025_管理层讨论与分析.pdf
MDAF0001199,同花顺,业务概要,11,报告期内，公司依托大数据分析和人工智能技术赋能，持续优化客户触达策略与内容匹配机制，提升营销资源配置效率和转化效果。,300033.SZ,3,报告页码,4、优化营销服务与品牌建设体系，进一步提升品牌价值与市场影响力,正文,300033.SZ_同花顺_2025_管理层讨论与分析.pdf
MDAF0001200,同花顺,业务概要,11,报告期内，公司持续健全内部控制制度体系，优化风险识别、评估与应对机制。,300033.SZ,3,报告页码,6、健全内部控制与风险管理体系，提高公司治理水平,正文,300033.SZ_同花顺_2025_管理层讨论与分析.pdf
MDAF0001201,同花顺,业务概要,11,注重中小投资者权益保护，优化咨询反馈机制与服务响应流程，持续巩固公司在资本市场的专业、可信形象。,300033.SZ,3,报告页码,7、加强信息披露与投资者关系管理，提升资本市场沟通效能,正文,300033.SZ_同花顺_2025_管理层讨论与分析.pdf
MDAF0001202,同花顺,业务概要,11,深耕行业三十余年，公司在产品体系、客户基础、商业模式、品牌影响力、技术研发和数据资源等方面形成了较为稳固的综合竞争优势。,300033.SZ,3,报告页码,（二）公司行业地位和优势,正文,300033.SZ_同花顺_2025_管理层讨论与分析.pdf
MDAF0001203,同花顺,业务概要,11,通过业绩说明会、互动易平台答疑、接听投资者来电等多渠道保持高效透明沟通，及时传递公司经营情况。,300033.SZ,3,报告页码,7、加强信息披露与投资者关系管理，提升资本市场沟通效能,正文,300033.SZ_同花顺_2025_管理层讨论与分析.pdf
MDAF0001204,同花顺,业务概要,11,针对信息系统稳定性，加强基础设施冗余设计与应急响应能力建设，完善监控预警与故障恢复流程，确保服务连续性与数据安全。,300033.SZ,3,报告页码,6、健全内部控制与风险管理体系，提高公司治理水平,正文,300033.SZ_同花顺_2025_管理层讨论与分析.pdf
MDAF0001205,同花顺,业务概要,12,依托庞大且活跃的用户基础，公司持续完善平台生态布局，增强产业链协同效应，提升商业模式的稳定性与延展性。,300033.SZ,4,报告页码,（二）公司行业地位和优势,正文,300033.SZ_同花顺_2025_管理层讨论与分析.pdf
MDAF0001206,同花顺,业务概要,12,公司围绕金融产业链上下游构建了较为完善的产品与服务体系，覆盖个人投资者与专业机构客户，能够满足多层次、多场景的金融信息与交易服务需求。,300033.SZ,4,报告页码,（二）公司行业地位和优势,正文,300033.SZ_同花顺_2025_管理层讨论与分析.pdf
MDAF0001207,同花顺,业务概要,12,凭借稳健经营形成的品牌信誉、完善的产业生态布局以及持续升级的技术能力，公司在金融数字化与智能化转型进程中具备持续提升市场竞争力的基础。,300033.SZ,4,报告页码,（二）公司行业地位和优势,正文,300033.SZ_同花顺_2025_管理层讨论与分析.pdf
MDAF0001208,同花顺,业务概要,12,同时，公司具备成熟的数据处理体系和合规运营经验，在行业监管要求不断提升的环境下，能够兼顾技术创新与风险控制，提升服务的安全性、稳定性与专业性。,300033.SZ,4,报告页码,（二）公司行业地位和优势,正文,300033.SZ_同花顺_2025_管理层讨论与分析.pdf
MDAF0001209,同花顺,业务概要,12,在人工智能加速融入金融行业的背景下，公司依托长期积累的高质量金融数据资源和规模化应用场景，推动大模型及相关智能技术在投研支持、智能问答、风险提示、合规校验等领域的落地应用，不断提升产品智能化水平与服务效率。,300033.SZ,4,报告页码,（二）公司行业地位和优势,正文,300033.SZ_同花顺_2025_管理层讨论与分析.pdf
MDAF0001210,同花顺,业务概要,12,通过持续加大研发投入，公司强化数据治理、算法优化与系统工程能力，逐步形成面向金融垂直领域的技术能力和应用壁垒。,300033.SZ,4,报告页码,（二）公司行业地位和优势,正文,300033.SZ_同花顺_2025_管理层讨论与分析.pdf
MDAF0001211,同花顺,核心竞争力,14,产品结构完善、形态多元，能够满足不同层级客户的多样化需求。,300033.SZ,6,报告页码,1、产品体系与创新能力优势,正文,300033.SZ_同花顺_2025_管理层讨论与分析.pdf
MDAF0001212,同花顺,核心竞争力,14,公司拥有三十余年金融信息服务行业经验，在产品、客户资源、技术、人力资源、数据资源、品牌认可度、管理团队等方面拥有独特而明显的竞争优势。,300033.SZ,6,报告页码,,正文,300033.SZ_同花顺_2025_管理层讨论与分析.pdf
MDAF0001213,同花顺,核心竞争力,14,公司是国内领先的互联网金融信息服务提供商。,300033.SZ,6,报告页码,,正文,300033.SZ_同花顺_2025_管理层讨论与分析.pdf
MDAF0001214,同花顺,核心竞争力,14,公司构建了覆盖金融产业链上下游的产品与服务体系。,300033.SZ,6,报告页码,1、产品体系与创新能力优势,正文,300033.SZ_同花顺_2025_管理层讨论与分析.pdf
MDAF0001215,同花顺,核心竞争力,14,面向机构客户，提供网上交易系统及维护、金融数据服务、智能推广等产品与解决方案；面向个人投资者，提供投资助理、金融资讯、投研分析工具、理财产品交易及投资社区等综合服务。,300033.SZ,6,报告页码,1、产品体系与创新能力优势,正文,300033.SZ_同花顺_2025_管理层讨论与分析.pdf
MDAF0001216,同花顺,核心竞争力,15,依托“问财”大模型能力，公司同步推出数据可视化智能体，并荣获2025年中国设计智造奖。,300033.SZ,7,报告页码,1、产品体系与创新能力优势,正文,300033.SZ_同花顺_2025_管理层讨论与分析.pdf
MDAF0001217,同花顺,核心竞争力,15,公司业务平台覆盖证券市场多类客户群体。,300033.SZ,7,报告页码,2、客户资源与生态优势,正文,300033.SZ_同花顺_2025_管理层讨论与分析.pdf
MDAF0001218,同花顺,核心竞争力,15,公司人才队伍不断壮大，人才结构不断升级。,300033.SZ,7,报告页码,4、人力资源优势,正文,300033.SZ_同花顺_2025_管理层讨论与分析.pdf
MDAF0001219,同花顺,核心竞争力,15,公司十分重视人力资源建设，注重人才的引进、培养和开发，通过内部培养和外部引进相结合的方式，不断扩充和优化人才，形成了一支专业素质过硬、朝气蓬勃的人才队伍。,300033.SZ,7,报告页码,4、人力资源优势,正文,300033.SZ_同花顺_2025_管理层讨论与分析.pdf
MDAF0001220,同花顺,核心竞争力,15,公司是国内领先的互联网金融信息服务提供商及金融智能化解决方案供应商，始终保持技术与应用的创新，近三年研发经费占公司总收入的15%以上。,300033.SZ,7,报告页码,3、技术与工程化能力优势,正文,300033.SZ_同花顺_2025_管理层讨论与分析.pdf
MDAF0001221,同花顺,核心竞争力,15,公司的研发团队，具有丰富的工作经验，有较强的稳定性和凝聚力，对市场现状、客户需求、核心技术和发展趋势有着深刻的了解，可以准确把握市场动向，确保公司的长期稳健发展。,300033.SZ,7,报告页码,4、人力资源优势,正文,300033.SZ_同花顺_2025_管理层讨论与分析.pdf
MDAF0001222,同花顺,核心竞争力,15,公司积极与国内外知名院校开展产学研合作，建立了多个研发平台，包括国家级博士后工作站、省级重点企业研究院和高新技术企业研发中心等。,300033.SZ,7,报告页码,3、技术与工程化能力优势,正文,300033.SZ_同花顺_2025_管理层讨论与分析.pdf
MDAF0001223,同花顺,核心竞争力,15,公司较早布局移动互联网、云计算、大数据、智能搜索、语音语义、图形图像及生成式人工智能等领域，拥有一支成熟、稳定的技术研发团队。,300033.SZ,7,报告页码,3、技术与工程化能力优势,正文,300033.SZ_同花顺_2025_管理层讨论与分析.pdf
MDAF0001224,同花顺,核心竞争力,15,凭借持续的技术积累与探索，公司在技术储备和研发能力方面处于行业领先地位。,300033.SZ,7,报告页码,3、技术与工程化能力优势,正文,300033.SZ_同花顺_2025_管理层讨论与分析.pdf
MDAF0001225,同花顺,核心竞争力,15,在人工智能技术加速发展的背景下，公司持续推进“大模型+金融”应用落地，已在智能投顾、智能客服、智能投研、代码生成、法律咨询、办公助手、翻译等场景推出相关产品，推动金融服务效率与智能化水平提升。,300033.SZ,7,报告页码,1、产品体系与创新能力优势,正文,300033.SZ_同花顺_2025_管理层讨论与分析.pdf
MDAF0001226,同花顺,核心竞争力,15,在机构端，公司业务服务覆盖国内90%以上证券公司，并拓展至公募基金、私募基金、银行、保险公司、政府部门、科研院所及上市公司等机构客户；在个人端，公司拥有规模庞大且活跃的用户群体。,300033.SZ,7,报告页码,2、客户资源与生态优势,正文,300033.SZ_同花顺_2025_管理层讨论与分析.pdf
MDAF0001227,同花顺,核心竞争力,15,广泛的机构合作基础与活跃的个人投资者群体构成了较为完整的产业生态，为产品创新与技术迭代提供真实应用环境与反馈机制，增强市场响应能力。,300033.SZ,7,报告页码,2、客户资源与生态优势,正文,300033.SZ_同花顺_2025_管理层讨论与分析.pdf
MDAF0001228,同花顺,核心竞争力,15,强大的技术实力使公司在行业中保持领先地位，并引领行业高质量发展。,300033.SZ,7,报告页码,3、技术与工程化能力优势,正文,300033.SZ_同花顺_2025_管理层讨论与分析.pdf
MDAF0001229,同花顺,核心竞争力,15,"截至报告期末，公司共有3,141名研发人员，其中博士学历128 人（含在站博士后43 人），为公司解决金融信息服务创新、人工智能技术研发关键问题，引领公司技术创新，人力资源优势明显。",300033.SZ,7,报告页码,4、人力资源优势,正文,300033.SZ_同花顺_2025_管理层讨论与分析.pdf
MDAF0001230,同花顺,核心竞争力,15,报告期内，公司持续迭代升级个人投资助理“问财”，通过多模态基座能力提升和智能体架构优化，重构分析与决策流程，覆盖选股、诊股、策略验证、组合分析及风险管理等核心环节，进一步提升投资决策支持能力与服务效率。,300033.SZ,7,报告页码,1、产品体系与创新能力优势,正文,300033.SZ_同花顺_2025_管理层讨论与分析.pdf
MDAF0001231,同花顺,核心竞争力,15,持续积累的产品体验与用户基础，为公司推动智能化创新和场景延展提供了坚实支撑。,300033.SZ,7,报告页码,1、产品体系与创新能力优势,正文,300033.SZ_同花顺_2025_管理层讨论与分析.pdf
MDAF0001232,同花顺,核心竞争力,15,该产品强化了复杂数据的表达与交互能力，拓展了在金融分析及公共服务等领域的应用场景。,300033.SZ,7,报告页码,1、产品体系与创新能力优势,正文,300033.SZ_同花顺_2025_管理层讨论与分析.pdf
MDAF0001233,同花顺,核心竞争力,16,作为中国最早从事互联网金融信息服务的企业之一，公司通过多年的技术、经验和客户资源积累，较为准确地把握了市场发展趋势和客户需求，开发出了拥有较高市场影响力和广泛客户基础的优势产品。,300033.SZ,8,报告页码,6、品牌与市场认可优势,正文,300033.SZ_同花顺_2025_管理层讨论与分析.pdf
MDAF0001234,同花顺,核心竞争力,16,公司一直持续稳健的经营，坚持为市场提供优质服务，在业内积累了较高的口碑和知名度，树立了良好的品牌形象。,300033.SZ,8,报告页码,6、品牌与市场认可优势,正文,300033.SZ_同花顺_2025_管理层讨论与分析.pdf
MDAF0001235,同花顺,核心竞争力,16,公司拥有业内领先、规模庞大、历史数据丰富的数据库资源，涵盖了互联网用户数据、新闻资讯、宏观经济数据、行业经济数据、企业研究报告、企业信息、上市公司信息披露、招投标等结构化和非结构化数据，以及交易所、信息公司、政府部门、科研机构、高等院校、宏观经济研究机构和专业行业数据公司等机构提供的授权数据。,300033.SZ,8,报告页码,5、数据资源与数据治理优势,正文,300033.SZ_同花顺_2025_管理层讨论与分析.pdf
MDAF0001236,同花顺,核心竞争力,16,公司的管理团队专注于互联网金融信息服务行业三十余年，具有丰富的管理经验、不断进取的开拓精神和强烈的责任心、使命感，能够敏锐感知客户和市场的变化并迅速做出反应。,300033.SZ,8,报告页码,7、管理团队优势,正文,300033.SZ_同花顺_2025_管理层讨论与分析.pdf
MDAF0001237,同花顺,核心竞争力,16,在公司多年的发展过程中，公司的高层和核心技术人员从来没有出现过重大变动。,300033.SZ,8,报告页码,7、管理团队优势,正文,300033.SZ_同花顺_2025_管理层讨论与分析.pdf
MDAF0001238,同花顺,核心竞争力,16,截至2025年12月31日，公司及下属子公司共拥有275项商标。,300033.SZ,8,报告页码,（1）商标,正文,300033.SZ_同花顺_2025_管理层讨论与分析.pdf
MDAF0001239,同花顺,核心竞争力,16,截至2025年12月31日，公司及下属子公司共获得136项发明专利授权(包含31项美国专利)。,300033.SZ,8,报告页码,（3）发明专利,正文,300033.SZ_同花顺_2025_管理层讨论与分析.pdf
MDAF0001240,同花顺,核心竞争力,16,截至2025年12月31日，公司及下属子公司共获得587项软件著作权。,300033.SZ,8,报告页码,（2）著作权,正文,300033.SZ_同花顺_2025_管理层讨论与分析.pdf
MDAF0001241,同花顺,核心竞争力,16,行业新进入者难以在短时间内树立品牌优势并获得客户的认可。,300033.SZ,8,报告页码,6、品牌与市场认可优势,正文,300033.SZ_同花顺_2025_管理层讨论与分析.pdf
MDAF0001242,同花顺,核心竞争力,16,这些数据不仅满足了客户多样化的需求，还为公司人工智能算法训练、AI 大模型训练提供了数据基础。,300033.SZ,8,报告页码,5、数据资源与数据治理优势,正文,300033.SZ_同花顺_2025_管理层讨论与分析.pdf
MDAF0001243,同花顺,核心竞争力,16,高效的管理团队成为公司的核心竞争力之一。,300033.SZ,8,报告页码,7、管理团队优势,正文,300033.SZ_同花顺_2025_管理层讨论与分析.pdf
MDAF0001244,同花顺,研发投入,20,项目进：主要研发项目名称。,300033.SZ,12,报告页码,,表格行,300033.SZ_同花顺_2025_管理层讨论与分析.pdf
MDAF0001245,同花顺,研发投入,20,项目进：全栈低延迟证券行情与智能交易系统升级项目。,300033.SZ,12,报告页码,,表格行,300033.SZ_同花顺_2025_管理层讨论与分析.pdf
MDAF0001246,同花顺,研发投入,20,项目进：全生命周期智能投顾与资产配置平台研发项目。,300033.SZ,12,报告页码,,表格行,300033.SZ_同花顺_2025_管理层讨论与分析.pdf
MDAF0001247,同花顺,研发投入,20,项目进：加大证券行情交易系统的极速化、 智能化、全品种覆盖升级探索，运用 FPGA 硬件加速、云原生分布式架构、人工智能智能算法、全链路低延迟优化等先进技术，优化系统核心架构与功能模块；大幅提升证券行情传输速度、交易系统响应效率与运行稳定性，丰富全市场、全品种交易功能，提升系统的扩展性、兼容性与合规适配能力，满足不同客群、不同环境下的全场景证券交易需求。,300033.SZ,12,报告页码,,表格行,300033.SZ_同花顺_2025_管理层讨论与分析.pdf
MDAF0001248,同花顺,研发投入,20,项目进：基于金融专属大模型的智能金融信息服务平台升级项目。,300033.SZ,12,报告页码,,表格行,300033.SZ_同花顺_2025_管理层讨论与分析.pdf
MDAF0001249,同花顺,研发投入,20,项目进：基于金融大模型、量化投研技术、 多因子资产定价模型、宏观经济预测算法，构建覆盖投资前市场研判、投资中决策辅助、投资后组合管理的全生命周期智能投顾体系， 为不同风险偏好、资金规模、投资周期的投资者，提供适配的投资决策辅助、大类资产配置方案、投资组合动态管理与风险预警服务。,300033.SZ,12,报告页码,,表格行,300033.SZ_同花顺_2025_管理层讨论与分析.pdf
MDAF0001250,同花顺,研发投入,20,项目进：完成爱基金平台的智能化、 场景化、全周期升级，打造集基金筛选、智能配置、风险预警、投资者教育、持仓陪伴于一体的一站式基金理财服务平台，为不同类型的投资者提供更适配、更专业的财富管理解决方案。,300033.SZ,12,报告页码,,表格行,300033.SZ_同花顺_2025_管理层讨论与分析.pdf
MDAF0001251,同花顺,研发投入,20,项目进：展。,300033.SZ,12,报告页码,,表格行,300033.SZ_同花顺_2025_管理层讨论与分析.pdf
MDAF0001252,同花顺,研发投入,20,项目进：打造全场景、全模态、千人千面的智能金融信息服务体系，为不同类型的投资者与机构客户提供更便捷、交互更智能、内容更精准、服务更个性化的金融资讯、数据解读、市场研判与投研支持服务，实现用户服务体验的全面升级。,300033.SZ,12,报告页码,,表格行,300033.SZ_同花顺_2025_管理层讨论与分析.pdf
MDAF0001253,同花顺,研发投入,20,项目进：打造行业领先的全栈式极速行情与智能交易体系，持续适配资本市场全面注册制改革、衍生品市场扩容、港股通交易扩容的发展趋势，助力券商等合作机构实现金融数字化、智能化转型升级， 全面满足个人投资者、专业量化机构、持牌金融机构的差异化交易需求。,300033.SZ,12,报告页码,,表格行,300033.SZ_同花顺_2025_管理层讨论与分析.pdf
MDAF0001254,同花顺,研发投入,20,项目进：打造覆盖全市场投资品种、 全风险等级、全用户层级的智能投顾产品矩阵，实现从单一策略推荐到全周期资产配置服务的全面升级，满足投资者多元化、专业化的财富管理与投资决策需求。,300033.SZ,12,报告页码,,表格行,300033.SZ_同花顺_2025_管理层讨论与分析.pdf
MDAF0001255,同花顺,研发投入,20,项目进：拟达到的目标。,300033.SZ,12,报告页码,,表格行,300033.SZ_同花顺_2025_管理层讨论与分析.pdf
MDAF0001256,同花顺,研发投入,20,项目进：深化 AI 大模型、精细化用户画像技术、全维度基金评价体系、宏观量化预测模型在基金理财领域的落地应用，结合投资者的风险偏好、 投资目标、持仓周期，为投资者提供个性化的基金产品筛选、资产配置推荐与持仓优化服务；并结合市场走势、宏观经济环境与标的基本面变化，为投资者提供全周期的风险控制建议与实时预警，降低投资风险，同时优化平台交易体验、运营效率与全流程合规管理能力。,300033.SZ,12,报告页码,,表格行,300033.SZ_同花顺_2025_管理层讨论与分析.pdf
MDAF0001257,同花顺,研发投入,20,项目进：深度研究金融垂直大模型、多模态生成式 AI、智能语音、数字人、 自然语言交互等前沿技术在金融信息服务行业的深度应用，重构金融信息生产、加工、分发、交互全链路流程，进一步提升金融信息服务的智能化、精准化、个性化水平， 适配全类型客群的金融信息获取与解读需求。,300033.SZ,12,报告页码,,表格行,300033.SZ_同花顺_2025_管理层讨论与分析.pdf
MDAF0001258,同花顺,研发投入,20,项目进：爱基金全场景智能化财富管理平台升级项目。,300033.SZ,12,报告页码,,表格行,300033.SZ_同花顺_2025_管理层讨论与分析.pdf
MDAF0001259,同花顺,研发投入,20,项目进：进行中。,300033.SZ,12,报告页码,,表格行,300033.SZ_同花顺_2025_管理层讨论与分析.pdf
MDAF0001260,同花顺,研发投入,20,项目进：项目目的。,300033.SZ,12,报告页码,,表格行,300033.SZ_同花顺_2025_管理层讨论与分析.pdf
MDAF0001261,同花顺,研发投入,20,预计对公司未来发展的：全面丰富公司智能投顾产品与服务体系，大幅提升高净值客户与机构客户的服务能力，持续提高公司投顾业务的产品竞争力与市场占有率。,300033.SZ,12,报告页码,,表格行,300033.SZ_同花顺_2025_管理层讨论与分析.pdf
MDAF0001262,同花顺,研发投入,20,预计对公司未来发展的：影响。,300033.SZ,12,报告页码,,表格行,300033.SZ_同花顺_2025_管理层讨论与分析.pdf
MDAF0001263,同花顺,研发投入,20,预计对公司未来发展的：持续巩固公司在证券行情交易领域的领先地位，大幅提升机构客户渗透率与合作深度，全面提高公司证券行情系统的核心市场竞争力。,300033.SZ,12,报告页码,,表格行,300033.SZ_同花顺_2025_管理层讨论与分析.pdf
MDAF0001264,同花顺,研发投入,20,预计对公司未来发展的：持续提高公司基金销售业务的市场竞争力与用户规模，增强基金业务的盈利水平与用户粘性，进一步巩固公司在第三方基金销售领域的头部地位。,300033.SZ,12,报告页码,,表格行,300033.SZ_同花顺_2025_管理层讨论与分析.pdf
MDAF0001265,同花顺,研发投入,20,预计对公司未来发展的：进一步拉大公司在金融信息服务领域的技术与产品领先优势，提升用户粘性与付费转化率， 持续拓宽公司金融信息服务的业务边界与覆盖范围。,300033.SZ,12,报告页码,,表格行,300033.SZ_同花顺_2025_管理层讨论与分析.pdf
MDAF0001266,同花顺,研发投入,20,适用。,300033.SZ,12,报告页码,,选项,300033.SZ_同花顺_2025_管理层讨论与分析.pdf
MDAF0001267,同花顺,研发投入,21,2024年：103。,300033.SZ,13,报告页码,,表格行,300033.SZ_同花顺_2025_管理层讨论与分析.pdf
MDAF0001268,同花顺,研发投入,21,"2024年：2,151。",300033.SZ,13,报告页码,,表格行,300033.SZ_同花顺_2025_管理层讨论与分析.pdf
MDAF0001269,同花顺,研发投入,21,"2024年：2,226。",300033.SZ,13,报告页码,,表格行,300033.SZ_同花顺_2025_管理层讨论与分析.pdf
MDAF0001270,同花顺,研发投入,21,2024年：25。,300033.SZ,13,报告页码,,表格行,300033.SZ_同花顺_2025_管理层讨论与分析.pdf
MDAF0001271,同花顺,研发投入,21,"2024年：3,105。",300033.SZ,13,报告页码,,表格行,300033.SZ_同花顺_2025_管理层讨论与分析.pdf
MDAF0001272,同花顺,研发投入,21,2024年：35。,300033.SZ,13,报告页码,,表格行,300033.SZ_同花顺_2025_管理层讨论与分析.pdf
MDAF0001273,同花顺,研发投入,21,2024年：5。,300033.SZ,13,报告页码,,表格行,300033.SZ_同花顺_2025_管理层讨论与分析.pdf
MDAF0001274,同花顺,研发投入,21,2024年：60.97%。,300033.SZ,13,报告页码,,表格行,300033.SZ_同花顺_2025_管理层讨论与分析.pdf
MDAF0001275,同花顺,研发投入,21,2024年：826。,300033.SZ,13,报告页码,,表格行,300033.SZ_同花顺_2025_管理层讨论与分析.pdf
MDAF0001276,同花顺,研发投入,21,2024年：839。,300033.SZ,13,报告页码,,表格行,300033.SZ_同花顺_2025_管理层讨论与分析.pdf
MDAF0001277,同花顺,研发投入,21,"2025年：1,034。",300033.SZ,13,报告页码,,表格行,300033.SZ_同花顺_2025_管理层讨论与分析.pdf
MDAF0001278,同花顺,研发投入,21,2025年：128。,300033.SZ,13,报告页码,,表格行,300033.SZ_同花顺_2025_管理层讨论与分析.pdf
MDAF0001279,同花顺,研发投入,21,"2025年：2,056。",300033.SZ,13,报告页码,,表格行,300033.SZ_同花顺_2025_管理层讨论与分析.pdf
MDAF0001280,同花顺,研发投入,21,"2025年：2,138。",300033.SZ,13,报告页码,,表格行,300033.SZ_同花顺_2025_管理层讨论与分析.pdf
MDAF0001281,同花顺,研发投入,21,2025年：22。,300033.SZ,13,报告页码,,表格行,300033.SZ_同花顺_2025_管理层讨论与分析.pdf
MDAF0001282,同花顺,研发投入,21,"2025年：3,141。",300033.SZ,13,报告页码,,表格行,300033.SZ_同花顺_2025_管理层讨论与分析.pdf
MDAF0001283,同花顺,研发投入,21,2025年：30 岁以下。,300033.SZ,13,报告页码,,表格行,300033.SZ_同花顺_2025_管理层讨论与分析.pdf
MDAF0001284,同花顺,研发投入,21,2025年：30~40 岁。,300033.SZ,13,报告页码,,表格行,300033.SZ_同花顺_2025_管理层讨论与分析.pdf
MDAF0001285,同花顺,研发投入,21,2025年：40 ~50 岁。,300033.SZ,13,报告页码,,表格行,300033.SZ_同花顺_2025_管理层讨论与分析.pdf
MDAF0001286,同花顺,研发投入,21,2025年：46。,300033.SZ,13,报告页码,,表格行,300033.SZ_同花顺_2025_管理层讨论与分析.pdf
MDAF0001287,同花顺,研发投入,21,2025年：50 岁以上。,300033.SZ,13,报告页码,,表格行,300033.SZ_同花顺_2025_管理层讨论与分析.pdf
MDAF0001288,同花顺,研发投入,21,2025年：5。,300033.SZ,13,报告页码,,表格行,300033.SZ_同花顺_2025_管理层讨论与分析.pdf
MDAF0001289,同花顺,研发投入,21,2025年：61.75%。,300033.SZ,13,报告页码,,表格行,300033.SZ_同花顺_2025_管理层讨论与分析.pdf
MDAF0001290,同花顺,研发投入,21,2025年：853。,300033.SZ,13,报告页码,,表格行,300033.SZ_同花顺_2025_管理层讨论与分析.pdf
MDAF0001291,同花顺,研发投入,21,2025年：博士。,300033.SZ,13,报告页码,,表格行,300033.SZ_同花顺_2025_管理层讨论与分析.pdf
MDAF0001292,同花顺,研发投入,21,2025年：大专及以下。,300033.SZ,13,报告页码,,表格行,300033.SZ_同花顺_2025_管理层讨论与分析.pdf
MDAF0001293,同花顺,研发投入,21,2025年：本科。,300033.SZ,13,报告页码,,表格行,300033.SZ_同花顺_2025_管理层讨论与分析.pdf
MDAF0001294,同花顺,研发投入,21,2025年：研发人员学历。,300033.SZ,13,报告页码,,表格行,300033.SZ_同花顺_2025_管理层讨论与分析.pdf
MDAF0001295,同花顺,研发投入,21,2025年：研发人员年龄构成。,300033.SZ,13,报告页码,,表格行,300033.SZ_同花顺_2025_管理层讨论与分析.pdf
MDAF0001296,同花顺,研发投入,21,2025年：研发人员数量占比。,300033.SZ,13,报告页码,,表格行,300033.SZ_同花顺_2025_管理层讨论与分析.pdf
MDAF0001297,同花顺,研发投入,21,2025年：研发人员数量（人）。,300033.SZ,13,报告页码,,表格行,300033.SZ_同花顺_2025_管理层讨论与分析.pdf
MDAF0001298,同花顺,研发投入,21,2025年：硕士。,300033.SZ,13,报告页码,,表格行,300033.SZ_同花顺_2025_管理层讨论与分析.pdf
MDAF0001299,同花顺,研发投入,21,全面筑牢公司在金融 AI 领域的技术护城河，持续孵化新的盈利增长点。,300033.SZ,13,报告页码,,表格行,300033.SZ_同花顺_2025_管理层讨论与分析.pdf
MDAF0001300,同花顺,研发投入,21,变动比例：-0.60%。,300033.SZ,13,报告页码,,表格行,300033.SZ_同花顺_2025_管理层讨论与分析.pdf
MDAF0001301,同花顺,研发投入,21,变动比例：-12.00%。,300033.SZ,13,报告页码,,表格行,300033.SZ_同花顺_2025_管理层讨论与分析.pdf
MDAF0001302,同花顺,研发投入,21,变动比例：-7.64%。,300033.SZ,13,报告页码,,表格行,300033.SZ_同花顺_2025_管理层讨论与分析.pdf
MDAF0001303,同花顺,研发投入,21,变动比例：0.00%。,300033.SZ,13,报告页码,,表格行,300033.SZ_同花顺_2025_管理层讨论与分析.pdf
MDAF0001304,同花顺,研发投入,21,变动比例：0.78%。,300033.SZ,13,报告页码,,表格行,300033.SZ_同花顺_2025_管理层讨论与分析.pdf
MDAF0001305,同花顺,研发投入,21,变动比例：1.16%。,300033.SZ,13,报告页码,,表格行,300033.SZ_同花顺_2025_管理层讨论与分析.pdf
MDAF0001306,同花顺,研发投入,21,变动比例：23.24%。,300033.SZ,13,报告页码,,表格行,300033.SZ_同花顺_2025_管理层讨论与分析.pdf
MDAF0001307,同花顺,研发投入,21,变动比例：24.27%。,300033.SZ,13,报告页码,,表格行,300033.SZ_同花顺_2025_管理层讨论与分析.pdf
MDAF0001308,同花顺,研发投入,21,变动比例：3.27%。,300033.SZ,13,报告页码,,表格行,300033.SZ_同花顺_2025_管理层讨论与分析.pdf
MDAF0001309,同花顺,研发投入,21,变动比例：31.43%。,300033.SZ,13,报告页码,,表格行,300033.SZ_同花顺_2025_管理层讨论与分析.pdf
MDAF0001310,同花顺,研发投入,21,打造具备行业领先水平的金融专属大模型体系与通用 AI 技术底座，推出更多大模型应用产品。,300033.SZ,13,报告页码,,表格行,300033.SZ_同花顺_2025_管理层讨论与分析.pdf
MDAF0001311,同花顺,研发投入,21,持续深耕金融领域专属大模型、多模态生成式 AI、自然语言理解与交互、计算机视觉、智能语音、端侧 AI 推理等核心前沿技术，重点突破金融大模型的专业投研能力、 合规风控能力、逻辑推理能力、实时性优化与国产化适配，构建自主可控的金融 AI 技术底座，孵化创新型 AI 产品与行业解决方案。,300033.SZ,13,报告页码,,表格行,300033.SZ_同花顺_2025_管理层讨论与分析.pdf
MDAF0001312,同花顺,研发投入,21,金融大数据智能化治理与全场景应用项目：金融垂直大模型与通用 AI 技术应用项目。,300033.SZ,13,报告页码,,表格行,300033.SZ_同花顺_2025_管理层讨论与分析.pdf
MDAF0001313,东方财富,业务概要,9,具体服务内容：证券业务：主要依托构建的互联网财富管理生态圈，通过拥有相关业务牌照的东方财富证券、东方财富期货等公司，为海量用户提供证券、期货经纪等服务。,300059.SZ,1,报告页码,,正文,300059.SZ_东方财富_2025_管理层讨论与分析.pdf
MDAF0001314,东方财富,业务概要,9,天天基金依托以“东方财富网”为核心的互联网财富管理生态圈所形成的用户资源优势和品牌形象优势，向用户提供一站式互联网基金理财服务。,300059.SZ,1,报告页码,,正文,300059.SZ_东方财富_2025_管理层讨论与分析.pdf
MDAF0001315,东方财富,业务概要,9,报告期内，公司主要业务有证券业务、金融电子商务服务业务、金融数据服务业务等。,300059.SZ,1,报告页码,,正文,300059.SZ_东方财富_2025_管理层讨论与分析.pdf
MDAF0001316,东方财富,业务概要,9,金融数据服务业务：主要以智能金融数据终端为载体，通过PC 端、移动端，向海量用户提供专业化金融数据服务。,300059.SZ,1,报告页码,,正文,300059.SZ_东方财富_2025_管理层讨论与分析.pdf
MDAF0001317,东方财富,业务概要,9,金融电子商务服务业务：主要通过天天基金，为用户提供基金销售服务。,300059.SZ,1,报告页码,,正文,300059.SZ_东方财富_2025_管理层讨论与分析.pdf
MDAF0001318,东方财富,核心竞争力,10,东方财富是中国领先的互联网财富管理综合运营商，经过多年发展和积累，形成了自身核心竞争力优势，为公司未来可持续健康发展奠定了坚实基础。,300059.SZ,2,报告页码,,正文,300059.SZ_东方财富_2025_管理层讨论与分析.pdf
MDAF0001319,东方财富,核心竞争力,10,公司一直致力于金融科技领域的探索和实践，以科技赋能金融，引领行业前沿技术发展，助力金融产业升级。,300059.SZ,2,报告页码,2、研发技术优势,正文,300059.SZ_东方财富_2025_管理层讨论与分析.pdf
MDAF0001320,东方财富,核心竞争力,10,公司充分发挥多年来积累的研发技术优势，自主研发了一系列网络核心技术，拥有充实的AI 技术能力，包括自然语言处理、图像处理、语音识别和多模态融合技术，同时公司密切跟踪行业前沿技术发展，持续加强生成式AI、交互式AI 等领域能力建设，积极探索大模型在各金融场景的应用。,300059.SZ,2,报告页码,2、研发技术优势,正文,300059.SZ_东方财富_2025_管理层讨论与分析.pdf
MDAF0001321,东方财富,核心竞争力,10,公司培养了一支人员稳定、技术领先的技术研发团队。,300059.SZ,2,报告页码,2、研发技术优势,正文,300059.SZ_东方财富_2025_管理层讨论与分析.pdf
MDAF0001322,东方财富,核心竞争力,10,公司自主研发妙想大模型，凭借数据特色和算法优势，聚焦于核心金融场景，不断优化金融垂直能力，向整个东方财富生态输入妙想AI 能力，进一步完善互联网财富管理生态建设。,300059.SZ,2,报告页码,2、研发技术优势,正文,300059.SZ_东方财富_2025_管理层讨论与分析.pdf
MDAF0001323,东方财富,核心竞争力,10,同时，公司积极推进和完善一站式互联网财富管理生态圈建设，不断加强战略投入，延伸和完善服务链条，持续拓展服务范围，提升整体服务能力和质量，巩固和提升用户访问量和用户黏性方面的优势。,300059.SZ,2,报告页码,1、用户资源优势,正文,300059.SZ_东方财富_2025_管理层讨论与分析.pdf
MDAF0001324,东方财富,核心竞争力,10,强大的技术研发力量、核心技术储备以及金融领域人工智能的创新，为公司后续持续发展奠定了更加坚实的技术基础。,300059.SZ,2,报告页码,2、研发技术优势,正文,300059.SZ_东方财富_2025_管理层讨论与分析.pdf
MDAF0001325,东方财富,核心竞争力,10,拥有海量用户资源是本公司核心的竞争优势，为公司持续健康发展奠定了坚实基础。,300059.SZ,2,报告页码,1、用户资源优势,正文,300059.SZ_东方财富_2025_管理层讨论与分析.pdf
MDAF0001326,东方财富,核心竞争力,10,经过多年的发展，公司构建了以“东方财富网”为核心的互联网财富管理生态圈，聚集了海量用户资源和用户黏性优势，在垂直财经领域始终保持领先地位。,300059.SZ,2,报告页码,1、用户资源优势,正文,300059.SZ_东方财富_2025_管理层讨论与分析.pdf
MDAF0001327,东方财富,核心竞争力,11,从最初的财经门户到如今的互联网财富管理综合运营商，公司构建了完善的金融数据库，拥有海量、及时、全面的金融数据，覆盖宏观、行业、沪深京上市公司、新三板、股票、基金、理财、债券、期货、期权、指数、外汇、美股、港股等领域，为个人用户、金融业投资机构、研究机构、学术机构、政府部门等不同用户，提供专业、及时、全面、智能的金融数据服务；同时，公司在基于互联网向海量用户长期提供资讯、社交、交易等服务过程中，在安全合规前提下，积累沉淀了海量数据，与金融数据库共同组成了公司海量数据资源优势，为公司围绕用户需求、提升产品服务能力和用户体验提供了有力保障。,300059.SZ,3,报告页码,4、海量数据优势,正文,300059.SZ_东方财富_2025_管理层讨论与分析.pdf
MDAF0001328,东方财富,核心竞争力,11,公司依托于“东方财富”树立的品牌知名度和投资者认可度，形成了公司强大的品牌优势，同时公司通过持续优化服务效能与加强品牌推广力度，进一步增强用户粘性、提升用户体验，进一步提高品牌美誉度和认知度，巩固品牌价值优势，积极促进公司各项业务的有序开展。,300059.SZ,3,报告页码,5、品牌价值优势,正文,300059.SZ_东方财富_2025_管理层讨论与分析.pdf
MDAF0001329,东方财富,核心竞争力,11,公司凭借互联网财富管理生态体系，能够一站式满足投资者不同需求，形成了公司独特的业务场景优势，为公司持续发展构筑了深厚的护城河。,300059.SZ,3,报告页码,3、业务场景优势,正文,300059.SZ_东方财富_2025_管理层讨论与分析.pdf
MDAF0001330,东方财富,核心竞争力,11,公司持续构建和不断完善以“东方财富网”为核心的互联网财富管理生态圈，为海量用户提供集财经资讯、证券、基金、期货、社交服务等一站式互联网财富管理服务。,300059.SZ,3,报告页码,3、业务场景优势,正文,300059.SZ_东方财富_2025_管理层讨论与分析.pdf
MDAF0001331,东方财富,核心竞争力,11,公司积极推行“以人为本”的人才战略，通过内部培养和外部引进，不断扩充和培养骨干队伍，形成了以创业团队为核心，以资深经理人为骨干的管理团队，主要管理人员具有丰富的管理经验、互联网技术开发经验、金融领域研究从业经验和市场运营推广经验，对互联网服务行业的相关技术、发展历程及未来趋势具有深刻理解。,300059.SZ,3,报告页码,6、管理团队优势,正文,300059.SZ_东方财富_2025_管理层讨论与分析.pdf
MDAF0001332,东方财富,核心竞争力,11,同时，公司不断完善考核激励制度，先后推出多期股权激励计划，激励和稳定核心团队，吸引和招募优秀的外部人才。,300059.SZ,3,报告页码,6、管理团队优势,正文,300059.SZ_东方财富_2025_管理层讨论与分析.pdf
MDAF0001333,东方财富,核心竞争力,11,截至报告期末，公司及子公司共获得注册的商标290项。,300059.SZ,3,报告页码,1、商标,正文,300059.SZ_东方财富_2025_管理层讨论与分析.pdf
MDAF0001334,东方财富,核心竞争力,11,截至报告期末，公司及子公司拥有发明专利32项。,300059.SZ,3,报告页码,3、专利技术,正文,300059.SZ_东方财富_2025_管理层讨论与分析.pdf
MDAF0001335,东方财富,核心竞争力,11,截至报告期末，公司及子公司拥有非专利技术543项。,300059.SZ,3,报告页码,4、非专利技术,正文,300059.SZ_东方财富_2025_管理层讨论与分析.pdf
MDAF0001336,东方财富,核心竞争力,11,截至报告期末，公司及子公司获得国家版权局登记的软件著作权637项。,300059.SZ,3,报告页码,2、软件著作权,正文,300059.SZ_东方财富_2025_管理层讨论与分析.pdf
MDAF0001337,东方财富,研发投入,15,主要研发项目名称：妙想金融大模型后训练项目。,300059.SZ,7,报告页码,,表格行,300059.SZ_东方财富_2025_管理层讨论与分析.pdf
MDAF0001338,东方财富,研发投入,15,拟达到的目标：全面赋能公司产品应用生态，提升产品服务能力。,300059.SZ,7,报告页码,,表格行,300059.SZ_东方财富_2025_管理层讨论与分析.pdf
MDAF0001339,东方财富,研发投入,15,拟达到的目标：提升大模型及其产品应用的金融垂类能力。,300059.SZ,7,报告页码,,表格行,300059.SZ_东方财富_2025_管理层讨论与分析.pdf
MDAF0001340,东方财富,研发投入,15,项目目的：面向投资、投研领域的复杂金融应用场景，全面训练并提升妙想大模型的核心金融能力。,300059.SZ,7,报告页码,,表格行,300059.SZ_东方财富_2025_管理层讨论与分析.pdf
MDAF0001341,东方财富,研发投入,15,项目进展：已完成。,300059.SZ,7,报告页码,,表格行,300059.SZ_东方财富_2025_管理层讨论与分析.pdf
MDAF0001342,东方财富,研发投入,15,适用。,300059.SZ,7,报告页码,,选项,300059.SZ_东方财富_2025_管理层讨论与分析.pdf
MDAF0001343,东方财富,研发投入,16,"2024年：1,416。",300059.SZ,8,报告页码,,表格行,300059.SZ_东方财富_2025_管理层讨论与分析.pdf
MDAF0001344,东方财富,研发投入,16,"2024年：1,868。",300059.SZ,8,报告页码,,表格行,300059.SZ_东方财富_2025_管理层讨论与分析.pdf
MDAF0001345,东方财富,研发投入,16,2024年：115。,300059.SZ,8,报告页码,,表格行,300059.SZ_东方财富_2025_管理层讨论与分析.pdf
MDAF0001346,东方财富,研发投入,16,2024年：33.60%。,300059.SZ,8,报告页码,,表格行,300059.SZ_东方财富_2025_管理层讨论与分析.pdf
MDAF0001347,东方财富,研发投入,16,2024年：3。,300059.SZ,8,报告页码,,表格行,300059.SZ_东方财富_2025_管理层讨论与分析.pdf
MDAF0001348,东方财富,研发投入,16,2024年：449。,300059.SZ,8,报告页码,,表格行,300059.SZ_东方财富_2025_管理层讨论与分析.pdf
MDAF0001349,东方财富,研发投入,16,2024年：847。,300059.SZ,8,报告页码,,表格行,300059.SZ_东方财富_2025_管理层讨论与分析.pdf
MDAF0001350,东方财富,研发投入,16,2024年：906。,300059.SZ,8,报告页码,,表格行,300059.SZ_东方财富_2025_管理层讨论与分析.pdf
MDAF0001351,东方财富,研发投入,16,"2025年：1,499。",300059.SZ,8,报告页码,,表格行,300059.SZ_东方财富_2025_管理层讨论与分析.pdf
MDAF0001352,东方财富,研发投入,16,"2025年：1,973。",300059.SZ,8,报告页码,,表格行,300059.SZ_东方财富_2025_管理层讨论与分析.pdf
MDAF0001353,东方财富,研发投入,16,2025年：172。,300059.SZ,8,报告页码,,表格行,300059.SZ_东方财富_2025_管理层讨论与分析.pdf
MDAF0001354,东方财富,研发投入,16,2025年：30 岁以下。,300059.SZ,8,报告页码,,表格行,300059.SZ_东方财富_2025_管理层讨论与分析.pdf
MDAF0001355,东方财富,研发投入,16,2025年：30.81%。,300059.SZ,8,报告页码,,表格行,300059.SZ_东方财富_2025_管理层讨论与分析.pdf
MDAF0001356,东方财富,研发投入,16,2025年：30~40 岁。,300059.SZ,8,报告页码,,表格行,300059.SZ_东方财富_2025_管理层讨论与分析.pdf
MDAF0001357,东方财富,研发投入,16,2025年：40 岁以上。,300059.SZ,8,报告页码,,表格行,300059.SZ_东方财富_2025_管理层讨论与分析.pdf
MDAF0001358,东方财富,研发投入,16,2025年：469。,300059.SZ,8,报告页码,,表格行,300059.SZ_东方财富_2025_管理层讨论与分析.pdf
MDAF0001359,东方财富,研发投入,16,2025年：5。,300059.SZ,8,报告页码,,表格行,300059.SZ_东方财富_2025_管理层讨论与分析.pdf
MDAF0001360,东方财富,研发投入,16,2025年：842。,300059.SZ,8,报告页码,,表格行,300059.SZ_东方财富_2025_管理层讨论与分析.pdf
MDAF0001361,东方财富,研发投入,16,2025年：959。,300059.SZ,8,报告页码,,表格行,300059.SZ_东方财富_2025_管理层讨论与分析.pdf
MDAF0001362,东方财富,研发投入,16,2025年：博士。,300059.SZ,8,报告页码,,表格行,300059.SZ_东方财富_2025_管理层讨论与分析.pdf
MDAF0001363,东方财富,研发投入,16,2025年：本科及以下。,300059.SZ,8,报告页码,,表格行,300059.SZ_东方财富_2025_管理层讨论与分析.pdf
MDAF0001364,东方财富,研发投入,16,2025年：研发人员学历。,300059.SZ,8,报告页码,,表格行,300059.SZ_东方财富_2025_管理层讨论与分析.pdf
MDAF0001365,东方财富,研发投入,16,2025年：研发人员年龄构成。,300059.SZ,8,报告页码,,表格行,300059.SZ_东方财富_2025_管理层讨论与分析.pdf
MDAF0001366,东方财富,研发投入,16,2025年：研发人员数量占比。,300059.SZ,8,报告页码,,表格行,300059.SZ_东方财富_2025_管理层讨论与分析.pdf
MDAF0001367,东方财富,研发投入,16,2025年：研发人员数量（人）。,300059.SZ,8,报告页码,,表格行,300059.SZ_东方财富_2025_管理层讨论与分析.pdf
MDAF0001368,东方财富,研发投入,16,2025年：硕士。,300059.SZ,8,报告页码,,表格行,300059.SZ_东方财富_2025_管理层讨论与分析.pdf
MDAF0001369,东方财富,研发投入,16,利用自研妙想大模型全面赋能 Choice 金融终端，进一步适配主流信创操作系统：构建一个集成文本、图像、音频等多模态信息的视频内容自动生成平台，支持财经资讯、市场解读等视频内容的快速生产与高效分发。,300059.SZ,8,报告页码,,表格行,300059.SZ_东方财富_2025_管理层讨论与分析.pdf
MDAF0001370,东方财富,研发投入,16,利用自研妙想大模型全面赋能 Choice 金融终端，进一步适配主流信创操作系统：构建一套基于AI 大模型的框架系统，实时识别与分析用户行为， 并提供个性化的智能应用与策略推荐。,300059.SZ,8,报告页码,,表格行,300059.SZ_东方财富_2025_管理层讨论与分析.pdf
MDAF0001371,东方财富,研发投入,16,利用自研妙想大模型全面赋能 Choice 金融终端，进一步适配主流信创操作系统：构建以人工智能为驱动的内容生态体系。,300059.SZ,8,报告页码,,表格行,300059.SZ_东方财富_2025_管理层讨论与分析.pdf
MDAF0001372,东方财富,研发投入,16,利用自研妙想大模型全面赋能 Choice 金融终端，进一步适配主流信创操作系统：构建创新性的智能财经数据多模态交互引擎生态系统，整合多维度数据，为投资者提供全面、深度的财经数据分析服务。,300059.SZ,8,报告页码,,表格行,300059.SZ_东方财富_2025_管理层讨论与分析.pdf
MDAF0001373,东方财富,研发投入,16,利用自研妙想大模型全面赋能 Choice 金融终端，进一步适配主流信创操作系统：构建智能金融服务平台，打造多场景金融大模型能力体系，为用户提供专业、及时、可理解的金融数据解读与投资决策支持。,300059.SZ,8,报告页码,,表格行,300059.SZ_东方财富_2025_管理层讨论与分析.pdf
MDAF0001374,东方财富,研发投入,16,利用自研妙想大模型全面赋能 Choice 金融终端，进一步适配主流信创操作系统：聚焦投研全流程痛点，推出一系列新型智能化提效工具。,300059.SZ,8,报告页码,,表格行,300059.SZ_东方财富_2025_管理层讨论与分析.pdf
MDAF0001375,东方财富,研发投入,16,利用自研妙想大模型全面赋能 Choice 金融终端，进一步适配主流信创操作系统：通过构建智能驱动的数据处理体系，满足基金市场规模扩大、产品类型丰富、业务创新需求增长带来的挑战。,300059.SZ,8,报告页码,,表格行,300059.SZ_东方财富_2025_管理层讨论与分析.pdf
MDAF0001376,东方财富,研发投入,16,利用自研妙想大模型全面赋能 Choice 金融终端，进一步适配主流信创操作系统：面向全球证券市场，构建低时延策略交易平台，满足投资者算法交易诉求，赋能精准决策。,300059.SZ,8,报告页码,,表格行,300059.SZ_东方财富_2025_管理层讨论与分析.pdf
MDAF0001377,东方财富,研发投入,16,变动比例：-0.59%。,300059.SZ,8,报告页码,,表格行,300059.SZ_东方财富_2025_管理层讨论与分析.pdf
MDAF0001378,东方财富,研发投入,16,变动比例：-2.79%。,300059.SZ,8,报告页码,,表格行,300059.SZ_东方财富_2025_管理层讨论与分析.pdf
MDAF0001379,东方财富,研发投入,16,变动比例：4.45%。,300059.SZ,8,报告页码,,表格行,300059.SZ_东方财富_2025_管理层讨论与分析.pdf
MDAF0001380,东方财富,研发投入,16,变动比例：49.57%。,300059.SZ,8,报告页码,,表格行,300059.SZ_东方财富_2025_管理层讨论与分析.pdf
MDAF0001381,东方财富,研发投入,16,变动比例：5.62%。,300059.SZ,8,报告页码,,表格行,300059.SZ_东方财富_2025_管理层讨论与分析.pdf
MDAF0001382,东方财富,研发投入,16,变动比例：5.85%。,300059.SZ,8,报告页码,,表格行,300059.SZ_东方财富_2025_管理层讨论与分析.pdf
MDAF0001383,东方财富,研发投入,16,变动比例：5.86%。,300059.SZ,8,报告页码,,表格行,300059.SZ_东方财富_2025_管理层讨论与分析.pdf
MDAF0001384,东方财富,研发投入,16,变动比例：66.67%。,300059.SZ,8,报告页码,,表格行,300059.SZ_东方财富_2025_管理层讨论与分析.pdf
MDAF0001385,东方财富,研发投入,16,提升公司产品创新性和用户满意度：增强公司产品服务能力并提升用户体验。,300059.SZ,8,报告页码,,表格行,300059.SZ_东方财富_2025_管理层讨论与分析.pdf
MDAF0001386,东方财富,研发投入,16,提升公司产品创新性和用户满意度：提升产品服务能力。,300059.SZ,8,报告页码,,表格行,300059.SZ_东方财富_2025_管理层讨论与分析.pdf
MDAF0001387,东方财富,研发投入,16,提升公司产品创新性和用户满意度：提升公司产品创新性和市场竞争力。,300059.SZ,8,报告页码,,表格行,300059.SZ_东方财富_2025_管理层讨论与分析.pdf
MDAF0001388,东方财富,研发投入,16,提升公司产品创新性和用户满意度：提升公司产品服务能力和用户体验。,300059.SZ,8,报告页码,,表格行,300059.SZ_东方财富_2025_管理层讨论与分析.pdf
MDAF0001389,东方财富,研发投入,16,提升公司产品创新性和用户满意度：提升公司产品服务能力，增强用户粘性。,300059.SZ,8,报告页码,,表格行,300059.SZ_东方财富_2025_管理层讨论与分析.pdf
MDAF0001390,东方财富,研发投入,16,提升公司产品创新性和用户满意度：提升用户体验和用户满意度。,300059.SZ,8,报告页码,,表格行,300059.SZ_东方财富_2025_管理层讨论与分析.pdf
MDAF0001391,东方财富,研发投入,16,提升金融终端智能化和信创水平：为个人用户、机构用户等提供全财经领域信息支持。,300059.SZ,8,报告页码,,表格行,300059.SZ_东方财富_2025_管理层讨论与分析.pdf
MDAF0001392,东方财富,研发投入,16,提升金融终端智能化和信创水平：助力用户高效决策， 满足用户对财经信息深度挖掘核心需求。,300059.SZ,8,报告页码,,表格行,300059.SZ_东方财富_2025_管理层讨论与分析.pdf
MDAF0001393,东方财富,研发投入,16,提升金融终端智能化和信创水平：实现跨场景、高效率的用户行为感知与智能响应，推动智能化服务的场景化落地与规模化应用。,300059.SZ,8,报告页码,,表格行,300059.SZ_东方财富_2025_管理层讨论与分析.pdf
MDAF0001394,东方财富,研发投入,16,提升金融终端智能化和信创水平：打造全生命周期数据治理能力与生态级协同服务，保障系统稳定性、数据精准度与安全性。,300059.SZ,8,报告页码,,表格行,300059.SZ_东方财富_2025_管理层讨论与分析.pdf
MDAF0001395,东方财富,研发投入,16,提升金融终端智能化和信创水平：提供多场景智能分析服务，满足投资者多场景的金融信息获取需求。,300059.SZ,8,报告页码,,表格行,300059.SZ_东方财富_2025_管理层讨论与分析.pdf
MDAF0001396,东方财富,研发投入,16,提升金融终端智能化和信创水平：提升内容生产效率与多样性，满足用户对动态可视化信息的需求。,300059.SZ,8,报告页码,,表格行,300059.SZ_东方财富_2025_管理层讨论与分析.pdf
MDAF0001397,东方财富,研发投入,16,提升金融终端智能化和信创水平：提升机构投研工作效率。,300059.SZ,8,报告页码,,表格行,300059.SZ_东方财富_2025_管理层讨论与分析.pdf
MDAF0001398,东方财富,研发投入,16,提升金融终端智能化和信创水平：提升海外市场证券交易体验，满足投资者对算法交易的诉求。,300059.SZ,8,报告页码,,表格行,300059.SZ_东方财富_2025_管理层讨论与分析.pdf
MDAF0001399,东方财富,研发投入,16,面向金融机构的新一代数据终端智能化研发项目：东方财富财经多模态智算引擎。,300059.SZ,8,报告页码,,表格行,300059.SZ_东方财富_2025_管理层讨论与分析.pdf
MDAF0001400,东方财富,研发投入,16,面向金融机构的新一代数据终端智能化研发项目：哈富证券低时延策略计算平台。,300059.SZ,8,报告页码,,表格行,300059.SZ_东方财富_2025_管理层讨论与分析.pdf
MDAF0001401,东方财富,研发投入,16,面向金融机构的新一代数据终端智能化研发项目：天天基金数据智算中枢。,300059.SZ,8,报告页码,,表格行,300059.SZ_东方财富_2025_管理层讨论与分析.pdf
MDAF0001402,东方财富,研发投入,16,面向金融机构的新一代数据终端智能化研发项目：天天基金智能体应用编排平台。,300059.SZ,8,报告页码,,表格行,300059.SZ_东方财富_2025_管理层讨论与分析.pdf
MDAF0001403,东方财富,研发投入,16,面向金融机构的新一代数据终端智能化研发项目：妙想投研助理创新研发项目。,300059.SZ,8,报告页码,,表格行,300059.SZ_东方财富_2025_管理层讨论与分析.pdf
MDAF0001404,东方财富,研发投入,16,面向金融机构的新一代数据终端智能化研发项目：智能全媒体内容流聚合平台。,300059.SZ,8,报告页码,,表格行,300059.SZ_东方财富_2025_管理层讨论与分析.pdf
MDAF0001405,东方财富,研发投入,16,面向金融机构的新一代数据终端智能化研发项目：端到端多模态视频合成平台项目。,300059.SZ,8,报告页码,,表格行,300059.SZ_东方财富_2025_管理层讨论与分析.pdf
MDAF0001406,东方财富,研发投入,16,面向金融机构的新一代数据终端智能化研发项目：行为驱动智能场景策略引擎系统项目。,300059.SZ,8,报告页码,,表格行,300059.SZ_东方财富_2025_管理层讨论与分析.pdf
MDAF0001407,数码视讯,业务概要,10,业务主要涵盖传媒科技、信息服务、公共安全、金融科技及其他等领域。,300079.SZ,1,报告页码,,正文,300079.SZ_数码视讯_2025_管理层讨论与分析.pdf
MDAF0001408,数码视讯,业务概要,10,主要产品及用途：公司持续深耕传媒科技产业生态，聚焦前沿高端软件迭代开发与创新信息化服务，通过产品与服务的深度融合，推动硬件、软件、应用及服务协同升级，满足传媒行业高质量发展需求。,300079.SZ,1,报告页码,1、传媒科技行业相关业务,正文,300079.SZ_数码视讯_2025_管理层讨论与分析.pdf
MDAF0001409,数码视讯,业务概要,10,公司一方面对已部署的软件产品开展持续开发、运行维护、服务模式优化及版本迭代，保障产品稳定性与适配性；另一方面聚焦视频服务商核心需求，打造专业化云直播、云转码、云媒资等SaaS 服务，灵活适配不同场景下的多样化业务诉求，提升服务响应效率与用户体验。,300079.SZ,1,报告页码,1、传媒科技行业相关业务,正文,300079.SZ_数码视讯_2025_管理层讨论与分析.pdf
MDAF0001410,数码视讯,业务概要,10,公司专注于视频、安全、人工智能与通信服务等前沿技术的创新研发，已在广电、通信、应急安全、新能源等多个领域构建领先的解决方案。,300079.SZ,1,报告页码,,正文,300079.SZ_数码视讯_2025_管理层讨论与分析.pdf
MDAF0001411,数码视讯,业务概要,10,公司坚持稳健经营、持续创新与积极合作，为全球120 多个国家和地区的运营商、企业、政府及金融机构提供优质、精准的技术与服务，助力全球用户畅享更智能、更安全、更美好的数字生活。,300079.SZ,1,报告页码,,正文,300079.SZ_数码视讯_2025_管理层讨论与分析.pdf
MDAF0001412,数码视讯,业务概要,10,公司致力于构建AI 智能世界的感知与决策引擎，秉承着“AI 驱动、自主可控、生态共荣”的发展理念，打造AI 时代的视觉中枢。,300079.SZ,1,报告页码,,正文,300079.SZ_数码视讯_2025_管理层讨论与分析.pdf
MDAF0001413,数码视讯,业务概要,10,在4K/8K 超高清视频处理领域，公司持续打造多元化解决方案矩阵：8K AVS3 端到端解决方案、多模态感知超高清、制播背包系统、4K/8K 超高清帧同步、专业音视频、深度技监等核心解决方案持续优化，深度融合5G、AI、大数据等前沿技术，完善超高清产业生态闭环，成功为众多重要政务活动、大型文体活动及体育赛事提供高品质视频技术支撑。,300079.SZ,1,报告页码,1、传媒科技行业相关业务,正文,300079.SZ_数码视讯_2025_管理层讨论与分析.pdf
MDAF0001414,数码视讯,业务概要,10,在智慧运维及传输领域，空天地一体化链路依托公司国产化编码、远程加扰、切换、调制、适配等核心产品，搭配自主研发的智慧运维软件系统，为地球站提供全方位、高可靠的业务开展、质量检测、运维管理全套国产化解决方案，助力国家关键信息基础设施自主可控；AI Agent 智慧运维方案依托大数据、智能算法、流程自动化、云计算等前沿技术，为用户构建统一、科学、高效的智慧运维管理体系，降低运维成本、提升管理效能；融媒播发方案借助IP 化传输技术落地，实现相关平台信号的统一汇聚、高效处理及调度分发，助力用户从容应对节目高清、超高清化发展趋势，适配行业技术升级需求；智融接入网方案通过深度融合FTTH 与C-DOCSIS 技术，为下一代广电传输网络建设提供高速、可行的解决方案，助力广电网络提升带宽能力与服务品质。,300079.SZ,1,报告页码,1、传媒科技行业相关业务,正文,300079.SZ_数码视讯_2025_管理层讨论与分析.pdf
MDAF0001415,数码视讯,业务概要,10,如多模态感知超高清方案全力支撑各级电视台4K/8K 超高清频道建设及新媒体系统搭建，提供超高清编码、基带IP 化传输、智能安播切换、4K/8K 远程制作、云编转码、云直播及智能竖屏内容生产等全链条先进技术与服务，助力电视台实现超高清化、数字化转型；多模态前端感知系统加速推进广电有线运营商前端平台的IP 化、超高清化、智慧化升级及国产化替代进程，提升广电网络运营效率与核心竞争力。,300079.SZ,1,报告页码,1、传媒科技行业相关业务,正文,300079.SZ_数码视讯_2025_管理层讨论与分析.pdf
MDAF0001416,数码视讯,业务概要,10,报告期内，公司推出针对广电行业的AI Agent，该系统可以广泛应用于电视台、网络公司、台站等的机房运维中，具有综合采集、智能研判、按需排障的运维能力，下一步计划将应用扩展到广播电视内容生产、数字安全、显控交互等各个业务场景。,300079.SZ,1,报告页码,1、传媒科技行业相关业务,正文,300079.SZ_数码视讯_2025_管理层讨论与分析.pdf
MDAF0001417,数码视讯,业务概要,11,2025年10月，全国应急广播体系建设现场推进会暨应急广播服务防汛救灾（2025年）专项行动总结会在昆明召开。,300079.SZ,2,报告页码,1、传媒科技行业相关业务,正文,300079.SZ_数码视讯_2025_管理层讨论与分析.pdf
MDAF0001418,数码视讯,业务概要,11,2025年8月国家标准化管理委员会批准发布了三项数字媒体领域关键技术国家标准：GB/T 46269.1-2025 《高动态范围（HDR）视频技术第1 部分：元数据及适配》、GB/T 46269.2-2025 《高动态范围（HDR）视频技术第2 部分：应用指南》和GB/T 46271-2025 《信息技术三维声技术编码、分发与呈现》，公司参与了上述标准的编写，深度推动我国自主知识产权音视频标准的落地应用。,300079.SZ,2,报告页码,1、传媒科技行业相关业务,正文,300079.SZ_数码视讯_2025_管理层讨论与分析.pdf
MDAF0001419,数码视讯,业务概要,11,产品可根据AI 算法对画面进行内容感知，基于感知结果进行动态画面区域划分，并对不同区域编码资源持续动态调整，以实现画面效果与编码资源间的动态平衡。,300079.SZ,2,报告页码,1、传媒科技行业相关业务,正文,300079.SZ_数码视讯_2025_管理层讨论与分析.pdf
MDAF0001420,数码视讯,业务概要,11,以公司超高清感知编解码器为例，该产品依托自有AVS3/AVS2算法库，完整保留了AVS 系列编码特性，充分展现AVS 系列算法出色的压缩能力，在业务稳定性和节目质量上具备双重优势，并支持中国自主的HDR Vivid 标准以及中国三维声Audio Vivid 标准，可实现“三位一体”的中国标准超高清音视频编码。,300079.SZ,2,报告页码,1、传媒科技行业相关业务,正文,300079.SZ_数码视讯_2025_管理层讨论与分析.pdf
MDAF0001421,数码视讯,业务概要,11,会议发布了应急广播服务防汛救灾（2025年）专项行动应急信息播发工作优秀单位，公司支持了包括北京市应急广播平台、云南省应急广播平台、山东省应急广播平台等在内的多个平台的建设。,300079.SZ,2,报告页码,1、传媒科技行业相关业务,正文,300079.SZ_数码视讯_2025_管理层讨论与分析.pdf
MDAF0001422,数码视讯,业务概要,11,公司也是业内少数同时具备应急广播平台、传输覆盖设备、密码安全保护产品、接收终端的厂商，更是广电业内极少数同时具备国密应急广播安全产品和国密CA 资质，并通过国密局商用认证及总局广科院检测的企业。,300079.SZ,2,报告页码,1、传媒科技行业相关业务,正文,300079.SZ_数码视讯_2025_管理层讨论与分析.pdf
MDAF0001423,数码视讯,业务概要,11,公司是国内首个获得广电总局颁发的应急广播（CEB）服务认证证书的企业，具备全链条应急广播服务能力。,300079.SZ,2,报告页码,1、传媒科技行业相关业务,正文,300079.SZ_数码视讯_2025_管理层讨论与分析.pdf
MDAF0001424,数码视讯,业务概要,11,在国家广电总局主办的第四届高新视频创新应用大赛中，公司作为主要参与单位的“双Vivid 4K 编码器”及“全媒体超高清信号调度及分发国产化系统应用”分别斩获超高清赛道——生产端的二等奖及三等奖。,300079.SZ,2,报告页码,1、传媒科技行业相关业务,正文,300079.SZ_数码视讯_2025_管理层讨论与分析.pdf
MDAF0001425,数码视讯,业务概要,11,在超高清领域，公司拥有业内自主算法库的8K AVS3 编码核心技术，该技术凭借领先性与实用性，荣获国家科学技术进步奖二等奖、北京市科学技术奖一等奖等重要奖项。,300079.SZ,2,报告页码,1、传媒科技行业相关业务,正文,300079.SZ_数码视讯_2025_管理层讨论与分析.pdf
MDAF0001426,数码视讯,业务概要,11,在重大活动保障上，公司4K/8K 超高清解决方案支撑了总台全国两会、春晚、亚洲冬季运动会、成都世界运动会等多项超高清直播、转播活动，凭借AI 制播背包系统、多模态感知超高清、多视角制播、AI 图像增强等技术，提升赛事转播的专业性与观赏性，助力超高清产业高质量发展。,300079.SZ,2,报告页码,1、传媒科技行业相关业务,正文,300079.SZ_数码视讯_2025_管理层讨论与分析.pdf
MDAF0001427,数码视讯,业务概要,11,市场地位及竞争优势：公司深耕传媒科技、应急安全等核心领域，凭借深厚的技术积累、全面的产品布局、丰富的落地经验及行业影响力，持续巩固并提升市场领先地位，核心竞争优势凸显。,300079.SZ,2,报告页码,1、传媒科技行业相关业务,正文,300079.SZ_数码视讯_2025_管理层讨论与分析.pdf
MDAF0001428,数码视讯,业务概要,11,市场落地与项目支撑方面，公司参与了国内绝大部分4K 上星频道及全部8K 开播频道的建设，报告期内公司参与的北京卫视、广东卫视、深圳卫视、江苏卫视、湖南卫视、山东卫视、浙江卫视、四川卫视等多家卫视正式开播。,300079.SZ,2,报告页码,1、传媒科技行业相关业务,正文,300079.SZ_数码视讯_2025_管理层讨论与分析.pdf
MDAF0001429,数码视讯,业务概要,11,应急安全领域，公司核心竞争力持续领跑，参与研发的“面向灾害救援的分布式多模态视频感知与融合传输关键技术及应用”荣获教育部科学技术进步奖二等奖。,300079.SZ,2,报告页码,1、传媒科技行业相关业务,正文,300079.SZ_数码视讯_2025_管理层讨论与分析.pdf
MDAF0001430,数码视讯,业务概要,11,应急广播领域，报告期内公司空天地一体应急解决方案进一步优化升级，助力实现国家、省、市、县多级平台的高效联动与快速部署，依托卫星、5G、融媒体、有线、无线等多元传输覆盖链路，大幅提升应急广播消息的下发速度与传播覆盖范围，强化应急广播在防灾减灾、公共服务、应急处置中的重要作用，助力完善国家应急广播体系建设。,300079.SZ,2,报告页码,1、传媒科技行业相关业务,正文,300079.SZ_数码视讯_2025_管理层讨论与分析.pdf
MDAF0001431,数码视讯,业务概要,11,技术创新层面，公司持续突破，已在中星6D、中星6E、直播卫星、IPTV 等广电重要信息传送通道实现应急广播信息传输，打造的空天地一体应急广播、全息感知城市应急、多模态高可靠应急终端等创新解决方案均已成功落地。,300079.SZ,2,报告页码,1、传媒科技行业相关业务,正文,300079.SZ_数码视讯_2025_管理层讨论与分析.pdf
MDAF0001432,数码视讯,业务概要,11,报告期内，公司参与了包括山东、天津、深圳、广州等多个地区的应急广播建设项目。,300079.SZ,2,报告页码,1、传媒科技行业相关业务,正文,300079.SZ_数码视讯_2025_管理层讨论与分析.pdf
MDAF0001433,数码视讯,业务概要,11,标准制定与技术创新方面，公司参与制定的《应急广播主动发布终端技术要求和测量方法》已于2026年1月由国家广播电视总局发布，报告期内公司积极参与各地应急广播相关标准规范的制定和落地，其中参与的湖北省《应急广播北斗卫星系统技术规范第4 部分：测试与检定》《应急广播北斗卫星系统技术规范第5 部分：压缩编码》等文件已公开征求意见即将发布。,300079.SZ,2,报告页码,1、传媒科技行业相关业务,正文,300079.SZ_数码视讯_2025_管理层讨论与分析.pdf
MDAF0001434,数码视讯,业务概要,11,标准制定与生态建设方面，公司深度参与行业发展顶层设计，参与制定总局发布的《高动态范围视频端到端技术要求和测量方法》《超高清音视频编码码流网络传输封装技术要求》等多项广播电视和网络视听行业标准。,300079.SZ,2,报告页码,1、传媒科技行业相关业务,正文,300079.SZ_数码视讯_2025_管理层讨论与分析.pdf
MDAF0001435,数码视讯,业务概要,11,此前公司亦作为重要参编单位参与广电总局牵头编制的《应急广播技术白皮书》及平台接口、密码应用、数字签名等多项应急广播相关标准规范的制定，为行业规范化发展提供重要支撑。,300079.SZ,2,报告页码,1、传媒科技行业相关业务,正文,300079.SZ_数码视讯_2025_管理层讨论与分析.pdf
MDAF0001436,数码视讯,业务概要,11,经营模式：公司的产品与技术服务主要采用两种经营模式，产品与设备类采用设计+生产+销售型经营模式，软件技术服务类采用信息服务类型的经营模式，此外应急广播方案两种模式均有涉及。,300079.SZ,2,报告页码,1、传媒科技行业相关业务,正文,300079.SZ_数码视讯_2025_管理层讨论与分析.pdf
MDAF0001437,数码视讯,业务概要,11,荣誉获得方面，由总台、数码视讯等作为主要完成单位的“端到端竖屏制作系统的研发和应用”和“国产化多格式编码复用系统”分别获得2025年度中国电影电视技术学会科技进步奖一等奖及二等奖。,300079.SZ,2,报告页码,1、传媒科技行业相关业务,正文,300079.SZ_数码视讯_2025_管理层讨论与分析.pdf
MDAF0001438,数码视讯,业务概要,12,业绩驱动因素：国家政策推动、行业转型升级需求、领先核心技术、深厚行业资源以及丰富的落地案例。,300079.SZ,3,报告页码,1、传媒科技行业相关业务,正文,300079.SZ_数码视讯_2025_管理层讨论与分析.pdf
MDAF0001439,数码视讯,业务概要,12,主要产品及用途：公司聚焦信息服务行业核心需求，持续丰富产品矩阵、优化服务能力，核心产品涵盖智慧媒体终端、智能宽带接入终端、应急广播终端等，应用场景广泛覆盖家庭、企业、酒店等各类场景，可全面满足不同场景下的信息传输、终端接入及应急播报等需求。,300079.SZ,3,报告页码,2、信息服务行业相关业务,正文,300079.SZ_数码视讯_2025_管理层讨论与分析.pdf
MDAF0001440,数码视讯,业务概要,12,公司产品类型齐全、性能稳定，在核心技术领域具备充足的技术储备优势，同时构建了覆盖全国所有省份的售后服务体系，可快速响应客户需求，提供及时、优质的技术服务支撑，经过多年深耕，已成为运营商多类终端及技术服务产品的主流供货商。,300079.SZ,3,报告页码,2、信息服务行业相关业务,正文,300079.SZ_数码视讯_2025_管理层讨论与分析.pdf
MDAF0001441,数码视讯,业务概要,12,公司可提供网络机顶盒、插入式微型机顶盒、家庭网关、融合网关、政企网关、智能音柱及收扩机等各类软、硬件一体化解决方案，适配运营商全场景业务布局。,300079.SZ,3,报告页码,2、信息服务行业相关业务,正文,300079.SZ_数码视讯_2025_管理层讨论与分析.pdf
MDAF0001442,数码视讯,业务概要,12,公司聚焦技术创新、产品优化及场景适配，合作范围兼具广度与深度。,300079.SZ,3,报告页码,2、信息服务行业相关业务,正文,300079.SZ_数码视讯_2025_管理层讨论与分析.pdf
MDAF0001443,数码视讯,业务概要,12,在视频技术服务领域，公司持续深化技术迭代，提供AI 超高清视频处理、AI 编转码、视频加密技术以及用户管理、广告运营、终端认证管理等全链条软、硬件产品和系统，凭借丰富的平台开发及对接经验，所有相关产品均支持软、硬件定制化服务，精准匹配中国移动、中国联通、中国电信、中国广电四大运营商的差异化业务需求。,300079.SZ,3,报告页码,2、信息服务行业相关业务,正文,300079.SZ_数码视讯_2025_管理层讨论与分析.pdf
MDAF0001444,数码视讯,业务概要,12,经营模式：作为业内少数可支撑客户视音频类综合业务全面开展的厂商，公司依托20 余年深厚的技术储备、过硬的研发实力，与四大运营商在终端领域展开深度合作，参与产品的研发、设计、生产及销售推广全流程。,300079.SZ,3,报告页码,2、信息服务行业相关业务,正文,300079.SZ_数码视讯_2025_管理层讨论与分析.pdf
MDAF0001445,数码视讯,业务概要,12,销售对象：中国移动、中国联通、中国电信、中国广电四大运营商集团以及各专业子公司、省分公司。,300079.SZ,3,报告页码,2、信息服务行业相关业务,正文,300079.SZ_数码视讯_2025_管理层讨论与分析.pdf
MDAF0001446,数码视讯,业务概要,12,面对行业环境变化，公司积极优化成本控制体系，通过深化与四大运营商深度合作、优化供应链管理、提升生产效率等方式，有效对冲了产品单价浮动带来的影响，业绩变化符合行业发展客观规律，整体保持稳健发展态势，与行业高质量发展趋势相契合。,300079.SZ,3,报告页码,2、信息服务行业相关业务,正文,300079.SZ_数码视讯_2025_管理层讨论与分析.pdf
MDAF0001447,数码视讯,业务概要,13,业绩驱动因素：国家政策的驱动、行业发展的需求、领先的技术、深厚的行业资源及丰富的落地案例。,300079.SZ,4,报告页码,3、公共安全行业相关业务,正文,300079.SZ_数码视讯_2025_管理层讨论与分析.pdf
MDAF0001448,数码视讯,业务概要,13,业绩驱动因素：国家政策驱动、用户覆盖规模、公司产品技术能力、产品成本及质量控制、售后服务体系完备。,300079.SZ,4,报告页码,2、信息服务行业相关业务,正文,300079.SZ_数码视讯_2025_管理层讨论与分析.pdf
MDAF0001449,数码视讯,业务概要,13,主要产品及用途：公司持续深耕公共安全领域，聚焦数据安全、公共安全服务、终端安全架构设计等核心方向，完善产品矩阵、强化技术迭代，提供全流程、高可靠的安全解决方案。,300079.SZ,4,报告页码,3、公共安全行业相关业务,正文,300079.SZ_数码视讯_2025_管理层讨论与分析.pdf
MDAF0001450,数码视讯,业务概要,13,作为国家标准起草单位之一，公司深度参与CAS 相关技术规范起草，拥有多项商用密码产品认证证书，技术实力获得行业认可。,300079.SZ,4,报告页码,3、公共安全行业相关业务,正文,300079.SZ_数码视讯_2025_管理层讨论与分析.pdf
MDAF0001451,数码视讯,业务概要,13,公共安全服务领域，公司拥有应急广播安全保护系统、5G 公网传输安全服务等核心解决方案。,300079.SZ,4,报告页码,3、公共安全行业相关业务,正文,300079.SZ_数码视讯_2025_管理层讨论与分析.pdf
MDAF0001452,数码视讯,业务概要,13,公司拥有AIGC 鉴伪、数字版权等核心技术，可为电信、有线、网络视听等视频服务商提供专网、公网、内外网等多传输通道链路数据保护，同时提供软件安全、硬件安全、增强硬件安全三个级别的终端安全保护方案，全方位保障数据传输与终端运行安全。,300079.SZ,4,报告页码,3、公共安全行业相关业务,正文,300079.SZ_数码视讯_2025_管理层讨论与分析.pdf
MDAF0001453,数码视讯,业务概要,13,在DRM 领域，公司是国内少数可同时提供数字内容加密技术、数字内容水印技术及数字内容传输链路保护技术的厂商，作为ChinaDRM 标准主要制定单位之一，公司不仅是首批通过广电总局ChinaDRM 集成研发服务认证、ChinaDRM LAB ChinaDRM2.0 标准安全评估认证的厂商，其版权保护数字水印产品也顺利通过ChinaDRM LAB 安全评估，具备前端水印、终端水印整体数字水印解决方案。,300079.SZ,4,报告页码,3、公共安全行业相关业务,正文,300079.SZ_数码视讯_2025_管理层讨论与分析.pdf
MDAF0001454,数码视讯,业务概要,13,在传输链路保护领域，公司的安全产品可提供国密算法支持，适配运营商核心需求。,300079.SZ,4,报告页码,3、公共安全行业相关业务,正文,300079.SZ_数码视讯_2025_管理层讨论与分析.pdf
MDAF0001455,数码视讯,业务概要,13,在数据安全领域，公司可提供内容版权标识、加密保护、数字水印、版权监测、电子证据采集等全链条安全服务，核心产品配置高性能水印处理引擎，支持图文、音频、视频等多形式内容实时嵌入数字水印，具备盲检测能力，可适应不同类型的编转码操作和内容编辑，能够满足媒资版权信息管理、传播过程中侵权识别与溯源等多元化业务需求，大幅降低媒资互联网传播过程中的版权保护风险。,300079.SZ,4,报告页码,3、公共安全行业相关业务,正文,300079.SZ_数码视讯_2025_管理层讨论与分析.pdf
MDAF0001456,数码视讯,业务概要,13,在终端安全架构设计及服务领域，公司具备自主产权的底层数字安全架构技术服务能力和信息化综合处理平台，核心技术聚焦可信计算环境开发及国密算法应用，平台拥有完全自主知识产权的安全隔离与信息交换系统，可向网络数字安全、政企数据安全、物联网安全等领域延伸拓展。,300079.SZ,4,报告页码,3、公共安全行业相关业务,正文,300079.SZ_数码视讯_2025_管理层讨论与分析.pdf
MDAF0001457,数码视讯,业务概要,13,市场地位竞争优势：公司深耕安全领域多年，凭借全面的技术布局、深厚的研发积累及丰富的落地经验，在视频安全领域占据优势地位，是市场上视频安全技术及方案最为全面的厂商之一。,300079.SZ,4,报告页码,3、公共安全行业相关业务,正文,300079.SZ_数码视讯_2025_管理层讨论与分析.pdf
MDAF0001458,数码视讯,业务概要,13,目前，公司针对4K/8K 等内容版权保护的DRM 系统及针对直播内容保护的条件接收系统也已相继落地数十个电信及广电运营商，拥有可支撑亿级用户的处理能力。,300079.SZ,4,报告页码,3、公共安全行业相关业务,正文,300079.SZ_数码视讯_2025_管理层讨论与分析.pdf
MDAF0001459,数码视讯,业务概要,13,相关技术在AIGC 内容标识溯源、电子ID、生物特征识别、隐私加密、车载智能座舱系统、V2X 车联网等数据安全领域发挥重要支撑作用，同时助力数据交易所建设，目前公司车载系统DRM 和底层安全架构方案已形成成熟落地案例。,300079.SZ,4,报告页码,3、公共安全行业相关业务,正文,300079.SZ_数码视讯_2025_管理层讨论与分析.pdf
MDAF0001460,数码视讯,业务概要,13,经营模式：产品与设备类采用“设计+生产+销售”一体化经营模式，全程把控产品研发、生产及销售全流程，保障产品质量与交付效率；安全软件技术服务类采用信息服务型、项目打包结算型、按终端授权许可收费型相结合的经营模式，灵活适配客户多样化需求，提升服务性价比与客户粘性。,300079.SZ,4,报告页码,3、公共安全行业相关业务,正文,300079.SZ_数码视讯_2025_管理层讨论与分析.pdf
MDAF0001461,数码视讯,业务概要,14,业绩驱动因素：国家政策的驱动、支付业务的市场规模、市场消费能力、安全领先的技术能力、深厚的行业资源及丰富的落地案例。,300079.SZ,5,报告页码,4、金融科技行业相关业务,正文,300079.SZ_数码视讯_2025_管理层讨论与分析.pdf
MDAF0001462,数码视讯,业务概要,14,主要产品及用途：第三方支付业务，为行业客户提供支付综合解决方案以及全线支付产品（包括境内支付和跨境支付产品）。,300079.SZ,5,报告页码,4、金融科技行业相关业务,正文,300079.SZ_数码视讯_2025_管理层讨论与分析.pdf
MDAF0001463,数码视讯,业务概要,14,作为以电影、剧集的投资、开发、制作为核心，融合娱乐整合营销为一体的综合性传媒公司，完美星空具备成熟的内容创作能力与资源整合能力。,300079.SZ,5,报告页码,5、其他业务,正文,300079.SZ_数码视讯_2025_管理层讨论与分析.pdf
MDAF0001464,数码视讯,业务概要,14,依托集团在传媒科技、数字安全领域的深厚业务背景，能够深刻理解各行业客户的业务痛点与发展需求，形成独特的市场竞争优势，客户认可度持续提升。,300079.SZ,5,报告页码,4、金融科技行业相关业务,正文,300079.SZ_数码视讯_2025_管理层讨论与分析.pdf
MDAF0001465,数码视讯,业务概要,14,公司其他业务主要为影视传媒领域，通过旗下影视子公司完美星空开展相关业务。,300079.SZ,5,报告页码,5、其他业务,正文,300079.SZ_数码视讯_2025_管理层讨论与分析.pdf
MDAF0001466,数码视讯,业务概要,14,公司属于非银行支付机构，隶属中国人民银行管辖，采购内容、采购来源及采购流程均严格遵守中国人民银行相关规范及行业监管要求，确保采购环节合法合规、公开透明，保障业务合规有序开展。,300079.SZ,5,报告页码,4、金融科技行业相关业务,正文,300079.SZ_数码视讯_2025_管理层讨论与分析.pdf
MDAF0001467,数码视讯,业务概要,14,公司通过全资子公司北京数码视讯支付技术有限公司开展金融科技相关业务，依托完善的牌照资质、成熟的产品体系及深厚的行业积累，稳步推进业务发展，积极响应国家跨境贸易政策及全球化发展战略，实现业务提质增效。,300079.SZ,5,报告页码,4、金融科技行业相关业务,正文,300079.SZ_数码视讯_2025_管理层讨论与分析.pdf
MDAF0001468,数码视讯,业务概要,14,完美星空经过十余年深耕发展，已在影视行业积累了深厚的上下游资源，构建起完善的影视创作、投资、制作及营销体系，先后出品《急诊室故事》《长安少年行》《一出好戏》《京城81 号》《误杀》等一批口碑与市场表现俱佳的优秀影视作品，在行业内树立了良好的品牌形象。,300079.SZ,5,报告页码,5、其他业务,正文,300079.SZ_数码视讯_2025_管理层讨论与分析.pdf
MDAF0001469,数码视讯,业务概要,14,市场地位竞争优势：支付公司深耕企业支付服务领域，具备专业的定制化解决方案能力，可精准匹配不同行业客户的差异化支付需求。,300079.SZ,5,报告页码,4、金融科技行业相关业务,正文,300079.SZ_数码视讯_2025_管理层讨论与分析.pdf
MDAF0001470,数码视讯,业务概要,14,报告期内，公司严格落实监管部门各项要求，持续优化产品服务结构，对部分业务进行适度调整，进一步规范业务运营，确保业务发展符合行业监管导向与新背景下的行业发展趋势，为业务长期稳健发展奠定坚实基础。,300079.SZ,5,报告页码,4、金融科技行业相关业务,正文,300079.SZ_数码视讯_2025_管理层讨论与分析.pdf
MDAF0001471,数码视讯,业务概要,14,报告期内，完美星空依托集团在AI、视频处理等领域的深厚技术储备，持续探索行业新兴AIGC 赛道，在剧本策划、美术风格、分镜生成等环节积极引入AI 技术，助力公司在影视内容领域实现创新突破。,300079.SZ,5,报告页码,5、其他业务,正文,300079.SZ_数码视讯_2025_管理层讨论与分析.pdf
MDAF0001472,数码视讯,业务概要,14,支付公司持有中国人民银行颁发的“储值账户运营Ⅰ类”牌照，自2012年取得牌照并启动支付系统建设以来，持续深化与支付清算机构的合作，已形成覆盖国内主流银行、适配多样化业务场景的完善产品体系，成功开拓电子商务、直播、社交、新媒体、广电端购物消费、游戏、公共事业代缴费（单位/机构）、广电运营商等多领域市场，业务覆盖面持续扩大。,300079.SZ,5,报告页码,4、金融科技行业相关业务,正文,300079.SZ_数码视讯_2025_管理层讨论与分析.pdf
MDAF0001473,数码视讯,业务概要,14,此外，支付公司已获得跨境人民币支付展业资质，进一步完善跨境支付业务布局，助力企业客户打通跨境资金结算通道，响应国家跨境贸易高质量发展需求。,300079.SZ,5,报告页码,4、金融科技行业相关业务,正文,300079.SZ_数码视讯_2025_管理层讨论与分析.pdf
MDAF0001474,数码视讯,业务概要,14,经营模式：采用平台+支付的形式，在商户上线、系统运营之后，运用自身支付能力为商户交易提供资金支付通道，收取支付服务费用。,300079.SZ,5,报告页码,4、金融科技行业相关业务,正文,300079.SZ_数码视讯_2025_管理层讨论与分析.pdf
MDAF0001475,数码视讯,业务概要,14,结合行业特点，制定解决方案，深度定制支付功能，收取服务费用。,300079.SZ,5,报告页码,4、金融科技行业相关业务,正文,300079.SZ_数码视讯_2025_管理层讨论与分析.pdf
MDAF0001476,数码视讯,业务概要,14,采购控制：公司金融科技相关业务采购内容主要分为两大板块，运营端主要包括计算机软硬件采购、软件服务外包采购等，保障支付系统稳定运营与技术迭代；成本端主要为银联、网联等清算机构和商业银行的通道采购，保障支付通道畅通高效。,300079.SZ,5,报告页码,4、金融科技行业相关业务,正文,300079.SZ_数码视讯_2025_管理层讨论与分析.pdf
MDAF0001477,数码视讯,业务概要,14,销售对象：互联网电商、直播、游戏类商户、跨境电商平台、跨境服务类商户等。,300079.SZ,5,报告页码,4、金融科技行业相关业务,正文,300079.SZ_数码视讯_2025_管理层讨论与分析.pdf
MDAF0001478,数码视讯,业务概要,15,业绩驱动因素：国家政策支持、制作技术水平提升、作品质量优化等。,300079.SZ,6,报告页码,5、其他业务,正文,300079.SZ_数码视讯_2025_管理层讨论与分析.pdf
MDAF0001479,数码视讯,核心竞争力,18,全资子公司北京数码视讯软件技术发展有限公司获工信部第四批专精特新“小巨人”资质认定、全资子公司深圳鼎点通信科技有限公司获工信部第五批专精特新“小巨人”资质认定。,300079.SZ,9,报告页码,1、 自主创新与科研实力,正文,300079.SZ_数码视讯_2025_管理层讨论与分析.pdf
MDAF0001480,数码视讯,核心竞争力,18,公司积极参与国家级重点项目，如国家发改委“5G+4K/8K 超高清制播示范平台”项目、科技部国家重点研发计划“科技冬奥”专项课题等重点课题研发，并获得包括国家科学技术进步奖二等奖等在内的多个国家级重要奖项。,300079.SZ,9,报告页码,1、 自主创新与科研实力,正文,300079.SZ_数码视讯_2025_管理层讨论与分析.pdf
MDAF0001481,数码视讯,核心竞争力,18,公司积极响应国家“人工智能+”行动与超高清视频产业发展战略，持续强化科研投入与高端人才培养，深度参与HDR Vivid、Audio Vivid、AVS3、应急广播等关键领域的技术标准制定与生态建设。,300079.SZ,9,报告页码,1、 自主创新与科研实力,正文,300079.SZ_数码视讯_2025_管理层讨论与分析.pdf
MDAF0001482,数码视讯,核心竞争力,18,公司积极融入国家高水平对外开放与“一带一路”倡议，业务网络已扩展至美洲、欧洲、东亚、东南亚、南亚、中亚及非洲等全球主要区域，核心技术与产品已进入全球超过120个国家和地区。,300079.SZ,9,报告页码,2、客户资源与市场优势,正文,300079.SZ_数码视讯_2025_管理层讨论与分析.pdf
MDAF0001483,数码视讯,核心竞争力,18,历经二十余年的深耕与积累，公司已构建了坚实且广泛的客户基础，服务覆盖国内20 余家国家级客户、30 余家省级客户以及200 余家市级客户。,300079.SZ,9,报告页码,2、客户资源与市场优势,正文,300079.SZ_数码视讯_2025_管理层讨论与分析.pdf
MDAF0001484,数码视讯,核心竞争力,18,国内市场，公司持续探索AI+领域，聚焦5G+超高清融合传播、智慧广电公共服务体系、视频安全、媒体深度融合及全IP 化转型等领域，从技术标准、产品方案到规模化应用，全面赋能行业数字化、智能化升级。,300079.SZ,9,报告页码,2、客户资源与市场优势,正文,300079.SZ_数码视讯_2025_管理层讨论与分析.pdf
MDAF0001485,数码视讯,核心竞争力,18,国际市场，在全球运营商智能化转型趋势下，公司依托自研高性能产品与智能转码技术，提供高密度视频处理方案，以更低带宽实现更优画质传输，有效提升终端用户体验。,300079.SZ,9,报告页码,2、客户资源与市场优势,正文,300079.SZ_数码视讯_2025_管理层讨论与分析.pdf
MDAF0001486,数码视讯,核心竞争力,18,报告期内，公司持续致力于构筑开放、协同的全球超高清视频产业生态合作网络，与全球伙伴共促产业繁荣与技术进步，公司的国际影响力与品牌价值得到进一步彰显。,300079.SZ,9,报告页码,2、客户资源与市场优势,正文,300079.SZ_数码视讯_2025_管理层讨论与分析.pdf
MDAF0001487,数码视讯,核心竞争力,18,报告期内，公司整体实力获得广泛认可，成功入选“北京民营企业专精特新百强”“北京数字经济企业100 强”“北京高精尖企业100 强”等多个权威榜单。,300079.SZ,9,报告页码,1、 自主创新与科研实力,正文,300079.SZ_数码视讯_2025_管理层讨论与分析.pdf
MDAF0001488,数码视讯,核心竞争力,18,此外，公司的光纤端到端方案已成功进入欧美主流运营商的骨干网络，并实现终端规模化部署，助力全球光纤化进程，为用户提供更便捷的高速带宽服务。,300079.SZ,9,报告页码,2、客户资源与市场优势,正文,300079.SZ_数码视讯_2025_管理层讨论与分析.pdf
MDAF0001489,数码视讯,核心竞争力,18,目前，公司已在北京、深圳、武汉、西安等多地设立研发基地，并与国内外顶尖科研机构深化合作，致力于前沿技术的研发与孵化，推动全球产业技术协同创新。,300079.SZ,9,报告页码,1、 自主创新与科研实力,正文,300079.SZ_数码视讯_2025_管理层讨论与分析.pdf
MDAF0001490,数码视讯,核心竞争力,18,相关解决方案已在拉美、东南亚及中亚等地区实现规模化部署。,300079.SZ,9,报告页码,2、客户资源与市场优势,正文,300079.SZ_数码视讯_2025_管理层讨论与分析.pdf
MDAF0001491,数码视讯,核心竞争力,19,公司与员工共同成长：构建覆盖全职业周期的培训发展体系与清晰的职业晋升通道，关注员工身心健康与工作生活平衡；公司与客户共同成功：坚持以客户为中心，通过技术迭代与服务优化，深度理解并超越客户期望，实现共赢；公司与社会共同进步：积极履行企业责任，参与公益活动，追求商业价值与社会价值的统一，提升品牌形象与社会影响力。,300079.SZ,10,报告页码,3、内部管理与企业文化,正文,300079.SZ_数码视讯_2025_管理层讨论与分析.pdf
MDAF0001492,数码视讯,核心竞争力,19,公司以“让每个人享受更美好的数字生活”为使命，秉持与员工、客户及社会共享价值的核心理念。,300079.SZ,10,报告页码,3、内部管理与企业文化,正文,300079.SZ_数码视讯_2025_管理层讨论与分析.pdf
MDAF0001493,数码视讯,核心竞争力,19,公司企业文化历经多年沉淀，始终坚定“热爱祖国，通过科技创新实现中华民族伟大复兴”的企业信仰，并不断丰富“创业、创新、团队”的精神内涵。,300079.SZ,10,报告页码,3、内部管理与企业文化,正文,300079.SZ_数码视讯_2025_管理层讨论与分析.pdf
MDAF0001494,数码视讯,核心竞争力,19,公司坚持长期主义与稳健经营，注重在战略拓展与风险管控间取得平衡。,300079.SZ,10,报告页码,3、内部管理与企业文化,正文,300079.SZ_数码视讯_2025_管理层讨论与分析.pdf
MDAF0001495,数码视讯,核心竞争力,19,公司持续巩固并提升在行业内引领者的地位，是行业核心标准制定与产业化推进的关键力量之一。,300079.SZ,10,报告页码,4、行业影响力,正文,300079.SZ_数码视讯_2025_管理层讨论与分析.pdf
MDAF0001496,数码视讯,核心竞争力,19,公司深度参与《高动态范围视频端到端技术要求和测量方法》《超高清音视频编码码流网络传输封装技术要求》《高动态范围（HDR）视频技术第1 部分：元数据及适配》《高动态范围（HDR）视频技术第2 部分：应用指南》和《信息技术三维声技术编码、分发与呈现》等标准的编写，推动我国自主知识产权音视频标准的落地应用。,300079.SZ,10,报告页码,4、行业影响力,正文,300079.SZ_数码视讯_2025_管理层讨论与分析.pdf
MDAF0001497,数码视讯,核心竞争力,19,公司通过定期举办创新大赛、跨部门团队建设、专业研讨会及文化类活动等多种形式，持续营造激情、务实、敬业、学习、求新、担当的组织氛围。,300079.SZ,10,报告页码,3、内部管理与企业文化,正文,300079.SZ_数码视讯_2025_管理层讨论与分析.pdf
MDAF0001498,数码视讯,核心竞争力,19,可针对有损的视频场景、低分辨率视频流或视频文件进行实时放大、修复、复原，输出高分辨率、高清晰度视频，并经过神经网络的处理，有效修复编解码引入的图像错误，尽量还原真实图像内容，实现画面效果的整体提升。,300079.SZ,10,报告页码,4、行业影响力,正文,300079.SZ_数码视讯_2025_管理层讨论与分析.pdf
MDAF0001499,数码视讯,核心竞争力,19,在人工智能领域，公司多年来积极自主研发AI 技术，尤其是在视频内容生产领域，持续不断探索AIGC 生成式技术，并配合智能审核技术、多模态智能搜索等实现全媒体行业的媒资管理，构建全新视音频服务。,300079.SZ,10,报告页码,4、行业影响力,正文,300079.SZ_数码视讯_2025_管理层讨论与分析.pdf
MDAF0001500,数码视讯,核心竞争力,19,在国家广电总局主办的第四届高新视频创新应用大赛中，公司作为主要参与单位的“双Vivid 4K 编码器”及“全媒体超高清信号调度及分发国产化系统应用”分别斩获超高清赛道——生产端的二等奖及三等奖。,300079.SZ,10,报告页码,4、行业影响力,正文,300079.SZ_数码视讯_2025_管理层讨论与分析.pdf
MDAF0001501,数码视讯,核心竞争力,19,在组织与人才建设方面，公司践行“以人为本”理念，不断优化绩效评价体系，引入360 度绩效评估机制，从工作成果、团队协作、创新能力等多个维度进行全面评估，确保考核客观公正。,300079.SZ,10,报告页码,3、内部管理与企业文化,正文,300079.SZ_数码视讯_2025_管理层讨论与分析.pdf
MDAF0001502,数码视讯,核心竞争力,19,在视频增强领域，公司的AI 视频增强基于深度学习技术，重新设计并提出自研的超分核心技术算法。,300079.SZ,10,报告页码,4、行业影响力,正文,300079.SZ_数码视讯_2025_管理层讨论与分析.pdf
MDAF0001503,数码视讯,核心竞争力,19,在超高清领域，公司深度参与并推动了AVS3、HDR Vivid、Audio Vivid 等自主标准体系的完善、认证与规模化商用，积极参与“百城千屏”等产业活动，不仅从技术源头助力产业链补强，更在实践中加速了国产化替代与生态繁荣。,300079.SZ,10,报告页码,4、行业影响力,正文,300079.SZ_数码视讯_2025_管理层讨论与分析.pdf
MDAF0001504,数码视讯,核心竞争力,19,报告期内，公司参与的“端到端竖屏制作系统的研发和应用”和“国产化多格式编码复用系统”分别获得2025年度中国电影电视技术学会科技进步奖一等奖及二等奖。,300079.SZ,10,报告页码,4、行业影响力,正文,300079.SZ_数码视讯_2025_管理层讨论与分析.pdf
MDAF0001505,数码视讯,核心竞争力,19,报告期内，公司推出针对广电行业的AI Agent，该系统可以广泛应用于电视台、网络公司、台站等的机房运维中，以本地化部署的广电垂直大模型为核心，具有综合采集、智能研判、按需排障的运维能力。,300079.SZ,10,报告页码,4、行业影响力,正文,300079.SZ_数码视讯_2025_管理层讨论与分析.pdf
MDAF0001506,数码视讯,核心竞争力,19,此外，公司也推出了基于多模型协同的音视频AI 鉴伪标识系统，通过先进的图像、音频检测模型，结合国产大模型的逻辑研判能力，精准识别音视频内容是否被AI 生成或篡改，为通讯安全、内容审核、媒体发布提供高效技术保障。,300079.SZ,10,报告页码,4、行业影响力,正文,300079.SZ_数码视讯_2025_管理层讨论与分析.pdf
MDAF0001507,数码视讯,核心竞争力,19,超高清频道建设层面，公司支持了包括北京卫视、广东卫视、深圳卫视等多家4K 超高清频道的建设和开播。,300079.SZ,10,报告页码,4、行业影响力,正文,300079.SZ_数码视讯_2025_管理层讨论与分析.pdf
MDAF0001508,数码视讯,核心竞争力,19,通过建立并持续完善市场动态监测与系统性风险评估机制，精准研判行业趋势与潜在风险，保障企业在复杂多变的市场环境中行稳致远，实现高质量、可持续发展。,300079.SZ,10,报告页码,3、内部管理与企业文化,正文,300079.SZ_数码视讯_2025_管理层讨论与分析.pdf
MDAF0001509,数码视讯,核心竞争力,20,5、报告期内，公司未发生因设备、技术升级换代、核心技术人员辞职等影响公司核心竞争能力的情形。,300079.SZ,11,报告页码,4、行业影响力,正文,300079.SZ_数码视讯_2025_管理层讨论与分析.pdf
MDAF0001510,数码视讯,核心竞争力,20,作为ChinaDRM 标准工作组的重要成员，公司持续通过ChinaDRM LAB 最高级别的安全评估认证，是国内少数能够提供涵盖数字版权管理（DRM）、数字水印、内容加密与传输链路保护等全链条安全技术的服务商之一，为视听内容的价值流转与安全传播构建可信环境。,300079.SZ,11,报告页码,4、行业影响力,正文,300079.SZ_数码视讯_2025_管理层讨论与分析.pdf
MDAF0001511,数码视讯,核心竞争力,20,公司始终将自主创新作为发展的核心引擎，不断强化科研能力与市场影响力，致力于以领先的AI 视音频技术赋能千行百业，助力构建新发展格局。,300079.SZ,11,报告页码,4、行业影响力,正文,300079.SZ_数码视讯_2025_管理层讨论与分析.pdf
MDAF0001512,数码视讯,核心竞争力,20,公司拥有空、天、地一体化的全场景解决方案与丰富的国家、省、市等各级标杆案例。,300079.SZ,11,报告页码,4、行业影响力,正文,300079.SZ_数码视讯_2025_管理层讨论与分析.pdf
MDAF0001513,数码视讯,核心竞争力,20,公司致力于推动应急广播体系实现横向跨部门联通、纵向跨层级贯通，为提升国家应急管理能力与社会治理水平提供科技支撑。,300079.SZ,11,报告页码,4、行业影响力,正文,300079.SZ_数码视讯_2025_管理层讨论与分析.pdf
MDAF0001514,数码视讯,核心竞争力,20,在应急广播领域，公司作为国家应急广播标准体系的核心建设参与方之一，持续投入相关行业标准、技术白皮书的编制与宣贯工作。,300079.SZ,11,报告页码,4、行业影响力,正文,300079.SZ_数码视讯_2025_管理层讨论与分析.pdf
MDAF0001515,数码视讯,核心竞争力,20,在数据与内容安全领域，公司拥有完全自主知识产权的底层安全技术架构与综合处理平台。,300079.SZ,11,报告页码,4、行业影响力,正文,300079.SZ_数码视讯_2025_管理层讨论与分析.pdf
MDAF0001516,数码视讯,核心竞争力,20,并在业内率先实现了应急广播平台兼容国产化设备的要求。,300079.SZ,11,报告页码,4、行业影响力,正文,300079.SZ_数码视讯_2025_管理层讨论与分析.pdf
MDAF0001517,数码视讯,研发投入,23,主要研发项目名称：Docsis4.0 CMTS。,300079.SZ,14,报告页码,,表格行,300079.SZ_数码视讯_2025_管理层讨论与分析.pdf
MDAF0001518,数码视讯,研发投入,23,拟达到的目标：保持公司对Docsis 标。,300079.SZ,14,报告页码,,表格行,300079.SZ_数码视讯_2025_管理层讨论与分析.pdf
MDAF0001519,数码视讯,研发投入,23,拟达到的目标：完成符合CableLabs Docsis4.0 FDD 标准的 CMTS 开发，提升公司产品在海外高端设备的竞争力。,300079.SZ,14,报告页码,,表格行,300079.SZ_数码视讯_2025_管理层讨论与分析.pdf
MDAF0001520,数码视讯,研发投入,23,拟达到的目标：提升海外客户对公司 CMTS 产品的产品认知度和对公司技术实力的认可。,300079.SZ,14,报告页码,,表格行,300079.SZ_数码视讯_2025_管理层讨论与分析.pdf
MDAF0001521,数码视讯,研发投入,23,项目目的：开发符合DOCSIS4.0 FDD 标准的CMTS，满足运行高上行带宽、低传输延迟的下一代接入网需求。,300079.SZ,14,报告页码,,表格行,300079.SZ_数码视讯_2025_管理层讨论与分析.pdf
MDAF0001522,数码视讯,研发投入,23,项目进展：项目完结。,300079.SZ,14,报告页码,,表格行,300079.SZ_数码视讯_2025_管理层讨论与分析.pdf
MDAF0001523,数码视讯,研发投入,23,适用。,300079.SZ,14,报告页码,,选项,300079.SZ_数码视讯_2025_管理层讨论与分析.pdf
MDAF0001524,数码视讯,研发投入,24,2024年：148。,300079.SZ,15,报告页码,,表格行,300079.SZ_数码视讯_2025_管理层讨论与分析.pdf
MDAF0001525,数码视讯,研发投入,24,2024年：209。,300079.SZ,15,报告页码,,表格行,300079.SZ_数码视讯_2025_管理层讨论与分析.pdf
MDAF0001526,数码视讯,研发投入,24,2024年：315。,300079.SZ,15,报告页码,,表格行,300079.SZ_数码视讯_2025_管理层讨论与分析.pdf
MDAF0001527,数码视讯,研发投入,24,2024年：3。,300079.SZ,15,报告页码,,表格行,300079.SZ_数码视讯_2025_管理层讨论与分析.pdf
MDAF0001528,数码视讯,研发投入,24,2024年：52.94%。,300079.SZ,15,报告页码,,表格行,300079.SZ_数码视讯_2025_管理层讨论与分析.pdf
MDAF0001529,数码视讯,研发投入,24,2024年：80。,300079.SZ,15,报告页码,,表格行,300079.SZ_数码视讯_2025_管理层讨论与分析.pdf
MDAF0001530,数码视讯,研发投入,24,2024年：87。,300079.SZ,15,报告页码,,表格行,300079.SZ_数码视讯_2025_管理层讨论与分析.pdf
MDAF0001531,数码视讯,研发投入,24,2024年：94。,300079.SZ,15,报告页码,,表格行,300079.SZ_数码视讯_2025_管理层讨论与分析.pdf
MDAF0001532,数码视讯,研发投入,24,2024年：9。,300079.SZ,15,报告页码,,表格行,300079.SZ_数码视讯_2025_管理层讨论与分析.pdf
MDAF0001533,数码视讯,研发投入,24,2025年：104。,300079.SZ,15,报告页码,,表格行,300079.SZ_数码视讯_2025_管理层讨论与分析.pdf
MDAF0001534,数码视讯,研发投入,24,2025年：153。,300079.SZ,15,报告页码,,表格行,300079.SZ_数码视讯_2025_管理层讨论与分析.pdf
MDAF0001535,数码视讯,研发投入,24,2025年：247。,300079.SZ,15,报告页码,,表格行,300079.SZ_数码视讯_2025_管理层讨论与分析.pdf
MDAF0001536,数码视讯,研发投入,24,2025年：30 岁以下。,300079.SZ,15,报告页码,,表格行,300079.SZ_数码视讯_2025_管理层讨论与分析.pdf
MDAF0001537,数码视讯,研发投入,24,2025年：30~40 岁。,300079.SZ,15,报告页码,,表格行,300079.SZ_数码视讯_2025_管理层讨论与分析.pdf
MDAF0001538,数码视讯,研发投入,24,2025年：3。,300079.SZ,15,报告页码,,表格行,300079.SZ_数码视讯_2025_管理层讨论与分析.pdf
MDAF0001539,数码视讯,研发投入,24,2025年：40 岁以上。,300079.SZ,15,报告页码,,表格行,300079.SZ_数码视讯_2025_管理层讨论与分析.pdf
MDAF0001540,数码视讯,研发投入,24,2025年：42.37%。,300079.SZ,15,报告页码,,表格行,300079.SZ_数码视讯_2025_管理层讨论与分析.pdf
MDAF0001541,数码视讯,研发投入,24,2025年：4。,300079.SZ,15,报告页码,,表格行,300079.SZ_数码视讯_2025_管理层讨论与分析.pdf
MDAF0001542,数码视讯,研发投入,24,2025年：59。,300079.SZ,15,报告页码,,表格行,300079.SZ_数码视讯_2025_管理层讨论与分析.pdf
MDAF0001543,数码视讯,研发投入,24,2025年：84。,300079.SZ,15,报告页码,,表格行,300079.SZ_数码视讯_2025_管理层讨论与分析.pdf
MDAF0001544,数码视讯,研发投入,24,2025年：87。,300079.SZ,15,报告页码,,表格行,300079.SZ_数码视讯_2025_管理层讨论与分析.pdf
MDAF0001545,数码视讯,研发投入,24,2025年：博士。,300079.SZ,15,报告页码,,表格行,300079.SZ_数码视讯_2025_管理层讨论与分析.pdf
MDAF0001546,数码视讯,研发投入,24,2025年：本科。,300079.SZ,15,报告页码,,表格行,300079.SZ_数码视讯_2025_管理层讨论与分析.pdf
MDAF0001547,数码视讯,研发投入,24,2025年：本科以下。,300079.SZ,15,报告页码,,表格行,300079.SZ_数码视讯_2025_管理层讨论与分析.pdf
MDAF0001548,数码视讯,研发投入,24,2025年：研发人员学历。,300079.SZ,15,报告页码,,表格行,300079.SZ_数码视讯_2025_管理层讨论与分析.pdf
MDAF0001549,数码视讯,研发投入,24,2025年：研发人员年龄构成。,300079.SZ,15,报告页码,,表格行,300079.SZ_数码视讯_2025_管理层讨论与分析.pdf
MDAF0001550,数码视讯,研发投入,24,2025年：研发人员数量占比。,300079.SZ,15,报告页码,,表格行,300079.SZ_数码视讯_2025_管理层讨论与分析.pdf
MDAF0001551,数码视讯,研发投入,24,2025年：研发人员数量（人）。,300079.SZ,15,报告页码,,表格行,300079.SZ_数码视讯_2025_管理层讨论与分析.pdf
MDAF0001552,数码视讯,研发投入,24,2025年：硕士。,300079.SZ,15,报告页码,,表格行,300079.SZ_数码视讯_2025_管理层讨论与分析.pdf
MDAF0001553,数码视讯,研发投入,24,丰富音视频终端产品线产品，适用于安防等领域的应用需求，扩大公司于电信运营商的业务合作。,300079.SZ,15,报告页码,,表格行,300079.SZ_数码视讯_2025_管理层讨论与分析.pdf
MDAF0001554,数码视讯,研发投入,24,为有线、直播卫星等广电网络提供新有效的技术手段， 用于媒体内容的引入和汇聚，便于运营商拓展新媒体和增值业务。,300079.SZ,15,报告页码,,表格行,300079.SZ_数码视讯_2025_管理层讨论与分析.pdf
MDAF0001555,数码视讯,研发投入,24,主要研发项目名称：信息发布系统。,300079.SZ,15,报告页码,,表格行,300079.SZ_数码视讯_2025_管理层讨论与分析.pdf
MDAF0001556,数码视讯,研发投入,24,主要研发项目名称：固定视角监控的网络终端。,300079.SZ,15,报告页码,,表格行,300079.SZ_数码视讯_2025_管理层讨论与分析.pdf
MDAF0001557,数码视讯,研发投入,24,主要研发项目名称：媒资共享系统。,300079.SZ,15,报告页码,,表格行,300079.SZ_数码视讯_2025_管理层讨论与分析.pdf
MDAF0001558,数码视讯,研发投入,24,主要研发项目名称：流媒体数据广播系统。,300079.SZ,15,报告页码,,表格行,300079.SZ_数码视讯_2025_管理层讨论与分析.pdf
MDAF0001559,数码视讯,研发投入,24,主要研发项目名称：高密度转码卡C132N。,300079.SZ,15,报告页码,,表格行,300079.SZ_数码视讯_2025_管理层讨论与分析.pdf
MDAF0001560,数码视讯,研发投入,24,产品应用于公共场景、家庭、商铺等场景，满足电信运营商采购要求。,300079.SZ,15,报告页码,,表格行,300079.SZ_数码视讯_2025_管理层讨论与分析.pdf
MDAF0001561,数码视讯,研发投入,24,信息发布系统为广电的全终端提供智慧城市服务，承载智慧社区、智慧党建、智慧旅游、智慧教育、智慧交通、智慧医疗、智慧养老、 森林防火、智慧政务等业务。,300079.SZ,15,报告页码,,表格行,300079.SZ_数码视讯_2025_管理层讨论与分析.pdf
MDAF0001562,数码视讯,研发投入,24,变动比例：-10.57%。,300079.SZ,15,报告页码,,表格行,300079.SZ_数码视讯_2025_管理层讨论与分析.pdf
MDAF0001563,数码视讯,研发投入,24,变动比例：-21.59%。,300079.SZ,15,报告页码,,表格行,300079.SZ_数码视讯_2025_管理层讨论与分析.pdf
MDAF0001564,数码视讯,研发投入,24,变动比例：-26.25%。,300079.SZ,15,报告页码,,表格行,300079.SZ_数码视讯_2025_管理层讨论与分析.pdf
MDAF0001565,数码视讯,研发投入,24,变动比例：-26.79%。,300079.SZ,15,报告页码,,表格行,300079.SZ_数码视讯_2025_管理层讨论与分析.pdf
MDAF0001566,数码视讯,研发投入,24,变动比例：-29.73%。,300079.SZ,15,报告页码,,表格行,300079.SZ_数码视讯_2025_管理层讨论与分析.pdf
MDAF0001567,数码视讯,研发投入,24,变动比例：-3.45%。,300079.SZ,15,报告页码,,表格行,300079.SZ_数码视讯_2025_管理层讨论与分析.pdf
MDAF0001568,数码视讯,研发投入,24,变动比例：-55.56%。,300079.SZ,15,报告页码,,表格行,300079.SZ_数码视讯_2025_管理层讨论与分析.pdf
MDAF0001569,数码视讯,研发投入,24,变动比例：-7.45%。,300079.SZ,15,报告页码,,表格行,300079.SZ_数码视讯_2025_管理层讨论与分析.pdf
MDAF0001570,数码视讯,研发投入,24,变动比例：0.00%。,300079.SZ,15,报告页码,,表格行,300079.SZ_数码视讯_2025_管理层讨论与分析.pdf
MDAF0001571,数码视讯,研发投入,24,媒资共享系统设计具备前瞻性，可满足广电客户需求，提升公司产品优势。,300079.SZ,15,报告页码,,表格行,300079.SZ_数码视讯_2025_管理层讨论与分析.pdf
MDAF0001572,数码视讯,研发投入,24,将媒资系统抽离出独立的能力系统，大大提升能力的复用度及开发效率，通过整合服务端和本地资源，实现媒资高效流转与共享。,300079.SZ,15,报告页码,,表格行,300079.SZ_数码视讯_2025_管理层讨论与分析.pdf
MDAF0001573,数码视讯,研发投入,24,拥有巨大的市场潜力，通过满足用户在该领域多样化的需求，实现公司收益。,300079.SZ,15,报告页码,,表格行,300079.SZ_数码视讯_2025_管理层讨论与分析.pdf
MDAF0001574,数码视讯,研发投入,24,提升产品通用性，可利用平台产品现有功能，增加转码功能，满足不同场景的需求。,300079.SZ,15,报告页码,,表格行,300079.SZ_数码视讯_2025_管理层讨论与分析.pdf
MDAF0001575,数码视讯,研发投入,24,提高公司在广电运营领域的竞争力，增强客户粘性。,300079.SZ,15,报告页码,,表格行,300079.SZ_数码视讯_2025_管理层讨论与分析.pdf
MDAF0001576,数码视讯,研发投入,24,视频节目质量的持续提升会加大对核心处理平台该类功能的需求，从而为公司带来良好的经济效益。,300079.SZ,15,报告页码,,表格行,300079.SZ_数码视讯_2025_管理层讨论与分析.pdf
MDAF0001577,数码视讯,研发投入,24,项目目的：依托于广电网络高覆盖、高入户的网络特点，为政府与公共事业服务社区居民的 “最后 100 米”提供完美的解决方案。,300079.SZ,15,报告页码,,表格行,300079.SZ_数码视讯_2025_管理层讨论与分析.pdf
MDAF0001578,数码视讯,研发投入,24,项目目的：开发一套适用于有线、直播星等广电直播网络的流媒体业务传输及接收方案。,300079.SZ,15,报告页码,,表格行,300079.SZ_数码视讯_2025_管理层讨论与分析.pdf
MDAF0001579,数码视讯,研发投入,24,项目目的：开发支持网络连接的监控终端，支持以太网连接，支持视频监控及回看等功能。,300079.SZ,15,报告页码,,表格行,300079.SZ_数码视讯_2025_管理层讨论与分析.pdf
MDAF0001580,数码视讯,研发投入,24,项目目的：开发独立的能力系统，实现基于存储、流程引擎、转码、流媒体技术实现媒资注入、审核、制作、发布等多种功能。,300079.SZ,15,报告页码,,表格行,300079.SZ_数码视讯_2025_管理层讨论与分析.pdf
MDAF0001581,数码视讯,研发投入,24,项目目的：解决包括标清和高清间互转的转码需求，同时支持多路及高密度。,300079.SZ,15,报告页码,,表格行,300079.SZ_数码视讯_2025_管理层讨论与分析.pdf
MDAF0001582,数码视讯,研发投入,24,项目进展：2026年1月已结项。,300079.SZ,15,报告页码,,表格行,300079.SZ_数码视讯_2025_管理层讨论与分析.pdf
MDAF0001583,数码视讯,研发投入,24,项目进展：测试验证。,300079.SZ,15,报告页码,,表格行,300079.SZ_数码视讯_2025_管理层讨论与分析.pdf
MDAF0001584,数码视讯,研发投入,24,项目进展：项目完结。,300079.SZ,15,报告页码,,表格行,300079.SZ_数码视讯_2025_管理层讨论与分析.pdf
MDAF0001585,银之杰,业务概要,11,主要金融专用设备产品包括智能印章控制机、智能打印鉴伪批量盖章一体机等。,300085.SZ,1,报告页码,1、主要业务和产品,正文,300085.SZ_银之杰_2025_管理层讨论与分析.pdf
MDAF0001586,银之杰,业务概要,11,从客户需求来看，面对新一轮科技革命和产业变革，银行等金融机构需要通过创新产品服务，扎实推进全面数字化转型，着力提升服务质效，以不断满足企业多元化、数字化、综合化金融需求。,300085.SZ,1,报告页码,4、主要业绩驱动因素,正文,300085.SZ_银之杰_2025_管理层讨论与分析.pdf
MDAF0001587,银之杰,业务概要,11,从本公司的市场竞争优势来看，公司经过多年积累，凭借广泛的客户资源、扎实的技术研发实力、良好的品牌影响力及丰富的业务经验等，在行业内具备良好的竞争优势。,300085.SZ,1,报告页码,4、主要业绩驱动因素,正文,300085.SZ_银之杰_2025_管理层讨论与分析.pdf
MDAF0001588,银之杰,业务概要,11,公司的软件产品是根据客户共性需求自主开发的标准化软件版本；软件开发是针对客户的特殊需求提供的定制化软件开发、软件外包开发服务。,300085.SZ,1,报告页码,2、经营模式,正文,300085.SZ_银之杰_2025_管理层讨论与分析.pdf
MDAF0001589,银之杰,业务概要,11,公司的金融专用设备以自主研发的方式形成产品，通过自主加工和委外加工相结合的生产模式进行生产。,300085.SZ,1,报告页码,2、经营模式,正文,300085.SZ_银之杰_2025_管理层讨论与分析.pdf
MDAF0001590,银之杰,业务概要,11,公司金融信息技术业务以银行等金融机构为主要目标客户，提供的软件和硬件产品均以自主知识产权的产品为主，同时为客户提供定制软件开发、软件外包、运维支持等服务。,300085.SZ,1,报告页码,2、经营模式,正文,300085.SZ_银之杰_2025_管理层讨论与分析.pdf
MDAF0001591,银之杰,业务概要,11,公司金融信息技术业务的业绩驱动因素，从行业趋势来看，伴随着人工智能、大数据、云计算等新技术的迅速发展，基于金融科技的智能风控、智能营销、智能运营正广泛应用于银行等金融机构，由此催生了更多核心系统的重构和升级需求，银行的数字化转型成为大势所趋。,300085.SZ,1,报告页码,4、主要业绩驱动因素,正文,300085.SZ_银之杰_2025_管理层讨论与分析.pdf
MDAF0001592,银之杰,业务概要,11,公司金融信息技术产品和服务在国内银行业已得到广泛应用，客户遍及国内31个省、市、自治区的近400家银行或分行，涵盖政策性银行、大型国有商业银行、主要全国性股份制银行以及部分城市商业银行、农村商业银行和农村信用联社，覆盖超过10万个银行营业网点，约占全国银行业金融机构营业网点总数的45%。,300085.SZ,1,报告页码,3、市场地位,正文,300085.SZ_银之杰_2025_管理层讨论与分析.pdf
MDAF0001593,银之杰,业务概要,11,公司金融信息技术软、硬件产品和服务的客户主要是以银行为主的金融机构。,300085.SZ,1,报告页码,2、经营模式,正文,300085.SZ_银之杰_2025_管理层讨论与分析.pdf
MDAF0001594,银之杰,业务概要,11,在金融信息技术业务领域，公司主要为银行等金融机构提供软件开发、数字金融解决方案、金融专用设备和技术服务；为银行等金融机构和大型企业提供数字化转型、大数据平台、分布式云计算架构等基础架构建设及治理服务，以及基于数字化架构的数据中台、智能中台、影像平台的解决方案和交付服务。,300085.SZ,1,报告页码,1、主要业务和产品,正文,300085.SZ_银之杰_2025_管理层讨论与分析.pdf
MDAF0001595,银之杰,业务概要,11,客户基础、技术与服务能力、核心产品市场占有率在国内同行业中居于领先地位。,300085.SZ,1,报告页码,3、市场地位,正文,300085.SZ_银之杰_2025_管理层讨论与分析.pdf
MDAF0001596,银之杰,业务概要,11,对于国有大型商业银行，通常是总行或者省一级分行实施采购；对于股份制商业银行、城市商业银行、农村商业银行通常是上述银行的总行实施采购。,300085.SZ,1,报告页码,2、经营模式,正文,300085.SZ_银之杰_2025_管理层讨论与分析.pdf
MDAF0001597,银之杰,业务概要,11,报告期内，公司主要业务范围和产品未发生重大变化。,300085.SZ,1,报告页码,1、主要业务和产品,正文,300085.SZ_银之杰_2025_管理层讨论与分析.pdf
MDAF0001598,银之杰,业务概要,11,报告期内，公司金融信息技术业务的经营模式未发生重大变化。,300085.SZ,1,报告页码,2、经营模式,正文,300085.SZ_银之杰_2025_管理层讨论与分析.pdf
MDAF0001599,银之杰,业务概要,11,销售模式是：1）公司主要通过参与客户的招标或者单一来源采购谈判进行销售，来实现客户对具体产品或服务的首次采购；2）对于在合同有效期内客户对已采购产品或服务的追加购买，一般通过与客户直接签订追加采购合同或订单完成销售。,300085.SZ,1,报告页码,2、经营模式,正文,300085.SZ_银之杰_2025_管理层讨论与分析.pdf
MDAF0001600,银之杰,业务概要,12,2019年，亿美软通正式加入全球移动通信系统协会（GSMA），成为相关标准协议的推进者和RCS 产业生态的一员。,300085.SZ,2,报告页码,3、市场地位,正文,300085.SZ_银之杰_2025_管理层讨论与分析.pdf
MDAF0001601,银之杰,业务概要,12,2022年，亿美软通作为5G 消息工作组成员单位参与《5G 消息业务显示规范》《Chatbot 名称规范》两项通信行业协会标准的编制工作。,300085.SZ,2,报告页码,3、市场地位,正文,300085.SZ_银之杰_2025_管理层讨论与分析.pdf
MDAF0001602,银之杰,业务概要,12,2025年，亿美软通参与了由国家市场监督管理总局、国家标准化管理委员会正式发布实施的《互联网金融个人网络消费信贷贷后催收风控指引》（GB/T 45251-2025）国家标准的制定工作。,300085.SZ,2,报告页码,3、市场地位,正文,300085.SZ_银之杰_2025_管理层讨论与分析.pdf
MDAF0001603,银之杰,业务概要,12,“亿美5G 消息管理平台”、“亿美EUMP——融合通信管理平台”、“亿美国际消息融合通信管理平台”、“亿美满意通——移动客户关系管理平台”、“亿美SDK——嵌入式短信平台”等系列产品被市场广泛认同并获得用户高度评价。,300085.SZ,2,报告页码,1、主要业务和产品,正文,300085.SZ_银之杰_2025_管理层讨论与分析.pdf
MDAF0001604,银之杰,业务概要,12,一般按月与资源提供方对账并进行结算。,300085.SZ,2,报告页码,2、经营模式,正文,300085.SZ_银之杰_2025_管理层讨论与分析.pdf
MDAF0001605,银之杰,业务概要,12,亿美软通主要客户集中在金融、电商、互联网、消费品、教育、生活服务等行业，金融、电商、互联网等行业大型企业一般会选择多家移动通讯业务供应商，亿美软通始终致力于与行业领军企业保持良好的合作关系，成为其主要移动通讯业务提供商，同时提供标准化产品为中小企业提供服务，以扩大销售规模，分散行业风险。,300085.SZ,2,报告页码,2、经营模式,正文,300085.SZ_银之杰_2025_管理层讨论与分析.pdf
MDAF0001606,银之杰,业务概要,12,亿美软通拥有跨地区增值电信业务经营许可证、电信与信息服务业务经营许可证（ICP 证书）等移动信息化服务资质，与三大运营商都缔结了业务合作协议，具备完善移动信息化业务准入资格，盈利模式以短彩信业务销售为主。,300085.SZ,2,报告页码,2、经营模式,正文,300085.SZ_银之杰_2025_管理层讨论与分析.pdf
MDAF0001607,银之杰,业务概要,12,亿美软通是国内领先的移动信息平台技术和应用方案提供商。,300085.SZ,2,报告页码,3、市场地位,正文,300085.SZ_银之杰_2025_管理层讨论与分析.pdf
MDAF0001608,银之杰,业务概要,12,亿美软通的主要采购成本来自向运营商或其他短彩信渠道提供商采购短彩信等业务通道支付的成本，根据各通道业务中短、彩信的使用数量与资源提供方进行对账和结算。,300085.SZ,2,报告页码,2、经营模式,正文,300085.SZ_银之杰_2025_管理层讨论与分析.pdf
MDAF0001609,银之杰,业务概要,12,以“云通信能力”为核心，亿美软通整合扩展技术与通信资源，通过5G 交互消息、5G 卡片消息、5G 富媒体消息、5G 文本消息的融合通信解决方案为客户提供聚合多业务场景的服务能力，深入企业业务场景的验证、通知及营销环节，满足客户通信连接与信息分发需求。,300085.SZ,2,报告页码,1、主要业务和产品,正文,300085.SZ_银之杰_2025_管理层讨论与分析.pdf
MDAF0001610,银之杰,业务概要,12,在移动信息服务领域，公司旗下全资子公司亿美软通为国内外企业提供移动信息平台解决方案，主要通过短彩信、富媒体短信、智能语音技术等为企业提供移动客服、移动营销、移动管理等多维度服务。,300085.SZ,2,报告页码,1、主要业务和产品,正文,300085.SZ_银之杰_2025_管理层讨论与分析.pdf
MDAF0001611,银之杰,业务概要,12,报告期内，亿美软通的主要业务和产品未发生重大变化。,300085.SZ,2,报告页码,1、主要业务和产品,正文,300085.SZ_银之杰_2025_管理层讨论与分析.pdf
MDAF0001612,银之杰,业务概要,12,报告期内，移动信息服务业务的经营模式未发生重大变化。,300085.SZ,2,报告页码,2、经营模式,正文,300085.SZ_银之杰_2025_管理层讨论与分析.pdf
MDAF0001613,银之杰,业务概要,12,自2001年成立以来，亿美软通始终致力于为国内外企业提供移动个性客服、移动高效管理等方面的各类移动商务产品和通讯服务，业务服务覆盖超过8亿手机用户。,300085.SZ,2,报告页码,3、市场地位,正文,300085.SZ_银之杰_2025_管理层讨论与分析.pdf
MDAF0001614,银之杰,业务概要,12,近年来，亿美软通荣获“5G 消息行业推动奖”“诚信长城杯企业”、北京市“专精特新”中小企业、“企业信用等级AAA 级”与“增值服务领域AAA 级信用企业”认证等，标志着亿美软通在诚信建设和创新发展方面获得了权威认可，具备市场竞争优势。,300085.SZ,2,报告页码,3、市场地位,正文,300085.SZ_银之杰_2025_管理层讨论与分析.pdf
MDAF0001615,银之杰,业务概要,13,2025年7月，安影智选被国家工业和信息化部认定为“专精特新‘小巨人’企业”，是对安影智选研发实力、经营能力与创新水平的充分认可。,300085.SZ,3,报告页码,1、主要业务和产品,正文,300085.SZ_银之杰_2025_管理层讨论与分析.pdf
MDAF0001616,银之杰,业务概要,13,主要自营品牌包括家居安防产品、小家电领域的ANNKE、SANNCE、VACOS、HAZEL QUINN、Easehold 等。,300085.SZ,3,报告页码,1、主要业务和产品,正文,300085.SZ_银之杰_2025_管理层讨论与分析.pdf
MDAF0001617,银之杰,业务概要,13,亿美软通现已推出40 多款5G 消息应用，预计随着跨境通信业务的稳步拓展，亿美软通逐步提升市场份额和经营业绩。,300085.SZ,3,报告页码,4、主要业绩驱动因素,正文,300085.SZ_银之杰_2025_管理层讨论与分析.pdf
MDAF0001618,银之杰,业务概要,13,从公司子公司亿美软通的市场竞争优势来看，亿美软通的移动信息平台稳定性和服务质量、多年积累的品牌形象、广泛的客户基础等因素使亿美软通在行业竞争中具备核心竞争优势。,300085.SZ,3,报告页码,4、主要业绩驱动因素,正文,300085.SZ_银之杰_2025_管理层讨论与分析.pdf
MDAF0001619,银之杰,业务概要,13,公司销售区域包括北美、欧洲、澳洲等全球重要市场区域的110 多个国家，并已经建立多个当地办事处和仓库，保证服务及供应链的及时性。,300085.SZ,3,报告页码,2、经营模式,正文,300085.SZ_银之杰_2025_管理层讨论与分析.pdf
MDAF0001620,银之杰,业务概要,13,在5G 消息领域，亿美软通将AI 赋能市场及运营等环节，为金融、政务、餐饮、教育培训、电商物流等行业客户提供更加智能化、个性化的5G 消息场景应用。,300085.SZ,3,报告页码,3、市场地位,正文,300085.SZ_银之杰_2025_管理层讨论与分析.pdf
MDAF0001621,银之杰,业务概要,13,在电子商务领域，公司旗下全资子公司安影智选提供跨境电子商务服务，主营产品包括家居安防及智能家居产品等，通过线上第三方平台，如Amazon、Ebay、AliExpress、Walmart 等，和自营平台annke.com、hazelquinn.com 等，以B2C的业务模式向家庭、企业、商铺等客户提供自营品牌的产品销售。,300085.SZ,3,报告页码,1、主要业务和产品,正文,300085.SZ_银之杰_2025_管理层讨论与分析.pdf
MDAF0001622,银之杰,业务概要,13,安影智选拥有专业的产品开发团队，依托丰富的市场经验，精准定位客户需求，开发适合海内外用户需求的家居安防以及日用3C 电子产品等，并建立ANNKE、SANNCE、VACOS、HAZEL QUINN、Easehold 等自主品牌，通过外协厂商的方式完成产品生产，利用第三方线上平台和自营平台打开销售渠道，提高用户的认知度，逐步建立品牌影响力，进而进军线下商场超市、线下代理等渠道，形成线上线下结合的经营模式。,300085.SZ,3,报告页码,2、经营模式,正文,300085.SZ_银之杰_2025_管理层讨论与分析.pdf
MDAF0001623,银之杰,业务概要,13,安影智选是以自营品牌的产品创新为经营理念的跨境电子商务公司。,300085.SZ,3,报告页码,2、经营模式,正文,300085.SZ_银之杰_2025_管理层讨论与分析.pdf
MDAF0001624,银之杰,业务概要,13,报告期内，安影智选的主营业务未发生重大变化。,300085.SZ,3,报告页码,1、主要业务和产品,正文,300085.SZ_银之杰_2025_管理层讨论与分析.pdf
MDAF0001625,银之杰,业务概要,13,目前，亿美软通已拥有包括阿里巴巴、中信银行、交通银行、浦发银行、平安银行、中粮集团、万达集团、嘉实基金、大众点评、美团、顺丰集团、中国邮政等众多国内外知名客户，销售和服务网络覆盖31个省、市、自治区，产品覆盖全国200个城市的30 余个行业的超过50万家企业客户，成为目前中国移动信息服务领域产品线齐全、服务与技术经验丰富的领先的移动信息服务商；同时，亿美软通已在北美洲、南美洲、东南亚等区域开展跨境通信业务，助力出海企业提升消息服务效能及体验。,300085.SZ,3,报告页码,3、市场地位,正文,300085.SZ_银之杰_2025_管理层讨论与分析.pdf
MDAF0001626,银之杰,业务概要,13,移动信息服务的业绩驱动因素，从行业角度来看，短信凭借其时效性强、法律效力高、稳定性好、身份可确定等特点，相较微信等即时通讯工具具有不可替代性，短信仍然是企业移动信息服务的主流方式之一；5G 消息作为5G 时代的基础通信服务，突破了传统短信的内容形式和容量限制，实现文字、图片、音频、视频、位置等信息的融合呈现，用户在短信界面就能完成信息接收与交互，具有高效、便捷、丰富等显著优势。,300085.SZ,3,报告页码,4、主要业绩驱动因素,正文,300085.SZ_银之杰_2025_管理层讨论与分析.pdf
MDAF0001627,银之杰,业务概要,14,2024年11月，公司原共同实控人张学君、陈向军、李军通过股份协议转让的方式向卓海杭合计转让了总股本的7%的公司股份，卓海杭成为公司第三大股东。,300085.SZ,4,报告页码,（四）互联网证券信息技术与服务业务进展,正文,300085.SZ_银之杰_2025_管理层讨论与分析.pdf
MDAF0001628,银之杰,业务概要,14,从安影智选自身的经营情况看，经过近几年的发展，安影智选凭借产品的持续创新和丰富的市场经验，已经在家居安防等产品领域树立了良好的口碑，品牌形象与价值不断提升，并逐步开拓海外线下渠道，形成比较稳定的销售流量。,300085.SZ,4,报告页码,4、主要业绩驱动因素,正文,300085.SZ_银之杰_2025_管理层讨论与分析.pdf
MDAF0001629,银之杰,业务概要,14,借助在产品解决方案方面的优势，安影智选的产品服务区域已覆盖美国、英国、德国、法国、澳大利亚、西班牙等110 多个国家和地区，是北美、欧洲及澳洲等地区家居安防在线市场的领先品牌。,300085.SZ,4,报告页码,3、市场地位,正文,300085.SZ_银之杰_2025_管理层讨论与分析.pdf
MDAF0001630,银之杰,业务概要,14,公司通过引进互联网证券信息服务行业有丰富经验的人才队伍，以子公司拓扑技术为经营主体，全力拓展互联网证券信息技术与服务业务。,300085.SZ,4,报告页码,（四）互联网证券信息技术与服务业务进展,正文,300085.SZ_银之杰_2025_管理层讨论与分析.pdf
MDAF0001631,银之杰,业务概要,14,卓海杭是广州开盘啦网络科技有限公司的实际控制人，在互联网证券信息服务领域有丰富的行业经验。,300085.SZ,4,报告页码,（四）互联网证券信息技术与服务业务进展,正文,300085.SZ_银之杰_2025_管理层讨论与分析.pdf
MDAF0001632,银之杰,业务概要,14,在产品品牌和用户粘性方面，公司将充分利用股东资源，加强业务合作和资源整合，尽可能加快产品和市场的发展速度，最终打造一款功能领先、特色鲜明、用户体验良好的股票行情分析APP。,300085.SZ,4,报告页码,（四）互联网证券信息技术与服务业务进展,正文,300085.SZ_银之杰_2025_管理层讨论与分析.pdf
MDAF0001633,银之杰,业务概要,14,在此基础上，公司将依托既有产业生态布局，深化与战略投资的东亚前海证券的业务合作，推动形成“互联网+证券”业务协同效应，以技术服务的方式为公司形成业务收入和收益，最终实现公司互联网证券信息技术服务业务规划的全面落地。,300085.SZ,4,报告页码,（四）互联网证券信息技术与服务业务进展,正文,300085.SZ_银之杰_2025_管理层讨论与分析.pdf
MDAF0001634,银之杰,业务概要,14,安影智选属于跨境出口电子商务行业。,300085.SZ,4,报告页码,4、主要业绩驱动因素,正文,300085.SZ_银之杰_2025_管理层讨论与分析.pdf
MDAF0001635,银之杰,业务概要,14,安影智选整体业务规模在行业中不具有显著优势，但在具体产品品类，如家居安防产品市场上，安影智选在Amazon、Ebay 等多家国际第三方电商平台上均处于名列前茅的位置。,300085.SZ,4,报告页码,3、市场地位,正文,300085.SZ_银之杰_2025_管理层讨论与分析.pdf
MDAF0001636,银之杰,业务概要,14,我国出台《数字商务三年行动计划（2024-2026年）》《关于促进外贸稳定增长的若干政策措施》等一系列跨境电商政策措施推动跨境电商发展，未来我国跨境电商的市场有望得到进一步扩大。,300085.SZ,4,报告页码,4、主要业绩驱动因素,正文,300085.SZ_银之杰_2025_管理层讨论与分析.pdf
MDAF0001637,银之杰,业务概要,14,报告期内，公司持续引进专业人才，自主开发股票行情分析软件，重点在于融合AI 技术，实现人工智能辅助的股票行情与投资决策分析功能。,300085.SZ,4,报告页码,（四）互联网证券信息技术与服务业务进展,正文,300085.SZ_银之杰_2025_管理层讨论与分析.pdf
MDAF0001638,银之杰,业务概要,14,自2024年8月，基于公司自身条件和优势，经公司董事会战略委员会、董事会讨论和决策，公司制定并开始实施引进战略股东和发展互联网证券信息服务的业务规划。,300085.SZ,4,报告页码,（四）互联网证券信息技术与服务业务进展,正文,300085.SZ_银之杰_2025_管理层讨论与分析.pdf
MDAF0001639,银之杰,业务概要,14,近年来，跨境电商作为贸易模式的革新者正重塑全球贸易版图，现已逐步成为外贸高质量发展的新增长点，并呈现出快速增长的良好态势。,300085.SZ,4,报告页码,4、主要业绩驱动因素,正文,300085.SZ_银之杰_2025_管理层讨论与分析.pdf
MDAF0001640,银之杰,业务概要,14,随着全球贸易格局的深刻变革和互联网技术的发展，跨境电商成为实现产业转型升级、贯通国内国际双循环的重要引擎。,300085.SZ,4,报告页码,3、市场地位,正文,300085.SZ_银之杰_2025_管理层讨论与分析.pdf
MDAF0001641,银之杰,业务概要,15,127②安影智选核心产品为家居安防及智能家居类消费产品。,300085.SZ,5,报告页码,30.16,正文,300085.SZ_银之杰_2025_管理层讨论与分析.pdf
MDAF0001642,银之杰,业务概要,15,2013年3月《征信业管理条例》正式实施，标志着我国个人征信行业进入了市场化发展的新时代。,300085.SZ,5,报告页码,1、个人征信业务,正文,300085.SZ_银之杰_2025_管理层讨论与分析.pdf
MDAF0001643,银之杰,业务概要,15,2015年1月，华道征信经中国人民银行批准开展个人征信业务准备工作。,300085.SZ,5,报告页码,1、个人征信业务,正文,300085.SZ_银之杰_2025_管理层讨论与分析.pdf
MDAF0001644,银之杰,业务概要,15,"2016年4月，公司与东亚银行及其他出资人共同发起设立东亚前海证券有限责任公司，公司使用自有资金出资39,150.00万元，出资后占东亚前海证券注册资本的26.10%。",300085.SZ,5,报告页码,2、证券业务,正文,300085.SZ_银之杰_2025_管理层讨论与分析.pdf
MDAF0001645,银之杰,业务概要,15,2017年12月4日，东亚前海证券获得中国证监会颁发的《经营证券期货业务许可证》，正式对外开展业务，业务经营范围包括证券经纪、证券承销与保荐、证券自营、证券资产管理、证券投资咨询与融资融券。,300085.SZ,5,报告页码,2、证券业务,正文,300085.SZ_银之杰_2025_管理层讨论与分析.pdf
MDAF0001646,银之杰,业务概要,15,2017年，华道征信与其他发起人共同发起设立百行征信有限公司。,300085.SZ,5,报告页码,1、个人征信业务,正文,300085.SZ_银之杰_2025_管理层讨论与分析.pdf
MDAF0001647,银之杰,业务概要,15,2018年2月，百行征信已经中国人民银行“银征信许准予字[2018]第1 号”批准获得个人征信机构设立许可，是国内首家经中国人民银行批准开展个人业务的征信公司。,300085.SZ,5,报告页码,1、个人征信业务,正文,300085.SZ_银之杰_2025_管理层讨论与分析.pdf
MDAF0001648,银之杰,业务概要,15,2018年5月，百行征信在深圳正式挂牌成立。,300085.SZ,5,报告页码,1、个人征信业务,正文,300085.SZ_银之杰_2025_管理层讨论与分析.pdf
MDAF0001649,银之杰,业务概要,15,2025年线上交易额人民币3.98亿元，总订单数为69.01万个。,300085.SZ,5,报告页码,30.16,正文,300085.SZ_银之杰_2025_管理层讨论与分析.pdf
MDAF0001650,银之杰,业务概要,15,①安影智选业务模式主要是在国内以ODM 方式进行产品采购，运输到海外在海外仓备货，通过Amazon、Ebay、Aliexpress、Walmart 等第三方平台或自营平台销售并配送给海内外终端消费者。,300085.SZ,5,报告页码,1、按照《深圳证券交易所上市公司自律监管指引第4 号——创业板行业信息披露》4.2.3，业务经营情况,正文,300085.SZ_银之杰_2025_管理层讨论与分析.pdf
MDAF0001651,银之杰,业务概要,15,公司将充分利用已有的技术和业务资源，逐渐深化子公司拓扑技术与东亚前海证券在互联网证券信息服务领域的业务合作，助力东亚前海证券发展成为科技驱动的新型券商，推动东亚前海证券业务快速发展，最终实现互利共赢。,300085.SZ,5,报告页码,2、证券业务,正文,300085.SZ_银之杰_2025_管理层讨论与分析.pdf
MDAF0001652,银之杰,业务概要,15,公司需遵守《深圳证券交易所上市公司自律监管指引第4 号——创业板行业信息披露》中的“电子商务业务”的披露要求：公司子公司安影智选是从事以家居安防电子产品为主的出口跨境电商企业。,300085.SZ,5,报告页码,2、证券业务,正文,300085.SZ_银之杰_2025_管理层讨论与分析.pdf
MDAF0001653,银之杰,业务概要,15,华道征信作为百行征信的股东，积极支持百行征信的业务发展，并与百行征信合作开展业务。,300085.SZ,5,报告页码,1、个人征信业务,正文,300085.SZ_银之杰_2025_管理层讨论与分析.pdf
MDAF0001654,银之杰,业务概要,15,同年12月，公司作为第一大股东投资设立了华道征信。,300085.SZ,5,报告页码,1、个人征信业务,正文,300085.SZ_银之杰_2025_管理层讨论与分析.pdf
MDAF0001655,银之杰,业务概要,15,成本结转的具体方法安影智选电子商务业务收入确认的具体方法为：客户通过在公司自有网站或第三方销售平台下订单并按公司指定的付款方式支付货款，销售平台负责将货物配送给客户或者公司委托物流公司配送交货给客户时确认收入。,300085.SZ,5,报告页码,2、按照《深圳证券交易所上市公司自律监管指引第4 号——创业板行业信息披露》4.2.5，电子商务业务收入确认及,正文,300085.SZ_银之杰_2025_管理层讨论与分析.pdf
MDAF0001656,银之杰,业务概要,15,本公司通过以上业务开展，已经建立了以金融科技为核心，涉及银行信息技术、证券信息服务、移动信息服务等领域的较为完善的产业生态布局，并在国家金融监管要求持牌经营的证券、个人征信等金融机构拥有主要股权，业务协同效应明显，具有广阔的市场发展空间。,300085.SZ,5,报告页码,2、证券业务,正文,300085.SZ_银之杰_2025_管理层讨论与分析.pdf
MDAF0001657,银之杰,业务概要,15,百行征信开业运营以来，各项业务指标快速增长，经营发展健康、良好。,300085.SZ,5,报告页码,1、个人征信业务,正文,300085.SZ_银之杰_2025_管理层讨论与分析.pdf
MDAF0001658,银之杰,业务概要,16,个人信息保护、消费者权益保护、商业道德风险等领域所实施的保障措施安影智选开通国内、国外用户服务专线，并布局售后网点来重点处理用户的产品安装、使用故障及投诉等问题，从而有效提升客户体验，并保障消费者权益。,300085.SZ,6,报告页码,3、按照《深圳证券交易所上市公司自律监管指引第4 号——创业板行业信息披露》4.2.6，在网络及数据信息安全、,正文,300085.SZ_银之杰_2025_管理层讨论与分析.pdf
MDAF0001659,银之杰,业务概要,16,安影智选在跨境电商领域拥有良好的技术储备，自营平台采用了科学的加密技术与手段，外部平台主要选择信誉好、规模大、措施完善的第三方平台开展合作，充分保障每一位用户的个人信息及隐私权益。,300085.SZ,6,报告页码,3、按照《深圳证券交易所上市公司自律监管指引第4 号——创业板行业信息披露》4.2.6，在网络及数据信息安全、,正文,300085.SZ_银之杰_2025_管理层讨论与分析.pdf
MDAF0001660,银之杰,业务概要,16,安影智选成本结转的具体方法为：按照月末一次加权平均法进行产品成本核算，货物发出后，按加权平均成本结转货物成本。,300085.SZ,6,报告页码,2、按照《深圳证券交易所上市公司自律监管指引第4 号——创业板行业信息披露》4.2.5，电子商务业务收入确认及,正文,300085.SZ_银之杰_2025_管理层讨论与分析.pdf
MDAF0001661,银之杰,核心竞争力,18,公司在主营业务涉及的各行业领域客户积累了比较明显的客户资源优势。,300085.SZ,8,报告页码,2.客户资源优势,正文,300085.SZ_银之杰_2025_管理层讨论与分析.pdf
MDAF0001662,银之杰,核心竞争力,18,公司在所从事的主要业务领域有长期的专业化积累，使公司在全行业内保持技术领先和行业经验领先的优势。,300085.SZ,8,报告页码,1.技术与行业经验优势,正文,300085.SZ_银之杰_2025_管理层讨论与分析.pdf
MDAF0001663,银之杰,核心竞争力,18,公司始终坚持以客户需求为导向，不断完善服务理念，积累了一批稳定、优质的客户资源，促进公司良性发展。,300085.SZ,8,报告页码,2.客户资源优势,正文,300085.SZ_银之杰_2025_管理层讨论与分析.pdf
MDAF0001664,银之杰,核心竞争力,18,凭借长期以来的技术研发及行业经验的积累，形成了公司核心的竞争优势，为公司的长久发展打下了坚实的基础。,300085.SZ,8,报告页码,1.技术与行业经验优势,正文,300085.SZ_银之杰_2025_管理层讨论与分析.pdf
MDAF0001665,银之杰,核心竞争力,18,在电子商务领域，公司子公司安影智选的产品服务区域已覆盖美国、英国、德国、法国、澳大利亚、西班牙和俄罗斯等110 多个国家和地区，是北美、澳洲及欧洲等地区家居安防在线市场的领先品牌。,300085.SZ,8,报告页码,2.客户资源优势,正文,300085.SZ_银之杰_2025_管理层讨论与分析.pdf
MDAF0001666,银之杰,核心竞争力,18,在移动信息服务领域，公司子公司亿美软通已为银行、酒店、航空、旅游、电商、商超等超过50万家企业提供移动信息通讯、移动互联网应用服务。,300085.SZ,8,报告页码,2.客户资源优势,正文,300085.SZ_银之杰_2025_管理层讨论与分析.pdf
MDAF0001667,银之杰,核心竞争力,18,在金融信息技术领域，公司合作客户包括遍及国内31个省、市、自治区的近400家银行或分行，涵盖政策性银行、大型国有商业银行、主要全国性股份制银行以及部分城市商业银行、农村商业银行和农村信用联社，客户覆盖超过10万个银行营业网点。,300085.SZ,8,报告页码,2.客户资源优势,正文,300085.SZ_银之杰_2025_管理层讨论与分析.pdf
MDAF0001668,银之杰,核心竞争力,18,截至报告期末，公司及子公司已获得软件著作权418项、专利授权267项（其中发明专利60项、实用新型专利84项、外观设计专利123项）。,300085.SZ,8,报告页码,1.技术与行业经验优势,正文,300085.SZ_银之杰_2025_管理层讨论与分析.pdf
MDAF0001669,银之杰,核心竞争力,18,本公司在金融信息技术领域已经有长达27年的行业经验，主要全资子公司亿美软通在移动信息服务领域也有长达24年的行业经验积累，使得公司在图像处理、模式识别以及大数据分析处理、互联网应用等技术领域具有行业领先地位。,300085.SZ,8,报告页码,1.技术与行业经验优势,正文,300085.SZ_银之杰_2025_管理层讨论与分析.pdf
MDAF0001670,银之杰,核心竞争力,18,此外，公司深化产学研合作，联合华南理工大学成立“金融科技联合研发实验室”，从事智能识别、数据分析处理及金融业务模型相关软件研发等研发工作，进一步提升公司综合研发实力。,300085.SZ,8,报告页码,1.技术与行业经验优势,正文,300085.SZ_银之杰_2025_管理层讨论与分析.pdf
MDAF0001671,银之杰,核心竞争力,19,以上经营许可牌照均具有非常高的稀缺性，因此具有很强的核心竞争优势。,300085.SZ,9,报告页码,3.业务牌照资源优势,正文,300085.SZ_银之杰_2025_管理层讨论与分析.pdf
MDAF0001672,银之杰,核心竞争力,19,公司一直坚持以国家政策导向为指引确定战略业务发展规划，在国家主管部门的监管下合法、合规地开展业务。,300085.SZ,9,报告页码,3.业务牌照资源优势,正文,300085.SZ_银之杰_2025_管理层讨论与分析.pdf
MDAF0001673,银之杰,核心竞争力,19,公司与东亚银行等股东发起设立的东亚前海证券已于2017年12月获得中国证监会颁发的《经营证券期货业务许可证》。,300085.SZ,9,报告页码,3.业务牌照资源优势,正文,300085.SZ_银之杰_2025_管理层讨论与分析.pdf
MDAF0001674,银之杰,核心竞争力,19,公司参股公司华道征信与其他发起人共同发起设立百行征信有限公司，百行征信已于2018年2月获得中国人民银行颁发的《个人征信业务经营许可证》，并于2020年7月13日完成企业征信业务经营备案，成为国内首家持有个人征信与企业征信业务双牌照的市场化征信机构。,300085.SZ,9,报告页码,3.业务牌照资源优势,正文,300085.SZ_银之杰_2025_管理层讨论与分析.pdf
MDAF0001675,银之杰,核心竞争力,19,公司子公司亿美软通拥有跨地区增值电信业务经营许可证、电信与信息服务业务经营许可证（ICP 证书）等移动信息化服务资质。,300085.SZ,9,报告页码,3.业务牌照资源优势,正文,300085.SZ_银之杰_2025_管理层讨论与分析.pdf
MDAF0001676,银之杰,核心竞争力,19,公司管理团队经验丰富、团结稳定、勤勉务实、积极进取。,300085.SZ,9,报告页码,5.人才优势,正文,300085.SZ_银之杰_2025_管理层讨论与分析.pdf
MDAF0001677,银之杰,核心竞争力,19,在此指导思想下，公司已经取得了开展主要业务及创新业务的牌照许可。,300085.SZ,9,报告页码,3.业务牌照资源优势,正文,300085.SZ_银之杰_2025_管理层讨论与分析.pdf
MDAF0001678,银之杰,核心竞争力,19,目前，公司主营业务已经涉及金融信息技术、移动信息服务、电子商务等行业领域，重点发力互联网证券信息服务领域，并且投资和布局个人征信服务、证券等业务领域。,300085.SZ,9,报告页码,4. 产业生态布局的协同发展优势,正文,300085.SZ_银之杰_2025_管理层讨论与分析.pdf
MDAF0001679,银之杰,核心竞争力,19,经过多年的发展，公司通过内部培养和外部引进的方式逐步汇集了一批技术、市场、管理、资本领域的专业人才，其中不乏专业水平突出、行业经验丰富的复合型人才。,300085.SZ,9,报告页码,5.人才优势,正文,300085.SZ_银之杰_2025_管理层讨论与分析.pdf
MDAF0001680,银之杰,核心竞争力,19,近年来，按照公司战略发展规划，公司的主营业务已经从银行信息技术向证券信息服务领域延伸发展。,300085.SZ,9,报告页码,4. 产业生态布局的协同发展优势,正文,300085.SZ_银之杰_2025_管理层讨论与分析.pdf
MDAF0001681,银之杰,核心竞争力,19,随着以上产业链布局的推进，公司在产业生态布局方面的协同优势明显，为公司业务的开展打开了更广阔的局面。,300085.SZ,9,报告页码,4. 产业生态布局的协同发展优势,正文,300085.SZ_银之杰_2025_管理层讨论与分析.pdf
MDAF0001682,银之杰,核心竞争力,19,随着企业经营规模不断扩大，公司在高度重视内部人员的培养和人才梯队建设工作的同时，还持续完善公司长效激励机制，分别于2024年、2025年推出股权激励计划，吸引和留住优秀人才，充分调动公司核心团队的积极性。,300085.SZ,9,报告页码,5.人才优势,正文,300085.SZ_银之杰_2025_管理层讨论与分析.pdf
MDAF0001683,银之杰,研发投入,24,主要研发项目名称：智能打印鉴伪批量盖章一体机。,300085.SZ,14,报告页码,,表格行,300085.SZ_银之杰_2025_管理层讨论与分析.pdf
MDAF0001684,银之杰,研发投入,24,拟达到的目标：形成公司自主批量生产能力，同时满足客户需求。,300085.SZ,14,报告页码,,表格行,300085.SZ_银之杰_2025_管理层讨论与分析.pdf
MDAF0001685,银之杰,研发投入,24,拟达到的目标：提高公司智能打印鉴伪批量盖章一体机产品的技术领先优势，。,300085.SZ,14,报告页码,,表格行,300085.SZ_银之杰_2025_管理层讨论与分析.pdf
MDAF0001686,银之杰,研发投入,24,项目目的：智能打印鉴伪批量盖章一体机设备的翻页、自动出纸、自动。,300085.SZ,14,报告页码,,表格行,300085.SZ_银之杰_2025_管理层讨论与分析.pdf
MDAF0001687,银之杰,研发投入,24,项目进展：完成产品功能开发并具备批量生产能力。,300085.SZ,14,报告页码,,表格行,300085.SZ_银之杰_2025_管理层讨论与分析.pdf
MDAF0001688,银之杰,研发投入,24,适用。,300085.SZ,14,报告页码,,选项,300085.SZ_银之杰_2025_管理层讨论与分析.pdf
MDAF0001689,银之杰,研发投入,25,为公司各软硬件产品提供基础图像识别能力。,300085.SZ,15,报告页码,,表格行,300085.SZ_银之杰_2025_管理层讨论与分析.pdf
MDAF0001690,银之杰,研发投入,25,为公司软件产品提供底层技术支撑，形成统一的开发规范和开发模式，提升软件开发效率。,300085.SZ,15,报告页码,,表格行,300085.SZ_银之杰_2025_管理层讨论与分析.pdf
MDAF0001691,银之杰,研发投入,25,为客户提供更为友善和便捷的产品。,300085.SZ,15,报告页码,,表格行,300085.SZ_银之杰_2025_管理层讨论与分析.pdf
MDAF0001692,银之杰,研发投入,25,亿美融合通信平台V2。,300085.SZ,15,报告页码,,表格行,300085.SZ_银之杰_2025_管理层讨论与分析.pdf
MDAF0001693,银之杰,研发投入,25,使公司在市场上保持充分的竞争力， 能够为客户提供多样化、个性化的移动商务能力。,300085.SZ,15,报告页码,,表格行,300085.SZ_银之杰_2025_管理层讨论与分析.pdf
MDAF0001694,银之杰,研发投入,25,使公司的产品研发、 项目实施、系统运维等工作能够更有效率地进行。,300085.SZ,15,报告页码,,表格行,300085.SZ_银之杰_2025_管理层讨论与分析.pdf
MDAF0001695,银之杰,研发投入,25,基于机器学习技术建立公司级图像识别引擎，主要包括图像分类、图像全幅面 OCR、图像指定区域 OCR、图像特征点定位等通用功能，以及垂直领域的特定图像内容识别，如身份证、银行卡、营业执照、发票等。,300085.SZ,15,报告页码,,表格行,300085.SZ_银之杰_2025_管理层讨论与分析.pdf
MDAF0001696,银之杰,研发投入,25,基于机器学习的新一代图像识别引擎。,300085.SZ,15,报告页码,,表格行,300085.SZ_银之杰_2025_管理层讨论与分析.pdf
MDAF0001697,银之杰,研发投入,25,完成基于通道质量的智能路由能力、富媒体短信的性能提升和功能完善、5G 消息的多样性模版、智能语音识别、AI 驱动能力。,300085.SZ,15,报告页码,,表格行,300085.SZ_银之杰_2025_管理层讨论与分析.pdf
MDAF0001698,银之杰,研发投入,25,完成短信、富媒体短信、5G 消息、国际短信、微信、邮件业务的研发，完成基于金融、物流、电商等场景的场景化方案研发。,300085.SZ,15,报告页码,,表格行,300085.SZ_银之杰_2025_管理层讨论与分析.pdf
MDAF0001699,银之杰,研发投入,25,已发布1.1.8 版本，并应用于多家银行客户。,300085.SZ,15,报告页码,,表格行,300085.SZ_银之杰_2025_管理层讨论与分析.pdf
MDAF0001700,银之杰,研发投入,25,已完成既定计划，平台持续迭代研发中。,300085.SZ,15,报告页码,,表格行,300085.SZ_银之杰_2025_管理层讨论与分析.pdf
MDAF0001701,银之杰,研发投入,25,已完成核心引擎的搭建，具备了通用的图像分类和文字识别能力；完成了印章专用领域的模型训练和调优工作；针对表格类数据进行了专项加强。,300085.SZ,15,报告页码,,表格行,300085.SZ_银之杰_2025_管理层讨论与分析.pdf
MDAF0001702,银之杰,研发投入,25,已迭代升级至v4.5 信创版，并在多家银行客户应用。,300085.SZ,15,报告页码,,表格行,300085.SZ_银之杰_2025_管理层讨论与分析.pdf
MDAF0001703,银之杰,研发投入,25,已迭代至3.0.1 版，支持分布式微服务架构。,300085.SZ,15,报告页码,,表格行,300085.SZ_银之杰_2025_管理层讨论与分析.pdf
MDAF0001704,银之杰,研发投入,25,开发同时支持在 Windows 系统和国产信创系统下调用高拍仪和扫描仪的统一接口程序。,300085.SZ,15,报告页码,,表格行,300085.SZ_银之杰_2025_管理层讨论与分析.pdf
MDAF0001705,银之杰,研发投入,25,提供统一公共图像采集组件，提高不同软件系统接入不同平台图像采集设备的开发速度，在国产化大背景下，有助于提升公司项目实施效率，提升整体竞争力。,300085.SZ,15,报告页码,,表格行,300085.SZ_银之杰_2025_管理层讨论与分析.pdf
MDAF0001706,银之杰,研发投入,25,提升业务平台的处理性能，完善业务管理功能，并在一定程度上增加自动化和智能化能力。,300085.SZ,15,报告页码,,表格行,300085.SZ_银之杰_2025_管理层讨论与分析.pdf
MDAF0001707,银之杰,研发投入,25,提升公司在信创领域的技术创新能力，增强公司核心竞争力； 增加客户粘性，进一步巩固电子验印系统的产品优势。,300085.SZ,15,报告页码,,表格行,300085.SZ_银之杰_2025_管理层讨论与分析.pdf
MDAF0001708,银之杰,研发投入,25,电子验印系统（信创版）。,300085.SZ,15,报告页码,,表格行,300085.SZ_银之杰_2025_管理层讨论与分析.pdf
MDAF0001709,银之杰,研发投入,25,研发包含短信、富媒体短信、5G 消息、国际短信、微信、邮件等多种消息触达能力的平台，能够为客户提供更加符合客户业务特点和使用习惯的消息触达产品。,300085.SZ,15,报告页码,,表格行,300085.SZ_银之杰_2025_管理层讨论与分析.pdf
MDAF0001710,银之杰,研发投入,25,研究信创环境下对印鉴真伪的识别，满足国内商业银行客户的产品需求。,300085.SZ,15,报告页码,,表格行,300085.SZ_银之杰_2025_管理层讨论与分析.pdf
MDAF0001711,银之杰,研发投入,25,统一图像采集硬件接口，便于各上层软件系统对接。,300085.SZ,15,报告页码,,表格行,300085.SZ_银之杰_2025_管理层讨论与分析.pdf
MDAF0001712,银之杰,研发投入,25,统一开发平台TAF。,300085.SZ,15,报告页码,,表格行,300085.SZ_银之杰_2025_管理层讨论与分析.pdf
MDAF0001713,银之杰,研发投入,25,统一通信平台V9。,300085.SZ,15,报告页码,,表格行,300085.SZ_银之杰_2025_管理层讨论与分析.pdf
MDAF0001714,银之杰,研发投入,25,能够应对越来越复杂的业务场景，进一步增加公司在图像处理领域的技术实力。,300085.SZ,15,报告页码,,表格行,300085.SZ_银之杰_2025_管理层讨论与分析.pdf
MDAF0001715,银之杰,研发投入,25,跨平台拍照扫描打印一体化软件。,300085.SZ,15,报告页码,,表格行,300085.SZ_银之杰_2025_管理层讨论与分析.pdf
MDAF0001716,银之杰,研发投入,25,进一步巩固加强公司的技术路线、开发规范，提升产品研发效率和研发质量。,300085.SZ,15,报告页码,,表格行,300085.SZ_银之杰_2025_管理层讨论与分析.pdf
MDAF0001717,银之杰,研发投入,25,通过引入深度学习、 图像识别等先进技术，在信创环境下实现对印鉴真伪的高效、准确辨识；系统采用高精度图像采集设备，结合复杂的算法模型，能够迅速捕捉印鉴的细微特征， 并进行深度比对分析。,300085.SZ,15,报告页码,,表格行,300085.SZ_银之杰_2025_管理层讨论与分析.pdf
MDAF0001718,银之杰,研发投入,25,降低服务运营成本， 提升项目实施质量和效率，提升业务服务质量，增加公司业务的多样性。,300085.SZ,15,报告页码,,表格行,300085.SZ_银之杰_2025_管理层讨论与分析.pdf
MDAF0001719,银之杰,研发投入,26,1、通过融合AI 技术，打造一款集合股票行情、自选股、金融资讯、题材概念、 股市热点、资金分析、龙虎榜数据等功能的智能化的综合股票行情软件；2、产品以市场资金分析为切入点，以独有的资金算法、分析，为用户提供简单、有效的数据工具。,300085.SZ,16,报告页码,,表格行,300085.SZ_银之杰_2025_管理层讨论与分析.pdf
MDAF0001720,银之杰,研发投入,26,大模型在金融领域的应用项目：股票行情分析软件。,300085.SZ,16,报告页码,,表格行,300085.SZ_银之杰_2025_管理层讨论与分析.pdf
MDAF0001721,银之杰,研发投入,26,打造一款人工智能辅助的综合股票行情软件，旨在减少用户对股市有效数据、信息筛选时间，提升决策效率。,300085.SZ,16,报告页码,,表格行,300085.SZ_银之杰_2025_管理层讨论与分析.pdf
MDAF0001722,银之杰,研发投入,26,进一步为公司在金融科技领域的战略布局夯实基础，丰富公司产品和业务范围，提升公司核心竞争力。,300085.SZ,16,报告页码,,表格行,300085.SZ_银之杰_2025_管理层讨论与分析.pdf
MDAF0001723,新国都,业务概要,12,公司全资子公司嘉联支付是拥有全国性银行卡收单业务牌照的第三方支付机构，嘉联支付主要为不同行业及规模的客户提供便捷的支付结算服务，并且通过“支付+经营”的服务体系，以支付为入口全面融入商户经营场景，根据不同行业的特点，以SaaS 模式为客户提供会员管理、门店管理、营销管理、报表管理等多种增值服务和行业解决方案的一站式服务，赋能中小微商户高效经营，助力其数字化转型。,300130.SZ,1,报告页码,1、支付服务,正文,300130.SZ_新国都_2025_管理层讨论与分析.pdf
MDAF0001724,新国都,业务概要,12,公司是领先的全球支付科技服务商，业务主要涵盖支付服务、电子支付设备等领域，公司秉持科技与服务创新的理念，致力于为大众提供先进的支付服务，实现“共创美好生活”的企业使命。,300130.SZ,1,报告页码,（一）主要业务,正文,300130.SZ_新国都_2025_管理层讨论与分析.pdf
MDAF0001725,新国都,业务概要,12,公司组建成立跨境事业群，负责跨境支付和全球收单业务的开展。,300130.SZ,1,报告页码,1、支付服务,正文,300130.SZ_新国都_2025_管理层讨论与分析.pdf
MDAF0001726,新国都,业务概要,12,同时，公司旗下跨境支付品牌PayKKa 已推出B2B 跨境贸易收款、B2C 跨境电商收款、全球收单等一系列支付服务产品，已支持10+全球主流币种的收款业务以及全球150+币种的收单业务，能够为出海企业提供一站式跨境支付解决方案，解决客户资金在收、付、结、汇、管方面的问题。,300130.SZ,1,报告页码,1、支付服务,正文,300130.SZ_新国都_2025_管理层讨论与分析.pdf
MDAF0001727,新国都,业务概要,12,目前公司已经取得卢森堡PI 牌照、香港MSO 牌照、美国MSB 牌照，具备了同时开展跨境支付和全球收单业务的牌照条件。,300130.SZ,1,报告页码,1、支付服务,正文,300130.SZ_新国都_2025_管理层讨论与分析.pdf
MDAF0001728,新国都,业务概要,13,公司全资子公司新国都技术主要业务是以金融POS 机为主的电子支付受理终端设备软硬件的生产、研发、销售，为客户提供基于电子支付的综合性解决方案。,300130.SZ,2,报告页码,2、电子支付设备,正文,300130.SZ_新国都_2025_管理层讨论与分析.pdf
MDAF0001729,新国都,业务概要,13,公司的电子支付设备主要产品包括POS 机（智能POS 终端、扫码POS 终端、刷脸支付终端、智能云音箱及新型支付终端）、密码键盘及外接设备，应用领域主要涵盖餐饮、酒店、零售、交通、物流、银行及医疗等行业，可通过结合行业特点开发成为更符合行业需求的专业化创新型产品设备。,300130.SZ,2,报告页码,2、电子支付设备,正文,300130.SZ_新国都_2025_管理层讨论与分析.pdf
MDAF0001730,新国都,业务概要,13,电子支付受理终端是承载电子支付的终端物理基础，是消费者、商户、支付机构进行资金和信息交换的终端媒介。,300130.SZ,2,报告页码,2、电子支付设备,正文,300130.SZ_新国都_2025_管理层讨论与分析.pdf
MDAF0001731,新国都,核心竞争力,15,上述科研成果为公司的持续发展保驾护航，成为公司的核心竞争力之一。,300130.SZ,4,报告页码,（二）知识产权及技术优势,正文,300130.SZ_新国都_2025_管理层讨论与分析.pdf
MDAF0001732,新国都,核心竞争力,15,公司始终坚持自主研发道路，在产品和技术研发方面持续加大投入。,300130.SZ,4,报告页码,（二）知识产权及技术优势,正文,300130.SZ_新国都_2025_管理层讨论与分析.pdf
MDAF0001733,新国都,核心竞争力,15,公司始终坚持自主研发道路，持续提升科技创新能力、推动数字化向智能化升级。,300130.SZ,4,报告页码,（二）知识产权及技术优势,正文,300130.SZ_新国都_2025_管理层讨论与分析.pdf
MDAF0001734,新国都,核心竞争力,15,公司通过“支付+经营”的服务体系，从提供电子支付受理终端设备、支付服务升级到支付场景数字化服务的全流程业务布局，利用多年在电子支付行业积累的技术、行业经验和商业资源，针对垂直行业细分领域提供综合解决方案，展现了公司的电子支付受理终端机具硬实力、支付服务牌照优势和日臻完善的增值服务、运营服务能力，专注公司的传统优势领域并持续深挖这些领域的业务潜力。,300130.SZ,4,报告页码,（一）核心业务布局及产业链协同优势,正文,300130.SZ_新国都_2025_管理层讨论与分析.pdf
MDAF0001735,新国都,核心竞争力,15,同时，公司积极探索人工智能技术赋能企业及商户高效运营的各类解决方案，从而提升业务运营效率，改善用户体验。,300130.SZ,4,报告页码,（一）核心业务布局及产业链协同优势,正文,300130.SZ_新国都_2025_管理层讨论与分析.pdf
MDAF0001736,新国都,核心竞争力,15,截至2025年12月31日，公司取得专利、计算机软件著作权及软件产品等研发成果如下：获得专利200项，其中发明专利103项，国际专利20项；获得软件著作权证书542项，拥有商标524项。,300130.SZ,4,报告页码,（二）知识产权及技术优势,正文,300130.SZ_新国都_2025_管理层讨论与分析.pdf
MDAF0001737,新国都,核心竞争力,15,新国都自2001年成立起即专注于电子支付领域，二十余年来积累了丰富的行业经验，拥有专业的电子支付技术综合解决方案提供能力。,300130.SZ,4,报告页码,（一）核心业务布局及产业链协同优势,正文,300130.SZ_新国都_2025_管理层讨论与分析.pdf
MDAF0001738,新国都,核心竞争力,15,智能反欺诈、数字人民币、个人消费者权益保护、个人金融信息保护、商用密码应用等项目应用与落地，推进了系统持续迭代升级，不仅体现公司强大的产研融合能力，也彰显了企业勇于担当社会责任的形象。,300130.SZ,4,报告页码,（二）知识产权及技术优势,正文,300130.SZ_新国都_2025_管理层讨论与分析.pdf
MDAF0001739,新国都,核心竞争力,15,电子支付作为数字经济时代下的核心环节，承担社会资金流转与交易结算等关键职能，在服务实体经济领域发挥基础性作用。,300130.SZ,4,报告页码,（一）核心业务布局及产业链协同优势,正文,300130.SZ_新国都_2025_管理层讨论与分析.pdf
MDAF0001740,新国都,核心竞争力,15,随着云计算、物联网、人工智能等新一代信息技术的新应用，公司借助自身积累的多年经验，整合旗下各子公司的软硬件实力，基于各类电子支付终端的线上线下支付入口优势和完善的增值应用服务能力，加大各业务板块之间的协同合作，突出产业链上下游的协同优势，通过创新的产品和服务以及不断探索和吸收新的商业模式来提升公司整体盈利能力和抗风险能力。,300130.SZ,4,报告页码,（一）核心业务布局及产业链协同优势,正文,300130.SZ_新国都_2025_管理层讨论与分析.pdf
MDAF0001741,新国都,核心竞争力,15,面对支付领域不断变化的欺诈手段，公司秉持科技赋能业务理念，基于大数据与人工智能技术，打造具备自主知识产权的支付风险防控系统，通过海量数据跨行业、跨领域自动深度挖掘、开展关联分析、溯源风险交易，构建全方位、多层级的“事前、事中、事后”全流程反欺诈风险管理体系，风险防控与决策等系统智能化服务已覆盖广大商户，系统风险防控和决策数据可靠性处于行业领先水平。,300130.SZ,4,报告页码,（二）知识产权及技术优势,正文,300130.SZ_新国都_2025_管理层讨论与分析.pdf
MDAF0001742,新国都,核心竞争力,16,为适应行业发展、公司战略重心和商业模式的变化，提升对市场和客户的响应速度，公司对所有业务线及组织模块进行生态整合，将同类产品线或团队整合于同一个事业群，并将内部核心管理流程通过数字化手段进行整合，从而实现资源的高度共享和高效利用。,300130.SZ,5,报告页码,（四）完善的经营管理体系、人才团队建设优势,正文,300130.SZ_新国都_2025_管理层讨论与分析.pdf
MDAF0001743,新国都,核心竞争力,16,公司一方面通过生产效率提升、生产直通率提升、工艺优化等活动与项目，在保障产品高效安全的前提下，进一步提升整体工效与品质；另一方面，公司通过不断推动研发创新，持续优化产品成本，确保产品开发能够如期高质量的实现交付，增值服务体系进一步完善，在快速响应客户服务需求的同时，为创新业务延伸拓展提供了充分的资源保障。,300130.SZ,5,报告页码,（三）产品和服务的质量优势,正文,300130.SZ_新国都_2025_管理层讨论与分析.pdf
MDAF0001744,新国都,核心竞争力,16,公司成立以来，保持对产品质量精益求精，以打造低成本、高质量、快速响应的供应链管理体系为核心价值。,300130.SZ,5,报告页码,（三）产品和服务的质量优势,正文,300130.SZ_新国都_2025_管理层讨论与分析.pdf
MDAF0001745,新国都,核心竞争力,16,公司持续完善海外牌照布局，已经取得卢森堡PI 牌照、香港MSO 牌照、美国MSB 牌照，为全球跨境支付业务的拓展奠定了坚实的基础。,300130.SZ,5,报告页码,（五）全球化布局优势,正文,300130.SZ_新国都_2025_管理层讨论与分析.pdf
MDAF0001746,新国都,核心竞争力,16,公司营销服务网络共覆盖全国300 多个城市（含港澳台）及多个海外地区，在海外多个国家落地本地化运营团队，可以迅速响应客户对电子支付受理终端设备和电子支付服务的需求。,300130.SZ,5,报告页码,（五）全球化布局优势,正文,300130.SZ_新国都_2025_管理层讨论与分析.pdf
MDAF0001747,新国都,核心竞争力,16,同时，公司上市以来推出了多期股权激励计划，建立对核心员工的长效激励机制，激发了各个板块协同性和全员积极性。,300130.SZ,5,报告页码,（四）完善的经营管理体系、人才团队建设优势,正文,300130.SZ_新国都_2025_管理层讨论与分析.pdf
MDAF0001748,新国都,核心竞争力,16,同时，公司积极运用技术手段推进服务创新，自主开发了服务管理及风控管理平台。,300130.SZ,5,报告页码,（三）产品和服务的质量优势,正文,300130.SZ_新国都_2025_管理层讨论与分析.pdf
MDAF0001749,新国都,核心竞争力,16,基于公司庞大的服务网络以及高效的服务管理平台，公司可以为全球合作伙伴、商户及消费者用户提供优质电子支付产品、支付服务及全方位的数字经济行业解决方案，在国际市场不断提升自身的竞争实力。,300130.SZ,5,报告页码,（五）全球化布局优势,正文,300130.SZ_新国都_2025_管理层讨论与分析.pdf
MDAF0001750,新国都,核心竞争力,16,得益于公司国际化业务战略规划的持续推动和落地，公司已经在全球范围建立了完善的营销服务网络，积累了大量优质客户资源，成功获取多个重要海外支付牌照。,300130.SZ,5,报告页码,（五）全球化布局优势,正文,300130.SZ_新国都_2025_管理层讨论与分析.pdf
MDAF0001751,新国都,核心竞争力,16,截至2025年12月31日，公司已在全球超过100个国家实现产品销售、服务延伸及提供优质的解决方案，随着客户满意度、市场认可度的持续提升，公司在国际市场上的品牌价值和品牌识别度逐步成为公司核心竞争力的体现。,300130.SZ,5,报告页码,（五）全球化布局优势,正文,300130.SZ_新国都_2025_管理层讨论与分析.pdf
MDAF0001752,新国都,核心竞争力,16,经过多年的不断打造、变革升级，目前公司拥有完善的产品研发体系、市场营销体系、生产制造体系、质量管控体系、人力资源体系，有利于整合各个业务链资源，实现核心资源的优化配置，控制生产成本和产品质量的同时进行产品和商业模式创新。,300130.SZ,5,报告页码,（四）完善的经营管理体系、人才团队建设优势,正文,300130.SZ_新国都_2025_管理层讨论与分析.pdf
MDAF0001753,新国都,核心竞争力,16,高效运作的服务网络以及智能化的服务管理和风控管理平台，不仅保障公司的终端机具维保服务、增值服务收入稳定增长，而且促进公司不断挖掘产业链价值、延伸拓展多领域创新业务。,300130.SZ,5,报告页码,（三）产品和服务的质量优势,正文,300130.SZ_新国都_2025_管理层讨论与分析.pdf
MDAF0001754,新国都,研发投入,22,主要研发项目名称：嘉联AI+项目。,300130.SZ,11,报告页码,,表格行,300130.SZ_新国都_2025_管理层讨论与分析.pdf
MDAF0001755,新国都,研发投入,22,主要研发项目名称：智能Mini ECR。,300130.SZ,11,报告页码,,表格行,300130.SZ_新国都_2025_管理层讨论与分析.pdf
MDAF0001756,新国都,研发投入,22,主要研发项目名称：智能mini POS。,300130.SZ,11,报告页码,,表格行,300130.SZ_新国都_2025_管理层讨论与分析.pdf
MDAF0001757,新国都,研发投入,22,主要研发项目名称：桌面智能ECR。,300130.SZ,11,报告页码,,表格行,300130.SZ_新国都_2025_管理层讨论与分析.pdf
MDAF0001758,新国都,研发投入,22,主要研发项目名称：直联万事达国际银行卡组织接入项目。,300130.SZ,11,报告页码,,表格行,300130.SZ_新国都_2025_管理层讨论与分析.pdf
MDAF0001759,新国都,研发投入,22,主要研发项目名称：轻量级无人值守产品。,300130.SZ,11,报告页码,,表格行,300130.SZ_新国都_2025_管理层讨论与分析.pdf
MDAF0001760,新国都,研发投入,22,主要研发项目名称：非接云音箱。,300130.SZ,11,报告页码,,表格行,300130.SZ_新国都_2025_管理层讨论与分析.pdf
MDAF0001761,新国都,研发投入,22,主要研发项目名称：高端智能POS。,300130.SZ,11,报告页码,,表格行,300130.SZ_新国都_2025_管理层讨论与分析.pdf
MDAF0001762,新国都,研发投入,22,拟达到的目标：丰富产品的功能，提升产品性能和用户体验，提高产品性价比。,300130.SZ,11,报告页码,,表格行,300130.SZ_新国都_2025_管理层讨论与分析.pdf
MDAF0001763,新国都,研发投入,22,拟达到的目标：升级最新安卓系统， 提高产品性价比，提升产品性能与高拓展性，满足更多支付应用场景。,300130.SZ,11,报告页码,,表格行,300130.SZ_新国都_2025_管理层讨论与分析.pdf
MDAF0001764,新国都,研发投入,22,拟达到的目标：完善公司产品线，产品更紧凑灵活、客户安装便利，能满足更多户外场景使用。,300130.SZ,11,报告页码,,表格行,300130.SZ_新国都_2025_管理层讨论与分析.pdf
MDAF0001765,新国都,研发投入,22,拟达到的目标：完善公司产品线，满足中小微商户的低成本的多种小额支付场景。,300130.SZ,11,报告页码,,表格行,300130.SZ_新国都_2025_管理层讨论与分析.pdf
MDAF0001766,新国都,研发投入,22,拟达到的目标：开发一款时尚轻薄， 成本适中，性能适中，具有高拓展性的轻收银产品。,300130.SZ,11,报告页码,,表格行,300130.SZ_新国都_2025_管理层讨论与分析.pdf
MDAF0001767,新国都,研发投入,22,拟达到的目标：打造一款时尚高颜值、高拓展性、系统运行流畅的桌面台式 ECR，搭配周边配件， 针对小微商户的收银支付场景需求，形成一体化解决方案。,300130.SZ,11,报告页码,,表格行,300130.SZ_新国都_2025_管理层讨论与分析.pdf
MDAF0001768,新国都,研发投入,22,拟达到的目标：支付业务内部运营效率提升30%。,300130.SZ,11,报告页码,,表格行,300130.SZ_新国都_2025_管理层讨论与分析.pdf
MDAF0001769,新国都,研发投入,22,拟达到的目标：深化与国际卡组织合作，提升对国内收单商户的服务能力。,300130.SZ,11,报告页码,,表格行,300130.SZ_新国都_2025_管理层讨论与分析.pdf
MDAF0001770,新国都,研发投入,22,项目目的：升级支付系统，实现与万事达国际银行卡组织的直联接入。,300130.SZ,11,报告页码,,表格行,300130.SZ_新国都_2025_管理层讨论与分析.pdf
MDAF0001771,新国都,研发投入,22,项目目的：开发一款具有高拓展性的桌面收银机。,300130.SZ,11,报告页码,,表格行,300130.SZ_新国都_2025_管理层讨论与分析.pdf
MDAF0001772,新国都,研发投入,22,项目目的：开发一款收银+支付一体化产品。,300130.SZ,11,报告页码,,表格行,300130.SZ_新国都_2025_管理层讨论与分析.pdf
MDAF0001773,新国都,研发投入,22,项目目的：开发一款独立 miniPOS 产品。,300130.SZ,11,报告页码,,表格行,300130.SZ_新国都_2025_管理层讨论与分析.pdf
MDAF0001774,新国都,研发投入,22,项目目的：开发一款轻量级无人值守设备。,300130.SZ,11,报告页码,,表格行,300130.SZ_新国都_2025_管理层讨论与分析.pdf
MDAF0001775,新国都,研发投入,22,项目目的：开发一款集成码付和卡付的云音箱。,300130.SZ,11,报告页码,,表格行,300130.SZ_新国都_2025_管理层讨论与分析.pdf
MDAF0001776,新国都,研发投入,22,项目目的：开发一款高性价比的高端智能POS 产品。,300130.SZ,11,报告页码,,表格行,300130.SZ_新国都_2025_管理层讨论与分析.pdf
MDAF0001777,新国都,研发投入,22,项目目的：打造嘉联内部智能运营模块，包括 AI 客服、技术运营、经营。,300130.SZ,11,报告页码,,表格行,300130.SZ_新国都_2025_管理层讨论与分析.pdf
MDAF0001778,新国都,研发投入,22,项目进展：产品功能正在开发中。,300130.SZ,11,报告页码,,表格行,300130.SZ_新国都_2025_管理层讨论与分析.pdf
MDAF0001779,新国都,研发投入,22,项目进展：已完成。,300130.SZ,11,报告页码,,表格行,300130.SZ_新国都_2025_管理层讨论与分析.pdf
MDAF0001780,新国都,研发投入,22,项目进展：已完成认证，并已发布可量产通知。,300130.SZ,11,报告页码,,表格行,300130.SZ_新国都_2025_管理层讨论与分析.pdf
MDAF0001781,新国都,研发投入,22,项目进展：已通过相关认证，达到量产状态。,300130.SZ,11,报告页码,,表格行,300130.SZ_新国都_2025_管理层讨论与分析.pdf
MDAF0001782,新国都,研发投入,22,项目进展：迭代升级中。,300130.SZ,11,报告页码,,表格行,300130.SZ_新国都_2025_管理层讨论与分析.pdf
MDAF0001783,新国都,研发投入,22,预计对公司未来发展的影响：丰富云喇叭产品线， 提升产品竞争力和拓展更多客户群体。,300130.SZ,11,报告页码,,表格行,300130.SZ_新国都_2025_管理层讨论与分析.pdf
MDAF0001784,新国都,研发投入,22,预计对公司未来发展的影响：丰富产品矩阵，覆盖更多支付场景，满足更多细分市场需求， 构建差异化竞争优势，巩固市场地位。,300130.SZ,11,报告页码,,表格行,300130.SZ_新国都_2025_管理层讨论与分析.pdf
MDAF0001785,新国都,研发投入,22,预计对公司未来发展的影响：丰富公司智能产品线，保持产品竞争力，助力公司保持原有产品份额的同时， 同步拓展新客户。,300130.SZ,11,报告页码,,表格行,300130.SZ_新国都_2025_管理层讨论与分析.pdf
MDAF0001786,新国都,研发投入,22,预计对公司未来发展的影响：完善公司产品线，满足更多细分市场需求，提升公司市场竞争力以及拓展更多客户群体。,300130.SZ,11,报告页码,,表格行,300130.SZ_新国都_2025_管理层讨论与分析.pdf
MDAF0001787,新国都,研发投入,22,预计对公司未来发展的影响：完善内部运营场景， 构建差异化竞争优势，巩固市场地位。,300130.SZ,11,报告页码,,表格行,300130.SZ_新国都_2025_管理层讨论与分析.pdf
MDAF0001788,新国都,研发投入,22,预计对公司未来发展的影响：提供ECR+POS 一体化解决方案，开拓优质客户群体。,300130.SZ,11,报告页码,,表格行,300130.SZ_新国都_2025_管理层讨论与分析.pdf
MDAF0001789,新国都,研发投入,22,适用。,300130.SZ,11,报告页码,,选项,300130.SZ_新国都_2025_管理层讨论与分析.pdf
MDAF0001790,新国都,研发投入,23,2024年：192。,300130.SZ,12,报告页码,,表格行,300130.SZ_新国都_2025_管理层讨论与分析.pdf
MDAF0001791,新国都,研发投入,23,2024年：312。,300130.SZ,12,报告页码,,表格行,300130.SZ_新国都_2025_管理层讨论与分析.pdf
MDAF0001792,新国都,研发投入,23,2024年：35.84%。,300130.SZ,12,报告页码,,表格行,300130.SZ_新国都_2025_管理层讨论与分析.pdf
MDAF0001793,新国都,研发投入,23,2024年：37。,300130.SZ,12,报告页码,,表格行,300130.SZ_新国都_2025_管理层讨论与分析.pdf
MDAF0001794,新国都,研发投入,23,2024年：462。,300130.SZ,12,报告页码,,表格行,300130.SZ_新国都_2025_管理层讨论与分析.pdf
MDAF0001795,新国都,研发投入,23,2024年：563。,300130.SZ,12,报告页码,,表格行,300130.SZ_新国都_2025_管理层讨论与分析.pdf
MDAF0001796,新国都,研发投入,23,2024年：59。,300130.SZ,12,报告页码,,表格行,300130.SZ_新国都_2025_管理层讨论与分析.pdf
MDAF0001797,新国都,研发投入,23,2025年：179。,300130.SZ,12,报告页码,,表格行,300130.SZ_新国都_2025_管理层讨论与分析.pdf
MDAF0001798,新国都,研发投入,23,2025年：30 岁以下。,300130.SZ,12,报告页码,,表格行,300130.SZ_新国都_2025_管理层讨论与分析.pdf
MDAF0001799,新国都,研发投入,23,2025年：302。,300130.SZ,12,报告页码,,表格行,300130.SZ_新国都_2025_管理层讨论与分析.pdf
MDAF0001800,新国都,研发投入,23,2025年：30~40 岁。,300130.SZ,12,报告页码,,表格行,300130.SZ_新国都_2025_管理层讨论与分析.pdf
MDAF0001801,新国都,研发投入,23,2025年：39.15%。,300130.SZ,12,报告页码,,表格行,300130.SZ_新国都_2025_管理层讨论与分析.pdf
MDAF0001802,新国都,研发投入,23,2025年：40 岁以上。,300130.SZ,12,报告页码,,表格行,300130.SZ_新国都_2025_管理层讨论与分析.pdf
MDAF0001803,新国都,研发投入,23,2025年：452。,300130.SZ,12,报告页码,,表格行,300130.SZ_新国都_2025_管理层讨论与分析.pdf
MDAF0001804,新国都,研发投入,23,2025年：46。,300130.SZ,12,报告页码,,表格行,300130.SZ_新国都_2025_管理层讨论与分析.pdf
MDAF0001805,新国都,研发投入,23,2025年：545。,300130.SZ,12,报告页码,,表格行,300130.SZ_新国都_2025_管理层讨论与分析.pdf
MDAF0001806,新国都,研发投入,23,2025年：64。,300130.SZ,12,报告页码,,表格行,300130.SZ_新国都_2025_管理层讨论与分析.pdf
MDAF0001807,新国都,研发投入,23,2025年：本科。,300130.SZ,12,报告页码,,表格行,300130.SZ_新国都_2025_管理层讨论与分析.pdf
MDAF0001808,新国都,研发投入,23,2025年：研发人员学历。,300130.SZ,12,报告页码,,表格行,300130.SZ_新国都_2025_管理层讨论与分析.pdf
MDAF0001809,新国都,研发投入,23,2025年：研发人员年龄构成。,300130.SZ,12,报告页码,,表格行,300130.SZ_新国都_2025_管理层讨论与分析.pdf
MDAF0001810,新国都,研发投入,23,2025年：研发人员数量占比。,300130.SZ,12,报告页码,,表格行,300130.SZ_新国都_2025_管理层讨论与分析.pdf
MDAF0001811,新国都,研发投入,23,2025年：研发人员数量（人）。,300130.SZ,12,报告页码,,表格行,300130.SZ_新国都_2025_管理层讨论与分析.pdf
MDAF0001812,新国都,研发投入,23,2025年：硕士。,300130.SZ,12,报告页码,,表格行,300130.SZ_新国都_2025_管理层讨论与分析.pdf
MDAF0001813,新国都,研发投入,23,变动比例：-2.16%。,300130.SZ,12,报告页码,,表格行,300130.SZ_新国都_2025_管理层讨论与分析.pdf
MDAF0001814,新国都,研发投入,23,变动比例：-3.20%。,300130.SZ,12,报告页码,,表格行,300130.SZ_新国都_2025_管理层讨论与分析.pdf
MDAF0001815,新国都,研发投入,23,变动比例：-3.21%。,300130.SZ,12,报告页码,,表格行,300130.SZ_新国都_2025_管理层讨论与分析.pdf
MDAF0001816,新国都,研发投入,23,变动比例：-6.77%。,300130.SZ,12,报告页码,,表格行,300130.SZ_新国都_2025_管理层讨论与分析.pdf
MDAF0001817,新国都,研发投入,23,变动比例：24.32%。,300130.SZ,12,报告页码,,表格行,300130.SZ_新国都_2025_管理层讨论与分析.pdf
MDAF0001818,新国都,研发投入,23,变动比例：3.31%。,300130.SZ,12,报告页码,,表格行,300130.SZ_新国都_2025_管理层讨论与分析.pdf
MDAF0001819,新国都,研发投入,23,变动比例：8.47%。,300130.SZ,12,报告页码,,表格行,300130.SZ_新国都_2025_管理层讨论与分析.pdf
MDAF0001820,新国都,研发投入,23,数据罗盘，赋能内部运营效率提升：KYC/KYT 流程自动化率提升，风险交易识别准确率提升，人工审核成本降低，显著提升合规风控效率与质量。,300130.SZ,12,报告页码,,表格行,300130.SZ_新国都_2025_管理层讨论与分析.pdf
MDAF0001821,新国都,研发投入,23,数据罗盘，赋能内部运营效率提升：PayKKa 开放平台。,300130.SZ,12,报告页码,,表格行,300130.SZ_新国都_2025_管理层讨论与分析.pdf
MDAF0001822,新国都,研发投入,23,数据罗盘，赋能内部运营效率提升：PayKKa 智能风控系统。,300130.SZ,12,报告页码,,表格行,300130.SZ_新国都_2025_管理层讨论与分析.pdf
MDAF0001823,新国都,研发投入,23,数据罗盘，赋能内部运营效率提升：丰富跨境支付产品的供给层次，提升跨境业务市场渗透率与客户粘性，提升跨境业务市场竞争力和市场份额。,300130.SZ,12,报告页码,,表格行,300130.SZ_新国都_2025_管理层讨论与分析.pdf
MDAF0001824,新国都,研发投入,23,数据罗盘，赋能内部运营效率提升：增强公司在跨境支付领域的风险防控核心竞争力，提升合规风控水平。,300130.SZ,12,报告页码,,表格行,300130.SZ_新国都_2025_管理层讨论与分析.pdf
MDAF0001825,新国都,研发投入,23,数据罗盘，赋能内部运营效率提升：已上线运营。,300130.SZ,12,报告页码,,表格行,300130.SZ_新国都_2025_管理层讨论与分析.pdf
MDAF0001826,新国都,研发投入,23,数据罗盘，赋能内部运营效率提升：提升跨境支付场景下客户KYC 和KYT 的自动化与智能化水平。,300130.SZ,12,报告页码,,表格行,300130.SZ_新国都_2025_管理层讨论与分析.pdf
MDAF0001827,新国都,研发投入,23,数据罗盘，赋能内部运营效率提升：满足跨境客户多样化服务需求，提升跨境支付服务与客户业务流程的融合能力。,300130.SZ,12,报告页码,,表格行,300130.SZ_新国都_2025_管理层讨论与分析.pdf
MDAF0001828,新国都,研发投入,23,数据罗盘，赋能内部运营效率提升：输出跨境收款、换汇、收单等产品的标准化开放能力，降低商户及合作伙伴的国际化接入门槛。,300130.SZ,12,报告页码,,表格行,300130.SZ_新国都_2025_管理层讨论与分析.pdf
MDAF0001829,华峰超纤,业务概要,12,公司现有产品为超纤材料系列产品，具体包括超纤纤维底胚（又名“超纤基布”、“超纤贝斯”）、超纤绒面材料（又名“超纤绒面革”）及超细纤维合成革（又名“超纤合成革”、“超纤贴面革”）三大类。,300180.SZ,1,报告页码,1、主要超纤产品及用途,正文,300180.SZ_华峰超纤_2025_管理层讨论与分析.pdf
MDAF0001830,华峰超纤,业务概要,12,基于前述性能特点，超纤革被广泛用于制鞋、箱包、服装、手套、制球、家居、汽车内饰、军用品、劳保用品、体育用品、工业用品等应用领域。,300180.SZ,1,报告页码,1、主要超纤产品及用途,正文,300180.SZ_华峰超纤_2025_管理层讨论与分析.pdf
MDAF0001831,华峰超纤,业务概要,12,由于束状超细纤维与天然皮革所具有的超细胶元纤维极其相似，使超纤革在强度、舒适性、透气透湿性和手感上与天然皮革相媲美，在耐化学性、抗皱性、耐磨性、可加工适应性以及质量均一性等方面更优于天然皮革。,300180.SZ,1,报告页码,1、主要超纤产品及用途,正文,300180.SZ_华峰超纤_2025_管理层讨论与分析.pdf
MDAF0001832,华峰超纤,业务概要,12,超纤底胚工艺流程图如下：,300180.SZ,1,报告页码,2、超纤材料的工艺流程,正文,300180.SZ_华峰超纤_2025_管理层讨论与分析.pdf
MDAF0001833,华峰超纤,业务概要,12,超纤材料是在充分剖析天然皮革的微观结构和性能的基础上，采用与天然皮革中束状胶原纤维结构和性能相似的束状超细纤维，加工络合成三维网络结构的高密度无纺布，填充以微孔结构的聚氨酯，经特殊的后加工整理而成。,300180.SZ,1,报告页码,1、主要超纤产品及用途,正文,300180.SZ_华峰超纤_2025_管理层讨论与分析.pdf
MDAF0001834,华峰超纤,业务概要,12,超纤革产品主要生产工艺为：短纤维生产（纺丝工艺）、非织造成网（织造工艺）、浸渍工艺（湿法工艺）、化学减量（抽出工艺）、后整理工艺（上油扩幅、揉皮、片皮、磨毛、染色、印花）、干法移膜造面等。,300180.SZ,1,报告页码,2、超纤材料的工艺流程,正文,300180.SZ_华峰超纤_2025_管理层讨论与分析.pdf
MDAF0001835,华峰超纤,业务概要,13,从长周期视角来看，得益于公司在超纤行业的领先地位优势，受益于行业在本世纪初至2020年的高速增长，公司业绩也保持高速增长；自2020年公司大二期扩产以来，由于公司折旧等固定成本高昂，叠加市场需求增速放缓，公司业绩表现有所承压。,300180.SZ,2,报告页码,3、经营模式,正文,300180.SZ_华峰超纤_2025_管理层讨论与分析.pdf
MDAF0001836,华峰超纤,业务概要,13,公司为打造一体化优势，加强产业纵深，于2021年投产8万吨尼龙6项目，新增尼龙6 为主营产品。,300180.SZ,2,报告页码,（二）尼龙6 产品,正文,300180.SZ_华峰超纤_2025_管理层讨论与分析.pdf
MDAF0001837,华峰超纤,业务概要,13,公司主要采取“以销定产、以产定购”的经营模式，根据市场需求合理配置资源并组织生产。,300180.SZ,2,报告页码,3、经营模式,正文,300180.SZ_华峰超纤_2025_管理层讨论与分析.pdf
MDAF0001838,华峰超纤,业务概要,13,公司尼龙6 产能在行业中属于单体较小类型，产品除超纤产品自用外，部分也对外销售。,300180.SZ,2,报告页码,（二）尼龙6 产品,正文,300180.SZ_华峰超纤_2025_管理层讨论与分析.pdf
MDAF0001839,华峰超纤,业务概要,13,公司是国内较早从事超纤材料研发生产的企业之一，于2011年成功在深交所创业板上市，2017年经国家工信部认定为“全国制造业单项冠军示范企业”（第二批），是国家级高新技术企业、上海市企业技术中心，获评为上海市“专精特新”中小企业、上海市百强企业、2025年人造革合成革行业发展贡献奖、2023—2024年度上海市外贸自主品牌示范企业、2025 上海专精特新企业品牌价值100 强、2025年度SFEO 上海制造业单项冠军品牌价值榜，在超纤行业地位突出。,300180.SZ,2,报告页码,3、经营模式,正文,300180.SZ_华峰超纤_2025_管理层讨论与分析.pdf
MDAF0001840,华峰超纤,业务概要,13,在市场竞争加剧的背景下，公司通过细分市场需求差异化发展。,300180.SZ,2,报告页码,（二）尼龙6 产品,正文,300180.SZ_华峰超纤_2025_管理层讨论与分析.pdf
MDAF0001841,华峰超纤,业务概要,13,尼龙6，亦被称作PA6、聚酰胺6 或锦纶6，是由己内酰胺这一单体经聚合反应生成的高分子化合物，既可用于塑料制造，也可用于合成纤维制造。,300180.SZ,2,报告页码,（二）尼龙6 产品,正文,300180.SZ_华峰超纤_2025_管理层讨论与分析.pdf
MDAF0001842,华峰超纤,业务概要,13,超纤绒面材料工艺流程图如下：超纤基布超纤绒皮染色磨皮超纤合成革工艺流程图如下：,300180.SZ,2,报告页码,单纤维束海岛形截面,正文,300180.SZ_华峰超纤_2025_管理层讨论与分析.pdf
MDAF0001843,华峰超纤,业务概要,13,近年，公司尼龙板块实现满产满销，高附加值、差异化产品占比同比都逐步有所提升。,300180.SZ,2,报告页码,（二）尼龙6 产品,正文,300180.SZ_华峰超纤_2025_管理层讨论与分析.pdf
MDAF0001844,华峰超纤,业务概要,14,2017年，公司成功并购重组威富通。,300180.SZ,3,报告页码,（三）威富通业务,正文,300180.SZ_华峰超纤_2025_管理层讨论与分析.pdf
MDAF0001845,华峰超纤,业务概要,14,伴随着银行以及大型企业面向数字化转型的步伐，威富通也不断推出创新的产品和解决方案，覆盖数字银行基础服务、数字化金融场景、供应链金融领域和跨境结算等领域。,300180.SZ,3,报告页码,（三）威富通业务,正文,300180.SZ_华峰超纤_2025_管理层讨论与分析.pdf
MDAF0001846,华峰超纤,业务概要,14,全资子公司威富通是一家移动支付软件技术服务提供商。,300180.SZ,3,报告页码,（三）威富通业务,正文,300180.SZ_华峰超纤_2025_管理层讨论与分析.pdf
MDAF0001847,华峰超纤,业务概要,14,在为银行提供服务的同时，威富通也为大型企业提供数字化金融和营销服务解决方案，包括支付管理中台、数字化营销、电子账户和储值卡系统、供应链综合金融服务平台等多个产品。,300180.SZ,3,报告页码,（三）威富通业务,正文,300180.SZ_华峰超纤_2025_管理层讨论与分析.pdf
MDAF0001848,华峰超纤,业务概要,14,威富通是专业的数字银行解决方案供应商，2013年公司成立以后，威富通抓住了移动支付行业的市场机遇，为国内几十家银行提供移动支付整体的解决方案。,300180.SZ,3,报告页码,（三）威富通业务,正文,300180.SZ_华峰超纤_2025_管理层讨论与分析.pdf
MDAF0001849,华峰超纤,业务概要,14,根据证监会《上市公司分类指引》（2012年修订），隶属于“信息传输、软件和信息技术服务业—软件和信息技术服务业”。,300180.SZ,3,报告页码,（三）威富通业务,正文,300180.SZ_华峰超纤_2025_管理层讨论与分析.pdf
MDAF0001850,华峰超纤,核心竞争力,16,2017年，公司被工业和信息化部、中国工业经济联合会认定为第二批“制造业单项冠军示范企业”，江苏超纤获评“国家级绿色工厂”。,300180.SZ,5,报告页码,1、聚焦主业深耕，持续引领行业发展,正文,300180.SZ_华峰超纤_2025_管理层讨论与分析.pdf
MDAF0001851,华峰超纤,核心竞争力,16,2025年，公司先后入选为“2023-2024年度上海外贸自主品牌示范企业”、“2025年度SFEO 上海制造业单项冠军企业品牌价值榜”，荣获“人造革合成革行业发展贡献奖”、“2025 上海专精特新企业品牌价值100 强”等荣誉，公司企业技术中心获评为”上海市模范集体“称号。,300180.SZ,5,报告页码,1、聚焦主业深耕，持续引领行业发展,正文,300180.SZ_华峰超纤_2025_管理层讨论与分析.pdf
MDAF0001852,华峰超纤,核心竞争力,16,公司坚守实业、专注主业，经过二十余年深耕细作，实现持续稳健成长。,300180.SZ,5,报告页码,1、聚焦主业深耕，持续引领行业发展,正文,300180.SZ_华峰超纤_2025_管理层讨论与分析.pdf
MDAF0001853,华峰超纤,核心竞争力,16,未来，公司将持续向高端产品体系延伸，不断拓展成长空间。,300180.SZ,5,报告页码,1、聚焦主业深耕，持续引领行业发展,正文,300180.SZ_华峰超纤_2025_管理层讨论与分析.pdf
MDAF0001854,华峰超纤,核心竞争力,17,作为国内服务银行家数最多的移动支付系统服务商，威富通充分利用银行在拓展客户上的天然优势，有效推动交易量的增长。,300180.SZ,6,报告页码,2、银行合作广泛，资源网络优势明显,正文,300180.SZ_华峰超纤_2025_管理层讨论与分析.pdf
MDAF0001855,华峰超纤,核心竞争力,17,公司持续推进精益生产、目标管理等先进的管理方法，推动经营管理体系向人性化、科学化、规范化方向发展。,300180.SZ,6,报告页码,4、管理科学高效，治理体系持续优化,正文,300180.SZ_华峰超纤_2025_管理层讨论与分析.pdf
MDAF0001856,华峰超纤,核心竞争力,17,公司管理层在资源配置、机制保障等方面给予技术研发充分支持，研发团队在市场需求把握、产品方向调整、行业趋势研判等方面具备敏锐洞察力与前瞻性优势。,300180.SZ,6,报告页码,2、强化自主创新，构筑技术领先优势,正文,300180.SZ_华峰超纤_2025_管理层讨论与分析.pdf
MDAF0001857,华峰超纤,核心竞争力,17,公司高度重视自主创新，秉持“倡导首创、宽容失败、整合资源、协同创新”的理念，围绕“低碳、环保、可持续”战略不断夯实技术底蕴。,300180.SZ,6,报告页码,2、强化自主创新，构筑技术领先优势,正文,300180.SZ_华峰超纤_2025_管理层讨论与分析.pdf
MDAF0001858,华峰超纤,核心竞争力,17,品牌优势有效转化为市场竞争力，公司与众多国内外客户建立了长期、稳定的合作关系。,300180.SZ,6,报告页码,3、品质稳定可靠，品牌影响力持续提升,正文,300180.SZ_华峰超纤_2025_管理层讨论与分析.pdf
MDAF0001859,华峰超纤,核心竞争力,17,在生物基超纤、全水性超纤、可回收超纤等方面取得突破并达成量产，为市场拓展注入持续动力。,300180.SZ,6,报告页码,2、强化自主创新，构筑技术领先优势,正文,300180.SZ_华峰超纤_2025_管理层讨论与分析.pdf
MDAF0001860,华峰超纤,核心竞争力,17,在长期服务过程中，公司不断积累了银行（金融机构）侧与商户侧资源、服务经验及技术能力。,300180.SZ,6,报告页码,2、银行合作广泛，资源网络优势明显,正文,300180.SZ_华峰超纤_2025_管理层讨论与分析.pdf
MDAF0001861,华峰超纤,核心竞争力,17,威富通在移动支付领域业务开展较早，积累了成熟的技术开发与服务经验。,300180.SZ,6,报告页码,1、技术积淀深厚，服务能力领先,正文,300180.SZ_华峰超纤_2025_管理层讨论与分析.pdf
MDAF0001862,华峰超纤,核心竞争力,17,威富通将国内成熟的移动支付发展模式复制到海外，已与多家境外银行机构展开合作，并在海外移动支付领域开展战略性投资布局，初步形成国际化业务协同优势，为未来全球业务拓展奠定了基础。,300180.SZ,6,报告页码,3、国际化布局先行，海外市场稳步拓展,正文,300180.SZ_华峰超纤_2025_管理层讨论与分析.pdf
MDAF0001863,华峰超纤,核心竞争力,17,目前，威富通能够为各大银行提供涵盖移动支付在内的多种技术解决方案，并高效响应大量商户的服务需求，构建起具备可持续竞争力的业务生态。,300180.SZ,6,报告页码,2、银行合作广泛，资源网络优势明显,正文,300180.SZ_华峰超纤_2025_管理层讨论与分析.pdf
MDAF0001864,华峰超纤,核心竞争力,17,移动支付行业的技术开发能力是威富通的核心竞争力，也是其持续保持行业前列地位的重要支撑。,300180.SZ,6,报告页码,1、技术积淀深厚，服务能力领先,正文,300180.SZ_华峰超纤_2025_管理层讨论与分析.pdf
MDAF0001865,华峰超纤,核心竞争力,17,稳定可靠的产品质量进一步强化了品牌公信力，为业务持续拓展奠定了坚实基础。,300180.SZ,6,报告页码,3、品质稳定可靠，品牌影响力持续提升,正文,300180.SZ_华峰超纤_2025_管理层讨论与分析.pdf
MDAF0001866,华峰超纤,核心竞争力,17,经过多年的发展，公司在行业内树立了具有广泛影响力的品牌形象。,300180.SZ,6,报告页码,3、品质稳定可靠，品牌影响力持续提升,正文,300180.SZ_华峰超纤_2025_管理层讨论与分析.pdf
MDAF0001867,华峰超纤,核心竞争力,17,董事会具备前瞻性与全局性的战略视野，对市场及行业变化保持敏锐洞察，为公司发展规划提供有力指引。,300180.SZ,6,报告页码,4、管理科学高效，治理体系持续优化,正文,300180.SZ_华峰超纤_2025_管理层讨论与分析.pdf
MDAF0001868,华峰超纤,核心竞争力,17,通过信息化手段和务实高效的管理理念，不断提升内部信息流转效率、优化业务流程、增强快速反应能力，实现资源高效配置与客户满意度提升。,300180.SZ,6,报告页码,4、管理科学高效，治理体系持续优化,正文,300180.SZ_华峰超纤_2025_管理层讨论与分析.pdf
MDAF0001869,华峰超纤,研发投入,23,主要研发项目名称：AA 汽车革产品的开发。,300180.SZ,12,报告页码,,表格行,300180.SZ_华峰超纤_2025_管理层讨论与分析.pdf
MDAF0001870,华峰超纤,研发投入,23,主要研发项目名称：LL 汽车革产品的开发。,300180.SZ,12,报告页码,,表格行,300180.SZ_华峰超纤_2025_管理层讨论与分析.pdf
MDAF0001871,华峰超纤,研发投入,23,主要研发项目名称：一种仿高档牛皮超纤革的开发。,300180.SZ,12,报告页码,,表格行,300180.SZ_华峰超纤_2025_管理层讨论与分析.pdf
MDAF0001872,华峰超纤,研发投入,23,主要研发项目名称：仿袋鼠皮超纤革的开发。,300180.SZ,12,报告页码,,表格行,300180.SZ_华峰超纤_2025_管理层讨论与分析.pdf
MDAF0001873,华峰超纤,研发投入,23,主要研发项目名称：基于XX 的XX 智付收银软件研发。,300180.SZ,12,报告页码,,表格行,300180.SZ_华峰超纤_2025_管理层讨论与分析.pdf
MDAF0001874,华峰超纤,研发投入,23,主要研发项目名称：基于区块链技术的跨平台智能终端SDK 集成框架软件研发。,300180.SZ,12,报告页码,,表格行,300180.SZ_华峰超纤_2025_管理层讨论与分析.pdf
MDAF0001875,华峰超纤,研发投入,23,主要研发项目名称：高透明度、高光泽度钓鱼线单丝专用料的开发。,300180.SZ,12,报告页码,,表格行,300180.SZ_华峰超纤_2025_管理层讨论与分析.pdf
MDAF0001876,华峰超纤,研发投入,23,拟达到的目标：产品性能、质感满足市场需求，质量稳定。,300180.SZ,12,报告页码,,表格行,300180.SZ_华峰超纤_2025_管理层讨论与分析.pdf
MDAF0001877,华峰超纤,研发投入,23,拟达到的目标：开发出的尼龙粘度稳定性和拉伸强度等力学性能参数达到客户需求。,300180.SZ,12,报告页码,,表格行,300180.SZ_华峰超纤_2025_管理层讨论与分析.pdf
MDAF0001878,华峰超纤,研发投入,23,拟达到的目标：本项目专为LL 车型开发， 产品兼具豪华感官体验、极致耐用性、良好环保性，与 LL 的品牌需求相契合。,300180.SZ,12,报告页码,,表格行,300180.SZ_华峰超纤_2025_管理层讨论与分析.pdf
MDAF0001879,华峰超纤,研发投入,23,拟达到的目标：本项目的核心目标是实现收银系统从“系统迭代运维”向 “实质性技术改造”的代际跨越，构建一个智能原生、全栈自主可控的智能支付基础设施，以支撑新质生产力与先进制造场景下的极速清算需求。,300180.SZ,12,报告页码,,表格行,300180.SZ_华峰超纤_2025_管理层讨论与分析.pdf
MDAF0001880,华峰超纤,研发投入,23,拟达到的目标：满足客户需求，质量稳定。,300180.SZ,12,报告页码,,表格行,300180.SZ_华峰超纤_2025_管理层讨论与分析.pdf
MDAF0001881,华峰超纤,研发投入,23,拟达到的目标：解决手感与弹性、折痕形态与耐久性的平衡难题，通过梯度复合技术，实现产品感官性能高仿真、综合性能达标，可广泛应用于高端鞋品、家具及汽车内饰灯领域。,300180.SZ,12,报告页码,,表格行,300180.SZ_华峰超纤_2025_管理层讨论与分析.pdf
MDAF0001882,华峰超纤,研发投入,23,拟达到的目标：项目目标是把传统POS 系统升级为“可自治、可进化、可信任”的端云共生智能体。,300180.SZ,12,报告页码,,表格行,300180.SZ_华峰超纤_2025_管理层讨论与分析.pdf
MDAF0001883,华峰超纤,研发投入,23,项目目的：开发一款高透明度、高光泽度钓鱼线单丝专用料，尼龙粘度稳定性和拉伸强度等力学性能参数达到预设目标。,300180.SZ,12,报告页码,,表格行,300180.SZ_华峰超纤_2025_管理层讨论与分析.pdf
MDAF0001884,华峰超纤,研发投入,23,项目目的：本项目为构建“统一收单 POS App+底层AIDL SDK+ 区块链可信+大模型智能” 的全栈底座，实现“开发一。,300180.SZ,12,报告页码,,表格行,300180.SZ_华峰超纤_2025_管理层讨论与分析.pdf
MDAF0001885,华峰超纤,研发投入,23,项目目的：本项目主要是基于XX 的纯净微内核与原生分布式能力，构建一个智能原生、全栈自主可控的智能收银核心系统，实现金融交易领域的技术改造。,300180.SZ,12,报告页码,,表格行,300180.SZ_华峰超纤_2025_管理层讨论与分析.pdf
MDAF0001886,华峰超纤,研发投入,23,项目目的：本项目产品主要用于座椅、 门板、中控台、扶手箱等关键触面区域。,300180.SZ,12,报告页码,,表格行,300180.SZ_华峰超纤_2025_管理层讨论与分析.pdf
MDAF0001887,华峰超纤,研发投入,23,项目目的：本项目开发是应主机厂客户要求而进行的开发，产品应用于汽车座椅、门板及内饰上，在功能上满足XX 车型的应用部位要求，同时该产品具有良好的加工装配功能。,300180.SZ,12,报告页码,,表格行,300180.SZ_华峰超纤_2025_管理层讨论与分析.pdf
MDAF0001888,华峰超纤,研发投入,23,项目目的：本项目旨在开发一款在结构、手感与视觉上都高度仿生高档牛皮的超纤革。,300180.SZ,12,报告页码,,表格行,300180.SZ_华峰超纤_2025_管理层讨论与分析.pdf
MDAF0001889,华峰超纤,研发投入,23,项目目的：本项目通过模拟真皮的致密层与粗纤维的松软层，开发出触感接近袋鼠皮的超纤革产品，且表观呈现出细腻的纹理和均匀的颜色，满足市场应用需求。,300180.SZ,12,报告页码,,表格行,300180.SZ_华峰超纤_2025_管理层讨论与分析.pdf
MDAF0001890,华峰超纤,研发投入,23,项目进展：已完成。,300180.SZ,12,报告页码,,表格行,300180.SZ_华峰超纤_2025_管理层讨论与分析.pdf
MDAF0001891,华峰超纤,研发投入,23,项目进展：已完成中试。,300180.SZ,12,报告页码,,表格行,300180.SZ_华峰超纤_2025_管理层讨论与分析.pdf
MDAF0001892,华峰超纤,研发投入,23,预计对公司未来发展的影响：本项目市场需求明确， 产品成功开发后，市场应用、推广效果较好。,300180.SZ,12,报告页码,,表格行,300180.SZ_华峰超纤_2025_管理层讨论与分析.pdf
MDAF0001893,华峰超纤,研发投入,23,预计对公司未来发展的影响：本项目开发市场需求明确，产品成功开发后， 市场应用、推广效果较好，有助于公司在汽车业务方面的市场拓展。,300180.SZ,12,报告页码,,表格行,300180.SZ_华峰超纤_2025_管理层讨论与分析.pdf
MDAF0001894,华峰超纤,研发投入,23,预计对公司未来发展的影响：满足客户需求，并以此项目为基础，与LL 建立长期战略合作，有助于公司在汽车业务方面的市场拓展。,300180.SZ,12,报告页码,,表格行,300180.SZ_华峰超纤_2025_管理层讨论与分析.pdf
MDAF0001895,华峰超纤,研发投入,23,预计对公司未来发展的影响：试生产批次产品性能稳定，良品率符合预定目标，可批量生产投放市场。,300180.SZ,12,报告页码,,表格行,300180.SZ_华峰超纤_2025_管理层讨论与分析.pdf
MDAF0001896,华峰超纤,研发投入,23,预计对公司未来发展的影响：通过实质性的技术改造，打造支撑新质生产力与先进制造的高性能支付底座。,300180.SZ,12,报告页码,,表格行,300180.SZ_华峰超纤_2025_管理层讨论与分析.pdf
MDAF0001897,华峰超纤,研发投入,23,预计对公司未来发展的影响：通过试验、检测，已成熟运用到新产品的生产中，客户反映良好。,300180.SZ,12,报告页码,,表格行,300180.SZ_华峰超纤_2025_管理层讨论与分析.pdf
MDAF0001898,华峰超纤,研发投入,23,预计对公司未来发展的影响：项目目标是把传统POS 系统升级为“可自治、可进化、可信任”的端云共生智能体。,300180.SZ,12,报告页码,,表格行,300180.SZ_华峰超纤_2025_管理层讨论与分析.pdf
MDAF0001899,华峰超纤,研发投入,23,适用。,300180.SZ,12,报告页码,,选项,300180.SZ_华峰超纤_2025_管理层讨论与分析.pdf
MDAF0001900,华峰超纤,研发投入,24,次，适配全网”的能力：AIDL 接口覆盖率达到 100%，跨厂商适配平均周期 ≤3 天；引入端侧大模型的设备故障预测准确率≥95%，将终端离线平均故障恢复时间缩短至15 分钟以内，并通过知识蒸馏实现端云模型一致性误差≤1%。,300180.SZ,13,报告页码,,表格行,300180.SZ_华峰超纤_2025_管理层讨论与分析.pdf
MDAF0001901,华峰超纤,研发投入,24,次，适配全网”的能力：以项目实践为基础，主导或深度参与制定至少1项金融智能运维相关的国家、行业或团体标准。,300180.SZ,13,报告页码,,表格行,300180.SZ_华峰超纤_2025_管理层讨论与分析.pdf
MDAF0001902,华峰超纤,研发投入,24,次，适配全网”的能力：同时，将开源扩展后的MCP 金融领域数据模型，推动其成为行业事实标准，从技术实现者转向生态与规则的定义者。,300180.SZ,13,报告页码,,表格行,300180.SZ_华峰超纤_2025_管理层讨论与分析.pdf
MDAF0001903,华峰超纤,研发投入,24,次，适配全网”的能力：基于XX 技术的慧企知识中枢系统研发。,300180.SZ,13,报告页码,,表格行,300180.SZ_华峰超纤_2025_管理层讨论与分析.pdf
MDAF0001904,华峰超纤,研发投入,24,次，适配全网”的能力：基于云服务的智效通工单全生命周期管理系统研发。,300180.SZ,13,报告页码,,表格行,300180.SZ_华峰超纤_2025_管理层讨论与分析.pdf
MDAF0001905,华峰超纤,研发投入,24,次，适配全网”的能力：基于区块链可信的自助式进件管理系统研发。,300180.SZ,13,报告页码,,表格行,300180.SZ_华峰超纤_2025_管理层讨论与分析.pdf
MDAF0001906,华峰超纤,研发投入,24,次，适配全网”的能力：基于区块链技术的企业级卡券采购管理系统研发。,300180.SZ,13,报告页码,,表格行,300180.SZ_华峰超纤_2025_管理层讨论与分析.pdf
MDAF0001907,华峰超纤,研发投入,24,次，适配全网”的能力：基于区块链技术的展业蜂巢平台研发。,300180.SZ,13,报告页码,,表格行,300180.SZ_华峰超纤_2025_管理层讨论与分析.pdf
MDAF0001908,华峰超纤,研发投入,24,次，适配全网”的能力：基于大数据技术的智能商户威点单生态化管理平台研发。,300180.SZ,13,报告页码,,表格行,300180.SZ_华峰超纤_2025_管理层讨论与分析.pdf
MDAF0001909,华峰超纤,研发投入,24,次，适配全网”的能力：基于用户画像大数据建模的商铺通运营平台研发。,300180.SZ,13,报告页码,,表格行,300180.SZ_华峰超纤_2025_管理层讨论与分析.pdf
MDAF0001910,华峰超纤,研发投入,24,次，适配全网”的能力：实现跨厂商、跨平台的设备间建立安全连接的耗时<100 毫秒，端到端可信数据交换的不可抵赖性保障达到99.999% 以上。,300180.SZ,13,报告页码,,表格行,300180.SZ_华峰超纤_2025_管理层讨论与分析.pdf
MDAF0001911,华峰超纤,研发投入,24,次，适配全网”的能力：已完成。,300180.SZ,13,报告页码,,表格行,300180.SZ_华峰超纤_2025_管理层讨论与分析.pdf
MDAF0001912,华峰超纤,研发投入,24,次，适配全网”的能力：开发基于人工智能和大模型的智能决策引擎，该引擎将集成自然语言处理、机器学习、深度学习等多种先进技术，能够对复杂的商业数据进行实时分析和预测。,300180.SZ,13,报告页码,,表格行,300180.SZ_华峰超纤_2025_管理层讨论与分析.pdf
MDAF0001913,华峰超纤,研发投入,24,次，适配全网”的能力：旨在构建一个超越当前所有AIOps 范式的全新体系。,300180.SZ,13,报告页码,,表格行,300180.SZ_华峰超纤_2025_管理层讨论与分析.pdf
MDAF0001914,华峰超纤,研发投入,24,次，适配全网”的能力：本项目产品构建了“硬件-软件-数据”全层级的安全防护体系，数据安全与自主可控能力显著优于同类产品。,300180.SZ,13,报告页码,,表格行,300180.SZ_华峰超纤_2025_管理层讨论与分析.pdf
MDAF0001915,华峰超纤,研发投入,24,次，适配全网”的能力：本项目以智能大模型、先进制造技术为支撑，研发新一代智能收单展业小程序。,300180.SZ,13,报告页码,,表格行,300180.SZ_华峰超纤_2025_管理层讨论与分析.pdf
MDAF0001916,华峰超纤,研发投入,24,次，适配全网”的能力：本项目分别从模型的 “认知可靠性”、感知的“深度融合性”、数据的“协同安全性”和风险的“前瞻预见性” 四个维度，构建了下一代智能硬件系统的核心技术护城河。,300180.SZ,13,报告页码,,表格行,300180.SZ_华峰超纤_2025_管理层讨论与分析.pdf
MDAF0001917,华峰超纤,研发投入,24,次，适配全网”的能力：本项目建立了一套全面、科学的技术指标体系，覆盖系统性能、规则处理、数据处理、系统可用性、扩展能力、数据安全、人工干预率、处理时效及经济效益等 9 大维度。,300180.SZ,13,报告页码,,表格行,300180.SZ_华峰超纤_2025_管理层讨论与分析.pdf
MDAF0001918,华峰超纤,研发投入,24,次，适配全网”的能力：本项目整体目标是交付一套覆盖前端交互、端云区块链上协同、智能增强支付全流程合规的Next‑Gen 智能收单平台。,300180.SZ,13,报告页码,,表格行,300180.SZ_华峰超纤_2025_管理层讨论与分析.pdf
MDAF0001919,华峰超纤,研发投入,24,次，适配全网”的能力：本项目旨在构建一个具备 “深度认知、实时响应、自主可控”特性的新一代商户智能运营平台。,300180.SZ,13,报告页码,,表格行,300180.SZ_华峰超纤_2025_管理层讨论与分析.pdf
MDAF0001920,华峰超纤,研发投入,24,次，适配全网”的能力：本项目的最终目标是打造面向海量、高并发、碎片化商户准入场景的“金融级智能感知与决策系统”。,300180.SZ,13,报告页码,,表格行,300180.SZ_华峰超纤_2025_管理层讨论与分析.pdf
MDAF0001921,华峰超纤,研发投入,24,次，适配全网”的能力：本项目突破了传统安全防护模式的局限，实现了对收单业务全场景、 全生命周期的安全保障。,300180.SZ,13,报告页码,,表格行,300180.SZ_华峰超纤_2025_管理层讨论与分析.pdf
MDAF0001922,华峰超纤,研发投入,24,次，适配全网”的能力：本项目聚焦于基于大数据技术构建智能商户威点单生态化管理平台研发，深度融合人工智能、大模型和新质生产力理念，致力于打造一个具有创新性和颠覆性的商业管理解决方案。,300180.SZ,13,报告页码,,表格行,300180.SZ_华峰超纤_2025_管理层讨论与分析.pdf
MDAF0001923,华峰超纤,研发投入,24,次，适配全网”的能力：构建一个基于自主可控多模态大模型的商业智能认知中台，并在此之上打造商户智能尽调与产业映射平台。,300180.SZ,13,报告页码,,表格行,300180.SZ_华峰超纤_2025_管理层讨论与分析.pdf
MDAF0001924,华峰超纤,研发投入,24,次，适配全网”的能力：系统性地解决制约现代数字金融发展的核心运维瓶颈， 即在高复杂度、高动态性、 高可用性要求的超大规模支付系统环境中，实现从故障感知到业务恢复的全流程智能化与自动化。,300180.SZ,13,报告页码,,表格行,300180.SZ_华峰超纤_2025_管理层讨论与分析.pdf
MDAF0001925,华峰超纤,研发投入,24,次，适配全网”的能力：通过前沿技术，深度融入金融服务与实体经济的生产过程，创造出全新的产品形态 （智能经营顾问）、服务模式（场景内嵌式金融）和产业生态（开放联盟）。,300180.SZ,13,报告页码,,表格行,300180.SZ_华峰超纤_2025_管理层讨论与分析.pdf
MDAF0001926,华峰超纤,研发投入,24,次，适配全网”的能力：通过前沿技术，深度融入金融服务与实体经济的生产过程，创造出全新的产品形态（智能经营顾问）、服务模式 （场景内嵌式金融）和产业生态（开放联盟）。,300180.SZ,13,报告页码,,表格行,300180.SZ_华峰超纤_2025_管理层讨论与分析.pdf
MDAF0001927,华峰超纤,研发投入,24,次，适配全网”的能力：通过对历史数据的学习和分析，引擎可以为商户提供精准的市场趋势预测、客户需求分析、 商品销售预测等决策支持信息，帮助商户制定更加科学合理的经营策略。,300180.SZ,13,报告页码,,表格行,300180.SZ_华峰超纤_2025_管理层讨论与分析.pdf
MDAF0001928,华峰超纤,研发投入,24,次，适配全网”的能力：通过技术重构实现工单审批流程的自动化、智能化升级。,300180.SZ,13,报告页码,,表格行,300180.SZ_华峰超纤_2025_管理层讨论与分析.pdf
MDAF0001929,华峰超纤,研发投入,24,次，适配全网”的能力：项目旨在打破国外技术垄断，构建自主可控的核心技术体系；提升收单服务的智能化水平，满足商户多元化、个性化的需求；优化收单展业流程，提高业务员工作效率与服务质量；完善安全防护体系，保障金融安全与商户利益。,300180.SZ,13,报告页码,,表格行,300180.SZ_华峰超纤_2025_管理层讨论与分析.pdf
MDAF0001930,华峰超纤,研发投入,25,2024年：121。,300180.SZ,14,报告页码,,表格行,300180.SZ_华峰超纤_2025_管理层讨论与分析.pdf
MDAF0001931,华峰超纤,研发投入,25,2024年：22.80%。,300180.SZ,14,报告页码,,表格行,300180.SZ_华峰超纤_2025_管理层讨论与分析.pdf
MDAF0001932,华峰超纤,研发投入,25,2024年：343。,300180.SZ,14,报告页码,,表格行,300180.SZ_华峰超纤_2025_管理层讨论与分析.pdf
MDAF0001933,华峰超纤,研发投入,25,2024年：353。,300180.SZ,14,报告页码,,表格行,300180.SZ_华峰超纤_2025_管理层讨论与分析.pdf
MDAF0001934,华峰超纤,研发投入,25,2024年：44。,300180.SZ,14,报告页码,,表格行,300180.SZ_华峰超纤_2025_管理层讨论与分析.pdf
MDAF0001935,华峰超纤,研发投入,25,2024年：533。,300180.SZ,14,报告页码,,表格行,300180.SZ_华峰超纤_2025_管理层讨论与分析.pdf
MDAF0001936,华峰超纤,研发投入,25,2025年：15.85%。,300180.SZ,14,报告页码,,表格行,300180.SZ_华峰超纤_2025_管理层讨论与分析.pdf
MDAF0001937,华峰超纤,研发投入,25,2025年：151。,300180.SZ,14,报告页码,,表格行,300180.SZ_华峰超纤_2025_管理层讨论与分析.pdf
MDAF0001938,华峰超纤,研发投入,25,2025年：175。,300180.SZ,14,报告页码,,表格行,300180.SZ_华峰超纤_2025_管理层讨论与分析.pdf
MDAF0001939,华峰超纤,研发投入,25,2025年：30 岁以下。,300180.SZ,14,报告页码,,表格行,300180.SZ_华峰超纤_2025_管理层讨论与分析.pdf
MDAF0001940,华峰超纤,研发投入,25,2025年：30~40 岁。,300180.SZ,14,报告页码,,表格行,300180.SZ_华峰超纤_2025_管理层讨论与分析.pdf
MDAF0001941,华峰超纤,研发投入,25,2025年：363。,300180.SZ,14,报告页码,,表格行,300180.SZ_华峰超纤_2025_管理层讨论与分析.pdf
MDAF0001942,华峰超纤,研发投入,25,2025年：44。,300180.SZ,14,报告页码,,表格行,300180.SZ_华峰超纤_2025_管理层讨论与分析.pdf
MDAF0001943,华峰超纤,研发投入,25,2025年：88。,300180.SZ,14,报告页码,,表格行,300180.SZ_华峰超纤_2025_管理层讨论与分析.pdf
MDAF0001944,华峰超纤,研发投入,25,2025年：本科。,300180.SZ,14,报告页码,,表格行,300180.SZ_华峰超纤_2025_管理层讨论与分析.pdf
MDAF0001945,华峰超纤,研发投入,25,2025年：研发人员学历。,300180.SZ,14,报告页码,,表格行,300180.SZ_华峰超纤_2025_管理层讨论与分析.pdf
MDAF0001946,华峰超纤,研发投入,25,2025年：研发人员年龄构成。,300180.SZ,14,报告页码,,表格行,300180.SZ_华峰超纤_2025_管理层讨论与分析.pdf
MDAF0001947,华峰超纤,研发投入,25,2025年：研发人员数量占比。,300180.SZ,14,报告页码,,表格行,300180.SZ_华峰超纤_2025_管理层讨论与分析.pdf
MDAF0001948,华峰超纤,研发投入,25,2025年：研发人员数量（人）。,300180.SZ,14,报告页码,,表格行,300180.SZ_华峰超纤_2025_管理层讨论与分析.pdf
MDAF0001949,华峰超纤,研发投入,25,2025年：硕士。,300180.SZ,14,报告页码,,表格行,300180.SZ_华峰超纤_2025_管理层讨论与分析.pdf
MDAF0001950,华峰超纤,研发投入,25,变动比例：-27.27%。,300180.SZ,14,报告页码,,表格行,300180.SZ_华峰超纤_2025_管理层讨论与分析.pdf
MDAF0001951,华峰超纤,研发投入,25,变动比例：-31.89%。,300180.SZ,14,报告页码,,表格行,300180.SZ_华峰超纤_2025_管理层讨论与分析.pdf
MDAF0001952,华峰超纤,研发投入,25,变动比例：-50.42%。,300180.SZ,14,报告页码,,表格行,300180.SZ_华峰超纤_2025_管理层讨论与分析.pdf
MDAF0001953,华峰超纤,研发投入,25,变动比例：-55.98%。,300180.SZ,14,报告页码,,表格行,300180.SZ_华峰超纤_2025_管理层讨论与分析.pdf
MDAF0001954,华峰超纤,研发投入,25,变动比例：-6.95%。,300180.SZ,14,报告页码,,表格行,300180.SZ_华峰超纤_2025_管理层讨论与分析.pdf
MDAF0001955,华峰超纤,研发投入,25,变动比例：0.00%。,300180.SZ,14,报告页码,,表格行,300180.SZ_华峰超纤_2025_管理层讨论与分析.pdf
MDAF0001956,兆日科技,业务概要,12,、纸纹防伪技术纸纹是造纸过程中，纸浆和填料历经多重复杂工艺形成的纸张立体微观纹理特征，纸纹具有随机性、稳定性、唯一性，纸张形成后纸纹特征即生成，不再改变，不同纸张的纸纹互不相同，同一纸张不同位置的纸纹也不相同。,300333.SZ,1,报告页码,1、电子支付密码器系统及银企通对公业务平台,正文,300333.SZ_兆日科技_2025_管理层讨论与分析.pdf
MDAF0001957,兆日科技,业务概要,12,为推广纸纹防伪技术在烟草、酒水、奢侈品包装、宠物用品、IP 授权等领域的应用，公司积极参与了国内外二十多场行业展览会、专业论坛及技术研讨会。,300333.SZ,1,报告页码,1、电子支付密码器系统及银企通对公业务平台,正文,300333.SZ_兆日科技_2025_管理层讨论与分析.pdf
MDAF0001958,兆日科技,业务概要,12,公司主要客户是全国各大银行，产品广泛应用于银行对公开户企业及部分大型金融机构及企事业单位。,300333.SZ,1,报告页码,（一）报告期内公司主要业务及产品,正文,300333.SZ_兆日科技_2025_管理层讨论与分析.pdf
MDAF0001959,兆日科技,业务概要,12,公司主要技术及产品包括：电子支付密码器系统及密码芯片、银企通对公业务平台、纸纹核验设备、纸纹验货APP 及小程序、金融票据纸纹防伪系统终端及模块。,300333.SZ,1,报告页码,（一）报告期内公司主要业务及产品,正文,300333.SZ_兆日科技_2025_管理层讨论与分析.pdf
MDAF0001960,兆日科技,业务概要,12,公司电子支付密码器系统作为自主研发的、国产化的银行票据防伪软件，还需根据银行国产替代的标准要求进行维护升级。,300333.SZ,1,报告页码,1、电子支付密码器系统及银企通对公业务平台,正文,300333.SZ_兆日科技_2025_管理层讨论与分析.pdf
MDAF0001961,兆日科技,业务概要,12,参展等市场推广活动贯穿全年，覆盖华东、华南、华北、西南及香港地区，涉及包装、授权、宠物、知识产权、美容、标签印刷等多个行业。,300333.SZ,1,报告页码,1、电子支付密码器系统及银企通对公业务平台,正文,300333.SZ_兆日科技_2025_管理层讨论与分析.pdf
MDAF0001962,兆日科技,业务概要,12,对于电子支付密码器系统的销售，公司采用积极的营销策略，巩固公司对该产品的市场优势地位及份额。,300333.SZ,1,报告页码,1、电子支付密码器系统及银企通对公业务平台,正文,300333.SZ_兆日科技_2025_管理层讨论与分析.pdf
MDAF0001963,兆日科技,业务概要,12,对于银企通对公业务平台，其基础框架及其配套功能模块已能够满足银行对公业务平台的基本要求，后续的项目实施可在现有研发项目的基础上进行。,300333.SZ,1,报告页码,1、电子支付密码器系统及银企通对公业务平台,正文,300333.SZ_兆日科技_2025_管理层讨论与分析.pdf
MDAF0001964,兆日科技,业务概要,12,报告期内，公司从事的主要业务如下：,300333.SZ,1,报告页码,（一）报告期内公司主要业务及产品,正文,300333.SZ_兆日科技_2025_管理层讨论与分析.pdf
MDAF0001965,兆日科技,业务概要,12,报告期内，公司结合纸纹防伪技术的市场推广进展与客户反馈，围绕软硬件系统开展了针对性的研发工作，以更好地满足商品溯源、防伪验证等应用场景的实际需求。,300333.SZ,1,报告页码,1、电子支付密码器系统及银企通对公业务平台,正文,300333.SZ_兆日科技_2025_管理层讨论与分析.pdf
MDAF0001966,兆日科技,业务概要,12,报告期内，公司银企通对公业务平台由研发逐步转为对银行客户的交付，根据银行客户需求及前期公司研发成果进行交付实施。,300333.SZ,1,报告页码,1、电子支付密码器系统及银企通对公业务平台,正文,300333.SZ_兆日科技_2025_管理层讨论与分析.pdf
MDAF0001967,兆日科技,业务概要,12,深圳兆日科技股份有限公司以现代信息技术解决票据防伪起家，经过多年发展，公司已成为一家专注于金融票据防伪技术、银行对公业务平台、纸纹防伪技术的研发及销售的国家高新技术企业。,300333.SZ,1,报告页码,（一）报告期内公司主要业务及产品,正文,300333.SZ_兆日科技_2025_管理层讨论与分析.pdf
MDAF0001968,兆日科技,业务概要,12,电子支付密码器系统是公司的传统产品，为公司贡献了主要业绩，已在银行成熟应用多年，报告期内投入资源较少，主要是进行产品的日常维护工作。,300333.SZ,1,报告页码,1、电子支付密码器系统及银企通对公业务平台,正文,300333.SZ_兆日科技_2025_管理层讨论与分析.pdf
MDAF0001969,兆日科技,业务概要,12,纸纹防伪技术是基于经典物理模型，通过自研算法处理，分析纸纹立体微观纹理特征，生成纸张的数字身份。,300333.SZ,1,报告页码,1、电子支付密码器系统及银企通对公业务平台,正文,300333.SZ_兆日科技_2025_管理层讨论与分析.pdf
MDAF0001970,兆日科技,业务概要,12,纸纹防伪技术的研发工作持续以市场需求为导向，推动技术性能迭代与产品形态的演进。,300333.SZ,1,报告页码,1、电子支付密码器系统及银企通对公业务平台,正文,300333.SZ_兆日科技_2025_管理层讨论与分析.pdf
MDAF0001971,兆日科技,业务概要,12,通过系统性的参展和会议交流，公司有效提升了纸纹防伪技术的市场认知度和在各应用场景中的影响力。,300333.SZ,1,报告页码,1、电子支付密码器系统及银企通对公业务平台,正文,300333.SZ_兆日科技_2025_管理层讨论与分析.pdf
MDAF0001972,兆日科技,业务概要,13,从产品的立项申请、开发策划、确认设计需求、设计和开发、内部验收测试、产品移交确认评审及试产等全过程，均有详细的研发管理流程。,300333.SZ,2,报告页码,1、研发模式,正文,300333.SZ_兆日科技_2025_管理层讨论与分析.pdf
MDAF0001973,兆日科技,业务概要,13,公司主要采用银行直销、银行代理销售的模式，公司参加并入围各级商业银行组织的招投标，中标后，公司与银行签署直销或代销协议，将产品直接销售给银行或采用支付代销费的方式通过银行将产品销售给对公开户企业。,300333.SZ,2,报告页码,（1）直销或银行代理销售,正文,300333.SZ_兆日科技_2025_管理层讨论与分析.pdf
MDAF0001974,兆日科技,业务概要,13,公司产品生产的质量监督人员、工艺人员、生产人员之间协作配合，严格按照产品、技术、质量、进度等要求，落实产品生产计划，确保生产任务符合相关标准和交付计划。,300333.SZ,2,报告页码,3、生产及采购模式,正文,300333.SZ_兆日科技_2025_管理层讨论与分析.pdf
MDAF0001975,兆日科技,业务概要,13,公司是以研发创新为立司之本的国家高新技术企业，研发模式主要为内部自主研发，在不同研发模式下，公司均通过严格的内部控制研发管理流程进行研发管理。,300333.SZ,2,报告页码,1、研发模式,正文,300333.SZ_兆日科技_2025_管理层讨论与分析.pdf
MDAF0001976,兆日科技,业务概要,13,公司采用轻资产运营，硬件产品生产大部分采用委外加工的生产模式，公司采购元器件后将硬件的装配工作委托给第三方专业工厂。,300333.SZ,2,报告页码,3、生产及采购模式,正文,300333.SZ_兆日科技_2025_管理层讨论与分析.pdf
MDAF0001977,兆日科技,业务概要,13,在供应商管理方面，公司严格按照供应商评审制度，对供应商的资质、供货能力、管理水平、产品质量及价格进行详细评审，每种原材料都考评多家合格供应商，以保证原材料供应的良性竞争。,300333.SZ,2,报告页码,3、生产及采购模式,正文,300333.SZ_兆日科技_2025_管理层讨论与分析.pdf
MDAF0001978,兆日科技,业务概要,13,在多年深耕银行渠道过程中，公司已建立起覆盖全国的市场销售网络，根据不同的市场需求及产品特点，采取灵活的销售模式以满足客户需求：,300333.SZ,2,报告页码,2、销售模式,正文,300333.SZ_兆日科技_2025_管理层讨论与分析.pdf
MDAF0001979,兆日科技,业务概要,13,在采购交货管理方面，公司原材料采购与生产计划衔接良好，公司存货周转率处于优良水平。,300333.SZ,2,报告页码,3、生产及采购模式,正文,300333.SZ_兆日科技_2025_管理层讨论与分析.pdf
MDAF0001980,兆日科技,业务概要,13,报告期内，公司主要的业绩驱动因素分析见前文“第一节重要提示、目录和释义”中的“（一）业绩亏损的原因及应对措施 ”。,300333.SZ,2,报告页码,（三）主要的业绩驱动因素,正文,300333.SZ_兆日科技_2025_管理层讨论与分析.pdf
MDAF0001981,兆日科技,业务概要,13,生产管理人员对元器件的采购及产品生产过程中的各道工序进行严格检验，把控产品质量。,300333.SZ,2,报告页码,3、生产及采购模式,正文,300333.SZ_兆日科技_2025_管理层讨论与分析.pdf
MDAF0001982,兆日科技,业务概要,13,通过导入IS09001 质量管理体系及CMMI 软件能力成熟度集成模型认证，公司建立了行之有效的研发管理内部控制流程。,300333.SZ,2,报告页码,1、研发模式,正文,300333.SZ_兆日科技_2025_管理层讨论与分析.pdf
MDAF0001983,兆日科技,业务概要,13,（2）系统建设：根据各个银行的个性化需求进行定制化开发系统，收取系统建设费用。,300333.SZ,2,报告页码,（1）直销或银行代理销售,正文,300333.SZ_兆日科技_2025_管理层讨论与分析.pdf
MDAF0001984,兆日科技,核心竞争力,14,与传统物理防伪、生物识别、电子标签防伪等技术手段相比，纸纹防伪技术具有稳定、不可复制、低成本、便捷等技术优势。,300333.SZ,3,报告页码,2、纸纹防伪技术填补相关领域技术空白,正文,300333.SZ_兆日科技_2025_管理层讨论与分析.pdf
MDAF0001985,兆日科技,核心竞争力,14,公司曾凭借“电子支付密码器系统安全保密子系统及其技术规范”项目，获得国务院颁发的国家科学技术进步奖二等奖，核心技术获得权威认可。,300333.SZ,3,报告页码,1、国家级科技奖项,正文,300333.SZ_兆日科技_2025_管理层讨论与分析.pdf
MDAF0001986,兆日科技,核心竞争力,14,公司纸纹防伪技术是物质特征识别领域的一项革命性技术，填补了国内国际相关领域的技术空白，并申请了相关国际、国内专利，纸纹防伪技术达到国内国际先进技术水平，形成公司独特的技术优势，丰富了防伪行业的竞争格局。,300333.SZ,3,报告页码,2、纸纹防伪技术填补相关领域技术空白,正文,300333.SZ_兆日科技_2025_管理层讨论与分析.pdf
MDAF0001987,兆日科技,核心竞争力,14,公司被认定为国家级高新技术企业，长期保持较高强度的研发投入。,300333.SZ,3,报告页码,1、国家级科技奖项,正文,300333.SZ_兆日科技_2025_管理层讨论与分析.pdf
MDAF0001988,兆日科技,核心竞争力,15,公司多年来专注于金融信息安全领域，能够准确把握金融机构在信息安全方面的实际需求。,300333.SZ,4,报告页码,（二）成熟的银行销售渠道、以及对银行对公业务的深度理解与服务能力,正文,300333.SZ_兆日科技_2025_管理层讨论与分析.pdf
MDAF0001989,兆日科技,核心竞争力,15,公司对银行的对公业务需求有深刻理解，能够协助银行将传统业务与金融科技相融合，推动银行数字化转型。,300333.SZ,4,报告页码,（二）成熟的银行销售渠道、以及对银行对公业务的深度理解与服务能力,正文,300333.SZ_兆日科技_2025_管理层讨论与分析.pdf
MDAF0001990,兆日科技,核心竞争力,15,公司根据研发项目的进展及阶段成果，持续申请相关知识产权保护。,300333.SZ,4,报告页码,3、知识产权成果概况,正文,300333.SZ_兆日科技_2025_管理层讨论与分析.pdf
MDAF0001991,兆日科技,核心竞争力,15,公司票据防伪、支付安全相关产品已覆盖全国各大银行的分支机构及营业网点，市场占有率处于行业领先地位。,300333.SZ,4,报告页码,（二）成熟的银行销售渠道、以及对银行对公业务的深度理解与服务能力,正文,300333.SZ_兆日科技_2025_管理层讨论与分析.pdf
MDAF0001992,兆日科技,核心竞争力,15,公司秉持“选择兆日，不仅是选择了安全”的服务理念，持续满足金融机构的安全需求，提升品牌影响力。,300333.SZ,4,报告页码,（二）成熟的银行销售渠道、以及对银行对公业务的深度理解与服务能力,正文,300333.SZ_兆日科技_2025_管理层讨论与分析.pdf
MDAF0001993,兆日科技,核心竞争力,15,公司销售渠道成熟完善，银行客户信用水平较高、回款能力较强，构成优质的客户基础。,300333.SZ,4,报告页码,（二）成熟的银行销售渠道、以及对银行对公业务的深度理解与服务能力,正文,300333.SZ_兆日科技_2025_管理层讨论与分析.pdf
MDAF0001994,兆日科技,核心竞争力,15,凭借良好的产品技术方案与服务体验，公司已与全国各大商业银行建立起长期稳定的合作关系。,300333.SZ,4,报告页码,（二）成熟的银行销售渠道、以及对银行对公业务的深度理解与服务能力,正文,300333.SZ_兆日科技_2025_管理层讨论与分析.pdf
MDAF0001995,兆日科技,核心竞争力,15,截至报告期末，公司有效专利数共71项，其中发明专利67项（发明专利占比90%以上）；另有计算机软件著作权共121项。,300333.SZ,4,报告页码,3、知识产权成果概况,正文,300333.SZ_兆日科技_2025_管理层讨论与分析.pdf
MDAF0001996,兆日科技,核心竞争力,15,报告期内，公司新申请发明专利2项，注册计算机软件著作权4项；获发明专利授权3项。,300333.SZ,4,报告页码,3、知识产权成果概况,正文,300333.SZ_兆日科技_2025_管理层讨论与分析.pdf
MDAF0001997,兆日科技,研发投入,19,主要研发项目名称：纸纹防伪项目。,300333.SZ,8,报告页码,,表格行,300333.SZ_兆日科技_2025_管理层讨论与分析.pdf
MDAF0001998,兆日科技,研发投入,19,拟达到的目标：1.该技术的推广应用有望丰富公司主营业务，增加利润增长点；2.研发资源的投入会给公司经营业绩带来一定的压力。,300333.SZ,8,报告页码,,表格行,300333.SZ_兆日科技_2025_管理层讨论与分析.pdf
MDAF0001999,兆日科技,研发投入,19,拟达到的目标：基于纸纹防伪技术， 针对不同的应用场景，提供一种低成本、易于实现和大规模生产的产品或服务，包括客户端的软硬件产品、服务端产品等。,300333.SZ,8,报告页码,,表格行,300333.SZ_兆日科技_2025_管理层讨论与分析.pdf
MDAF0002000,兆日科技,研发投入,19,项目目的：将纸纹防伪技术应用于不同场景下的物质防伪溯源。,300333.SZ,8,报告页码,,表格行,300333.SZ_兆日科技_2025_管理层讨论与分析.pdf
MDAF0002001,兆日科技,研发投入,19,项目进展：报告期内，公司结合纸纹防伪技术的市场推广进展与客户反馈，围绕软硬件系统开展了针对性的研发工作，以更好地满足商品溯源、防伪验证等应用场景的实际需求。,300333.SZ,8,报告页码,,表格行,300333.SZ_兆日科技_2025_管理层讨论与分析.pdf
MDAF0002002,兆日科技,研发投入,19,项目进展：纸纹防伪技术的研发工作持续以市场需求为导向，推动技术性能迭代与产品形态的演进。,300333.SZ,8,报告页码,,表格行,300333.SZ_兆日科技_2025_管理层讨论与分析.pdf
MDAF0002003,兆日科技,研发投入,19,适用。,300333.SZ,8,报告页码,,选项,300333.SZ_兆日科技_2025_管理层讨论与分析.pdf
MDAF0002004,长亮科技,业务概要,14,依托公司在银行核心金融系统领域长期积累的行业经验与深厚底蕴，核心业务系统能够精准把握银行未来业务发展的爆发性增长需求，通过无限动态扩容策略保障系统持续稳定运行。,300348.SZ,1,报告页码,1、数字金融业务解决方案,正文,300348.SZ_长亮科技_2025_管理层讨论与分析.pdf
MDAF0002005,长亮科技,业务概要,14,公司主营业务没有明显的周期性，但受金融机构在预算、立项、招标、采购、项目上线以及验收等一系列流程管控时间节点的影响，营业收入会呈现出季节性波动的特点。,300348.SZ,1,报告页码,,正文,300348.SZ_长亮科技_2025_管理层讨论与分析.pdf
MDAF0002006,长亮科技,业务概要,14,公司产品主要分为数字金融业务解决方案、大数据应用系统解决方案以及全财务价值链业务管理解决方案三大类。,300348.SZ,1,报告页码,,正文,300348.SZ_长亮科技_2025_管理层讨论与分析.pdf
MDAF0002007,长亮科技,业务概要,14,公司作为全球领先的金融科技解决方案服务商，依托自主研发的核心技术体系，深度融合大数据、人工智能、分布式技术等前沿技术，专注为客户提供覆盖数字金融、智慧金融、智慧财务等领域的全栈解决方案，凭借技术壁垒与场景化落地能力，助力客户实现高质量数智化升级。,300348.SZ,1,报告页码,,正文,300348.SZ_长亮科技_2025_管理层讨论与分析.pdf
MDAF0002008,长亮科技,业务概要,14,公司在银行核心系统领域持续保持市场领军地位。,300348.SZ,1,报告页码,1、数字金融业务解决方案,正文,300348.SZ_长亮科技_2025_管理层讨论与分析.pdf
MDAF0002009,长亮科技,业务概要,14,公司开展业务主要通过招投标以及协议销售等方式进行。,300348.SZ,1,报告页码,,正文,300348.SZ_长亮科技_2025_管理层讨论与分析.pdf
MDAF0002010,长亮科技,业务概要,14,公司的核心业务系统基于企业级微服务架构框架与企业级应用开发平台精心打造，深度融合“微服务+单元化”的先进分布式设计理念，融入“中心化”思维，构建了全新的核心业务处理模式。,300348.SZ,1,报告页码,1、数字金融业务解决方案,正文,300348.SZ_长亮科技_2025_管理层讨论与分析.pdf
MDAF0002011,长亮科技,业务概要,14,公司长期占据金融核心业务竞争高地，已成功实现近百个银行核心系统项目落地案例。,300348.SZ,1,报告页码,1、数字金融业务解决方案,正文,300348.SZ_长亮科技_2025_管理层讨论与分析.pdf
MDAF0002012,长亮科技,业务概要,14,在信贷业务领域，公司综合信贷管理平台以企业级架构为指引，采用“能力中心+微服务+组件化”架构，依托自主、安全、可靠的分布式技术，通过灵活的业务建模体系驱动服务精细化拆分，实现传统稳态与数字敏态的有机结合。,300348.SZ,1,报告页码,1、数字金融业务解决方案,正文,300348.SZ_长亮科技_2025_管理层讨论与分析.pdf
MDAF0002013,长亮科技,业务概要,14,"截至报告期末，公司已在全球设立数十家分支机构，员工规模近8,000 人，已为全球800 余家客户提供专业服务。",300348.SZ,1,报告页码,,正文,300348.SZ_长亮科技_2025_管理层讨论与分析.pdf
MDAF0002014,长亮科技,业务概要,14,报告期内，公司中标2家全国性股份制银行新一代核心业务系统项目、某头部省级农商联合银行新一代核心业务系统项目、西北某省级农商（农信社）新核心业务系统项目、华东某省级农商行新核心业务系统项目、华东某民营银行新一代核心业务系统项目、西南某家城商银行新核心业务系统建设项目、西北某家城商银行新一代核心系统群核心业务系统项目，以及某国际股份制银行新一代分布式核心业务系统项目等多个项目。,300348.SZ,1,报告页码,1、数字金融业务解决方案,正文,300348.SZ_长亮科技_2025_管理层讨论与分析.pdf
MDAF0002015,长亮科技,业务概要,14,报告期内，公司中标某城商行信贷核算项目，某省级农信、某城商行信贷人力框架服务项目，华中某省份一家重要资产管理公司的“个贷不良资产管理系统项目”，以及多个资产公司系统升级项目。,300348.SZ,1,报告页码,1、数字金融业务解决方案,正文,300348.SZ_长亮科技_2025_管理层讨论与分析.pdf
MDAF0002016,长亮科技,业务概要,14,报告期内，公司数字金融业务条线累计中标100 余个，实施产品覆盖银行核心系统、信贷系统、信用卡系统、渠道类系统及财金类系统等多元领域，服务对象广泛覆盖国有大型银行、全国性股份制银行、城市商业银行、农村信用社、农村商业银行及集团财务公司等各类金融机构。,300348.SZ,1,报告页码,1、数字金融业务解决方案,正文,300348.SZ_长亮科技_2025_管理层讨论与分析.pdf
MDAF0002017,长亮科技,业务概要,14,数字金融业务解决方案主要包括银行核心业务类、信贷及互联网金融产品类、信用卡业务类、渠道业务类、业务中台类、分布式技术平台类等多组合全栈解决方案。,300348.SZ,1,报告页码,1、数字金融业务解决方案,正文,300348.SZ_长亮科技_2025_管理层讨论与分析.pdf
MDAF0002018,长亮科技,业务概要,14,此外，公司还有专门的海外业务相关产品与解决方案，具体情况如下：,300348.SZ,1,报告页码,,正文,300348.SZ_长亮科技_2025_管理层讨论与分析.pdf
MDAF0002019,长亮科技,业务概要,14,系统可与行内多领域系统高效协同，支持业务流程、交易审批、评级准入等模型与资料的可视化编排，大幅提升灵活性与适配能力。,300348.SZ,1,报告页码,1、数字金融业务解决方案,正文,300348.SZ_长亮科技_2025_管理层讨论与分析.pdf
MDAF0002020,长亮科技,业务概要,14,系统在开发、业务及技术层面均具备高度敏捷性，助力银行实现金融产品的快速创新与市场响应，推动银行从传统的交易驱动型会计核算系统向以客户为中心的服务模式转变，全面提升银行的日常运营能力与市场竞争力。,300348.SZ,1,报告页码,1、数字金融业务解决方案,正文,300348.SZ_长亮科技_2025_管理层讨论与分析.pdf
MDAF0002021,长亮科技,业务概要,14,系统实现了业务服务的极致灵活组合与高效拆分，通过可落地的建模方法对金融业务流程进行深度优化与重构，推动技术与业务相互促进，全面支撑银行金融产品的快速迭代与创新，同时确保单元化部署的灵活性与快速扩容能力，契合大数据时代对海量数据处理与高速交易响应的严苛要求。,300348.SZ,1,报告页码,1、数字金融业务解决方案,正文,300348.SZ_长亮科技_2025_管理层讨论与分析.pdf
MDAF0002022,长亮科技,业务概要,14,综合信贷管理平台运用企业架构建模方法，将业务需求抽象为可复用的业务与技术组件，覆盖信贷业务全生命周期所有环节，沉淀为多个服务中心；同时抽取公共技术能力形成通用组件，实现技术资产的共享与复用。,300348.SZ,1,报告页码,1、数字金融业务解决方案,正文,300348.SZ_长亮科技_2025_管理层讨论与分析.pdf
MDAF0002023,长亮科技,业务概要,14,通过将信贷产品嵌入丰富的业务场景，平台助力银行在保障业务稳健发展的同时，快速响应数字经济时代的开放创新需求，让金融科技成为银行信贷业务发展的重要推动力。,300348.SZ,1,报告页码,1、数字金融业务解决方案,正文,300348.SZ_长亮科技_2025_管理层讨论与分析.pdf
MDAF0002024,长亮科技,业务概要,15,APStack 平台以云原生为基石，面向业务场景抽象出标准的API，支持应用通过外挂包、Sidecar 等方式集成平台能力，具备跨云、跨平台的可移植性，能够适配不同云基础设施。,300348.SZ,2,报告页码,1、数字金融业务解决方案,正文,300348.SZ_长亮科技_2025_管理层讨论与分析.pdf
MDAF0002025,长亮科技,业务概要,15,APStack 平台由运行时、公共机制、工艺平台、开发平台、运维平台等核心产品体系构成，为银行提供从开发到运营的全流程、快速响应能力，不仅促进了业务与技术的深度融合，也为金融场景的持续创新提供了坚实支撑。,300348.SZ,2,报告页码,1、数字金融业务解决方案,正文,300348.SZ_长亮科技_2025_管理层讨论与分析.pdf
MDAF0002026,长亮科技,业务概要,15,APStack 技术平台以云原生、单元化、微服务、AI 原生为顶层设计，底层的分布式技术平台得以在弹性扩展、高可用容灾、架构治理等核心能力上完成具体实现。,300348.SZ,2,报告页码,1、数字金融业务解决方案,正文,300348.SZ_长亮科技_2025_管理层讨论与分析.pdf
MDAF0002027,长亮科技,业务概要,15,全新的信用卡业务架构以客户为中心，通过优化关键业务模型，具备产品灵活定制、客户差异定价、交易流程全面灵活管控、场景高效融入等业务特性，有效支持信用卡业务的场景开放与业务融合。,300348.SZ,2,报告页码,1、数字金融业务解决方案,正文,300348.SZ_长亮科技_2025_管理层讨论与分析.pdf
MDAF0002028,长亮科技,业务概要,15,公司专注于智能化银行核心系统领域的前沿技术研究，自主研发的金融级云原生数字生产力平台——APStack 技术平台，在AI 辅助生成代码、测试、运维诊断等方面取得突破。,300348.SZ,2,报告页码,1、数字金融业务解决方案,正文,300348.SZ_长亮科技_2025_管理层讨论与分析.pdf
MDAF0002029,长亮科技,业务概要,15,公司凭借在金融科技领域的生态协同与技术融合，获得“优选级解决方案开发伙伴”认证，并荣膺华为“鲲鹏展翅高飞奖”和“联合方案孵化奖”。,300348.SZ,2,报告页码,1、数字金融业务解决方案,正文,300348.SZ_长亮科技_2025_管理层讨论与分析.pdf
MDAF0002030,长亮科技,业务概要,15,公司在信用卡业务领域构建全流程企业级架构，以业务为驱动，通过领域建模和高效实施工艺实现业技深度融合。,300348.SZ,2,报告页码,1、数字金融业务解决方案,正文,300348.SZ_长亮科技_2025_管理层讨论与分析.pdf
MDAF0002031,长亮科技,业务概要,15,公司在渠道业务领域持续深耕，以统一支付和开放银行为核心，助力金融机构打造内外贯通、场景融合的综合渠道服务体系，持续巩固公司在金融科技领域的优势。,300348.SZ,2,报告页码,1、数字金融业务解决方案,正文,300348.SZ_长亮科技_2025_管理层讨论与分析.pdf
MDAF0002032,长亮科技,业务概要,15,公司构建的新一代统一支付平台，整合国内外主流支付渠道，为金融机构提供一站式资金处理枢纽。,300348.SZ,2,报告页码,1、数字金融业务解决方案,正文,300348.SZ_长亮科技_2025_管理层讨论与分析.pdf
MDAF0002033,长亮科技,业务概要,15,公司的开放服务平台，基于微服务架构设计，通过可视化服务编排技术，将银行内部的账户、产品、支付等核心能力进行标准化整合和灵活开放。,300348.SZ,2,报告页码,1、数字金融业务解决方案,正文,300348.SZ_长亮科技_2025_管理层讨论与分析.pdf
MDAF0002034,长亮科技,业务概要,15,同时，服务平台提供完整的通讯适配、安全管控和流量治理能力，确保对外输出过程中的合规与稳定，为金融机构拓展场景生态提供可靠的技术支持。,300348.SZ,2,报告页码,1、数字金融业务解决方案,正文,300348.SZ_长亮科技_2025_管理层讨论与分析.pdf
MDAF0002035,长亮科技,业务概要,15,在2025 腾讯云金融数智峰会上，腾讯云联合公司等金融伙伴发布升级版《腾讯云商业银行核心系统分布式转型白皮书》。,300348.SZ,2,报告页码,1、数字金融业务解决方案,正文,300348.SZ_长亮科技_2025_管理层讨论与分析.pdf
MDAF0002036,长亮科技,业务概要,15,在华为中国合作伙伴大会2025 上，公司与华为联合发布“长亮科技＆华为AI 银行核心系统需求分析智能体联合解决方案”。,300348.SZ,2,报告页码,1、数字金融业务解决方案,正文,300348.SZ_长亮科技_2025_管理层讨论与分析.pdf
MDAF0002037,长亮科技,业务概要,15,基于该策略，公司以打造银行智能核心一体化方案为目标，制定了模型试水、领域深耕及生态构建的三阶段研发规划，目前已完成第一阶段通用大模型能力验证的目标，迈入第二阶段，聚焦银行核心系统智能化研发提效，构建AutoBA、AutoDesign、AutoTest 等多个领域专家智能体，覆盖接口差异分析、需求问答、代码解读、测试案例等多个场景。,300348.SZ,2,报告页码,1、数字金融业务解决方案,正文,300348.SZ_长亮科技_2025_管理层讨论与分析.pdf
MDAF0002038,长亮科技,业务概要,15,截至报告期末，公司已经累计为30 余家资产管理公司提供服务。,300348.SZ,2,报告页码,1、数字金融业务解决方案,正文,300348.SZ_长亮科技_2025_管理层讨论与分析.pdf
MDAF0002039,长亮科技,业务概要,15,报告期内，公司中标某区域头部银行信用卡中台优化项目以及信用卡交易中心优化项目、某头部城商行信用卡审批优化项目等。,300348.SZ,2,报告页码,1、数字金融业务解决方案,正文,300348.SZ_长亮科技_2025_管理层讨论与分析.pdf
MDAF0002040,长亮科技,业务概要,15,报告期内，公司数字金融业务在生态合作与行业成就上取得多项进展。,300348.SZ,2,报告页码,1、数字金融业务解决方案,正文,300348.SZ_长亮科技_2025_管理层讨论与分析.pdf
MDAF0002041,长亮科技,业务概要,15,报告期内，针对金融行业在大模型应用中普遍存在的四大痛点：通用模型理解力不足、知识碎片化、复杂关系难梳理、部署成本高昂，公司提出构建“N+M”大模型协同策略，通过N 个通用大模型与M 个场景小模型的有机组合，全面提升金融领域的大模型应用效果，拓宽大模型应用场景。,300348.SZ,2,报告页码,1、数字金融业务解决方案,正文,300348.SZ_长亮科技_2025_管理层讨论与分析.pdf
MDAF0002042,长亮科技,业务概要,15,支付平台采用交易与对账分离结构，支持新老系统无风险切换，确保业务连续性；依托智能路由、智能入账、智能分析等核心能力，实现支付路径的自动优选、资金的高效清算和交易风险的实时管控。,300348.SZ,2,报告页码,1、数字金融业务解决方案,正文,300348.SZ_长亮科技_2025_管理层讨论与分析.pdf
MDAF0002043,长亮科技,业务概要,15,整体设计遵循敏态、适配、稳态三大原则，基于微服务理念和单元化分布式架构，采用能力中心松耦合模式进行建设，在满足国产标准化的同时，实现应用自主化和系统灵活扩展。,300348.SZ,2,报告页码,1、数字金融业务解决方案,正文,300348.SZ_长亮科技_2025_管理层讨论与分析.pdf
MDAF0002044,长亮科技,业务概要,15,服务平台支持应用程序编程接口（API）、软件开发工具包（SDK）、HTML5（H5）等多种开放模式，能够快速对接多元行业生态，让银行服务可以灵活嵌入多种业务场景。,300348.SZ,2,报告页码,1、数字金融业务解决方案,正文,300348.SZ_长亮科技_2025_管理层讨论与分析.pdf
MDAF0002045,长亮科技,业务概要,15,未来，随着技术的持续迭代升级，公司将持续助力金融机构实现更高水平的数字化创新，推动金融行业迈向智能化新时代。,300348.SZ,2,报告页码,1、数字金融业务解决方案,正文,300348.SZ_长亮科技_2025_管理层讨论与分析.pdf
MDAF0002046,长亮科技,业务概要,15,目前，基于APStack 平台开发的系统已在多家商业银行成功上线并稳定运行，充分验证了其业务价值与市场竞争力，进一步巩固了公司在金融科技领域的领先优势，为银行业数字化转型提供了坚实的技术保障。,300348.SZ,2,报告页码,1、数字金融业务解决方案,正文,300348.SZ_长亮科技_2025_管理层讨论与分析.pdf
MDAF0002047,长亮科技,业务概要,15,相关业务系统贯穿商业银行信用卡全生命周期，提供涵盖风险、账务、管理、营销等在内的整体IT解决方案，兼具产品快速迭代能力与安全风控能力。,300348.SZ,2,报告页码,1、数字金融业务解决方案,正文,300348.SZ_长亮科技_2025_管理层讨论与分析.pdf
MDAF0002048,长亮科技,业务概要,15,该方案融合长亮科技、华为昇腾、DeepSeek 三方能力，通过AI 驱动实现银行核心系统需求分析智能化，有效缩短需求响应周期，助力金融机构快速响应市场变化。,300348.SZ,2,报告页码,1、数字金融业务解决方案,正文,300348.SZ_长亮科技_2025_管理层讨论与分析.pdf
MDAF0002049,长亮科技,业务概要,15,该白皮书系统阐述了分布式核心的落地路径，并融合公司等核心系统服务商的先进实践经验，为商业银行的新核心构建提供重要参考和指引。,300348.SZ,2,报告页码,1、数字金融业务解决方案,正文,300348.SZ_长亮科技_2025_管理层讨论与分析.pdf
MDAF0002050,长亮科技,业务概要,15,通过数据驱动交易链条各环节，细化管理精度、提升管理时效，为银行经营决策提供智能支撑。,300348.SZ,2,报告页码,1、数字金融业务解决方案,正文,300348.SZ_长亮科技_2025_管理层讨论与分析.pdf
MDAF0002051,长亮科技,业务概要,16,2026年，公司数字金融业务将持续深化“N+M”大模型协同策略，深度赋能银行核心系统智能化转型，推进数字人民币2.0 研发及多场景应用升级，并在积极拓展信贷领域海外市场的业务商机的同时，稳步提升国内AMC 市场的份额与核心竞争力。,300348.SZ,3,报告页码,1、数字金融业务解决方案,正文,300348.SZ_长亮科技_2025_管理层讨论与分析.pdf
MDAF0002052,长亮科技,业务概要,16,DataMind 完成数据治理模块深度集成，构建统一用户认证、权限等产品底座，实现组件高效协同；深化AI 在数据质量管理、营销等场景的应用，显著提升数据治理效率与数据应用便捷性，推动营销、风控等业务场景落地，强化数据价值转化能力，全面赋能数字金融新基建；财神资金系统完成前中后一体化架构升级，新增智能监控、市场数据、押品保证金管理及合规管理功能，实现事前风控流程配置化与衍生品保证金实时计算（T+0），并推出自主可控的估值引擎，覆盖主流基础金融产品计量；监管报送平台明细类与汇总类报送能力显著增强，支持多维权限、用户级自定义查询及数据异动报告，通过一站式自动报送、流程督办与异常告警等自动化能力，大幅降低人工干预成本，确保报送及时、准确、合规；智能风控平台进一步优化策略、数据与变量三大引擎，持续拓展零售、对公、小微等场景模型，通过精细化风险刻画与多维数据分析，实现业务响应速度提升约30%、风险识别精准度增强，推动风控从被动管控向主动赋能演进，为业务敏捷决策提供有力支撑。,300348.SZ,3,报告页码,2、大数据应用系统解决方案,正文,300348.SZ_长亮科技_2025_管理层讨论与分析.pdf
MDAF0002053,长亮科技,业务概要,16,公司严格遵循国家数据局、中国信通院等机构牵头制定的相关标准，聚焦反欺诈、实时风控、精准营销、监管报送等具体业务痛点，帮助客户实现降本增效。,300348.SZ,3,报告页码,2、大数据应用系统解决方案,正文,300348.SZ_长亮科技_2025_管理层讨论与分析.pdf
MDAF0002054,长亮科技,业务概要,16,公司大数据业务定位于“数字金融新基建的核心赋能者”。,300348.SZ,3,报告页码,2、大数据应用系统解决方案,正文,300348.SZ_长亮科技_2025_管理层讨论与分析.pdf
MDAF0002055,长亮科技,业务概要,16,公司大数据业务持续强化产品研发创新，报告期内实现核心产品矩阵全面升级。,300348.SZ,3,报告页码,2、大数据应用系统解决方案,正文,300348.SZ_长亮科技_2025_管理层讨论与分析.pdf
MDAF0002056,长亮科技,业务概要,16,公司计划2026年实现数字人民币2.0 全面解决方案在金融机构的落地应用，并积极参与行业标准制定，将技术积累转化为新的业务增长点。,300348.SZ,3,报告页码,1、数字金融业务解决方案,正文,300348.SZ_长亮科技_2025_管理层讨论与分析.pdf
MDAF0002057,长亮科技,业务概要,16,基于在银行核心系统领域近百个项目的成功实施经验，以及自主研发的微服务架构、分布式技术平台等成熟技术积累，公司将在数字人民币2.0 领域进行系统性布局：一是研发数字人民币与银行核心系统一体化解决方案；二是研发智能合约、隐私计算等数字人民币2.0 关键技术；三是为客户拓展政务、跨境等高频场景应用。,300348.SZ,3,报告页码,1、数字金融业务解决方案,正文,300348.SZ_长亮科技_2025_管理层讨论与分析.pdf
MDAF0002058,长亮科技,业务概要,16,市场布局方面，在稳固国内金融客户服务基本盘的基础上，公司以创新产品为支撑、以高价值服务为基石，加速推进国际化战略，在东南亚地区积极推动标杆案例落地。,300348.SZ,3,报告页码,2、大数据应用系统解决方案,正文,300348.SZ_长亮科技_2025_管理层讨论与分析.pdf
MDAF0002059,长亮科技,业务概要,16,报告期内，公司以DataMind 数智大脑平台为核心，强化数据研发、数据治理、数据服务、数据应用能力，构建坚实数据底座，并升级监管报送、智慧营销、智能风控、反欺诈数据应用产品能力，着力提升数据要素的价值转化水平。,300348.SZ,3,报告页码,2、大数据应用系统解决方案,正文,300348.SZ_长亮科技_2025_管理层讨论与分析.pdf
MDAF0002060,长亮科技,业务概要,16,报告期内，公司大数据业务稳固国内金融行业地盘，服务客户突破300家，市场拓展成效显著：在海外市场，签约某国际领先外资银行监管数据平台、某头部东南亚银行数据质量项目，并在香港市场落地风险管理及系统升级案例，实现数据类产品出海新跨越；大行深耕方面，与多家全国股份制银行的合作规模大幅提升，中标统一客户分析、数据资产共享、金融市场交易核心系统Murex 版本升级等千万级项目，服务向数据治理、监管报送、风险计量等领域纵深拓展；新客户开拓20 余家，包括央国企、信托、保险、城商行等领域，客户矩阵持续扩大；标杆项目引领行业，打造某农商银行近千万元监管报送重构项目，整合30 余个报送模块，树立农信典范，落地某证券市场基础设施机构数据中台项目，全面整合内外部多源数据，为场外业务监测监控提供端到端的技术支撑。,300348.SZ,3,报告页码,2、大数据应用系统解决方案,正文,300348.SZ_长亮科技_2025_管理层讨论与分析.pdf
MDAF0002061,长亮科技,业务概要,16,该定位紧密契合国家数据要素市场化配置改革的战略方向，其核心优势在于以安全合规为基础、以产业场景为路径、以生态协同为目标的完整闭环。,300348.SZ,3,报告页码,2、大数据应用系统解决方案,正文,300348.SZ_长亮科技_2025_管理层讨论与分析.pdf
MDAF0002062,长亮科技,业务概要,17,2026年，公司将继续以“产品智能化、服务深度化、市场全球化”为战略核心，夯实DataMind 数智一体化平台的底座能力，以AIS Agent 通用智能体平台为创新引擎，推动AI 大模型与数据业务融合，推动智能风控、智能营销、监管合规等核心场景的全面落地与规模化应用。,300348.SZ,4,报告页码,2、大数据应用系统解决方案,正文,300348.SZ_长亮科技_2025_管理层讨论与分析.pdf
MDAF0002063,长亮科技,业务概要,17,依托该体系，公司为客户提供涵盖数字化预算、成本管控、精准核算、绩效考核以及经营分析等全方位的一体化解决方案。,300348.SZ,4,报告页码,3、全财务价值链业务管理解决方案,正文,300348.SZ_长亮科技_2025_管理层讨论与分析.pdf
MDAF0002064,长亮科技,业务概要,17,公司全财务价值链业务深耕金融财务领域多年，积累了深厚的专业底蕴与实践经验。,300348.SZ,4,报告页码,3、全财务价值链业务管理解决方案,正文,300348.SZ_长亮科技_2025_管理层讨论与分析.pdf
MDAF0002065,长亮科技,业务概要,17,公司标杆项目与核心产品屡获殊荣：公司主导实施的“DataOps 赋能某城市商业银行建设高质量智能中枢”案例荣获信通院2025 上半年度《高质量数字化转型典型案例》，服务能力获得行业认可；旗下“一表通”产品荣获第五届“金信通”金融科技创新应用优秀案例，树立金融监管报送领域创新典范；“基于鲲鹏同辕开发的数据资产管理平台”荣获鲲鹏创新大赛2025 全国总决赛银奖。,300348.SZ,4,报告页码,2、大数据应用系统解决方案,正文,300348.SZ_长亮科技_2025_管理层讨论与分析.pdf
MDAF0002066,长亮科技,业务概要,17,其核心业务聚焦于助力金融企业实现财务数字化转型，围绕价值数据的管理需求，构建了以业财融合、战略型财务管理为指引的创新体系，贯穿价值数据的目标制定、度量、评价、分析及应用全流程。,300348.SZ,4,报告页码,3、全财务价值链业务管理解决方案,正文,300348.SZ_长亮科技_2025_管理层讨论与分析.pdf
MDAF0002067,长亮科技,业务概要,17,凭借专业服务能力与优质方案，公司赢得了金融行业客户的广泛认可与信赖，为推动金融企业的财务价值管理升级与数字化转型贡献了重要力量。,300348.SZ,4,报告页码,3、全财务价值链业务管理解决方案,正文,300348.SZ_长亮科技_2025_管理层讨论与分析.pdf
MDAF0002068,长亮科技,业务概要,17,前述重大项目的成功落地，既满足了银行在信创及自主可控方面的技术要求，也为银行实现全行统一核算、深度业财税融合、精细化财务管理、管理效率提升等提供了强有力的系统支撑，有力推动其数字化转型。,300348.SZ,4,报告页码,3、全财务价值链业务管理解决方案,正文,300348.SZ_长亮科技_2025_管理层讨论与分析.pdf
MDAF0002069,长亮科技,业务概要,17,同时，公司中标某省级农信机构、某省级农商银行以及某城市商业银行等多个重要项目，持续引领行业信创转型，为各类型银行提供了可借鉴的示范经验。,300348.SZ,4,报告页码,3、全财务价值链业务管理解决方案,正文,300348.SZ_长亮科技_2025_管理层讨论与分析.pdf
MDAF0002070,长亮科技,业务概要,17,在价值管理领域，公司成功中标某全国性股份制银行、某直辖市农村商业银行以及某城市商业银行等客户的成本分摊、盈利分析、FTP、全面预算、绩效管理等核心系统项目。,300348.SZ,4,报告页码,3、全财务价值链业务管理解决方案,正文,300348.SZ_长亮科技_2025_管理层讨论与分析.pdf
MDAF0002071,长亮科技,业务概要,17,在总账财务类系统领域，公司顺利完成2家国有大型商业银行以及某省级农商联合银行等多家重点银行的项目投产。,300348.SZ,4,报告页码,3、全财务价值链业务管理解决方案,正文,300348.SZ_长亮科技_2025_管理层讨论与分析.pdf
MDAF0002072,长亮科技,业务概要,17,在此基础上，公司持续推动技术创新、业务模式创新与市场拓展，核心竞争力稳步提升，市场份额稳定增长。,300348.SZ,4,报告页码,3、全财务价值链业务管理解决方案,正文,300348.SZ_长亮科技_2025_管理层讨论与分析.pdf
MDAF0002073,长亮科技,业务概要,17,在生态合作方面，公司秉持“开放共赢、融合创新”理念，报告期内全面深化与多领域头部伙伴的战略协同，聚焦产品共创、技术共研与渠道共享。,300348.SZ,4,报告页码,2、大数据应用系统解决方案,正文,300348.SZ_长亮科技_2025_管理层讨论与分析.pdf
MDAF0002074,长亮科技,业务概要,17,市场活动方面，大数据条线核心品牌DataMind 相继亮相中国国际金融展、印尼银行业峰会、香港客户沙龙等活动，全面展示前沿技术能力，持续扩大海内外声量。,300348.SZ,4,报告页码,2、大数据应用系统解决方案,正文,300348.SZ_长亮科技_2025_管理层讨论与分析.pdf
MDAF0002075,长亮科技,业务概要,17,报告期内，公司在全财务价值链管理领域取得多项进展，在信创浪潮的持续推动下，继续稳定巩固并扩大市场份额。,300348.SZ,4,报告页码,3、全财务价值链业务管理解决方案,正文,300348.SZ_长亮科技_2025_管理层讨论与分析.pdf
MDAF0002076,长亮科技,业务概要,17,报告期内，公司积极构建行业影响力，技术实力和品牌价值获得多方权威认可。,300348.SZ,4,报告页码,2、大数据应用系统解决方案,正文,300348.SZ_长亮科技_2025_管理层讨论与分析.pdf
MDAF0002077,长亮科技,业务概要,17,斩获的多项荣誉充分彰显了公司在数据智能领域的领先地位与行业示范价值。,300348.SZ,4,报告页码,2、大数据应用系统解决方案,正文,300348.SZ_长亮科技_2025_管理层讨论与分析.pdf
MDAF0002078,长亮科技,业务概要,17,此外，DataMind 成功入选信通院“铸基计划”《高质量数字化转型产品及服务全景图（2025年上半年度）》，并通过信通院“AI 增强数据研发运营一体化（AIDataOps）功能测评”，产品能力获国家级权威认证。,300348.SZ,4,报告页码,2、大数据应用系统解决方案,正文,300348.SZ_长亮科技_2025_管理层讨论与分析.pdf
MDAF0002079,长亮科技,业务概要,17,通过加强专业服务能力，加速全球化市场进程，致力于成为数字金融发展的核心驱动力。,300348.SZ,4,报告页码,2、大数据应用系统解决方案,正文,300348.SZ_长亮科技_2025_管理层讨论与分析.pdf
MDAF0002080,长亮科技,业务概要,17,通过加强价值管理领域的方案建设，助力银行实现从全面预算、核算、管理会计、绩效考核、预算及经营分析的全方位闭环管理，充分凸显公司在全面财务价值管理方面的整体方案优势和综合能力。,300348.SZ,4,报告页码,3、全财务价值链业务管理解决方案,正文,300348.SZ_长亮科技_2025_管理层讨论与分析.pdf
MDAF0002081,长亮科技,业务概要,17,通过构建覆盖数据湖仓底座、数据治理、数据服务到业务赋能的完整价值链，协同开拓海外市场，进一步提升整体竞争力，全面赋能金融机构数字化变革。,300348.SZ,4,报告页码,2、大数据应用系统解决方案,正文,300348.SZ_长亮科技_2025_管理层讨论与分析.pdf
MDAF0002082,长亮科技,业务概要,18,2026年，公司将紧抓信创浪潮与AI 应用爆发的双重机遇，依托自身行业优势与产品优势，全面推动技术转型。,300348.SZ,5,报告页码,3、全财务价值链业务管理解决方案,正文,300348.SZ_长亮科技_2025_管理层讨论与分析.pdf
MDAF0002083,长亮科技,业务概要,18,2026年，公司将聚焦泰国、新加坡、印尼等东南亚重点市场，并在中东、非洲、拉美地区开展多品类产品试点，积极拓展其他金融机构现代化核心系统替换的市场机会、把握重点项目机会。,300348.SZ,5,报告页码,4、海外业务及相关解决方案,正文,300348.SZ_长亮科技_2025_管理层讨论与分析.pdf
MDAF0002084,长亮科技,业务概要,18,5月，在泰国总理见证下，与国际知名科技集团FPT 签署战略合作协议，携手推进全球银行数字化转型；8月，与印尼中央银行支持的国家级银行业发展与培训机构LPPI 联合举办“2025年印尼银行业峰会”，探讨人工智能驱动下印尼银行核心系统的现代化转型路径；9月，受邀参加华为全联接大会，荣膺“全球优秀行业解决方案伙伴”，并携手华为举办2025 全球银行业高峰论坛，为金融行业跨区域合作与创新交流提供了重要平台。,300348.SZ,5,报告页码,4、海外业务及相关解决方案,正文,300348.SZ_长亮科技_2025_管理层讨论与分析.pdf
MDAF0002085,长亮科技,业务概要,18,以此为基础，公司将持续深耕金融市场，积极拓展海外机遇，在探索新客户与新市场的同时，扎实做好老客户的项目交付与服务，以技术创新驱动市场份额与客户规模的稳健增长。,300348.SZ,5,报告页码,3、全财务价值链业务管理解决方案,正文,300348.SZ_长亮科技_2025_管理层讨论与分析.pdf
MDAF0002086,长亮科技,业务概要,18,公司中标某西部省级资产管理公司新核心系统项目，以及另一西部省份资管机构、某中部省级资产管理公司、某全国性金融资产管理公司等个贷核心项目；此外，公司顺利完成某直辖市及某省级资产管理公司的核心系统交付，并完成某大型金融集团下属资管公司核心业务系统整体数据迁移及投产工作，获得高度认可。,300348.SZ,5,报告页码,3、全财务价值链业务管理解决方案,正文,300348.SZ_长亮科技_2025_管理层讨论与分析.pdf
MDAF0002087,长亮科技,业务概要,18,公司在FXCORE 产品方面将持续巩固香港市场，并向新兴市场渗透；同时依托公司研发能力，通过构建覆盖海外不同市场需求的产品矩阵，以iCore 为敲门砖，推动SunCBS 继续突破标杆大行，满足差异化需求，通过快速移植本土化项目经验与产品能力实现海外市场占位，提升产品竞争力，培育海外业务新增长引擎。,300348.SZ,5,报告页码,4、海外业务及相关解决方案,正文,300348.SZ_长亮科技_2025_管理层讨论与分析.pdf
MDAF0002088,长亮科技,业务概要,18,公司持续巩固在AMC 不良资产管理领域的行业领先地位。,300348.SZ,5,报告页码,3、全财务价值链业务管理解决方案,正文,300348.SZ_长亮科技_2025_管理层讨论与分析.pdf
MDAF0002089,长亮科技,业务概要,18,在市场开拓方面，公司3月与越南某头部银行签订了数字核心项目实施合同，5月与新加坡某银行签订了与FXCORE 相关的外汇管理系统实施合同，6月，公司越南头部银行核心系统升级项目MVP1 成功上线；7月，与菲律宾头部银行签署海外首单SaaS 模式核心替换合同，开拓海外业务新模式；11月，与新加坡头部银行签署一揽子合同，为公司深耕东南亚高端市场突破的标杆案例。,300348.SZ,5,报告页码,4、海外业务及相关解决方案,正文,300348.SZ_长亮科技_2025_管理层讨论与分析.pdf
MDAF0002090,长亮科技,业务概要,18,在资产公司核心系统领域，市场拓展成效显著。,300348.SZ,5,报告页码,3、全财务价值链业务管理解决方案,正文,300348.SZ_长亮科技_2025_管理层讨论与分析.pdf
MDAF0002091,长亮科技,业务概要,18,截至目前，公司在马来西亚、泰国、印度尼西亚等东南亚国家已积累超过60家客户，并形成多个成功案例，进一步巩固市场竞争力，是国内极少数以标准化产品切入海外市场的金融科技公司。,300348.SZ,5,报告页码,4、海外业务及相关解决方案,正文,300348.SZ_长亮科技_2025_管理层讨论与分析.pdf
MDAF0002092,长亮科技,业务概要,18,报告期内，公司市场开拓与金融生态建设稳步推进。,300348.SZ,5,报告页码,4、海外业务及相关解决方案,正文,300348.SZ_长亮科技_2025_管理层讨论与分析.pdf
MDAF0002093,长亮科技,业务概要,18,报告期内，公司持续加大研发投入，聚焦关键产品和解决方案的交付提效、性能提升、AI 赋能，进一步提升产品竞争力和市场响应能力，为客户数字化转型提供更有力的支撑。,300348.SZ,5,报告页码,3、全财务价值链业务管理解决方案,正文,300348.SZ_长亮科技_2025_管理层讨论与分析.pdf
MDAF0002094,长亮科技,业务概要,18,报告期内，公司继续深化在全球金融市场的布局。,300348.SZ,5,报告页码,4、海外业务及相关解决方案,正文,300348.SZ_长亮科技_2025_管理层讨论与分析.pdf
MDAF0002095,长亮科技,业务概要,18,通过以AI 重新构建产品解决方案逻辑，快速聚焦关键经营管理场景，致力于成为银行内部价值管理的核心引擎，助力银行提升管理效率、精准度与前瞻性。,300348.SZ,5,报告页码,3、全财务价值链业务管理解决方案,正文,300348.SZ_长亮科技_2025_管理层讨论与分析.pdf
MDAF0002096,长亮科技,业务概要,18,金融生态建设方面，公司从参与者向区域金融科技生态核心构建者跃迁。,300348.SZ,5,报告页码,4、海外业务及相关解决方案,正文,300348.SZ_长亮科技_2025_管理层讨论与分析.pdf
MDAF0002097,长亮科技,核心竞争力,21,上述项目在重点银行客户中的高标准交付与高度认可，充分印证了公司核心产品的强大市场竞争力。,300348.SZ,8,报告页码,（一）信创领域全栈解决方案的绝对领先优势,正文,300348.SZ_长亮科技_2025_管理层讨论与分析.pdf
MDAF0002098,长亮科技,核心竞争力,21,作为国内金融科技领域的领先企业，公司在国内信创核心产品覆盖、信创产品落地、人工智能场景应用、全球化拓展以及生态共建等方面均有核心竞争能力，具体如下：,300348.SZ,8,报告页码,,正文,300348.SZ_长亮科技_2025_管理层讨论与分析.pdf
MDAF0002099,长亮科技,核心竞争力,21,依托在银行数仓领域深厚的实施方法论与大型项目实战经验，公司与某股份制银行共建的“国内首例大行核心数仓全面重构项目”、与某城商行共建的国产化“湖仓一体”数据中台均顺利上线，彰显了公司在大数据业务上的深厚技术积淀。,300348.SZ,8,报告页码,（一）信创领域全栈解决方案的绝对领先优势,正文,300348.SZ_长亮科技_2025_管理层讨论与分析.pdf
MDAF0002100,长亮科技,核心竞争力,21,同时，公司自主研发的市场风险管理系统，凭借全业务覆盖、多维监控体系、高效风险计量分析及自主安全可控等核心优势，于2025年初相继赢得某股份制银行、某万亿级城商行及某华南区域领先城商行的青睐。,300348.SZ,8,报告页码,（一）信创领域全栈解决方案的绝对领先优势,正文,300348.SZ_长亮科技_2025_管理层讨论与分析.pdf
MDAF0002101,长亮科技,核心竞争力,21,在数据智能领域，公司技术创新成果显著。,300348.SZ,8,报告页码,（一）信创领域全栈解决方案的绝对领先优势,正文,300348.SZ_长亮科技_2025_管理层讨论与分析.pdf
MDAF0002102,长亮科技,核心竞争力,21,在核心系统建设方面，公司持续巩固国内领先优势。,300348.SZ,8,报告页码,（一）信创领域全栈解决方案的绝对领先优势,正文,300348.SZ_长亮科技_2025_管理层讨论与分析.pdf
MDAF0002103,长亮科技,核心竞争力,21,"截至2025年12月底，公司已与3家政策性银行、6家国有大型商业银行以及全部的全国性股份制银行展开了合作；公司与70家资产规模达5,000亿以上的城商行及农商行中的66家展开了合作，对所有资产规模达5,000亿以上的客户的覆盖率已超过95%。",300348.SZ,8,报告页码,（一）信创领域全栈解决方案的绝对领先优势,正文,300348.SZ_长亮科技_2025_管理层讨论与分析.pdf
MDAF0002104,长亮科技,核心竞争力,21,截至目前，公司已成功构建近百个银行核心落地案例，覆盖国有银行、股份制银行、城商行、农商行等全类型银行客户，能够提供专业、专属的解决方案定制化设计支持。,300348.SZ,8,报告页码,（一）信创领域全栈解决方案的绝对领先优势,正文,300348.SZ_长亮科技_2025_管理层讨论与分析.pdf
MDAF0002105,长亮科技,核心竞争力,21,"报告期内，公司成功助力八家银行上线新一代分布式核心系统，包括一家全国性股份制银行、一家头部城市商业银行、两家省级城市商业银行、一家民营银行，以及三家资产规模超5,000亿元的城市商业银行或农村商业银行。",300348.SZ,8,报告页码,（一）信创领域全栈解决方案的绝对领先优势,正文,300348.SZ_长亮科技_2025_管理层讨论与分析.pdf
MDAF0002106,长亮科技,核心竞争力,21,此外，2025年下半年，公司成功中标某地方性资产公司信息化业务系统建设项目。,300348.SZ,8,报告页码,（一）信创领域全栈解决方案的绝对领先优势,正文,300348.SZ_长亮科技_2025_管理层讨论与分析.pdf
MDAF0002107,长亮科技,核心竞争力,21,该项目系自《地方资产管理公司监督管理暂行办法》实施以来的首个核心业务系统建设项目，具有重大的行业示范意义与标杆价值。,300348.SZ,8,报告页码,（一）信创领域全栈解决方案的绝对领先优势,正文,300348.SZ_长亮科技_2025_管理层讨论与分析.pdf
MDAF0002108,长亮科技,核心竞争力,21,"进入2025年，公司市场拓展势头强劲，陆续中标某头部省级农商联合银行、两家全国性股份制银行及某资产规模位列前十的城商行新一代核心业务系统项目；年底前更接连斩获某5,000亿级城商行新一代核心系统群下的“核心业务系统”与“总账系统”两大项目，以及某省级农信机构新核心业务系统建设项目，进一步夯实了公司在核心系统领域的龙头地位。",300348.SZ,8,报告页码,（一）信创领域全栈解决方案的绝对领先优势,正文,300348.SZ_长亮科技_2025_管理层讨论与分析.pdf
MDAF0002109,长亮科技,核心竞争力,22,AutoBA 以“理解力、推理力、执行力”为引擎，实现了需求差异分析、文档自动生成及人机协作反馈的全链路智能化，有效破解了传统需求分析高成本、高风险、低效率的行业痛点，重塑了核心系统建设范式。,300348.SZ,9,报告页码,"（二）""AI+金融""深度融合的技术创新实力",正文,300348.SZ_长亮科技_2025_管理层讨论与分析.pdf
MDAF0002110,长亮科技,核心竞争力,22,作为腾讯云的战略合作伙伴，双方自2018年起持续深化协同，联合发布升级版《腾讯云商业银行核心系统分布式转型白皮书》，并将合作范围覆盖至腾讯云全体系PaaS 产品，成功助力多家银行核心系统分布式转型投产。,300348.SZ,9,报告页码,"（二）""AI+金融""深度融合的技术创新实力",正文,300348.SZ_长亮科技_2025_管理层讨论与分析.pdf
MDAF0002111,长亮科技,核心竞争力,22,借助东南亚地区“大机下移”与“系统上云”的技术变革契机，公司已成功斩获新加坡、泰国、印尼、菲律宾等国的核心业务系统建设合同。,300348.SZ,9,报告页码,（三）国际化拓展的先发优势与已验证的成功模式,正文,300348.SZ_长亮科技_2025_管理层讨论与分析.pdf
MDAF0002112,长亮科技,核心竞争力,22,公司与宝德联合发布“AI 数字生产力平台联合解决方案”，将大模型能力深度嵌入软件研发全流程，通过自动化代码生成与智能运维，系统性释放数字生产力；同时，公司携手华为鲲鹏发布“鲲鹏RAG 解决方案1.0”，并在金融大数据领域落地智能风控实践，依托鲲鹏智能算力基座，大幅提升了风险决策的精准度与可解释性，构建了“软件定义核心+国产硬核底座”的一体化交付能力。,300348.SZ,9,报告页码,"（二）""AI+金融""深度融合的技术创新实力",正文,300348.SZ_长亮科技_2025_管理层讨论与分析.pdf
MDAF0002113,长亮科技,核心竞争力,22,公司坚持“本地化运营+全球化赋能”双轮驱动，先后在中国香港、泰国、马来西亚、印尼等地设立分支机构，并通过收购中国香港、马来西亚及新加坡的部分业务主体，深度构建本地化服务网络。,300348.SZ,9,报告页码,（三）国际化拓展的先发优势与已验证的成功模式,正文,300348.SZ_长亮科技_2025_管理层讨论与分析.pdf
MDAF0002114,长亮科技,核心竞争力,22,凭借已验证的出海成功经验与日益完善的国际化人才梯队，公司将把国内领先的技术优势复制至全球，全面满足海外客户在多样化场景下的数字化转型需求。,300348.SZ,9,报告页码,（三）国际化拓展的先发优势与已验证的成功模式,正文,300348.SZ_长亮科技_2025_管理层讨论与分析.pdf
MDAF0002115,长亮科技,核心竞争力,22,在产品策略上，公司依托国内积累的深厚行业经验，向海外输出数字化核心解决方案及银行外汇管理解决方案等核心产品，致力于为海外客户提供贴合当地监管与业务场景的数智化转型支持。,300348.SZ,9,报告页码,（三）国际化拓展的先发优势与已验证的成功模式,正文,300348.SZ_长亮科技_2025_管理层讨论与分析.pdf
MDAF0002116,长亮科技,核心竞争力,22,在信创生态与算力底座方面，公司全面深化与国产硬件领军企业的战略合作。,300348.SZ,9,报告页码,"（二）""AI+金融""深度融合的技术创新实力",正文,300348.SZ_长亮科技_2025_管理层讨论与分析.pdf
MDAF0002117,长亮科技,核心竞争力,22,在国际市场上，公司亦与华为云紧密联动，在新加坡等地共同推广AI 驱动的数据平台DataMind，加速全球化布局。,300348.SZ,9,报告页码,"（二）""AI+金融""深度融合的技术创新实力",正文,300348.SZ_长亮科技_2025_管理层讨论与分析.pdf
MDAF0002118,长亮科技,核心竞争力,22,在核心系统智能化领域，公司携手华为重磅发布“长亮科技＆华为AI 银行核心系统需求分析智能体联合解决方案”。,300348.SZ,9,报告页码,"（二）""AI+金融""深度融合的技术创新实力",正文,300348.SZ_长亮科技_2025_管理层讨论与分析.pdf
MDAF0002119,长亮科技,核心竞争力,22,展望未来，公司在巩固东南亚市场优势的同时，正加速向新加坡金融中心及中东新兴市场拓展。,300348.SZ,9,报告页码,（三）国际化拓展的先发优势与已验证的成功模式,正文,300348.SZ_长亮科技_2025_管理层讨论与分析.pdf
MDAF0002120,长亮科技,核心竞争力,22,展望未来，公司将坚定执行“AI4SE（软件工程智能化）+AI4Biz（业务场景智能化）”双线策略，持续整合华为昇腾/鲲鹏、宝德、腾讯云等多方生态能力，打造从底层基础设施到上层业务应用的全栈式银行智能核心一体化方案，引领金融业数智化转型新高地。,300348.SZ,9,报告页码,"（二）""AI+金融""深度融合的技术创新实力",正文,300348.SZ_长亮科技_2025_管理层讨论与分析.pdf
MDAF0002121,长亮科技,核心竞争力,22,报告期内，公司坚持“AI 原生”战略，将大模型技术深度植入核心业务平台，构建了通用大模型与金融垂域小模型协同创新的“N+M”技术体系。,300348.SZ,9,报告页码,"（二）""AI+金融""深度融合的技术创新实力",正文,300348.SZ_长亮科技_2025_管理层讨论与分析.pdf
MDAF0002122,长亮科技,核心竞争力,22,此外，公司持续拓展多元化云生态合作。,300348.SZ,9,报告页码,"（二）""AI+金融""深度融合的技术创新实力",正文,300348.SZ_长亮科技_2025_管理层讨论与分析.pdf
MDAF0002123,长亮科技,核心竞争力,22,特别是随着泰国第三大商业银行核心系统项目、新加坡某大型银行项目的稳步推进及阶段性成果交付，公司核心产品在东南亚市场的标杆效应日益凸显，客户认可度快速提升。,300348.SZ,9,报告页码,（三）国际化拓展的先发优势与已验证的成功模式,正文,300348.SZ_长亮科技_2025_管理层讨论与分析.pdf
MDAF0002124,长亮科技,核心竞争力,22,目前，公司业务已覆盖中国香港、中国澳门、新加坡、泰国、马来西亚、印尼、越南、菲律宾等国家和地区。,300348.SZ,9,报告页码,（三）国际化拓展的先发优势与已验证的成功模式,正文,300348.SZ_长亮科技_2025_管理层讨论与分析.pdf
MDAF0002125,长亮科技,核心竞争力,22,自2016年启动全球化战略以来，公司已成为截至目前唯一将自主研发银行核心系统成功应用于东南亚本地银行的中国软件企业。,300348.SZ,9,报告页码,（三）国际化拓展的先发优势与已验证的成功模式,正文,300348.SZ_长亮科技_2025_管理层讨论与分析.pdf
MDAF0002126,长亮科技,核心竞争力,22,该方案基于华为昇腾AI 计算底座，创新融合DeepSeek 大模型的强大推理能力与长亮科技自研需求分析小模型的专业知识，成功打造“AI 数字生产力平台”及核心组件“AutoBA 智能体”。,300348.SZ,9,报告页码,"（二）""AI+金融""深度融合的技术创新实力",正文,300348.SZ_长亮科技_2025_管理层讨论与分析.pdf
MDAF0002127,长亮科技,核心竞争力,22,随着国际化产品的持续迭代与市场开拓的提速，公司正迎来从“产品出海”到“生态出海”的关键蜕变，全球市场空间将进一步打开。,300348.SZ,9,报告页码,（三）国际化拓展的先发优势与已验证的成功模式,正文,300348.SZ_长亮科技_2025_管理层讨论与分析.pdf
MDAF0002128,长亮科技,核心竞争力,23,公司始终将人才视为驱动技术创新与高质量发展的核心资产，通过构建“高密度技术团队+股权激励+分层考核体系”的长效激励机制，能够有效保留优秀人才并提升团队稳定性。,300348.SZ,10,报告页码,（四）技术人才梯队与生态协同的持续创新能力,正文,300348.SZ_长亮科技_2025_管理层讨论与分析.pdf
MDAF0002129,长亮科技,核心竞争力,23,在此基础上，公司通过建立严谨的干部培训与任免考核制度，显著提升团队稳定性，结合常态化开展的前沿技术培训与管理沙龙，不断提升员工的专业素养与管理效能，为公司的持续技术突破与业务创新注入了强劲的内生动力。,300348.SZ,10,报告页码,（四）技术人才梯队与生态协同的持续创新能力,正文,300348.SZ_长亮科技_2025_管理层讨论与分析.pdf
MDAF0002130,长亮科技,核心竞争力,23,目前，公司技术人员占比超过90%，并吸纳了来自马来西亚、新加坡等国的国际化技术骨干，组建了一支具备全球视野的复合型创新团队。,300348.SZ,10,报告页码,（四）技术人才梯队与生态协同的持续创新能力,正文,300348.SZ_长亮科技_2025_管理层讨论与分析.pdf
MDAF0002131,长亮科技,研发投入,28,主要研发项目名称：云原生数字生产力平台建设项目-大模型 V1.0 研发。,300348.SZ,15,报告页码,,表格行,300348.SZ_长亮科技_2025_管理层讨论与分析.pdf
MDAF0002132,长亮科技,研发投入,28,主要研发项目名称：长亮科技企业协同办公管理平台-运营管理。,300348.SZ,15,报告页码,,表格行,300348.SZ_长亮科技_2025_管理层讨论与分析.pdf
MDAF0002133,长亮科技,研发投入,28,拟达到的目标：1.提升项目效率：通过自动化的代码生成、注释优化和测试用例生成，减少人工。,300348.SZ,15,报告页码,,表格行,300348.SZ_长亮科技_2025_管理层讨论与分析.pdf
MDAF0002134,长亮科技,研发投入,28,拟达到的目标：实现以业务流程的驱动方式来处理所有的业务需求。,300348.SZ,15,报告页码,,表格行,300348.SZ_长亮科技_2025_管理层讨论与分析.pdf
MDAF0002135,长亮科技,研发投入,28,拟达到的目标：推动公司数字化能力的全面升级，在开发效率提升、知识资产标准化和项目交付优。,300348.SZ,15,报告页码,,表格行,300348.SZ_长亮科技_2025_管理层讨论与分析.pdf
MDAF0002136,长亮科技,研发投入,28,拟达到的目标：提升公司内部项目管理和商务管理，提高运营效率。,300348.SZ,15,报告页码,,表格行,300348.SZ_长亮科技_2025_管理层讨论与分析.pdf
MDAF0002137,长亮科技,研发投入,28,项目目的：为满足跨国企业经营管理，考虑在此细分市场的企业级支撑平台系统进行研发，来补充公司在此细分市场的缺失。,300348.SZ,15,报告页码,,表格行,300348.SZ_长亮科技_2025_管理层讨论与分析.pdf
MDAF0002138,长亮科技,研发投入,28,项目目的：通过大模型技术的应用，打造一款高效、 智能的开发辅助平台，全面解决金融科。,300348.SZ,15,报告页码,,表格行,300348.SZ_长亮科技_2025_管理层讨论与分析.pdf
MDAF0002139,长亮科技,研发投入,28,项目进展：实施中。,300348.SZ,15,报告页码,,表格行,300348.SZ_长亮科技_2025_管理层讨论与分析.pdf
MDAF0002140,长亮科技,研发投入,28,项目进展：已完成。,300348.SZ,15,报告页码,,表格行,300348.SZ_长亮科技_2025_管理层讨论与分析.pdf
MDAF0002141,长亮科技,研发投入,28,适用。,300348.SZ,15,报告页码,,选项,300348.SZ_长亮科技_2025_管理层讨论与分析.pdf
MDAF0002142,赢时胜,业务概要,14,2025年公司围绕四大核心发展方向统筹经营工作：夯实安全技术底座、引领核心业务系统信创迭代升级，深度融合大模型技术、以智能化变革重塑金融业务应用场景，践行开放协同理念、构建新一代“AI 原生+多智能体协同生态”产品生态，聚焦资产管理与托管业务信息化解决方案赛道。,300377.SZ,1,报告页码,,正文,300377.SZ_赢时胜_2025_管理层讨论与分析.pdf
MDAF0002143,赢时胜,业务概要,14,全业务板块人工智能适配赋能：全面对接主流开源大模型与金融机构自研大模型，完成资产管理、资产托管、数据应用、泛资管运营、资管信息披露等全业务板块的系统适配与能力嵌入，将人工智能技术深度融入核算、清算、风控、数据处理、信息披露、运营管理等核心业务环节，实现人工智能与业务系统的原生融合，替代传统外挂式人工智能应用模式。,300377.SZ,1,报告页码,1、AI 赋能整体解决方案业务板块,正文,300377.SZ_赢时胜_2025_管理层讨论与分析.pdf
MDAF0002144,赢时胜,业务概要,14,公司以AI 原生为核心研发理念，聚焦人工智能对金融业务系统的深度赋能，构建金融垂直领域人工智能落地一体化解决方案，核心聚焦主流大模型的场景化适配与业务融合，不参与大模型研发与供应，致力于将成熟大模型能力与金融核心业务场景深度耦合。,300377.SZ,1,报告页码,1、AI 赋能整体解决方案业务板块,正文,300377.SZ_赢时胜_2025_管理层讨论与分析.pdf
MDAF0002145,赢时胜,业务概要,14,公司在传统优势业务深耕、信创改造落地、人工智能技术深度融合、生态合作拓展等维度取得多项创新成果，为银行、基金、保险资管、证券、全国社保基金等400 余家金融机构提供专业化、高效能、高安全的技术服务，以技术创新与生态共建赋能金融行业高质量发展，持续夯实公司在金融信息技术领域的核心竞争优势。,300377.SZ,1,报告页码,,正文,300377.SZ_赢时胜_2025_管理层讨论与分析.pdf
MDAF0002146,赢时胜,业务概要,14,垂直领域人工智能一体化解决方案：针对金融资管、托管、数据服务、运营管理、信息披露等垂直领域，构建标准化与定制化相结合的人工智能落地解决方案，覆盖智能核算、智能清算、智能风控、智能数据提取、智能报表、智能审核、智能运营等全场景，为金融机构提供一站式人工智能业务赋能服务，降低人工智能应用落地的技术与成本门槛。,300377.SZ,1,报告页码,1、AI 赋能整体解决方案业务板块,正文,300377.SZ_赢时胜_2025_管理层讨论与分析.pdf
MDAF0002147,赢时胜,业务概要,14,执行式人工智能落地应用：突破传统辅助智能的应用边界，构建“感知-决策-执行”全闭环智能体系，研发适配各业务场景的智能体数字员工，可自主完成数据处理、账务核算、监督管控、异常排查等业务操作，实现零人工干预的智能化运营，推动各业务板块迈入人机协同发展新阶段。,300377.SZ,1,报告页码,1、AI 赋能整体解决方案业务板块,正文,300377.SZ_赢时胜_2025_管理层讨论与分析.pdf
MDAF0002148,赢时胜,业务概要,14,报告期内，公司为头部保险资管定制资管运营人工智能一体化解决方案，覆盖非标资产估值、风险监控全场景；为头部券商资管搭建信息披露人工智能智能审核解决方案，实现定期报告全自动合规校验。,300377.SZ,1,报告页码,1、AI 赋能整体解决方案业务板块,正文,300377.SZ_赢时胜_2025_管理层讨论与分析.pdf
MDAF0002149,赢时胜,业务概要,14,报告期内，公司为头部公募基金、头部保险资管完成资产管理全系统AI 原生适配，实现估值核算、资金清算全流程人工智能能力嵌入；为大型股份制银行完成资产托管系统大模型兼容改造，实现多源大模型无缝切换调用。,300377.SZ,1,报告页码,1、AI 赋能整体解决方案业务板块,正文,300377.SZ_赢时胜_2025_管理层讨论与分析.pdf
MDAF0002150,赢时胜,业务概要,15,2025年，金融行业受政策调整、市场波动与业务转型等多重因素叠加影响，传统资产管理业务面临多重经营挑战，行业竞争格局持续加剧。,300377.SZ,2,报告页码,2、资产管理系统业务板块,正文,300377.SZ_赢时胜_2025_管理层讨论与分析.pdf
MDAF0002151,赢时胜,业务概要,15,AI 原生重构业务研发范式公司摒弃传统“外挂式”“补丁式”人工智能应用模式，确立AI 原生研发范式，在需求分析、架构设计阶段即将大模型逻辑深度嵌入系统内核，赋予系统自主认知、自主决策能力，实现人工智能技术与业务场景的原生融合，而非单一功能叠加。,300377.SZ,2,报告页码,2、资产管理系统业务板块,正文,300377.SZ_赢时胜_2025_管理层讨论与分析.pdf
MDAF0002152,赢时胜,业务概要,15,全栈信创夯实自主可控技术底座公司抢抓金融信创深化发展机遇，将信创升级作为技术底座建设的核心根基，完成与国产芯片、操作系统及主流国产数据库、中间件的全维度适配，实现底层硬件、操作系统至上层应用的全链条自主可控，突破核心技术“卡脖子”瓶颈，筑牢金融安全防线。,300377.SZ,2,报告页码,2、资产管理系统业务板块,正文,300377.SZ_赢时胜_2025_管理层讨论与分析.pdf
MDAF0002153,赢时胜,业务概要,15,公司技术栈具备高度开放性，全面对接并深度融合DeepSeek、Qwen、GLM、LLAMA 等主流开源大模型，同时支持与各类机构自研大模型的深度融合适配，为客户提供灵活多样的智能化解决方案。,300377.SZ,2,报告页码,2、资产管理系统业务板块,正文,300377.SZ_赢时胜_2025_管理层讨论与分析.pdf
MDAF0002154,赢时胜,业务概要,15,公司持续深化与国内基础设施厂商的战略合作，基于国产硬件与自研分布式技术平台，完善信创一体机落地应用，为金融机构提供软硬一体化信创解决方案。,300377.SZ,2,报告页码,2、资产管理系统业务板块,正文,300377.SZ_赢时胜_2025_管理层讨论与分析.pdf
MDAF0002155,赢时胜,业务概要,15,公司构建了以证券估值核算系统、TA 资金清算系统、资金支付管理系统、风险指标管理平台和信息披露系统为核心的产品矩阵，全面覆盖资产管理业务的投资交易、财务核算、资金清算、风险管控及信息披露等关键环节。,300377.SZ,2,报告页码,2、资产管理系统业务板块,正文,300377.SZ_赢时胜_2025_管理层讨论与分析.pdf
MDAF0002156,赢时胜,业务概要,15,公司赢时胜资产管理系统V5.5 作为公司核心产品的智能化升级版本，集成多项AI 原生功能：ChatFA 通过AI 驱动的聊天式交互嵌入估值系统，自动化处理初始建账、账务调整等核心业务流程，以提升运营效率、减少甚至替代手工操作，解放业务人员双手；估值智能体使用Agent 工作流方式调用估值系统各个执行API 接口，以实现估值任务自动调度，构建负责执行具体核算、清算、统计分析等操作的智能体系统；监督智能体通过感知、决策、执行三层框架，自动定位和解决估值中的差异问题，实现估值过程的无人化监控和自动化处理，减少人工干预，提高业务效率。,300377.SZ,2,报告页码,2、资产管理系统业务板块,正文,300377.SZ_赢时胜_2025_管理层讨论与分析.pdf
MDAF0002157,赢时胜,业务概要,15,公司长期深耕资产管理系统业务领域，为证券、基金、保险、银行、信托等金融机构提供资产管理运营全生命周期信息化服务。,300377.SZ,2,报告页码,2、资产管理系统业务板块,正文,300377.SZ_赢时胜_2025_管理层讨论与分析.pdf
MDAF0002158,赢时胜,业务概要,15,在底层架构研发层面，公司采用微服务架构与分布式数据库，显著提升系统并发处理能力、容灾韧性与可扩展性，可支撑未来金融行业海量业务增长需求。,300377.SZ,2,报告页码,2、资产管理系统业务板块,正文,300377.SZ_赢时胜_2025_管理层讨论与分析.pdf
MDAF0002159,赢时胜,业务概要,15,在此背景下，公司主动顺应金融科技发展趋势，持续加大新一代产品及信创、人工智能相关产品的研发投入，在巩固传统产品市场优势的基础上，全面推进“AI原生+信创”双轮驱动技术落地实践，推动资产管理业务板块高质量发展。,300377.SZ,2,报告页码,2、资产管理系统业务板块,正文,300377.SZ_赢时胜_2025_管理层讨论与分析.pdf
MDAF0002160,赢时胜,业务概要,15,截至2025年末，公司已累计交付数十个全栈信创项目，覆盖公募基金、保险资管、券商资管等金融细分领域，树立了券商资管、公募基金信创单轨上线的行业标杆。,300377.SZ,2,报告页码,2、资产管理系统业务板块,正文,300377.SZ_赢时胜_2025_管理层讨论与分析.pdf
MDAF0002161,赢时胜,业务概要,15,执行式人工智能构建智能体数字员工公司实现由“辅助智能”向“执行式人工智能”的关键跨越，研发智能体数字员工解决方案，依托MCP 协议调用系统工具、RAG 检索自有知识库、业务日历驱动自主工作等自研核心技术，突破传统规则引擎应用局限，构建“感知-决策-执行”完整职能闭环。,300377.SZ,2,报告页码,2、资产管理系统业务板块,正文,300377.SZ_赢时胜_2025_管理层讨论与分析.pdf
MDAF0002162,赢时胜,业务概要,15,该类数字员工可自主操作业务系统、解析复杂业务文档、精准提取核心业务要素，自主完成任务流程规划、执行策略制定及异常排查，全程实现零人工干预，高效完成数据处理、核心账务核算、监督管控等重复性高、专业性强的工作。,300377.SZ,2,报告页码,2、资产管理系统业务板块,正文,300377.SZ_赢时胜_2025_管理层讨论与分析.pdf
MDAF0002163,赢时胜,业务概要,16,2025年，该板块以核心产品为基础，全面推进全栈信创落地与数智托管创新，深度融合人工智能技术，推动资产托管行业数字化、智能化革新，持续巩固行业领先优势。,300377.SZ,3,报告页码,3、资产托管系统业务板块,正文,300377.SZ_赢时胜_2025_管理层讨论与分析.pdf
MDAF0002164,赢时胜,业务概要,16,AI 深度赋能托管价值链：公司将人工智能技术深度融入托管业务价值链，成功将大模型应用于文件处理、风险监控、数据核对与信息提取等业务场景。,300377.SZ,3,报告页码,3、资产托管系统业务板块,正文,300377.SZ_赢时胜_2025_管理层讨论与分析.pdf
MDAF0002165,赢时胜,业务概要,16,业务布局适配行业变革趋势公司研发团队持续跟踪金融行业政策变动与业务创新趋势，快速响应监管要求与业务创新需求，保障多项行业重要业务变更平稳落地，确保公司产品与服务贴合行业发展节奏。,300377.SZ,3,报告页码,2、资产管理系统业务板块,正文,300377.SZ_赢时胜_2025_管理层讨论与分析.pdf
MDAF0002166,赢时胜,业务概要,16,依托长期技术积累与业务实践，公司构建全资产、全品类、高稳定性的资产托管系统平台，为各类金融机构提供从基础托管服务至生态增值服务的一站式系统解决方案，覆盖托管业务核算、监督、清算、报表等全流程，助力托管机构提升运营效率、强化风险管控、满足监管合规要求。,300377.SZ,3,报告页码,3、资产托管系统业务板块,正文,300377.SZ_赢时胜_2025_管理层讨论与分析.pdf
MDAF0002167,赢时胜,业务概要,16,全栈信创实现自主可控：本板块持续推进全栈信息技术应用创新，已完成与国产主流芯片、操作系统、数据库、中间件的全栈深度适配与性能调优。,300377.SZ,3,报告页码,3、资产托管系统业务板块,正文,300377.SZ_赢时胜_2025_管理层讨论与分析.pdf
MDAF0002168,赢时胜,业务概要,16,公司围绕金融资产管理高合规、高复杂场景，正在打造企业级可进化的AI 数字员工平台，构建原生融合、自主闭环、协同高效的智能运营体系。,300377.SZ,3,报告页码,2、资产管理系统业务板块,正文,300377.SZ_赢时胜_2025_管理层讨论与分析.pdf
MDAF0002169,赢时胜,业务概要,16,公司持续拓展优质客户资源，巩固在基金、保险资管、全国社保基金、头部券商等优势领域的市场地位，提升产品服务市场覆盖率与客户满意度，以专业化技术能力与高效能服务水平，实现业务规模稳步扩张与服务质量持续提升。,300377.SZ,3,报告页码,2、资产管理系统业务板块,正文,300377.SZ_赢时胜_2025_管理层讨论与分析.pdf
MDAF0002170,赢时胜,业务概要,16,在某头部金融机构落地的核算系列数字员工，简化业务操作流程，提升运营效率，降低人工操作风险，推动资管运营领域迈入“人机共生”发展新阶段。,300377.SZ,3,报告页码,2、资产管理系统业务板块,正文,300377.SZ_赢时胜_2025_管理层讨论与分析.pdf
MDAF0002171,赢时胜,业务概要,16,报告期内，公司发布了基于多款主流国产数据库的分库分表优化版本，并成功助力某国有大型银行实现托管信创系统的单边平稳切换。,300377.SZ,3,报告页码,3、资产托管系统业务板块,正文,300377.SZ_赢时胜_2025_管理层讨论与分析.pdf
MDAF0002172,赢时胜,业务概要,16,报告期内，成功中标头部城商行资产托管全渠道智能作业平台项目，体现了市场对公司技术方案的认可。,300377.SZ,3,报告页码,3、资产托管系统业务板块,正文,300377.SZ_赢时胜_2025_管理层讨论与分析.pdf
MDAF0002173,赢时胜,业务概要,16,资产托管业务板块为公司核心支柱业务，稳居国内资产托管技术产品服务领域领先地位，在国有及股份制银行市场占据较高市场份额。,300377.SZ,3,报告页码,3、资产托管系统业务板块,正文,300377.SZ_赢时胜_2025_管理层讨论与分析.pdf
MDAF0002174,赢时胜,业务概要,16,赢时胜文件智能平台在头部托管银行上线部署，实现了托管文件“全渠道、集约化、自动化”的智能管理，为行业提供了可复制、可扩展的数字化转型路径。,300377.SZ,3,报告页码,3、资产托管系统业务板块,正文,300377.SZ_赢时胜_2025_管理层讨论与分析.pdf
MDAF0002175,赢时胜,业务概要,16,这标志着公司推动行业信创从试点验证迈向规模化、深度化应用取得了关键性突破。,300377.SZ,3,报告页码,3、资产托管系统业务板块,正文,300377.SZ_赢时胜_2025_管理层讨论与分析.pdf
MDAF0002176,赢时胜,业务概要,16,通过内嵌的“感知-决策-执行-监督”动态增强闭环，将业务异常处理模式从“人工干预”转变为“秒级感知、自动处置”，显著降低人工干预率，实现关键业务流程的自主化闭环。,300377.SZ,3,报告页码,2、资产管理系统业务板块,正文,300377.SZ_赢时胜_2025_管理层讨论与分析.pdf
MDAF0002177,赢时胜,业务概要,16,通过聚焦数据架构治理、系统性能与风险监控等关键领域，有效保障了国产化环境下托管系统的稳定运行，并缓解了业务峰值压力。,300377.SZ,3,报告页码,3、资产托管系统业务板块,正文,300377.SZ_赢时胜_2025_管理层讨论与分析.pdf
MDAF0002178,赢时胜,业务概要,17,2025年，该板块深化金融领域数字化服务，拓展保险资管公司、基金公司、券商资管、托管机构、银行等客户的全场景数据应用能力，覆盖数据工具、数据治理、数据分析、风险管理、投资决策等全链条数据业务应用，助力客户实现数据驱动的业务升级与效能提升。,300377.SZ,4,报告页码,4、数据应用系统业务板块,正文,300377.SZ_赢时胜_2025_管理层讨论与分析.pdf
MDAF0002179,赢时胜,业务概要,17,AI 原生+前沿技术深度融合应用：以AI 原生为核心研发理念，将自然语言处理（NLP）、机器学习、大数据等前沿技术深度耦合至数据业务场景，推动技术与业务深度融合创新。,300377.SZ,4,报告页码,4、数据应用系统业务板块,正文,300377.SZ_赢时胜_2025_管理层讨论与分析.pdf
MDAF0002180,赢时胜,业务概要,17,一体化投资分析平台、新一代风险绩效系统、委托投资数据分析系统等核心产品持续落地应用，精准匹配保险、银行等客户业务痛点，提供专业化解决方案。,300377.SZ,4,报告页码,4、数据应用系统业务板块,正文,300377.SZ_赢时胜_2025_管理层讨论与分析.pdf
MDAF0002181,赢时胜,业务概要,17,产品迭代与服务优化持续推进：持续优化核心产品，迭代完善数据中台工具、主数据管理平台、委外数据管理系统、指标管理平台、投资分析系统等产品，提升产品信息可配置化水平与管理流程化能力，增强产品适配多场景业务的灵活性，强化客户数据分析、数据管理、数据决策及风险管理能力。,300377.SZ,4,报告页码,4、数据应用系统业务板块,正文,300377.SZ_赢时胜_2025_管理层讨论与分析.pdf
MDAF0002182,赢时胜,业务概要,17,全栈信创完成技术适配升级：全面推进产品信创技术改造，实现对国产硬件、主流国产数据库、操作系统等国产化技术栈的全维度适配，构建底层硬件至上层应用的全栈信创体系，满足金融机构数据业务自主可控、安全合规的核心需求。,300377.SZ,4,报告页码,4、数据应用系统业务板块,正文,300377.SZ_赢时胜_2025_管理层讨论与分析.pdf
MDAF0002183,赢时胜,业务概要,17,公司围绕投资管理、投资研究、风险控制、产品管理和运营管理五大核心业务场景，完善数据中台基础能力与管理分析系统建设，聚焦金融机构数据应用核心痛点，构建全方位、全链条数据服务体系。,300377.SZ,4,报告页码,4、数据应用系统业务板块,正文,300377.SZ_赢时胜_2025_管理层讨论与分析.pdf
MDAF0002184,赢时胜,业务概要,17,同时，拓展新客户、优化老客户服务，通过模块化开发提升核心模块复用率，缩短项目交付周期、降低交付成本，实现降本增效，提升客户满意度，提升客户粘性。,300377.SZ,4,报告页码,4、数据应用系统业务板块,正文,300377.SZ_赢时胜_2025_管理层讨论与分析.pdf
MDAF0002185,赢时胜,业务概要,17,同时，持续探索人工智能大模型与投资管理、数据分析等业务场景的融合创新，挖掘智能化应用场景，助力客户提升数据决策科学性与高效性。,300377.SZ,4,报告页码,4、数据应用系统业务板块,正文,300377.SZ_赢时胜_2025_管理层讨论与分析.pdf
MDAF0002186,赢时胜,业务概要,17,持续深化与各类金融机构合作，拓展头部银行客户群体，巩固银行托管领域市场优势。,300377.SZ,4,报告页码,3、资产托管系统业务板块,正文,300377.SZ_赢时胜_2025_管理层讨论与分析.pdf
MDAF0002187,赢时胜,业务概要,17,深度参与客户信创改造规划，对接客户信创转型需求，提供专业化技术支持与服务，支撑资产管理、资产托管业务信创改造，助力客户完成信创转型，夯实数据业务安全底座。,300377.SZ,4,报告页码,4、数据应用系统业务板块,正文,300377.SZ_赢时胜_2025_管理层讨论与分析.pdf
MDAF0002188,赢时胜,业务概要,17,深耕托管生态协同创新：举办华北区域托管银行机构沙龙，汇聚行业专家，探讨人工智能技术与托管行业融合发展趋势，分享实践经验，推动行业技术交流与协同发展。,300377.SZ,4,报告页码,3、资产托管系统业务板块,正文,300377.SZ_赢时胜_2025_管理层讨论与分析.pdf
MDAF0002189,赢时胜,业务概要,17,紧跟公募基金信息披露、私募证券投资基金运作指引等监管政策变动，推出专业化解决方案与功能模块，协助托管客户完成政策合规适配，提升了产品的政策响应能力与业务支撑价值。,300377.SZ,4,报告页码,3、资产托管系统业务板块,正文,300377.SZ_赢时胜_2025_管理层讨论与分析.pdf
MDAF0002190,赢时胜,业务概要,17,重点推进人工智能技术在数据处理、合同应用、指标管理等领域的项目落地，解决客户数据处理效率、数据精准度等核心痛点；构建新一代智能风险信用预警系统，采用大小模型协同、专家经验与人工智能融合的研发模式，提升系统市场信用风险分析与快速响应能力，强化数据模型专业性与实用性。,300377.SZ,4,报告页码,4、数据应用系统业务板块,正文,300377.SZ_赢时胜_2025_管理层讨论与分析.pdf
MDAF0002191,赢时胜,业务概要,18,2025年，该板块以全栈信创化与深度智能化双轮驱动，推进产品创新与服务升级，赋能资管行业信息披露数智化转型，助力行业合规水平提升。,300377.SZ,5,报告页码,6、资管信息披露业务板块,正文,300377.SZ_赢时胜_2025_管理层讨论与分析.pdf
MDAF0002192,赢时胜,业务概要,18,2025年，面对资管行业合规趋严、智能化升级趋势，赢时胜运营管理平台主动响应客户诉求，完成JDK17 与Vue3 架构升级，筑牢高性能底座；持续完成达梦、OceanBase 数据库的多版本多行业适配验证，以及宝兰德全栈中间件的深度适配，形成国产化替代能力；AI 方面，持续增强平台原生智能及开源大模型对接，致力于将AI 能力内化为平台底层基因，构建AI 与业务双核心原生架构，实现全流程智能感知、智能决策、自动执行反馈闭环，支撑平台全域数智化转型。,300377.SZ,5,报告页码,5、泛资管运营管理数字化系统业务板块,正文,300377.SZ_赢时胜_2025_管理层讨论与分析.pdf
MDAF0002193,赢时胜,业务概要,18,AI 原生+前沿技术构建智能审核体系：确立AI 原生研发思路，突破传统系统功能局限，构建新一代信息披露平台，实现产品由传统模式向场景化、自动化、数智化转型，为资管行业报表提供专业、高效、稳定、安全的信息披露解决方案，已在基金行业客户完成系统升级。,300377.SZ,5,报告页码,6、资管信息披露业务板块,正文,300377.SZ_赢时胜_2025_管理层讨论与分析.pdf
MDAF0002194,赢时胜,业务概要,18,AI 应用方面，公司聚焦资管单据处理痛点，推出AI 智能解析平台。,300377.SZ,5,报告页码,5、泛资管运营管理数字化系统业务板块,正文,300377.SZ_赢时胜_2025_管理层讨论与分析.pdf
MDAF0002195,赢时胜,业务概要,18,产品矩阵持续完善：响应政策要求推出电子会计档案管理系统，实现会计凭证与电子档案自动匹配、归档、审批，破解人工处理瓶颈，兼顾合规与效能；针对ABS 行业监管升级，打造ABS 收益分配管理系统，实现存续期管理全流程数字化、自动化，强化风险防控与运营竞争力。,300377.SZ,5,报告页码,5、泛资管运营管理数字化系统业务板块,正文,300377.SZ_赢时胜_2025_管理层讨论与分析.pdf
MDAF0002196,赢时胜,业务概要,18,依托“作业- 场景- 流程/ 分组- 任务” 四层管理模型，整合知识沉淀、场景编排、质效分析三大核心能力，构建线上化、可视化管理体系，实现任务全流程闭环管控，配套配置化看板实现全域统一监控，既满足当下管理需求，又为平台长期演进与AI 赋能奠定基础，助力企业向高效运营模式转型。,300377.SZ,5,报告页码,5、泛资管运营管理数字化系统业务板块,正文,300377.SZ_赢时胜_2025_管理层讨论与分析.pdf
MDAF0002197,赢时胜,业务概要,18,全栈信创实现全覆盖适配：全面推进信息披露、监管报送系统国产化信创适配，完成全业务场景信创覆盖，构建完整微服务应用体系架构，符合国家安全信创要求。,300377.SZ,5,报告页码,6、资管信息披露业务板块,正文,300377.SZ_赢时胜_2025_管理层讨论与分析.pdf
MDAF0002198,赢时胜,业务概要,18,公司资管信息披露业务由信息披露管理服务平台、监管报送服务平台及平台技术服务构成，专注服务银行、基金、保险、证券、信托、理财等金融机构的信息披露、监管报表报送业务，核心产品包括信息披露系统、监管报送系统等，为客户提供资产管理产品报表报告一体化解决方案，助力客户满足监管合规要求，提升信息披露与监管报送效率和质量，降低合规风险。,300377.SZ,5,报告页码,6、资管信息披露业务板块,正文,300377.SZ_赢时胜_2025_管理层讨论与分析.pdf
MDAF0002199,赢时胜,业务概要,18,其中，与某金融机构合作落地的公募定期报告人工智能智能审查平台，完成多期定期报告全流程人工智能审核，应用成效显著，获得客户高度认可。,300377.SZ,5,报告页码,6、资管信息披露业务板块,正文,300377.SZ_赢时胜_2025_管理层讨论与分析.pdf
MDAF0002200,赢时胜,业务概要,18,在信息披露强监管背景下，推出信息披露人工智能智能审核系统，秉持“以数据为中心、业务为核心、人工智能为场景”的研发理念，形成核心业务系统闭环，依托人工智能能力反哺数据与业务迭代演进。,300377.SZ,5,报告页码,6、资管信息披露业务板块,正文,300377.SZ_赢时胜_2025_管理层讨论与分析.pdf
MDAF0002201,赢时胜,业务概要,18,在持续优化产品功能，完善产品矩阵的基础上，针对资管行业运营任务分散、协同低效等痛点，推出以“数字化作业中心” 为核心的运营工作台。,300377.SZ,5,报告页码,5、泛资管运营管理数字化系统业务板块,正文,300377.SZ_赢时胜_2025_管理层讨论与分析.pdf
MDAF0002202,赢时胜,业务概要,18,系统架构设计采用多层防腐设计，在业务层与架构服务层、架构服务层与技术栈间建立隔离机制，基于多品类硬件、操作系统、数据库、中间件、容器技术栈实现广域信创适配，适配不同客户底层技术栈需求，已在基金、银行、证券等领域完成多家客户系统替换，实现信创转型落地，保障信息披露与监管报送业务自主可控、安全合规。,300377.SZ,5,报告页码,6、资管信息披露业务板块,正文,300377.SZ_赢时胜_2025_管理层讨论与分析.pdf
MDAF0002203,赢时胜,业务概要,18,融合NLP 与智能模型，实现单据统一解析、要素提取与数据自动分发，覆盖账户回执、基金确认单等高频场景，打造全流程自动化闭环，显著提升运营效率与精准度，为全域运营统一赋能。,300377.SZ,5,报告页码,5、泛资管运营管理数字化系统业务板块,正文,300377.SZ_赢时胜_2025_管理层讨论与分析.pdf
MDAF0002204,赢时胜,业务概要,18,该系统实现报告内容全自动、全维度智能审核，覆盖文档结构、人工智能语义分析、跨文档核查、合规风险预警等维度，助力管理人防控信息披露风险，提升合规审核效率，丰富信息披露、监管报送业务人工智能应用场景。,300377.SZ,5,报告页码,6、资管信息披露业务板块,正文,300377.SZ_赢时胜_2025_管理层讨论与分析.pdf
MDAF0002205,赢时胜,业务概要,19,2025年，该板块灵活适配金融机构客户服务模式变革，在平衡公司“发展-利润-流动性”核心业绩指标的基础上，为各类金融机构提供稳定、持续的技术与业务人力资源交付服务，精准匹配金融机构数字化转型人力需求，助力客户业务落地实施，保障业务运营连续性与稳定性。,300377.SZ,6,报告页码,7、金融行业技术/服务人力资源池板块,正文,300377.SZ_赢时胜_2025_管理层讨论与分析.pdf
MDAF0002206,赢时胜,业务概要,19,为各类资管机构提供专业、高效、安全的报表报告一体化解决方案，覆盖信息披露、监管报送全流程，助力客户精准应对监管要求，提升信息披露准确性与及时性，降低合规风险，为客户合规经营提供技术支撑，推动客户合规化、规范化运营。,300377.SZ,6,报告页码,6、资管信息披露业务板块,正文,300377.SZ_赢时胜_2025_管理层讨论与分析.pdf
MDAF0002207,赢时胜,业务概要,19,人力资源池精准匹配公司“AI 原生+信创”双轮驱动技术落地、信创改造、人工智能应用、生态合作等业务发展的人力需求，为公司业务拓展提供人力支撑，保障技术实践与业务落地高效推进，助力公司战略目标实现。,300377.SZ,6,报告页码,7、金融行业技术/服务人力资源池板块,正文,300377.SZ_赢时胜_2025_管理层讨论与分析.pdf
MDAF0002208,赢时胜,业务概要,19,公司优化内部流程与管理机制，构建精细化人力资源交付与管理体系，通过规范化人员培训、科学化项目分配、严格化质量管控，为客户提供专业化、高品质人力资源交付服务。,300377.SZ,6,报告页码,7、金融行业技术/服务人力资源池板块,正文,300377.SZ_赢时胜_2025_管理层讨论与分析.pdf
MDAF0002209,赢时胜,业务概要,19,合规服务精准化支撑：持续跟踪信息披露强监管要求，密切关注监管政策更新，快速响应政策调整需求，完善系统功能与服务体系，保障产品与服务符合监管规范。,300377.SZ,6,报告页码,6、资管信息披露业务板块,正文,300377.SZ_赢时胜_2025_管理层讨论与分析.pdf
MDAF0002210,赢时胜,业务概要,19,同时，提升内部交付项目利润率，实现效益与服务质量双重提升。,300377.SZ,6,报告页码,7、金融行业技术/服务人力资源池板块,正文,300377.SZ_赢时胜_2025_管理层讨论与分析.pdf
MDAF0002211,赢时胜,核心竞争力,21,全年围绕四大核心发展方向统筹经营工作：夯实安全技术底座、引领核心业务系统信念、构建新一代“AI 原生+多智能体协同生态”产品生态、聚焦资产管理与托管业务信息化解决方案赛道创迭代升级，深度融合大模型技术、以智能化变革重塑金融业务应用场景，践行开放协同理。,300377.SZ,8,报告页码,1、公司始终高度重视研发投入，不断改进产品质量和升级优化产品功能、不断推出新的产品和服,正文,300377.SZ_赢时胜_2025_管理层讨论与分析.pdf
MDAF0002212,赢时胜,核心竞争力,21,公司在传统资产管理和托管优势业务深耕、信创改造落地、人工智能技术深度融合、生态合作拓展等维度取得多项创新成果，为银行、基金、保险资管、证券、全国社保基金等400 余家金融机构提供专业化、高效能、高安全的技术服务，以技术创新与生态共建赋能金融行业高质量发展，持续夯实公司在金融信息技术领域的核心竞争优势。,300377.SZ,8,报告页码,2、公司始终秉持以客户需求和优质高效服务的发展理念，拥有较为丰富且稳定的客户资源优势、,正文,300377.SZ_赢时胜_2025_管理层讨论与分析.pdf
MDAF0002213,赢时胜,核心竞争力,21,公司坚守金融信息技术服务核心主业，确立“AI 原生+信创”双轮驱动的核心技术路径，将前沿人工智能技术与国产化自主可控技术底座深度融合，推动金融运营模式由传统人工操作、辅助智能阶段，向智能化高阶形态演进。,300377.SZ,8,报告页码,1、公司始终高度重视研发投入，不断改进产品质量和升级优化产品功能、不断推出新的产品和服,正文,300377.SZ_赢时胜_2025_管理层讨论与分析.pdf
MDAF0002214,赢时胜,核心竞争力,21,公司对于金融机构客户的行业特性和应用场景有着深度理解，能够持续高效触达客户并快速响应客户需求，对客户形成了较高粘性，成为新产品、新技术和服务模式创新扩展市场、增绩提效的可靠保障。,300377.SZ,8,报告页码,2、公司始终秉持以客户需求和优质高效服务的发展理念，拥有较为丰富且稳定的客户资源优势、,正文,300377.SZ_赢时胜_2025_管理层讨论与分析.pdf
MDAF0002215,赢时胜,核心竞争力,21,兼具广度与深度的行业经验积淀。,300377.SZ,8,报告页码,2、公司始终秉持以客户需求和优质高效服务的发展理念，拥有较为丰富且稳定的客户资源优势、,正文,300377.SZ_赢时胜_2025_管理层讨论与分析.pdf
MDAF0002216,赢时胜,核心竞争力,21,务，以满足客户不断变化的需求。,300377.SZ,8,报告页码,1、公司始终高度重视研发投入，不断改进产品质量和升级优化产品功能、不断推出新的产品和服,正文,300377.SZ_赢时胜_2025_管理层讨论与分析.pdf
MDAF0002217,赢时胜,核心竞争力,21,控流程及高度凝聚力的高管团队，并打造出各业务条线长期稳定的核心业务队伍，公司各业务领域依据自身的市场积累和产品、技术及服务积累，构建了有利于业务成长的稳固基础，也在产品和技术服务积累中取得了竞争优势。,300377.SZ,8,报告页码,3、公司成立二十余年，通过不断完善的绩效考核体系、激励机制，积累沉淀了科学有效的业务管,正文,300377.SZ_赢时胜_2025_管理层讨论与分析.pdf
MDAF0002218,赢时胜,研发投入,25,主要研发项目名称：赢时胜新一代Y7 估值。,300377.SZ,12,报告页码,,表格行,300377.SZ_赢时胜_2025_管理层讨论与分析.pdf
MDAF0002219,赢时胜,研发投入,25,拟达到的目标：1、技术升级。,300377.SZ,12,报告页码,,表格行,300377.SZ_赢时胜_2025_管理层讨论与分析.pdf
MDAF0002220,赢时胜,研发投入,25,项目目的：随着全球化和数字化。,300377.SZ,12,报告页码,,表格行,300377.SZ_赢时胜_2025_管理层讨论与分析.pdf
MDAF0002221,赢时胜,研发投入,25,项目进展：进行中。,300377.SZ,12,报告页码,,表格行,300377.SZ_赢时胜_2025_管理层讨论与分析.pdf
MDAF0002222,赢时胜,研发投入,25,预计对公司未来发展的影响：新一代估值核算系统。,300377.SZ,12,报告页码,,表格行,300377.SZ_赢时胜_2025_管理层讨论与分析.pdf
MDAF0002223,赢时胜,研发投入,25,适用。,300377.SZ,12,报告页码,,选项,300377.SZ_赢时胜_2025_管理层讨论与分析.pdf
MDAF0002224,安硕信息,业务概要,11,公司严格按照ISO9001 质量管理体系要求实施集中采购。,300380.SZ,1,报告页码,1、采购模式,正文,300380.SZ_安硕信息_2025_管理层讨论与分析.pdf
MDAF0002225,安硕信息,业务概要,11,公司从事软件的研发及销售，采购内容主要包括：（1）公司内部日常办公所需要的网络设备、服务器、台式机以及笔记本电脑等设备；（2）用于研发、测试、生产目的所需要的软硬件设备；（3）采购服务器、数据库、中间件等硬件设备和软件产品；（4）采购软件开发服务、咨询服务、数据资源。,300380.SZ,1,报告页码,1、采购模式,正文,300380.SZ_安硕信息_2025_管理层讨论与分析.pdf
MDAF0002226,安硕信息,业务概要,11,公司的生产主要由咨询部、项目部两个核心生产部门共同完成，在产品研发和项目实施等生产活动中采用了“咨询引导需求、需求驱动产品、产品优化实施”的生产模式。,300380.SZ,1,报告页码,2、生产模式,正文,300380.SZ_安硕信息_2025_管理层讨论与分析.pdf
MDAF0002227,安硕信息,业务概要,11,公司负责采购的部门还会定期对供货商进行选择和评价，将评价合格的供货商纳入合格供应商名单，并由总经理审批。,300380.SZ,1,报告页码,1、采购模式,正文,300380.SZ_安硕信息_2025_管理层讨论与分析.pdf
MDAF0002228,安硕信息,业务概要,11,咨询部就各个主要热点方向的业务课题组织多个专题的研究组，定期形成功能性需求专题报告，并在此基础上形成内部业务需求，经公司管理层会商审核后向研发部门提出研发任务；研发部据此进行专项产品研发和优化，形成新的基础性功能模块。,300380.SZ,1,报告页码,2、生产模式,正文,300380.SZ_安硕信息_2025_管理层讨论与分析.pdf
MDAF0002229,安硕信息,业务概要,11,咨询部门根据客户特定需求形成咨询成果，结合公司已开发的产品或功能模块，由项目部针对客户个性化需求进行二次技术开发，整合为完整的解决方案及实施。,300380.SZ,1,报告页码,2、生产模式,正文,300380.SZ_安硕信息_2025_管理层讨论与分析.pdf
MDAF0002230,安硕信息,业务概要,11,在以上生产模式中，公司以专业分工、统一调度、密切配合、规范操作为原则，以产品和客户为基础管理对象建立各种专业团队，形成了各个专题条线（公司信贷、零售信贷、模型工具、数据分析、额度控管等）的跨部门、跨领域的专业团队，以咨询顾问、项目经理、技术经理、质量控制经理、软件工程师等为核心力量，各司其职，紧密协作，开展产品研发和系统实施等生产活动。,300380.SZ,1,报告页码,2、生产模式,正文,300380.SZ_安硕信息_2025_管理层讨论与分析.pdf
MDAF0002231,安硕信息,业务概要,11,在日常经营活动中，公司根据产品价格是否合理、服务是否优良选择最适当的供应商，采购部门根据生产需要的具体数量和规格向纳入名单中的供应商进行采购，并由相关部门负责验收。,300380.SZ,1,报告页码,1、采购模式,正文,300380.SZ_安硕信息_2025_管理层讨论与分析.pdf
MDAF0002232,安硕信息,业务概要,11,在项目实施过程中，项目团队不断与咨询和研发团队进行沟通和互动，获得支持并反馈具体优化改进意见和新的业务技术需求。,300380.SZ,1,报告页码,2、生产模式,正文,300380.SZ_安硕信息_2025_管理层讨论与分析.pdf
MDAF0002233,安硕信息,业务概要,11,经过多年发展，公司已经拥有比较完善的供应商管理体系，与主要供应商之间形成了良好稳定的合作关系。,300380.SZ,1,报告页码,1、采购模式,正文,300380.SZ_安硕信息_2025_管理层讨论与分析.pdf
MDAF0002234,安硕信息,业务概要,11,通过以上模式的运用，公司成功形成了咨询、需求、产品、实施互相促进、正向循环的业务互动。,300380.SZ,1,报告页码,2、生产模式,正文,300380.SZ_安硕信息_2025_管理层讨论与分析.pdf
MDAF0002235,安硕信息,业务概要,11,采购方式主要为两种：通过厂商直接采购和通过授权分销商采购。,300380.SZ,1,报告页码,1、采购模式,正文,300380.SZ_安硕信息_2025_管理层讨论与分析.pdf
MDAF0002236,安硕信息,业务概要,12,公司主要通过招投标、竞争性谈判、商务谈判等方式获取订单。,300380.SZ,2,报告页码,3、销售模式,正文,300380.SZ_安硕信息_2025_管理层讨论与分析.pdf
MDAF0002237,安硕信息,业务概要,12,公司产品的研发以客户需求和行业发展趋势为导向，将客户需求和市场趋势充分结合，经过可行性评审、计划评审、需求评审、概要设计评审、详细设计评审、系统测试、验收等研发步骤，最终形成研发成果并发布。,300380.SZ,2,报告页码,5、研发模式,正文,300380.SZ_安硕信息_2025_管理层讨论与分析.pdf
MDAF0002238,安硕信息,业务概要,12,公司坚持自主创新、自主研发的原则，其产品及技术解决方案公司均拥有100%知识产权，且形成了完整的银行信贷产品体系，沉淀了大量经验和案例。,300380.SZ,2,报告页码,1、主营业务,正文,300380.SZ_安硕信息_2025_管理层讨论与分析.pdf
MDAF0002239,安硕信息,业务概要,12,公司的主营业务是向以银行为主的客户提供信贷风险业务管理咨询、软件开发与服务，主要产品是银行信贷管理类系统、银行风险管理类系统、商业智能与数据仓库、非银行金融机构及其他系统。,300380.SZ,2,报告页码,1、主营业务,正文,300380.SZ_安硕信息_2025_管理层讨论与分析.pdf
MDAF0002240,安硕信息,业务概要,12,公司的销售主要由销售部来负责，通过划分销售区域，面向客户开展销售工作。,300380.SZ,2,报告页码,3、销售模式,正文,300380.SZ_安硕信息_2025_管理层讨论与分析.pdf
MDAF0002241,安硕信息,业务概要,12,公司盈利模式分为三种，一是产品定制开发模式，二是现场人月服务收费模式，三是提供运营维护等服务模式。,300380.SZ,2,报告页码,4、盈利模式,正文,300380.SZ_安硕信息_2025_管理层讨论与分析.pdf
MDAF0002242,安硕信息,业务概要,12,公司软件著作权数量快速提升，拥有从基础软件到应用层的全部源代码和自主知识产权。,300380.SZ,2,报告页码,1、主营业务,正文,300380.SZ_安硕信息_2025_管理层讨论与分析.pdf
MDAF0002243,安硕信息,业务概要,12,公司面向最终用户，采用直接销售的方式。,300380.SZ,2,报告页码,3、销售模式,正文,300380.SZ_安硕信息_2025_管理层讨论与分析.pdf
MDAF0002244,安硕信息,业务概要,12,其他系统含融资租赁领域、非银行资产管理领域等一系列解决方案。,300380.SZ,2,报告页码,1、主营业务,正文,300380.SZ_安硕信息_2025_管理层讨论与分析.pdf
MDAF0002245,安硕信息,业务概要,12,或服务成果为导向确定合同价格。,300380.SZ,2,报告页码,（3）提供运营维护等服务模式：公司根据客户相关需求，提供调试、维护等服务，这种模式的典型特点是以约定期间,正文,300380.SZ_安硕信息_2025_管理层讨论与分析.pdf
MDAF0002246,安硕信息,业务概要,12,报告期内，公司的主营业务未发生重大变化。,300380.SZ,2,报告页码,1、主营业务,正文,300380.SZ_安硕信息_2025_管理层讨论与分析.pdf
MDAF0002247,安硕信息,业务概要,12,销售部通过前期市场调研，获得客户信息系统建设的初步信息后，进行内部评判是否参与该项目，评判完成后，协调组织安排技术人员与客户相关人员进行多次技术交流，了解客户的具体需求并提供相关信息系统的解决方案，并在客户需要时安排具体项目案例进行实地考察，使客户对公司解决方案获得直观印象；最后参与银行组织的招标或评议的方式获得订单，并签订销售合同。,300380.SZ,2,报告页码,3、销售模式,正文,300380.SZ_安硕信息_2025_管理层讨论与分析.pdf
MDAF0002248,安硕信息,业务概要,13,以及公司向客户提供的征信大数据等服务。,300380.SZ,3,报告页码,（3）数据仓库和商业智能类系统及服务,正文,300380.SZ_安硕信息_2025_管理层讨论与分析.pdf
MDAF0002249,安硕信息,业务概要,13,信贷管理类系统是公司的核心产品，由众多独立应用产品组成，以数据完备性为基础、以流程管理及信贷风险防范为主线，经过十多年的技术积累沉淀和更新换代，已经成长为一套成熟、先进的金融管理系统，为公司带来稳定的业绩收入。,300380.SZ,3,报告页码,（1）信贷管理类系统,正文,300380.SZ_安硕信息_2025_管理层讨论与分析.pdf
MDAF0002250,安硕信息,业务概要,13,数据仓库和商业智能类系统及服务是公司利用自身多年来在IT 架构、业务环境和数据环境中积累的丰富经验，为各金融机构提供的多层面数据分析服务，主要包括基础平台建设、报表系统、客户分析系统和绩效管理系统，满足金融机构各类数据上报、反馈、校验、查询等多样化需求。,300380.SZ,3,报告页码,（3）数据仓库和商业智能类系统及服务,正文,300380.SZ_安硕信息_2025_管理层讨论与分析.pdf
MDAF0002251,安硕信息,业务概要,13,非银行金融机构系统主要包括融资租赁系统、非银行资产管理系统等，公司陆续服务了融资租赁公司、财务公司、汽车金融公司、证券公司、保险公司和消费金融公司等非银行金融机构。,300380.SZ,3,报告页码,（4）非银行金融机构及其他系统,正文,300380.SZ_安硕信息_2025_管理层讨论与分析.pdf
MDAF0002252,安硕信息,业务概要,13,风险管理系统借鉴国内外先进银行在风险管理领域的成熟经验，融合多种风控手段，为客户及时识别、分析各类风险因素，在信用关系复杂的经济环境下帮助客户有效规避各种潜在风险。,300380.SZ,3,报告页码,（2）风险管理类系统,正文,300380.SZ_安硕信息_2025_管理层讨论与分析.pdf
MDAF0002253,安硕信息,核心竞争力,14,一直以来，公司坚持固本创新，长期致力于市场调研、技术创新、产品优化和升级改造，公司及部分子公司均已取得国家高新技术企业资格认定，并且每年获取大量软件产品著作权证书。,300380.SZ,4,报告页码,（二）研发竞争力优势,正文,300380.SZ_安硕信息_2025_管理层讨论与分析.pdf
MDAF0002254,安硕信息,核心竞争力,14,全国性的战略布局不仅提高了公司的客户响应速度，有效提高了客户服务质量，而且解决了各地区员工本地化问题，便于招聘当地人才和长期留住人才，有利于公司为客户精细化赋能，有利于公司对于区域性金融机构的客户拓展，有利于公司把握未来城市商业银行和农村商业银行IT 系统建设及更新换代的良好机遇。,300380.SZ,4,报告页码,（五）营销及服务网络覆盖全国,正文,300380.SZ_安硕信息_2025_管理层讨论与分析.pdf
MDAF0002255,安硕信息,核心竞争力,14,公司与许多优质客户建立了长期稳定的合作关系，并伴随着客户信息化成长的各个阶段，成为了许多客户信息化进程的主要参与者。,300380.SZ,4,报告页码,（四）品牌优势,正文,300380.SZ_安硕信息_2025_管理层讨论与分析.pdf
MDAF0002256,安硕信息,核心竞争力,14,公司主营业务信贷风险管理系统不但需要对银行信贷与风险管理业务的方法、措施、流程及监管要求非常熟悉，还必须掌握IT 系统的开发与实施，随着银行业务的创新、经营管理的变化、技术创新的不断加快，以及金融行业安全意识升级，公司产品需要持续研发投入确保公司产品的核心竞争力。,300380.SZ,4,报告页码,（二）研发竞争力优势,正文,300380.SZ_安硕信息_2025_管理层讨论与分析.pdf
MDAF0002257,安硕信息,核心竞争力,14,公司全资子公司安硕软件陆续在广州、杭州、郑州、兰州、合肥、武汉、济南等城市成立分公司，形成了覆盖华北、华东、华南、华中、西北和西南地区的全国性营销及服务网络，公司的客户范围遍及全国31个省、自治区、直辖市和特别行政区。,300380.SZ,4,报告页码,（五）营销及服务网络覆盖全国,正文,300380.SZ_安硕信息_2025_管理层讨论与分析.pdf
MDAF0002258,安硕信息,核心竞争力,14,公司开发的软件具有较强的专业性，不但要具备良好的软件开发能力，还要能够了解客户的业务及管理过程，所以公司需要大量的复合型人才。,300380.SZ,4,报告页码,（三）人才积累是根本,正文,300380.SZ_安硕信息_2025_管理层讨论与分析.pdf
MDAF0002259,安硕信息,核心竞争力,14,公司总部位于上海，拥有多家子公司和重庆、厦门、深圳、苏州、成都、北京、杨浦、西安、杭州、合肥、武汉、新疆等十二家分公司，同时公司下设若干地方业务团队。,300380.SZ,4,报告页码,（五）营销及服务网络覆盖全国,正文,300380.SZ_安硕信息_2025_管理层讨论与分析.pdf
MDAF0002260,安硕信息,核心竞争力,14,公司有三千多名专业技术人才分布在全国各地为客户提供现场服务，能够快速地、有效率地响应客户需求。,300380.SZ,4,报告页码,（三）人才积累是根本,正文,300380.SZ_安硕信息_2025_管理层讨论与分析.pdf
MDAF0002261,安硕信息,核心竞争力,14,公司经过多年的发展和不断优化的人力资源管理，形成自身的人才招聘、培训、晋升模式，聚集了一批能够支持公司业务持续发展的复合型人才。,300380.SZ,4,报告页码,（三）人才积累是根本,正文,300380.SZ_安硕信息_2025_管理层讨论与分析.pdf
MDAF0002262,安硕信息,核心竞争力,14,公司自成立以来一直聚焦于银行信贷风险管理领域，积累了丰富的行业知识和经验，并将其融入系列化的软件产品中，公司经过多年的聚焦经营，积累了大量优质客户，在向客户持续提供服务的过程中不断升级改造服务品质和服务质量，公司和客户共同成长进步，形成了较为紧密的信任合作关系。,300380.SZ,4,报告页码,（一）长期专注持续服务优势,正文,300380.SZ_安硕信息_2025_管理层讨论与分析.pdf
MDAF0002263,安硕信息,核心竞争力,14,因监管部门以及客户对金融机构的业务管理系统稳定性和服务需求响应有较高要求，且要求技术开发的供应商有持续服务能力，进入银行供应商名单尤其是主要业务管理系统的供应商名单具有一定的难度。,300380.SZ,4,报告页码,（一）长期专注持续服务优势,正文,300380.SZ_安硕信息_2025_管理层讨论与分析.pdf
MDAF0002264,安硕信息,核心竞争力,14,在长期为银行业信息化提供服务的过程中，公司树立了良好的品牌形象，已成为业内拥有较高知名度和美誉度的品牌，服务质量和技术水平得到业界公认。,300380.SZ,4,报告页码,（四）品牌优势,正文,300380.SZ_安硕信息_2025_管理层讨论与分析.pdf
MDAF0002265,安硕信息,核心竞争力,14,目前，公司研发部已经形成了一支专业、高效的队伍，每年为项目组和客户提供了大量的升级产品和技术改进方案，在业内取得高度评价。,300380.SZ,4,报告页码,（二）研发竞争力优势,正文,300380.SZ_安硕信息_2025_管理层讨论与分析.pdf
MDAF0002266,安硕信息,核心竞争力,14,软件企业的发展，人才是关键，人才是全部战略的基础。,300380.SZ,4,报告页码,（三）人才积累是根本,正文,300380.SZ_安硕信息_2025_管理层讨论与分析.pdf
MDAF0002267,安硕信息,研发投入,20,主要研发项目名称：基于人工智能技术的智慧信贷系统。,300380.SZ,10,报告页码,,表格行,300380.SZ_安硕信息_2025_管理层讨论与分析.pdf
MDAF0002268,安硕信息,研发投入,20,拟达到的目标：公司将继续专注金融资产管理领域，以金。,300380.SZ,10,报告页码,,表格行,300380.SZ_安硕信息_2025_管理层讨论与分析.pdf
MDAF0002269,安硕信息,研发投入,20,拟达到的目标：新平台覆盖新型分布式、微服务应用软件。,300380.SZ,10,报告页码,,表格行,300380.SZ_安硕信息_2025_管理层讨论与分析.pdf
MDAF0002270,安硕信息,研发投入,20,项目目的：本项目通过整合多维度数据、运用先进的。,300380.SZ,10,报告页码,,表格行,300380.SZ_安硕信息_2025_管理层讨论与分析.pdf
MDAF0002271,安硕信息,研发投入,20,项目进展：围绕项目整体目标， 已将项目拆分为11个。,300380.SZ,10,报告页码,,表格行,300380.SZ_安硕信息_2025_管理层讨论与分析.pdf
MDAF0002272,安硕信息,研发投入,20,适用。,300380.SZ,10,报告页码,,选项,300380.SZ_安硕信息_2025_管理层讨论与分析.pdf
MDAF0002273,安硕信息,研发投入,21,从设计开发到运维的全生命周期，可以大幅简化复杂应用软件的开发和维护。以人工智能为核心驱动力的下一代信贷系统， 聚焦打造具备深度智慧能力的软件版本。 系统以全业务场景AI 赋能为核心方向，将人工智能技术与信贷业务深度融合，全面覆盖贷前客户准入、 信用评估，贷中风险监控、资金流向追踪，贷后逾期催收、 风险处置等关键环节：充分利用大数据、AI 智能技术，拓展完善。,300380.SZ,11,报告页码,,表格行,300380.SZ_安硕信息_2025_管理层讨论与分析.pdf
MDAF0002274,安硕信息,研发投入,21,全面风险数智化管理平台。,300380.SZ,11,报告页码,,表格行,300380.SZ_安硕信息_2025_管理层讨论与分析.pdf
MDAF0002275,安硕信息,研发投入,21,全面风险数智化管理平台不仅可敏捷响应。,300380.SZ,11,报告页码,,表格行,300380.SZ_安硕信息_2025_管理层讨论与分析.pdf
MDAF0002276,安硕信息,研发投入,21,全面风险预警监测平台1、系统梳理监管。,300380.SZ,11,报告页码,,表格行,300380.SZ_安硕信息_2025_管理层讨论与分析.pdf
MDAF0002277,安硕信息,研发投入,21,在公司现有的风险管理平台中新增数智风。,300380.SZ,11,报告页码,,表格行,300380.SZ_安硕信息_2025_管理层讨论与分析.pdf
MDAF0002278,高伟达,核心竞争力,12,依托公司完备的产品线，丰富的项目管理能力和突出的研发实力，公司成为能够提供金融领域信息化完整解决方案的IT 服务商之一。,300465.SZ,3,报告页码,3、行业地位和提供整体解决方案的能力,正文,300465.SZ_高伟达_2025_管理层讨论与分析.pdf
MDAF0002279,高伟达,核心竞争力,12,公司与许多优质客户建立了长期稳定的合作关系，并伴随着客户信息化成长的各个阶段，成为了许多客户信息化进程的主要参与者。,300465.SZ,3,报告页码,2、品牌与客户资源优势,正文,300465.SZ_高伟达_2025_管理层讨论与分析.pdf
MDAF0002280,高伟达,核心竞争力,12,公司从2023年开始，将研发方向和业务升级方向逐渐向人工智能等新的技术方向转移倾斜，并逐渐在一些技术领域形成的自身业务的主导方向。,300465.SZ,3,报告页码,1、持续的技术和业务创新能力,正文,300465.SZ_高伟达_2025_管理层讨论与分析.pdf
MDAF0002281,高伟达,核心竞争力,12,公司从研发理念、组织机构、创新机制和管理制度等方面进行了系统的构建。,300465.SZ,3,报告页码,1、持续的技术和业务创新能力,正文,300465.SZ_高伟达_2025_管理层讨论与分析.pdf
MDAF0002282,高伟达,核心竞争力,12,公司是北京市高新技术企业。,300465.SZ,3,报告页码,1、持续的技术和业务创新能力,正文,300465.SZ_高伟达_2025_管理层讨论与分析.pdf
MDAF0002283,高伟达,核心竞争力,12,公司经过多年的技术研发和服务创新，形成了核心业务系统、数据智能应用与服务、全面风险管理、渠道管理与客户经营、云服务与智能运维、金融信创解决方案等具有较强市场竞争力和较高市场占有率的解决方案，上述系统已经成功应用于政策性银行、国有商业银行、股份制银行、城商行及农信社，积累了丰富的应用案例和广泛的客户群，为公司产品升级和市场开拓奠定了良好的基础。,300465.SZ,3,报告页码,3、行业地位和提供整体解决方案的能力,正文,300465.SZ_高伟达_2025_管理层讨论与分析.pdf
MDAF0002284,高伟达,核心竞争力,12,公司自设立以来，专注于以银行业为主的金融信息化领域，一直伴随客户信息化建设的成长，深刻理解行业需求，并在如何提升解决方案运行稳定性方面具备成熟的经验，对于银行业科技需求拥有成熟的、成体系的解决方案。,300465.SZ,3,报告页码,4、丰富的项目实施经验和成熟的技术开发能力,正文,300465.SZ_高伟达_2025_管理层讨论与分析.pdf
MDAF0002285,高伟达,核心竞争力,12,公司高度重视技术研发和产品创新能力的建设，坚持走产品化的IT 产业发展道路，通过技术创新引领产品和服务创新，不断丰富完善技术、产品和服务模式，持续打造公司核心竞争力。,300465.SZ,3,报告页码,1、持续的技术和业务创新能力,正文,300465.SZ_高伟达_2025_管理层讨论与分析.pdf
MDAF0002286,高伟达,核心竞争力,12,在多年的发展过程中，公司积累了一批以银行业为主，涉及保险、证券、基金、信托、融资租赁等行业的优质客户，形成了涵盖政策性银行、国有商业银行、股份制银行、城商行、农商行/农村合作银行、农信社、外资银行、证券公司、大中型保险机构、信托公司、消费金融公司、小贷公司、融资租赁公司、金融资产交易所等在内的完整的、有层次的金融行业客户覆盖，通过优质、全面的软件及服务满足不同客户的各阶段、差异化的信息化需求。,300465.SZ,3,报告页码,2、品牌与客户资源优势,正文,300465.SZ_高伟达_2025_管理层讨论与分析.pdf
MDAF0002287,高伟达,核心竞争力,13,全国性的战略布局不仅提高了公司的客户响应速度，有效提高了客户服务质量，同时有利于公司对于区域性金融机构的客户拓展。,300465.SZ,4,报告页码,6、全国性的战略布局,正文,300465.SZ_高伟达_2025_管理层讨论与分析.pdf
MDAF0002288,高伟达,核心竞争力,13,公司建立了全国性的营销和服务网络。,300465.SZ,4,报告页码,6、全国性的战略布局,正文,300465.SZ_高伟达_2025_管理层讨论与分析.pdf
MDAF0002289,高伟达,核心竞争力,13,公司总部位于北京，拥有遍及北京、深圳、成都、南京、上海、武汉、广州、厦门、西安、香港等多地的子公司和分支机构，同时下设若干地方业务团队，形成了覆盖华北、华东、华南、华中和西南地区的全国性营销及服务网络，公司的客户范围遍及全国绝大多数省、自治区和直辖市。,300465.SZ,4,报告页码,6、全国性的战略布局,正文,300465.SZ_高伟达_2025_管理层讨论与分析.pdf
MDAF0002290,高伟达,核心竞争力,13,公司长期以来培养了一支融合了IT 技术、人工智能技术、银行业务知识及行业管理经验的复合型人才队伍，对于高度复杂的银行信息系统开发具有独到的理解能力和丰富的实施经验，拥有多项核心技术和全部产品的自主知识产权。,300465.SZ,4,报告页码,5、复合型人才储备和稳定的技术、管理团队,正文,300465.SZ_高伟达_2025_管理层讨论与分析.pdf
MDAF0002291,高伟达,核心竞争力,13,金融信息系统自身的复杂性和专业性以及其作为国民经济核心的行业特征，要求开发人员具备丰富的行业经验、复合的知识结构以及技术积累。,300465.SZ,4,报告页码,5、复合型人才储备和稳定的技术、管理团队,正文,300465.SZ_高伟达_2025_管理层讨论与分析.pdf
MDAF0002292,高伟达,研发投入,17,主要研发项目名称：智能催收分析系统。,300465.SZ,8,报告页码,,表格行,300465.SZ_高伟达_2025_管理层讨论与分析.pdf
MDAF0002293,高伟达,研发投入,17,拟达到的目标：1、“智能催收分析系统”是我司人工智能在贷后催收中的应用系统。,300465.SZ,8,报告页码,,表格行,300465.SZ_高伟达_2025_管理层讨论与分析.pdf
MDAF0002294,高伟达,研发投入,17,拟达到的目标：1、提供电话记录智能化处理功能，能够自动、准确地对催收电话的语音文件进行详细总结，以清晰、 有条理的方式呈现关键信息，如催收人员与被催收人员的主要对话内容。,300465.SZ,8,报告页码,,表格行,300465.SZ_高伟达_2025_管理层讨论与分析.pdf
MDAF0002295,高伟达,研发投入,17,拟达到的目标：2、完善公司人工智能场景应用，增加公司在银行人工智能方向的竞争实力和竞争优势，弥补公司在人工智能应用场景下的技术竞争力，提高公司行业影响力。,300465.SZ,8,报告页码,,表格行,300465.SZ_高伟达_2025_管理层讨论与分析.pdf
MDAF0002296,高伟达,研发投入,17,拟达到的目标：2、提供还款能力深度评估，通过基于电话记录中的信息，包括被催收人员的财务状况、职业稳定性、 债务情况等多维度数据，全面评估被催收人还款能力，给出还款能力评估结果，如高、中、低三个等级。,300465.SZ,8,报告页码,,表格行,300465.SZ_高伟达_2025_管理层讨论与分析.pdf
MDAF0002297,高伟达,研发投入,17,拟达到的目标：3、提供还款意愿精准判断，通过分析被。,300465.SZ,8,报告页码,,表格行,300465.SZ_高伟达_2025_管理层讨论与分析.pdf
MDAF0002298,高伟达,研发投入,17,拟达到的目标：具有典型的业务场景，且对银行的催收工作效率有明显的提升。,300465.SZ,8,报告页码,,表格行,300465.SZ_高伟达_2025_管理层讨论与分析.pdf
MDAF0002299,高伟达,研发投入,17,拟达到的目标：实现通话内容关键点高效提取，运用先进的自然语言处理技术，精准识别并提取被催收人员的还款能力相关信息，例如其明确提及的收入来源、资产状况、当前财务困境等；同时深度挖掘被催收人员的还款意愿，如是否主动承诺还款时间、表现出的还款态度是积极还是消极等。,300465.SZ,8,报告页码,,表格行,300465.SZ_高伟达_2025_管理层讨论与分析.pdf
MDAF0002300,高伟达,研发投入,17,项目目的：催收助手的主要功能是将行内的催收语音文件上传到大模型，由大模型对语音文件进行解析，并对语音的内容进行分析，结合与客户的催收问答实现通话内容关键点高效提取，运用先进的自然语言处理技术，精准识别并提取被催收人员的还款能力相关信息，例如其明确提及的收入来源、资产状况、当前财务困境等；同时深度挖掘被催收人员的还款意愿，如是否主动承诺还款时间、 表现出的还款态度是积极还是消极等。,300465.SZ,8,报告页码,,表格行,300465.SZ_高伟达_2025_管理层讨论与分析.pdf
MDAF0002301,高伟达,研发投入,17,项目进展：公司产品的软著正在申请中。,300465.SZ,8,报告页码,,表格行,300465.SZ_高伟达_2025_管理层讨论与分析.pdf
MDAF0002302,高伟达,研发投入,17,项目进展：已完成产品研发， 并在相关客户投产使用，产品经过客户验收，产品功能符合客户预期。,300465.SZ,8,报告页码,,表格行,300465.SZ_高伟达_2025_管理层讨论与分析.pdf
MDAF0002303,高伟达,研发投入,17,适用。,300465.SZ,8,报告页码,,选项,300465.SZ_高伟达_2025_管理层讨论与分析.pdf
MDAF0002304,四方精创,业务概要,10,之能够满足用户特定需求的信息系统。,300468.SZ,1,报告页码,3、系统集成业务：公司提供自身软件产品和采购自第三方的硬件、软件、网络通信等技术和产品的集成服务，使,正文,300468.SZ_四方精创_2025_管理层讨论与分析.pdf
MDAF0002305,四方精创,业务概要,10,公司主营业务为面向金融机构提供数字化转型和数字金融创新的全流程业务解决方案和全生命周期服务，包括业务和技术架构的顾问咨询服务，解决方案的交付，定制化的软件开发和运维服务，以及整合公司和第三方产品与服务的系统集成业务。,300468.SZ,1,报告页码,（一）公司主营业务,正文,300468.SZ_四方精创_2025_管理层讨论与分析.pdf
MDAF0002306,四方精创,业务概要,10,公司主要产品（服务）及用途如下：,300468.SZ,1,报告页码,（一）公司主营业务,正文,300468.SZ_四方精创_2025_管理层讨论与分析.pdf
MDAF0002307,四方精创,业务概要,10,公司是行业领先的金融科技综合解决方案供应商，主要客户为境内外中央银行和大、中型商业银行，是中国银行、四川农商联合银行、香港金融管理局、香港银行同业结算有限公司、中银香港、汇丰银行、恒生银行、东亚银行、华侨银行、建银亚洲、上海商业银行、富邦银行、大新银行、大众银行等境内外知名金融机构的合作伙伴。,300468.SZ,1,报告页码,（二）公司经营模式,正文,300468.SZ_四方精创_2025_管理层讨论与分析.pdf
MDAF0002308,四方精创,业务概要,10,公司通过市场调研，客户需求发掘，技术趋势来制定研发项目计划，开发软件产品；通过招投标、协议销售等直接销售渠道向金融行业客户销售软件产品、服务和系统集成方案；遵循一系列标准化步骤，确保高效、高质量地完成项目并满足客户需求。,300468.SZ,1,报告页码,（二）公司经营模式,正文,300468.SZ_四方精创_2025_管理层讨论与分析.pdf
MDAF0002309,四方精创,业务概要,10,总而言之，公司以业务需求驱动，以产品研发推动销售，通过产品、服务的销售和交付为客户创造业务价值，从而实现自身的利润创造。,300468.SZ,1,报告页码,（二）公司经营模式,正文,300468.SZ_四方精创_2025_管理层讨论与分析.pdf
MDAF0002310,四方精创,业务概要,10,报告期内公司围绕市场和客户需求运作，组织自身的生产经营活动，主要的经营活动包括研发、销售和交付。,300468.SZ,1,报告页码,（二）公司经营模式,正文,300468.SZ_四方精创_2025_管理层讨论与分析.pdf
MDAF0002311,四方精创,业务概要,10,融科技战略、架构与实施的端到端方案建议，进而协助客户对这些建议方案进行验证。,300468.SZ,1,报告页码,2、顾问咨询业务：公司为金融监管机构、商业银行及其他金融机构提供数字化转型咨询服务。包括为客户提供金,正文,300468.SZ_四方精创_2025_管理层讨论与分析.pdf
MDAF0002312,四方精创,业务概要,10,银行和其他金融机构实现数字化转型，提供技术底座、业务中台、业务产品组件、乃至整体金融科技解决方案，以及跨行业场景生态建设服务；根据客户业务、技术需求实施定制化软件开发服务，或者按客户要求为其软件开发项目提供专业的技术资源，涵盖整体方案策划、业务需求分析、架构设计、开发测试等；根据客户要求对客户的软硬件系统进行技术维护。,300468.SZ,1,报告页码,1、金融科技软件开发业务：公司为金融监管机构、金融基础设施运营机构提供金融基础设施开发和维护服务，为,正文,300468.SZ_四方精创_2025_管理层讨论与分析.pdf
MDAF0002313,四方精创,核心竞争力,12,二十年多来公司一直陪伴并助力银行业的数字化转型，同时公司也与行业先锋的监管机构和金融机构一起积极参未来数字化金融的探索，包括首批次参与数字人民币系统开发，全程参与了mBridge，承担多家银行的多期数码港元开发，为Project Ensemble 的中央平台和业务场景全面赋能。,300468.SZ,3,报告页码,2、未来金融的洞察能力和转型引领能力,正文,300468.SZ_四方精创_2025_管理层讨论与分析.pdf
MDAF0002314,四方精创,核心竞争力,12,作为最资深的中国金融数字化转型服务商之一，公司具备强大的研发实力和全面的技术服务能力。,300468.SZ,3,报告页码,1、全面的技术服务能力,正文,300468.SZ_四方精创_2025_管理层讨论与分析.pdf
MDAF0002315,四方精创,核心竞争力,12,公司具备向全球客户提供金融级分布式平台、开放式智能金融微服务平台的全面技术输出能力，能够根据客户需求提供从项目启动到运营维护的全生命周期服务，包括专业的顾问咨询、设计研发、交付运维等各个环节，确保客户在金融科技转型中的每一个环节都能获得专业支持。,300468.SZ,3,报告页码,1、全面的技术服务能力,正文,300468.SZ_四方精创_2025_管理层讨论与分析.pdf
MDAF0002316,四方精创,核心竞争力,12,公司对行业的赋能贯穿创建银行、运营银行、以及设计未来银行。,300468.SZ,3,报告页码,2、未来金融的洞察能力和转型引领能力,正文,300468.SZ_四方精创_2025_管理层讨论与分析.pdf
MDAF0002317,四方精创,核心竞争力,12,公司已取得7项授权专利和345项软件著作权，研发和交付人员占比超90%，本科及以上人员占80%以上。,300468.SZ,3,报告页码,1、全面的技术服务能力,正文,300468.SZ_四方精创_2025_管理层讨论与分析.pdf
MDAF0002318,四方精创,核心竞争力,12,在埋头进行技术探索的同时，公司也抬头思考未来金融业的模式和图景，通过各种途径和业界沟通公司对未来金融的见解。,300468.SZ,3,报告页码,2、未来金融的洞察能力和转型引领能力,正文,300468.SZ_四方精创_2025_管理层讨论与分析.pdf
MDAF0002319,四方精创,核心竞争力,12,基于超过20年的行业深耕，公司构建了贯穿大型主机、开放平台和云原生技术的完整研发能力，形成了高效敏捷的开发体系。,300468.SZ,3,报告页码,1、全面的技术服务能力,正文,300468.SZ_四方精创_2025_管理层讨论与分析.pdf
MDAF0002320,四方精创,核心竞争力,12,针对生成式人工智能技术革命对金融业蕴含的巨大潜力和风险，公司荣幸成为香港金融管理局与香港数码港管理有限公司联合组织的第一与第二期生成式AI 沙盒的官方技术合作伙伴，与监管机构和行业先锋代表一起探索在金融行业确保风险可控前提下，负责任的应用人工智能。,300468.SZ,3,报告页码,2、未来金融的洞察能力和转型引领能力,正文,300468.SZ_四方精创_2025_管理层讨论与分析.pdf
MDAF0002321,四方精创,核心竞争力,13,从监管科技、金融基建到商业银行的商业场景，通过参与多个标杆性项目，公司用技术和服务全程参与金融服务的价值创造。,300468.SZ,4,报告页码,3、全面覆盖银行业的客户生态网络,正文,300468.SZ_四方精创_2025_管理层讨论与分析.pdf
MDAF0002322,四方精创,核心竞争力,13,作为香港最大的数字金融基建服务商，公司在传统金融市场的金融基建阶段已深度参与了区域快速支付、人民币离岸清算、证券交易和托管清算金融基建等多个金融基建平台标杆项目。,300468.SZ,4,报告页码,4、从基建到场景的数字金融创新布局,正文,300468.SZ_四方精创_2025_管理层讨论与分析.pdf
MDAF0002323,四方精创,核心竞争力,13,公司全程参与多边央行数字货币桥（mBridge）基建项目，并助力商业银行接入和落地业务。,300468.SZ,4,报告页码,4、从基建到场景的数字金融创新布局,正文,300468.SZ_四方精创_2025_管理层讨论与分析.pdf
MDAF0002324,四方精创,核心竞争力,13,公司协助香港金管局实施代币化存款与数字资产平台Project Ensemble，并赋能商业银行和金融基建运营商搭建商业场景的闭环。,300468.SZ,4,报告页码,4、从基建到场景的数字金融创新布局,正文,300468.SZ_四方精创_2025_管理层讨论与分析.pdf
MDAF0002325,四方精创,核心竞争力,13,公司在完整的客户网络内形成了积极的正向循环，基于长期服务于金融科技实践的深度业务认知，促进从政策理解到实践落地的良性金融生态。,300468.SZ,4,报告页码,3、全面覆盖银行业的客户生态网络,正文,300468.SZ_四方精创_2025_管理层讨论与分析.pdf
MDAF0002326,四方精创,核心竞争力,13,公司坚持实施全球化战略，致力于境内外业务的协同发展。,300468.SZ,4,报告页码,5、全球化业务运作和交付能力,正文,300468.SZ_四方精创_2025_管理层讨论与分析.pdf
MDAF0002327,四方精创,核心竞争力,13,公司对监管机构、金融基建运营机构、境内外商业银行的全面覆盖，已构建了一个多层级、立体化的客户网络。,300468.SZ,4,报告页码,3、全面覆盖银行业的客户生态网络,正文,300468.SZ_四方精创_2025_管理层讨论与分析.pdf
MDAF0002328,四方精创,核心竞争力,13,公司根据客户特点，形成境内外结合的工作组，将中国境内的技术人才优势延伸到香港，以扁平化的结构确保高效的执行力。,300468.SZ,4,报告页码,5、全球化业务运作和交付能力,正文,300468.SZ_四方精创_2025_管理层讨论与分析.pdf
MDAF0002329,四方精创,核心竞争力,13,公司的服务覆盖香港一半排名前列的零售银行，包括最大三间系统重要性商业银行及多间市场领先的数字银行；在境内公司的服务覆盖国有银行、城商行、省级农商行、大型互联网银行等。,300468.SZ,4,报告页码,3、全面覆盖银行业的客户生态网络,正文,300468.SZ_四方精创_2025_管理层讨论与分析.pdf
MDAF0002330,四方精创,核心竞争力,13,公司致力于为客户提供全流程解决方案与定制化开发服务，完整覆盖金融机构从前端获客、合规审核、交易执行到结算支持的核心业务流程，构建了包括客户存贷款系统、支付结算系统、信贷与风控系统、金融市场业务系统在内的完整的银行业务解决方案，实现了数字金融解决方案从金融基建到商业银行具体业务场景的全面布局。,300468.SZ,4,报告页码,4、从基建到场景的数字金融创新布局,正文,300468.SZ_四方精创_2025_管理层讨论与分析.pdf
MDAF0002331,四方精创,核心竞争力,13,公司领导层兼具国际视野与本土落地经验，董事会成员兼具深厚金融科技行业背景和丰富的经营管理经验，核心技术团队和管理人员中有相当一部分具备跨国企业工作背景。,300468.SZ,4,报告页码,5、全球化业务运作和交付能力,正文,300468.SZ_四方精创_2025_管理层讨论与分析.pdf
MDAF0002332,四方精创,核心竞争力,13,在新一代数字金融基建领域，公司全面发力。,300468.SZ,4,报告页码,4、从基建到场景的数字金融创新布局,正文,300468.SZ_四方精创_2025_管理层讨论与分析.pdf
MDAF0002333,四方精创,核心竞争力,13,基于自研的FINNOSafe 合规化Web3 平台，除成功交付金融基建级别的数字资产平台，公司也为商业银行的数字金融场景探索建设了数字资产代币化平台，覆盖数字资产发行人的链上发行、投资者认购、转让到赎回，以及数字资产平台的货银对付（DvP）结算的全流程。,300468.SZ,4,报告页码,4、从基建到场景的数字金融创新布局,正文,300468.SZ_四方精创_2025_管理层讨论与分析.pdf
MDAF0002334,四方精创,核心竞争力,13,多年来，公司境外业务稳步增长，通过与境内外金融机构建立长期且稳固的合作关系，深入理解了不同文化背景下的商业规则和运作模式，熟悉境内外监管要求和风险管理的专业知识，在跨境业务与结算方面积累了丰富的实践经验，具备了为全球各类金融机构提供敏捷性、规模化、定制化的离岸服务能力，确保客户需求得到合规、安全和高效的满足。,300468.SZ,4,报告页码,5、全球化业务运作和交付能力,正文,300468.SZ_四方精创_2025_管理层讨论与分析.pdf
MDAF0002335,四方精创,研发投入,19,主要研发项目名称：商业银行代币化债券系统V1.0。,300468.SZ,10,报告页码,,表格行,300468.SZ_四方精创_2025_管理层讨论与分析.pdf
MDAF0002336,四方精创,研发投入,19,主要研发项目名称：商业银行同城转账(特快)系统V1.0。,300468.SZ,10,报告页码,,表格行,300468.SZ_四方精创_2025_管理层讨论与分析.pdf
MDAF0002337,四方精创,研发投入,19,拟达到的目标：打造一个基于分布式微服务的商业银行同城转账(特快)系统， 实现高效、快捷、安全的资金转账，提供丰富的支付方式，满足不同客户群体的需求。,300468.SZ,10,报告页码,,表格行,300468.SZ_四方精创_2025_管理层讨论与分析.pdf
MDAF0002338,四方精创,研发投入,19,拟达到的目标：构建一个基于数字货币的商业银行代币化债券系统。,300468.SZ,10,报告页码,,表格行,300468.SZ_四方精创_2025_管理层讨论与分析.pdf
MDAF0002339,四方精创,研发投入,19,拟达到的目标：系统具备高并发、高可用性，保障交易安全，符合监管。,300468.SZ,10,报告页码,,表格行,300468.SZ_四方精创_2025_管理层讨论与分析.pdf
MDAF0002340,四方精创,研发投入,19,拟达到的目标：系统将推动债券业务的数字化、透明化和高效化，降低交易成本， 提升监管水平，促进金融创新，满足客户多元化的金融需求， 助力商业银行在激烈的市场竞争中保持领先地位。,300468.SZ,10,报告页码,,表格行,300468.SZ_四方精创_2025_管理层讨论与分析.pdf
MDAF0002341,四方精创,研发投入,19,项目目的：系统实现债券和代币的全生命周期管理， 包括发行、赎回、转让、派息等功能。,300468.SZ,10,报告页码,,表格行,300468.SZ_四方精创_2025_管理层讨论与分析.pdf
MDAF0002342,四方精创,研发投入,19,项目目的：系统将支持原子性交易，实现实时券款兑付（DVP），并支持交易失败自动回滚。,300468.SZ,10,报告页码,,表格行,300468.SZ_四方精创_2025_管理层讨论与分析.pdf
MDAF0002343,四方精创,研发投入,19,项目目的：系统提供多种转账方式，包括电话号码、电邮地址、特快转账ID 和账户号码， 同时支持缴费和二维码支付功能，满足用。,300468.SZ,10,报告页码,,表格行,300468.SZ_四方精创_2025_管理层讨论与分析.pdf
MDAF0002344,四方精创,研发投入,19,项目目的：系统支持手机号、邮箱、特快转账ID 和身份证注册，确保用户信息真实性和安全性。,300468.SZ,10,报告页码,,表格行,300468.SZ_四方精创_2025_管理层讨论与分析.pdf
MDAF0002345,四方精创,研发投入,19,项目目的：通过区块链技术保障数字资产的安全性和不可篡改性，使用智能合约赋能债券业务， 完成传统金融资产的数字化转型。,300468.SZ,10,报告页码,,表格行,300468.SZ_四方精创_2025_管理层讨论与分析.pdf
MDAF0002346,四方精创,研发投入,19,项目进展：已完成。,300468.SZ,10,报告页码,,表格行,300468.SZ_四方精创_2025_管理层讨论与分析.pdf
MDAF0002347,四方精创,研发投入,19,预计对公司未来发展的影响：丰富了数字货币应用场景，提升金融微服务平台的能力，推进平台产品的持续落地，增强公司在数字货币领域的技术优势和市场竞争力。,300468.SZ,10,报告页码,,表格行,300468.SZ_四方精创_2025_管理层讨论与分析.pdf
MDAF0002348,四方精创,研发投入,19,预计对公司未来发展的影响：丰富了金融微服务平台产品的功能，推进金融微服务平台产品的持续落地，提高公司竞争力。,300468.SZ,10,报告页码,,表格行,300468.SZ_四方精创_2025_管理层讨论与分析.pdf
MDAF0002349,四方精创,研发投入,19,适用。,300468.SZ,10,报告页码,,选项,300468.SZ_四方精创_2025_管理层讨论与分析.pdf
MDAF0002350,四方精创,研发投入,20,丰富了金融微服务平台产品的功能，推进金融微服务平台产品的持续落地，提高公司竞争力。,300468.SZ,11,报告页码,,表格行,300468.SZ_四方精创_2025_管理层讨论与分析.pdf
MDAF0002351,四方精创,研发投入,20,交易完成后，系统即时通知结果并提供确认信息，还支持交易历史和状态查询，增强透明度。,300468.SZ,11,报告页码,,表格行,300468.SZ_四方精创_2025_管理层讨论与分析.pdf
MDAF0002352,四方精创,研发投入,20,同时，系统确保符合监管要求，提升银行的市场竞争力和客户服务质量。,300468.SZ,11,报告页码,,表格行,300468.SZ_四方精创_2025_管理层讨论与分析.pdf
MDAF0002353,四方精创,研发投入,20,商业银行同城转账(实时)系统V1.0。,300468.SZ,11,报告页码,,表格行,300468.SZ_四方精创_2025_管理层讨论与分析.pdf
MDAF0002354,四方精创,研发投入,20,商业银行存款定价系统V1.0。,300468.SZ,11,报告页码,,表格行,300468.SZ_四方精创_2025_管理层讨论与分析.pdf
MDAF0002355,四方精创,研发投入,20,商业银行数字货币预付卡系统V2.0。,300468.SZ,11,报告页码,,表格行,300468.SZ_四方精创_2025_管理层讨论与分析.pdf
MDAF0002356,四方精创,研发投入,20,在商业银行数字货币预付卡系统V1.0 基础上，增加了分类浏览和搜索、购物车、扫码消费、充值、争议申请、商户注册及认证、争议管理、商户注销等功能。,300468.SZ,11,报告页码,,表格行,300468.SZ_四方精创_2025_管理层讨论与分析.pdf
MDAF0002357,四方精创,研发投入,20,在商业银行数字货币预付卡系统V1.0 基础上，通过功能扩展与优化，提升系统性能和用户体验。,300468.SZ,11,报告页码,,表格行,300468.SZ_四方精创_2025_管理层讨论与分析.pdf
MDAF0002358,四方精创,研发投入,20,强化风险管理与合规性，满足监管要求。,300468.SZ,11,报告页码,,表格行,300468.SZ_四方精创_2025_管理层讨论与分析.pdf
MDAF0002359,四方精创,研发投入,20,打造一个基于分布式微服务的商业银行同城转账(实时)系统， 来提升转账效率、保障资金安全、优化用户体验以及满足监管要求等方面，为商业银行的客户提供更加高效、便捷、安全的转账服务。,300468.SZ,11,报告页码,,表格行,300468.SZ_四方精创_2025_管理层讨论与分析.pdf
MDAF0002360,四方精创,研发投入,20,打造一个基于微服务的商业银行存款定价系统，实现精准的定价策略，降低平均存款利息支出，优化存款结构，并提供差异化、个性化的金融产品，满足不同客户群体的需求。,300468.SZ,11,报告页码,,表格行,300468.SZ_四方精创_2025_管理层讨论与分析.pdf
MDAF0002361,四方精创,研发投入,20,提供实时清算与逐笔结算，资金即时到账，同时监控风险、设置限额，确保合规防欺诈。,300468.SZ,11,报告页码,,表格行,300468.SZ_四方精创_2025_管理层讨论与分析.pdf
MDAF0002362,四方精创,研发投入,20,提升了用户体验，增强了系统安全性与合规性，。,300468.SZ,11,报告页码,,表格行,300468.SZ_四方精创_2025_管理层讨论与分析.pdf
MDAF0002363,四方精创,研发投入,20,系统具备以下功能： 实现产品定价管理， 支持多维度定价规则，自动调整浮动利率，管理不同渠道的存款产品定价；提供客户差异化定价，通过客户细分，为不同客户提供定制化利率策略；进行风险和合规管理，实时评估风险，确保定价策略符合监管要求，降低操作风险；开展利率模拟与预测，模拟市场反应，预测利率走势，为定价提供科学依据。,300468.SZ,11,报告页码,,表格行,300468.SZ_四方精创_2025_管理层讨论与分析.pdf
MDAF0002364,四方精创,研发投入,20,系统支持多渠道支付请求，确保交易准确高效。,300468.SZ,11,报告页码,,表格行,300468.SZ_四方精创_2025_管理层讨论与分析.pdf
MDAF0002365,四方精创,研发投入,20,这些功能将实现高效、快捷、安全的同城转账（实时） 服务，提升支付效率，降低风险，优化客户体验，助力银行数字化转型。,300468.SZ,11,报告页码,,表格行,300468.SZ_四方精创_2025_管理层讨论与分析.pdf
MDAF0002366,四方精创,研发投入,20,通过技术创新，提升市场竞争力，推动预付式消费行业的数字化转。,300468.SZ,11,报告页码,,表格行,300468.SZ_四方精创_2025_管理层讨论与分析.pdf
MDAF0002367,四方精创,研发投入,20,通过这些功能提升定价管理能力， 助力银行在竞争中保持优势，吸引存款资金，扩大市场份额。,300468.SZ,11,报告页码,,表格行,300468.SZ_四方精创_2025_管理层讨论与分析.pdf
MDAF0002368,四方精创,研发投入,21,PlatformUnicorn-技术底座组件2024年度版本升级。,300468.SZ,12,报告页码,,表格行,300468.SZ_四方精创_2025_管理层讨论与分析.pdf
MDAF0002369,四方精创,研发投入,21,V3.0 在V2.0 基础上增加商户管理、 跨行支付等功能，优化交易记录查询，提。,300468.SZ,12,报告页码,,表格行,300468.SZ_四方精创_2025_管理层讨论与分析.pdf
MDAF0002370,四方精创,研发投入,21,使用快搭平台，能够利用低代码形式通过组件化方式快速构建系统，尤其适用于 MVC 架构。,300468.SZ,12,报告页码,,表格行,300468.SZ_四方精创_2025_管理层讨论与分析.pdf
MDAF0002371,四方精创,研发投入,21,在V1.0 基础上，利用区块链技术实现 rCBDC 全生命周期管理，包括发行、赎回、转账等功能。,300468.SZ,12,报告页码,,表格行,300468.SZ_四方精创_2025_管理层讨论与分析.pdf
MDAF0002372,四方精创,研发投入,21,基于MVC 架构的标准化技术底座，开发者可专注于业务本身，实现高效、灵活的系统开发与扩展，提升开发效率和系统稳定性。,300468.SZ,12,报告页码,,表格行,300468.SZ_四方精创_2025_管理层讨论与分析.pdf
MDAF0002373,四方精创,研发投入,21,基于区块链技术，新增零售型央行数字货币 （rCBDC）的发行、赎回、转移等功能，以满足客户在日常消费零售领域应用央行数字货币的需求，进一步推动数字货币技术在金融市场基础设施中的应用与发展。,300468.SZ,12,报告页码,,表格行,300468.SZ_四方精创_2025_管理层讨论与分析.pdf
MDAF0002374,四方精创,研发投入,21,基于区块链的数字货币电子钱包应用(银行端) V3.0。,300468.SZ,12,报告页码,,表格行,300468.SZ_四方精创_2025_管理层讨论与分析.pdf
MDAF0002375,四方精创,研发投入,21,它还将提高开发效率，简化开发流程，并保持系统的竞争力与可维护性， 确保与最新框架和库的兼容性。,300468.SZ,12,报告页码,,表格行,300468.SZ_四方精创_2025_管理层讨论与分析.pdf
MDAF0002376,四方精创,研发投入,21,完善了数字货币应用场景的功能，提升金融微服务平台的能力，推进平台产品的持续落地，增强公司在数字货币领域的技术优势和市场竞争力。,300468.SZ,12,报告页码,,表格行,300468.SZ_四方精创_2025_管理层讨论与分析.pdf
MDAF0002377,四方精创,研发投入,21,完善了金融微服务平台产品的功能，推进金融微服务平台产品的持续落地，提高公司竞争力。,300468.SZ,12,报告页码,,表格行,300468.SZ_四方精创_2025_管理层讨论与分析.pdf
MDAF0002378,四方精创,研发投入,21,平台将提供标准化组件和模块，支持多种业务场景，降低架构设计与实施成本。,300468.SZ,12,报告页码,,表格行,300468.SZ_四方精创_2025_管理层讨论与分析.pdf
MDAF0002379,四方精创,研发投入,21,平台致力于以最少的手写代码和设置快速开发、配置和部署业务应用程序，降低开发人员工作量，满足企业数字化转型中高效开发需求，助力企业级系统建设。,300468.SZ,12,报告页码,,表格行,300468.SZ_四方精创_2025_管理层讨论与分析.pdf
MDAF0002380,四方精创,研发投入,21,推动数字货币在消费者、商家、企业和政府之间的发放与应用，构建完善的数字货币生态系统。,300468.SZ,12,报告页码,,表格行,300468.SZ_四方精创_2025_管理层讨论与分析.pdf
MDAF0002381,四方精创,研发投入,21,提升公司的软件开发效率和交付能力，更灵活地应对市场变化，增强在金融科技领域的竞争力。,300468.SZ,12,报告页码,,表格行,300468.SZ_四方精创_2025_管理层讨论与分析.pdf
MDAF0002382,四方精创,研发投入,21,数字货币基础平台系统（清算中心版） V2.0。,300468.SZ,12,报告页码,,表格行,300468.SZ_四方精创_2025_管理层讨论与分析.pdf
MDAF0002383,四方精创,研发投入,21,旨在基于公司的 PlatformUnicorn 平台，利用主流开源技术打造一款集成 Mobile UI 及Web 的电子钱包应用，推动数字货币的发放与应用。,300468.SZ,12,报告页码,,表格行,300468.SZ_四方精创_2025_管理层讨论与分析.pdf
MDAF0002384,四方精创,研发投入,21,本项目通过引入新语言特性、框架功能和工具，旨在提升系统性能、优化启动时间和运行效率，同时增强安全性、修复旧版本漏洞。,300468.SZ,12,报告页码,,表格行,300468.SZ_四方精创_2025_管理层讨论与分析.pdf
MDAF0002385,四方精创,研发投入,21,组件化快搭开发平台 V1.0。,300468.SZ,12,报告页码,,表格行,300468.SZ_四方精创_2025_管理层讨论与分析.pdf
MDAF0002386,四方精创,研发投入,21,通过升级， 提升系统的性能、安全性和开发效率，保持系统的竞争力和可维护性，同时满足客户对平台技术栈的版本要求。,300468.SZ,12,报告页码,,表格行,300468.SZ_四方精创_2025_管理层讨论与分析.pdf
MDAF0002387,四方精创,研发投入,21,通过快搭平台，实现五大可视化功能（页面搭建、模型设计、 流程设计、分析、集成）和三大标准化目标（组件、模块、技术底座）。,300468.SZ,12,报告页码,,表格行,300468.SZ_四方精创_2025_管理层讨论与分析.pdf
MDAF0002388,四方精创,研发投入,21,通过提升数字货币的交易速度、降低成本、增强安全性，促进其广泛应用。,300468.SZ,12,报告页码,,表格行,300468.SZ_四方精创_2025_管理层讨论与分析.pdf
MDAF0002389,四方精创,研发投入,21,通过智能合约赋能数字货币，扩充业务场景；采用标准报文降低集成复杂性；同时，通过模块化设计和金融服务集成，提升系统的灵活性和可扩展性，推动金融创新和普惠金融发展。,300468.SZ,12,报告页码,,表格行,300468.SZ_四方精创_2025_管理层讨论与分析.pdf
MDAF0002390,四方精创,研发投入,21,项目旨在对 PlatformUnicorn 平台进行技术升级，涵盖从JDK 升级、 Spring Boot 升级以及Vue 2 到Vue 3 的迁移等。,300468.SZ,12,报告页码,,表格行,300468.SZ_四方精创_2025_管理层讨论与分析.pdf
MDAF0002391,四方精创,研发投入,21,项目旨在对《数字货币基础平台系统（清算中心版）V1.0》进行功能升级。,300468.SZ,12,报告页码,,表格行,300468.SZ_四方精创_2025_管理层讨论与分析.pdf
MDAF0002392,四方精创,研发投入,22,V3.0 在 V2.0 基础上增加积分支付、优惠券买卖、 发行与赠送、组合支付等功能，优化优惠券过期交易场景，新增预付卡和订阅卡交易功能。,300468.SZ,13,报告页码,,表格行,300468.SZ_四方精创_2025_管理层讨论与分析.pdf
MDAF0002393,四方精创,研发投入,22,V3.0 在V2.0 基础上增加预付卡和订阅卡业务模块，推出卡券二手市场，优化交易记录查询与统计，提升账户管理与资金划转功能，通过公链实现多数字货币管理， 满足多样化需求，增强数据安全与隐私保护，为商户提供高效、安全的支付和财务管理工具。,300468.SZ,13,报告页码,,表格行,300468.SZ_四方精创_2025_管理层讨论与分析.pdf
MDAF0002394,四方精创,研发投入,22,利用互联网与移动技术，构建统一数字化协同平台，整合分散业务功能。,300468.SZ,13,报告页码,,表格行,300468.SZ_四方精创_2025_管理层讨论与分析.pdf
MDAF0002395,四方精创,研发投入,22,基于区块链的数字货币电子钱包应用(商户端) V3.0。,300468.SZ,13,报告页码,,表格行,300468.SZ_四方精创_2025_管理层讨论与分析.pdf
MDAF0002396,四方精创,研发投入,22,基于区块链的数字货币电子钱包应用(客户端) V3.0。,300468.SZ,13,报告页码,,表格行,300468.SZ_四方精创_2025_管理层讨论与分析.pdf
MDAF0002397,四方精创,研发投入,22,完善了数字化协同办公场景的功能，提升企业流程自动化与数据互通能力，推进管理向高效智能转型， 增强公司在数字化转型领域的技术优势和市场竞争力。,300468.SZ,13,报告页码,,表格行,300468.SZ_四方精创_2025_管理层讨论与分析.pdf
MDAF0002398,四方精创,研发投入,22,完善了数字货币应用场景的功能，提升金融微服务平台的能力，推进平台产品的持续落地，增强公司在数字货币领域的技术优势和市场竞争力。,300468.SZ,13,报告页码,,表格行,300468.SZ_四方精创_2025_管理层讨论与分析.pdf
MDAF0002399,四方精创,研发投入,22,建成集PC 与移动端于一体的数字化协同办公系统V1.0。,300468.SZ,13,报告页码,,表格行,300468.SZ_四方精创_2025_管理层讨论与分析.pdf
MDAF0002400,四方精创,研发投入,22,数字化协同办公系统 V1.0。,300468.SZ,13,报告页码,,表格行,300468.SZ_四方精创_2025_管理层讨论与分析.pdf
MDAF0002401,四方精创,研发投入,22,旨在基于公司的 PlatformUnicorn 平台，利用主流开源技术打造一款集成 Mobile UI 及Web 的电子钱包应用，解决消费者、商家、企业和政府之间的关联问题，促进数字货币的发放与应用。,300468.SZ,13,报告页码,,表格行,300468.SZ_四方精创_2025_管理层讨论与分析.pdf
MDAF0002402,四方精创,研发投入,22,旨在开发一款基于区块链技术的数字货币电子钱包应用，满足商户和消费者对高效、便捷、安全支付的需求。,300468.SZ,13,报告页码,,表格行,300468.SZ_四方精创_2025_管理层讨论与分析.pdf
MDAF0002403,四方精创,研发投入,22,旨在解决传统办公效率低、沟通障碍及信息孤岛痛点。,300468.SZ,13,报告页码,,表格行,300468.SZ_四方精创_2025_管理层讨论与分析.pdf
MDAF0002404,四方精创,研发投入,22,构建一个功能集中、 界面友好、高可用性和高并发处理能力的数字货币电子钱包应用。,300468.SZ,13,报告页码,,表格行,300468.SZ_四方精创_2025_管理层讨论与分析.pdf
MDAF0002405,四方精创,研发投入,22,核心实现统一入口、身份及消息管理；基于 Flowable 引擎构建可视化流程与表单设计器，支持物料、用。,300468.SZ,13,报告页码,,表格行,300468.SZ_四方精创_2025_管理层讨论与分析.pdf
MDAF0002406,四方精创,研发投入,22,满足商户对高效、便捷、安全支付方式的需求。,300468.SZ,13,报告页码,,表格行,300468.SZ_四方精创_2025_管理层讨论与分析.pdf
MDAF0002407,四方精创,研发投入,22,解决消费者、商家、企业和政府间的关联问题，促进数字货币的发放与应用。,300468.SZ,13,报告页码,,表格行,300468.SZ_四方精创_2025_管理层讨论与分析.pdf
MDAF0002408,四方精创,研发投入,22,通过公链实现多数字货币管理， 提升数据安全与隐私保护，为用户提供高效、安全、便捷的数字货币管理和交易体验。,300468.SZ,13,报告页码,,表格行,300468.SZ_四方精创_2025_管理层讨论与分析.pdf
MDAF0002409,四方精创,研发投入,22,通过提供与多种主流数字货币兼容的 block-explorer API，满足用户多样化需求，推动数字货币的广泛应用和普及.。,300468.SZ,13,报告页码,,表格行,300468.SZ_四方精创_2025_管理层讨论与分析.pdf
MDAF0002410,四方精创,研发投入,22,通过整合多种主流开源技术，为商户提供一站式的数字货币管理平台，促进数字货币的发放与应用。,300468.SZ,13,报告页码,,表格行,300468.SZ_四方精创_2025_管理层讨论与分析.pdf
MDAF0002411,四方精创,研发投入,22,通过规范流程与数据互通，打破部门。,300468.SZ,13,报告页码,,表格行,300468.SZ_四方精创_2025_管理层讨论与分析.pdf
MDAF0002412,四方精创,研发投入,22,通过集成多种主流开源技术，支持Web 和移动端UI， 提供多种数字货币管理、消费平台支持。,300468.SZ,13,报告页码,,表格行,300468.SZ_四方精创_2025_管理层讨论与分析.pdf
MDAF0002413,四方精创,研发投入,23,代币化业务服务区块链平台V1.0。,300468.SZ,14,报告页码,,表格行,300468.SZ_四方精创_2025_管理层讨论与分析.pdf
MDAF0002414,四方精创,研发投入,23,代币化交互服务网关平台V1.0。,300468.SZ,14,报告页码,,表格行,300468.SZ_四方精创_2025_管理层讨论与分析.pdf
MDAF0002415,四方精创,研发投入,23,代币化金融服务SAAS 平台V1.0。,300468.SZ,14,报告页码,,表格行,300468.SZ_四方精创_2025_管理层讨论与分析.pdf
MDAF0002416,四方精创,研发投入,23,作为连接传统金融与区块链的中间件，平台通过标准化接口与安全鉴权机制，打破数据孤岛，实现资产代币化的高效流通。,300468.SZ,14,报告页码,,表格行,300468.SZ_四方精创_2025_管理层讨论与分析.pdf
MDAF0002417,四方精创,研发投入,23,其核心在于降低技术门槛，确保交易透明不可篡改，满足监管合规要求，推动金融机构利用区块链技术创新业务模式，构建安全、开放、高效的数字金融生态。,300468.SZ,14,报告页码,,表格行,300468.SZ_四方精创_2025_管理层讨论与分析.pdf
MDAF0002418,四方精创,研发投入,23,内置合规审批与跨行通信能力，达成降本增效、 杜绝欺诈及快速响应市场的效益。,300468.SZ,14,报告页码,,表格行,300468.SZ_四方精创_2025_管理层讨论与分析.pdf
MDAF0002419,四方精创,研发投入,23,利用去中心化技术降低信任成本，打破数据孤岛，满足金融机构对多样化数字资产的。,300468.SZ,14,报告页码,,表格行,300468.SZ_四方精创_2025_管理层讨论与分析.pdf
MDAF0002420,四方精创,研发投入,23,可以支持债券、基金、预付卡等资产的发行、交易及赎回流程；实现收款自动兑换法币。,300468.SZ,14,报告页码,,表格行,300468.SZ_四方精创_2025_管理层讨论与分析.pdf
MDAF0002421,四方精创,研发投入,23,基于微服务架构与容器化部署，确保高并发下的系统稳定性与安全性。,300468.SZ,14,报告页码,,表格行,300468.SZ_四方精创_2025_管理层讨论与分析.pdf
MDAF0002422,四方精创,研发投入,23,基于微服务架构提供可组装组件，利用智能合约自动化结算，确保交易链上可追溯。,300468.SZ,14,报告页码,,表格行,300468.SZ_四方精创_2025_管理层讨论与分析.pdf
MDAF0002423,四方精创,研发投入,23,完善了多场景代币化业务服务功能，提升区块链平台资产发行与智能合约能力，推进金融业务数字化高效落地，增强公司在 Web 3 金融基建领域的技术优势和市场竞争力。,300468.SZ,14,报告页码,,表格行,300468.SZ_四方精创_2025_管理层讨论与分析.pdf
MDAF0002424,四方精创,研发投入,23,完善了多场景资产代币化的金融功能，提升金融微服务平台服务与风控能力，推进金融业务高效合规落地，增强公司在Web 3 金融基建领域的技术优势和市场竞争力。,300468.SZ,14,报告页码,,表格行,300468.SZ_四方精创_2025_管理层讨论与分析.pdf
MDAF0002425,四方精创,研发投入,23,完善了多链适配的代币化交互功能，提升金融平台跨链互通与合规风控能力，推进资产数字化高效流转，增强公司在Web 3 金融基建领域的技术优势和市场竞争力。,300468.SZ,14,报告页码,,表格行,300468.SZ_四方精创_2025_管理层讨论与分析.pdf
MDAF0002426,四方精创,研发投入,23,建成基于 Hyperledger Besu 的代币化业务服务区块链平台V1.0。,300468.SZ,14,报告页码,,表格行,300468.SZ_四方精创_2025_管理层讨论与分析.pdf
MDAF0002427,四方精创,研发投入,23,建成多场景代币化金融SaaS 平台V1.0。,300468.SZ,14,报告页码,,表格行,300468.SZ_四方精创_2025_管理层讨论与分析.pdf
MDAF0002428,四方精创,研发投入,23,建成支持多链适配的代币化交互服务网关平台V1.0。,300468.SZ,14,报告页码,,表格行,300468.SZ_四方精创_2025_管理层讨论与分析.pdf
MDAF0002429,四方精创,研发投入,23,支持 ISO 20022 标准对接，实现2 秒内交易终局性与数据合规。,300468.SZ,14,报告页码,,表格行,300468.SZ_四方精创_2025_管理层讨论与分析.pdf
MDAF0002430,四方精创,研发投入,23,旨在解决传统资产流动性低、履约风险高及信任缺失痛点。,300468.SZ,14,报告页码,,表格行,300468.SZ_四方精创_2025_管理层讨论与分析.pdf
MDAF0002431,四方精创,研发投入,23,旨在解决传统金融业务场景单一、资产流动性低及区块链接入门槛高的问题。,300468.SZ,14,报告页码,,表格行,300468.SZ_四方精创_2025_管理层讨论与分析.pdf
MDAF0002432,四方精创,研发投入,23,旨在解决金融服务平台与区块链技术对接难、资产流动性低及信任成本高的问题。,300468.SZ,14,报告页码,,表格行,300468.SZ_四方精创_2025_管理层讨论与分析.pdf
MDAF0002433,四方精创,研发投入,23,最终满足多样化金融需求，推动行业向高效、智能、合规的数字化转型。,300468.SZ,14,报告页码,,表格行,300468.SZ_四方精创_2025_管理层讨论与分析.pdf
MDAF0002434,四方精创,研发投入,23,最终达成资产数字化转化、 跨链无缝互通、交易自动化执行及合规风险可控。,300468.SZ,14,报告页码,,表格行,300468.SZ_四方精创_2025_管理层讨论与分析.pdf
MDAF0002435,四方精创,研发投入,23,构建兼容债券、存款、预付卡等多场景的区块链基础服务平台，通过资产代币化提升交易效率与透明度。,300468.SZ,14,报告页码,,表格行,300468.SZ_四方精创_2025_管理层讨论与分析.pdf
MDAF0002436,四方精创,研发投入,23,核心实现 Token 全生命周期管理（发行、流转、销毁）及DVP/PVP 交易场景；集成ISO20022 与SWIFT 报文处理， 打通银行核心系统； 提供细粒度鉴权、实时监控与日志审计功能。,300468.SZ,14,报告页码,,表格行,300468.SZ_四方精创_2025_管理层讨论与分析.pdf
MDAF0002437,四方精创,研发投入,23,核心实现区块链钱包管理、 Token 全生命周期操作（发币、转账、销毁）及债券、预付卡、积分等多场景智能合约服务。,300468.SZ,14,报告页码,,表格行,300468.SZ_四方精创_2025_管理层讨论与分析.pdf
MDAF0002438,四方精创,研发投入,23,通过资产代币化提升交易效率，依托链上不可篡改特性与严格合规监管，构建安全透明的信任机制，防止资金挪用。,300468.SZ,14,报告页码,,表格行,300468.SZ_四方精创_2025_管理层讨论与分析.pdf
MDAF0002439,四方精创,研发投入,23,顺应金融数字化趋势，利用区块链技术重构服务模式。,300468.SZ,14,报告页码,,表格行,300468.SZ_四方精创_2025_管理层讨论与分析.pdf
MDAF0002440,四方精创,研发投入,24,丰富了数字货币应用场景，提升金融微服务平台的能力，推进平台产品的持续落地，增强公司在数字货币领域的技术优势和市场竞争力。,300468.SZ,15,报告页码,,表格行,300468.SZ_四方精创_2025_管理层讨论与分析.pdf
MDAF0002441,四方精创,研发投入,24,升级了相关管理系统的功能，提高公司在相关产品的市场竞争力。,300468.SZ,15,报告页码,,表格行,300468.SZ_四方精创_2025_管理层讨论与分析.pdf
MDAF0002442,四方精创,研发投入,24,基于 Hyperledger Besu 与智能合约，实现多币种wCBDC 的发行、流转及PVP/DVP 原子化交易，支持ISO 20022 标准报文交互。,300468.SZ,15,报告页码,,表格行,300468.SZ_四方精创_2025_管理层讨论与分析.pdf
MDAF0002443,四方精创,研发投入,24,基于V1.0 基础， 深化商业银行端应用，构建连接境内外央行与商行的区块链网络。,300468.SZ,15,报告页码,,表格行,300468.SZ_四方精创_2025_管理层讨论与分析.pdf
MDAF0002444,四方精创,研发投入,24,基于微服务架构提升高并发处理能力，完善权限下放与安全加密传输。,300468.SZ,15,报告页码,,表格行,300468.SZ_四方精创_2025_管理层讨论与分析.pdf
MDAF0002445,四方精创,研发投入,24,完成基于React Native 的跨平台项目实战，打通从环境搭建、组件封装到部署上线的全流程。,300468.SZ,15,报告页码,,表格行,300468.SZ_四方精创_2025_管理层讨论与分析.pdf
MDAF0002446,四方精创,研发投入,24,建成2025 版项目管理系统，核心实现员工自助填报人力数据及多级审批确认机制； 新增立项编码维护、 项目需求细化绑定及产值预估统计功能； 优化闲置人员算法与项目全生命周期管理 （含场地变更、阶段偏离度计算）。,300468.SZ,15,报告页码,,表格行,300468.SZ_四方精创_2025_管理层讨论与分析.pdf
MDAF0002447,四方精创,研发投入,24,建成跨境数字货币清结算系统（商业银行版）V2.0。,300468.SZ,15,报告页码,,表格行,300468.SZ_四方精创_2025_管理层讨论与分析.pdf
MDAF0002448,四方精创,研发投入,24,强化数据安全性与流程规范性，打破信息孤岛， 降低沟通与维护成本，为管理层提供直观的数据支撑，助力企业高效配置资源， 提升整体运营效能。,300468.SZ,15,报告页码,,表格行,300468.SZ_四方精创_2025_管理层讨论与分析.pdf
MDAF0002449,四方精创,研发投入,24,提升了React Native 跨平台开发能力，提升移动应用交付效率与质量，推进技术栈统一和团队协同，增强公司在前端工程化领域的技术优势和市场竞争力。,300468.SZ,15,报告页码,,表格行,300468.SZ_四方精创_2025_管理层讨论与分析.pdf
MDAF0002450,四方精创,研发投入,24,攻克状态管理、性能优化及原生模块交互等技术难点，形成涵盖编码规范、组件库选型、安全策略及构建部署的实施规范体系。,300468.SZ,15,报告页码,,表格行,300468.SZ_四方精创_2025_管理层讨论与分析.pdf
MDAF0002451,四方精创,研发投入,24,旨在填补公司在 React Native 跨平台开发领域的技术空白，应对移动应用高效迭代的市场需求。,300468.SZ,15,报告页码,,表格行,300468.SZ_四方精创_2025_管理层讨论与分析.pdf
MDAF0002452,四方精创,研发投入,24,旨在应对全球央行数字货币（CBDC）发展趋势，解决传统跨境支付成本高、效率低及结算风险大等痛点。,300468.SZ,15,报告页码,,表格行,300468.SZ_四方精创_2025_管理层讨论与分析.pdf
MDAF0002453,四方精创,研发投入,24,旨在解决传统管理模式下面临的团队庞大、人员流动频繁及项目变更复杂等痛点。,300468.SZ,15,报告页码,,表格行,300468.SZ_四方精创_2025_管理层讨论与分析.pdf
MDAF0002454,四方精创,研发投入,24,最终达成人力投入精准量化、项目成本透明可控、审批流程高效闭环的管理效益。,300468.SZ,15,报告页码,,表格行,300468.SZ_四方精创_2025_管理层讨论与分析.pdf
MDAF0002455,四方精创,研发投入,24,构建统一的技术栈，提升团队在iOS 与 Android 双端的开发。,300468.SZ,15,报告页码,,表格行,300468.SZ_四方精创_2025_管理层讨论与分析.pdf
MDAF0002456,四方精创,研发投入,24,核心新增代理行数字货币管理及白名单功能，优化本外币兑换、赎回及跨境交易流程。,300468.SZ,15,报告页码,,表格行,300468.SZ_四方精创_2025_管理层讨论与分析.pdf
MDAF0002457,四方精创,研发投入,24,确保交易实时兑付、失败自动回滚及全程可溯源，达成提升跨境结算效率、降低流动性风险及增强监管合规性的实施效益。,300468.SZ,15,报告页码,,表格行,300468.SZ_四方精创_2025_管理层讨论与分析.pdf
MDAF0002458,四方精创,研发投入,24,移动框架React Native 应用技术预研。,300468.SZ,15,报告页码,,表格行,300468.SZ_四方精创_2025_管理层讨论与分析.pdf
MDAF0002459,四方精创,研发投入,24,跨境数字货币清结算系统（商业银行版） V2.0。,300468.SZ,15,报告页码,,表格行,300468.SZ_四方精创_2025_管理层讨论与分析.pdf
MDAF0002460,四方精创,研发投入,24,通过升级系统， 利用互联网思维重构管理流程，实现人力投入、项目进度及团队归属的数字化与精细化管理。,300468.SZ,15,报告页码,,表格行,300468.SZ_四方精创_2025_管理层讨论与分析.pdf
MDAF0002461,四方精创,研发投入,24,通过引入代理行管理与白名单机制，完善wCBDC 全生命周期服务，打破币种与机构壁垒，为金融机构提供安全、透明、实时的跨境清结算新渠道，助力全球金融互联互通。,300468.SZ,15,报告页码,,表格行,300468.SZ_四方精创_2025_管理层讨论与分析.pdf
MDAF0002462,四方精创,研发投入,24,通过预研掌握基于 React 的组件化开发模式，利用其高性能与丰富生态，解决传统原生开发成本高、 周期长的问题。,300468.SZ,15,报告页码,,表格行,300468.SZ_四方精创_2025_管理层讨论与分析.pdf
MDAF0002463,四方精创,研发投入,24,项目管理系统2025年度版本升级。,300468.SZ,15,报告页码,,表格行,300468.SZ_四方精创_2025_管理层讨论与分析.pdf
MDAF0002464,四方精创,研发投入,25,基于 Hyperledger Besu 联盟链与智能合约，支持ISO 20022 标准报文，实现跨行转账、 跨境PvP 原子交易及失败自动回滚。,300468.SZ,16,报告页码,,表格行,300468.SZ_四方精创_2025_管理层讨论与分析.pdf
MDAF0002465,四方精创,研发投入,25,基于V2.0 基础， 构建支持零售型CBDC （rCBDC）全生命周期管理的清算中心平台。,300468.SZ,16,报告页码,,表格行,300468.SZ_四方精创_2025_管理层讨论与分析.pdf
MDAF0002466,四方精创,研发投入,25,完善了数字货币应用场景的功能，提升金融微服务平台的能力，推进平台产品的持续落地，增强公司在数字货币领域的技术优势和市场竞争力。,300468.SZ,16,报告页码,,表格行,300468.SZ_四方精创_2025_管理层讨论与分析.pdf
MDAF0002467,四方精创,研发投入,25,实现 2 秒内交易终局性， 确保资产不可篡改与全程溯源，推动普惠金融落地与金融创。,300468.SZ,16,报告页码,,表格行,300468.SZ_四方精创_2025_管理层讨论与分析.pdf
MDAF0002468,四方精创,研发投入,25,实现了AI 工作流智能体平台功能，提升企业智能化转型效率与数据私有化能力，推进业务流程自动化重构，增强公司在AI 原生架构领域的技术优势和市场竞争力。,300468.SZ,16,报告页码,,表格行,300468.SZ_四方精创_2025_管理层讨论与分析.pdf
MDAF0002469,四方精创,研发投入,25,实现从代码触发、多语言构建、静态质量扫描到自动化测试、多环境部署的全链路闭环。,300468.SZ,16,报告页码,,表格行,300468.SZ_四方精创_2025_管理层讨论与分析.pdf
MDAF0002470,四方精创,研发投入,25,建成V1.0 持续集成与交付平台，核心构建可视化节点拓扑、可编排流水线引擎及热插拔插件体系。,300468.SZ,16,报告页码,,表格行,300468.SZ_四方精创_2025_管理层讨论与分析.pdf
MDAF0002471,四方精创,研发投入,25,建成V1.0 版工作流智能体平台，核心实现可视化流程引擎、多智能体协同、RAG 知识检索及插件生态扩展。,300468.SZ,16,报告页码,,表格行,300468.SZ_四方精创_2025_管理层讨论与分析.pdf
MDAF0002472,四方精创,研发投入,25,建成了持续集成与交付平台功能，推进 DevOps 一体化落地， 增强公司在软件工程效能领域的技术优势和市场竞争力。,300468.SZ,16,报告页码,,表格行,300468.SZ_四方精创_2025_管理层讨论与分析.pdf
MDAF0002473,四方精创,研发投入,25,建成数字货币基础平台系统（清算中心版）V3.0。,300468.SZ,16,报告页码,,表格行,300468.SZ_四方精创_2025_管理层讨论与分析.pdf
MDAF0002474,四方精创,研发投入,25,打破单一模型局限，实现多智能体协同与知识增强， 降低企业应用AI 的技术壁垒，推动业务流程的智能化重构与高效运营。,300468.SZ,16,报告页码,,表格行,300468.SZ_四方精创_2025_管理层讨论与分析.pdf
MDAF0002475,四方精创,研发投入,25,持续集成和交付平台 V1.0。,300468.SZ,16,报告页码,,表格行,300468.SZ_四方精创_2025_管理层讨论与分析.pdf
MDAF0002476,四方精创,研发投入,25,支持基于 Langflow 改进的部件化动态组装，提供提示词优化、模型管理及全链路监控评测功能。,300468.SZ,16,报告页码,,表格行,300468.SZ_四方精创_2025_管理层讨论与分析.pdf
MDAF0002477,四方精创,研发投入,25,支持多租户隔离、细粒度权限管控及全链路监控分析。,300468.SZ,16,报告页码,,表格行,300468.SZ_四方精创_2025_管理层讨论与分析.pdf
MDAF0002478,四方精创,研发投入,25,数字货币基础平台系统（清算中心版） V3.0。,300468.SZ,16,报告页码,,表格行,300468.SZ_四方精创_2025_管理层讨论与分析.pdf
MDAF0002479,四方精创,研发投入,25,旨在应对AI 原生架构趋势，解决企业智能化转型中复杂任务自动化难、开发门槛高及数据私有化需求痛点。,300468.SZ,16,报告页码,,表格行,300468.SZ_四方精创_2025_管理层讨论与分析.pdf
MDAF0002480,四方精创,研发投入,25,旨在应对全球央行数字货币（CBDC）从批发型向零售型拓展的趋势，深化公司在数字金融基建领域的布局。,300468.SZ,16,报告页码,,表格行,300468.SZ_四方精创_2025_管理层讨论与分析.pdf
MDAF0002481,四方精创,研发投入,25,旨在解决传统 Jenkins 使用中重过程轻质量、团队经验割裂及门槛高等痛点。,300468.SZ,16,报告页码,,表格行,300468.SZ_四方精创_2025_管理层讨论与分析.pdf
MDAF0002482,四方精创,研发投入,25,智枢工作流智能体平台V1.0。,300468.SZ,16,报告页码,,表格行,300468.SZ_四方精创_2025_管理层讨论与分析.pdf
MDAF0002483,四方精创,研发投入,25,最终实现业务场景零代码快速搭建， 显著降低开发成本， 提升决策效率与系统可扩展性。,300468.SZ,16,报告页码,,表格行,300468.SZ_四方精创_2025_管理层讨论与分析.pdf
MDAF0002484,四方精创,研发投入,25,构建自主可控的 “智枢”平台，通过无代码编排与组件化设计，将大模型能力转化为可执行的业务智能体。,300468.SZ,16,报告页码,,表格行,300468.SZ_四方精创_2025_管理层讨论与分析.pdf
MDAF0002485,四方精创,研发投入,25,核心新增 rCBDC 发行、赎回及转移功能，实现商业银行账户管理、验证机构自动校验、个人手机钱包扫码支付及开放接口直连。,300468.SZ,16,报告页码,,表格行,300468.SZ_四方精创_2025_管理层讨论与分析.pdf
MDAF0002486,四方精创,研发投入,25,深度集成代码检查、 自动化测试等环节， 强化质量门禁，降低 CI/CD 使用门槛，推动研发运维一体化， 提升企业软件交付效率与核心竞争力。,300468.SZ,16,报告页码,,表格行,300468.SZ_四方精创_2025_管理层讨论与分析.pdf
MDAF0002487,四方精创,研发投入,25,达成企业级数据私有部署、权限管控及集群负载均衡能力。,300468.SZ,16,报告页码,,表格行,300468.SZ_四方精创_2025_管理层讨论与分析.pdf
MDAF0002488,四方精创,研发投入,25,达成研发流程标准化、质量数据可视化及工具链自主可控， 显著缩短交付周期并降低故障率。,300468.SZ,16,报告页码,,表格行,300468.SZ_四方精创_2025_管理层讨论与分析.pdf
MDAF0002489,四方精创,研发投入,25,通过整合商业银行、验证机构及手机钱包等子系统，打通日常消费零售场景， 解决传统支付成本高、效率低痛点，为本地及跨境提供安全、实时、普惠的数字化清结算服务。,300468.SZ,16,报告页码,,表格行,300468.SZ_四方精创_2025_管理层讨论与分析.pdf
MDAF0002490,四方精创,研发投入,25,通过自研平台打破开发、测试、运维壁垒，实现全流程自动化与可视化管理。,300468.SZ,16,报告页码,,表格行,300468.SZ_四方精创_2025_管理层讨论与分析.pdf
MDAF0002491,四方精创,研发投入,26,FINNOSafe Stablecoin V1.0。,300468.SZ,17,报告页码,,表格行,300468.SZ_四方精创_2025_管理层讨论与分析.pdf
MDAF0002492,四方精创,研发投入,26,丰富了数字货币应用场景，提升金融微服务平台的能力，推进平台产品的持续落地，增强公司在数字货币领域的技术优势和市场竞争力。,300468.SZ,17,报告页码,,表格行,300468.SZ_四方精创_2025_管理层讨论与分析.pdf
MDAF0002493,四方精创,研发投入,26,依托低代码与Agent 平台，达成招聘全流程数字化、人岗匹配智能化及数据安全化， 显著缩短招聘周期并降低运营成本。,300468.SZ,17,报告页码,,表格行,300468.SZ_四方精创_2025_管理层讨论与分析.pdf
MDAF0002494,四方精创,研发投入,26,内置可配置的风险评分模型，支持自动化评级与CNS 筛查名单生成。,300468.SZ,17,报告页码,,表格行,300468.SZ_四方精创_2025_管理层讨论与分析.pdf
MDAF0002495,四方精创,研发投入,26,基于V2.0 升级构建商业银行端应用， 深化多币种wCBDC 在代理行间的兑换与赎回能力。,300468.SZ,17,报告页码,,表格行,300468.SZ_四方精创_2025_管理层讨论与分析.pdf
MDAF0002496,四方精创,研发投入,26,基于公链与硬件加密技术，构建安全合规的稳定币生态闭环。,300468.SZ,17,报告页码,,表格行,300468.SZ_四方精创_2025_管理层讨论与分析.pdf
MDAF0002497,四方精创,研发投入,26,基于微服务架构与ISO 20022 标准，实现多币种 wCBDC 全生命周期管理、原子性跨境汇款及失败自动回滚。,300468.SZ,17,报告页码,,表格行,300468.SZ_四方精创_2025_管理层讨论与分析.pdf
MDAF0002498,四方精创,研发投入,26,实现了融入人工智能技术的智能招聘平台，推动人工智能技术应用的实际落地， 提升公司在人工智能技术领域的优势以及市场竞争力。,300468.SZ,17,报告页码,,表格行,300468.SZ_四方精创_2025_管理层讨论与分析.pdf
MDAF0002499,四方精创,研发投入,26,实现客户信息系统 POC，核心实现客户及关联人信息的动态维护、版本回溯与操作审计。,300468.SZ,17,报告页码,,表格行,300468.SZ_四方精创_2025_管理层讨论与分析.pdf
MDAF0002500,四方精创,研发投入,26,客户信息系统POC。,300468.SZ,17,报告页码,,表格行,300468.SZ_四方精创_2025_管理层讨论与分析.pdf
MDAF0002501,四方精创,研发投入,26,建成FINNOSafe Stablecoin V1.0 系统。,300468.SZ,17,报告页码,,表格行,300468.SZ_四方精创_2025_管理层讨论与分析.pdf
MDAF0002502,四方精创,研发投入,26,建成V1.0 智聘人才管理系统，核心实现简历智能解析、自动去重合并、AI 标签生成及动态人才库分类管理。,300468.SZ,17,报告页码,,表格行,300468.SZ_四方精创_2025_管理层讨论与分析.pdf
MDAF0002503,四方精创,研发投入,26,建成跨境数字货币清结算系统（商业银行版）V3.0。,300468.SZ,17,报告页码,,表格行,300468.SZ_四方精创_2025_管理层讨论与分析.pdf
MDAF0002504,四方精创,研发投入,26,打造Web 端与 APP 端用户渠道，支持零门槛开户、法币兑换、多链转账及生物认证。,300468.SZ,17,报告页码,,表格行,300468.SZ_四方精创_2025_管理层讨论与分析.pdf
MDAF0002505,四方精创,研发投入,26,旨在响应香港《稳定币条例》监管要求， 解决稳定币发行流通中合规难、门槛高及安全风险问题。,300468.SZ,17,报告页码,,表格行,300468.SZ_四方精创_2025_管理层讨论与分析.pdf
MDAF0002506,四方精创,研发投入,26,旨在应对全球央行数字货币跨境支付趋势，解决传统跨境结算成本高、效率低及流动性管理难等痛点。,300468.SZ,17,报告页码,,表格行,300468.SZ_四方精创_2025_管理层讨论与分析.pdf
MDAF0002507,四方精创,研发投入,26,旨在解决招聘系统数据安全隐患、定制化不足及数据挖掘欠缺等痛点。,300468.SZ,17,报告页码,,表格行,300468.SZ_四方精创_2025_管理层讨论与分析.pdf
MDAF0002508,四方精创,研发投入,26,旨在解决现有台账系统运行缓慢、数据难追溯、权限缺失及合规风险高等痛点。,300468.SZ,17,报告页码,,表格行,300468.SZ_四方精创_2025_管理层讨论与分析.pdf
MDAF0002509,四方精创,研发投入,26,智聘人才管理系统 V1.0。,300468.SZ,17,报告页码,,表格行,300468.SZ_四方精创_2025_管理层讨论与分析.pdf
MDAF0002510,四方精创,研发投入,26,构建基于角色的细粒度数据权限体系与多人协作评论机制，开发AI 聊天机器人优化交互体验。,300468.SZ,17,报告页码,,表格行,300468.SZ_四方精创_2025_管理层讨论与分析.pdf
MDAF0002511,四方精创,研发投入,26,构建集银行后管与用户终端于一体的全生命周期管理平台，实现储备金实时校验与交易全链路监控。,300468.SZ,17,报告页码,,表格行,300468.SZ_四方精创_2025_管理层讨论与分析.pdf
MDAF0002512,四方精创,研发投入,26,核心实现稳定币发行、分销、赎回及转账的审批流管理， 确保储备资产足额覆盖。,300468.SZ,17,报告页码,,表格行,300468.SZ_四方精创_2025_管理层讨论与分析.pdf
MDAF0002513,四方精创,研发投入,26,核心新增代理行数字货币上下桥管理及白名单管控功能，优化本外币管理、交易排队调整及撤销机制。,300468.SZ,17,报告页码,,表格行,300468.SZ_四方精创_2025_管理层讨论与分析.pdf
MDAF0002514,四方精创,研发投入,26,确保核心人才数据自主可控，深度挖掘招聘数据价值，提升面试效率与决策质量，打造贴合企业业务的高性价比智能化招聘解决方案。,300468.SZ,17,报告页码,,表格行,300468.SZ_四方精创_2025_管理层讨论与分析.pdf
MDAF0002515,四方精创,研发投入,26,跨境数字货币清结算系统（商业银行版） V3.0。,300468.SZ,17,报告页码,,表格行,300468.SZ_四方精创_2025_管理层讨论与分析.pdf
MDAF0002516,四方精创,研发投入,26,达成流动性智能管理与账单自动核对，显著提升跨境支付效率与监管透明度。,300468.SZ,17,报告页码,,表格行,300468.SZ_四方精创_2025_管理层讨论与分析.pdf
MDAF0002517,四方精创,研发投入,26,通过 “技术+合规”双重保障，降低用户使用门槛，满足金融机构对稳定币安全发行、高效流转及严格监管的业务需求。,300468.SZ,17,报告页码,,表格行,300468.SZ_四方精创_2025_管理层讨论与分析.pdf
MDAF0002518,四方精创,研发投入,26,通过建立境内外区块链网络，优化跨境汇款与外汇兑换流程，为商业银行提供安全、实时、透明的全新跨境支付渠道，促进国际金融合作。,300468.SZ,17,报告页码,,表格行,300468.SZ_四方精创_2025_管理层讨论与分析.pdf
MDAF0002519,四方精创,研发投入,26,通过构建轻量级Web 原型（POC），验证以数字化系统取代手工台账的可行性，实现客。,300468.SZ,17,报告页码,,表格行,300468.SZ_四方精创_2025_管理层讨论与分析.pdf
MDAF0002520,四方精创,研发投入,26,通过自研 “智聘”系统，利用 AI 与大数据技术重构招聘流程，实现简历自动化处理与人岗精准匹配。,300468.SZ,17,报告页码,,表格行,300468.SZ_四方精创_2025_管理层讨论与分析.pdf
MDAF0002521,四方精创,研发投入,26,验证了以数字化系统取代手工台账的业务模式及技术路径可行性，为未来业务拓展提供了优秀的实践案例。,300468.SZ,17,报告页码,,表格行,300468.SZ_四方精创_2025_管理层讨论与分析.pdf
MDAF0002522,四方精创,研发投入,27,优化移动端支持“一键连续审批”，集成数据加密、访客台账及中英文国际化功能。,300468.SZ,18,报告页码,,表格行,300468.SZ_四方精创_2025_管理层讨论与分析.pdf
MDAF0002523,四方精创,研发投入,27,利用低代码与自动化流转技术， 规范执行标准，实现跨层级、多任务的高效协同，满足企业持续升级的管理需求。,300468.SZ,18,报告页码,,表格行,300468.SZ_四方精创_2025_管理层讨论与分析.pdf
MDAF0002524,四方精创,研发投入,27,响应国家数据要素市场化战略，利用区块链、DID 及智能合约技术重构信任机制。,300468.SZ,18,报告页码,,表格行,300468.SZ_四方精创_2025_管理层讨论与分析.pdf
MDAF0002525,四方精创,研发投入,27,基于V1.0 升级， 通过扩展标准化申请流程、引入项目维度管理及强化移动端连续审批能力，打破数据孤岛。,300468.SZ,18,报告页码,,表格行,300468.SZ_四方精创_2025_管理层讨论与分析.pdf
MDAF0002526,四方精创,研发投入,27,基于区块链的可信数据交换平台（数据市场）V1.0。,300468.SZ,18,报告页码,,表格行,300468.SZ_四方精创_2025_管理层讨论与分析.pdf
MDAF0002527,四方精创,研发投入,27,基于区块链的可信数据交换平台（数据空间）V1.0。,300468.SZ,18,报告页码,,表格行,300468.SZ_四方精创_2025_管理层讨论与分析.pdf
MDAF0002528,四方精创,研发投入,27,基于区块链的可信数据交换平台（运营管理）V1.0。,300468.SZ,18,报告页码,,表格行,300468.SZ_四方精创_2025_管理层讨论与分析.pdf
MDAF0002529,四方精创,研发投入,27,完善了数字化协同办公场景的功能，提升企业流程自动化与数据互通能力，推进管理向高效智能转型， 增强公司在数字化转型领域的技术优势和市场竞争力。,300468.SZ,18,报告页码,,表格行,300468.SZ_四方精创_2025_管理层讨论与分析.pdf
MDAF0002530,四方精创,研发投入,27,实现对入驻主体、数据产品及交易全流程的精细化管控，确保数据来源可信、过程可溯、 合规可控，为数据要素市场化提供坚实的运营支撑。,300468.SZ,18,报告页码,,表格行,300468.SZ_四方精创_2025_管理层讨论与分析.pdf
MDAF0002531,四方精创,研发投入,27,将显著增强公司在可信数据流通与智能合约应用领域的技术积累，提升公司在数字金融市场的竞争力。,300468.SZ,18,报告页码,,表格行,300468.SZ_四方精创_2025_管理层讨论与分析.pdf
MDAF0002532,四方精创,研发投入,27,建成基于区块链的可信数据交换平台的数据市场端。,300468.SZ,18,报告页码,,表格行,300468.SZ_四方精创_2025_管理层讨论与分析.pdf
MDAF0002533,四方精创,研发投入,27,建成基于区块链的可信数据空间服务。,300468.SZ,18,报告页码,,表格行,300468.SZ_四方精创_2025_管理层讨论与分析.pdf
MDAF0002534,四方精创,研发投入,27,建成基于区块链的运营管理平台。,300468.SZ,18,报告页码,,表格行,300468.SZ_四方精创_2025_管理层讨论与分析.pdf
MDAF0002535,四方精创,研发投入,27,建成数字化协同办公系统V2.0。,300468.SZ,18,报告页码,,表格行,300468.SZ_四方精创_2025_管理层讨论与分析.pdf
MDAF0002536,四方精创,研发投入,27,数字化协同办公系统 V2.0。,300468.SZ,18,报告页码,,表格行,300468.SZ_四方精创_2025_管理层讨论与分析.pdf
MDAF0002537,四方精创,研发投入,27,旨在解决企业日常行政与复杂业务流程数字化程度不足的问题。,300468.SZ,18,报告页码,,表格行,300468.SZ_四方精创_2025_管理层讨论与分析.pdf
MDAF0002538,四方精创,研发投入,27,旨在解决数据交易中传输不安全、隐私易泄露及过程难追溯痛点。,300468.SZ,18,报告页码,,表格行,300468.SZ_四方精创_2025_管理层讨论与分析.pdf
MDAF0002539,四方精创,研发投入,27,旨在解决数据交易中权责不清、身份难验及监管缺失痛点。,300468.SZ,18,报告页码,,表格行,300468.SZ_四方精创_2025_管理层讨论与分析.pdf
MDAF0002540,四方精创,研发投入,27,旨在解决数据交易中规则不透明、溯源难、身份存疑及隐私泄露等痛点。,300468.SZ,18,报告页码,,表格行,300468.SZ_四方精创_2025_管理层讨论与分析.pdf
MDAF0002541,四方精创,研发投入,27,构建可信的交换环境，消除安全悖论，降低技术门槛，推动高价值数据合规高效流通，激活数据资产价值。,300468.SZ,18,报告页码,,表格行,300468.SZ_四方精创_2025_管理层讨论与分析.pdf
MDAF0002542,四方精创,研发投入,27,构建基于项目维度的任务关联架构，实现复杂业务闭环管理。,300468.SZ,18,报告页码,,表格行,300468.SZ_四方精创_2025_管理层讨论与分析.pdf
MDAF0002543,四方精创,研发投入,27,构建独立可信 “数据空间”，为交。,300468.SZ,18,报告页码,,表格行,300468.SZ_四方精创_2025_管理层讨论与分析.pdf
MDAF0002544,四方精创,研发投入,27,构建面向运营方的可信数据交换管理平台的运营管理，通过区块链与DID 技术确立事前信任机制。,300468.SZ,18,报告页码,,表格行,300468.SZ_四方精创_2025_管理层讨论与分析.pdf
MDAF0002545,四方精创,研发投入,27,核心实现为每笔交易自动部署独立传输空间，提供标准化API。,300468.SZ,18,报告页码,,表格行,300468.SZ_四方精创_2025_管理层讨论与分析.pdf
MDAF0002546,四方精创,研发投入,27,核心实现用户DID 身份认证与分级权限管理；建立数据产品上架审核、分类目录及版本管理体系；提供交易协议全生命周期监控与数据传输审计功能。,300468.SZ,18,报告页码,,表格行,300468.SZ_四方精创_2025_管理层讨论与分析.pdf
MDAF0002547,四方精创,研发投入,27,核心实现用户去中心化身份 （DID）管理与可验证凭证 issuance；提供数据产品发布、智能合约自动撮合及原子性交易功能；利用技术确保数据完整性与防篡改。,300468.SZ,18,报告页码,,表格行,300468.SZ_四方精创_2025_管理层讨论与分析.pdf
MDAF0002548,四方精创,研发投入,27,核心新增资产归还、采购、合同等常见申请流程。,300468.SZ,18,报告页码,,表格行,300468.SZ_四方精创_2025_管理层讨论与分析.pdf
MDAF0002549,四方精创,研发投入,27,达成交易全流程链上存证、隐私零泄露及纠纷可追溯，打造安全、透明、便捷的数据要素流通基础设施。,300468.SZ,18,报告页码,,表格行,300468.SZ_四方精创_2025_管理层讨论与分析.pdf
MDAF0002550,四方精创,研发投入,27,达成全流程自动化流转、移动实时办公及操作可追溯，显著提升办公效率与安全合规水平。,300468.SZ,18,报告页码,,表格行,300468.SZ_四方精创_2025_管理层讨论与分析.pdf
MDAF0002551,四方精创,研发投入,27,达成管理员对平台生态的高效治理， 确保交易规则透明执行，提升数据资产流动性与监管水平。,300468.SZ,18,报告页码,,表格行,300468.SZ_四方精创_2025_管理层讨论与分析.pdf
MDAF0002552,四方精创,研发投入,28,2024年：13。,300468.SZ,19,报告页码,,表格行,300468.SZ_四方精创_2025_管理层讨论与分析.pdf
MDAF0002553,四方精创,研发投入,28,2024年：194。,300468.SZ,19,报告页码,,表格行,300468.SZ_四方精创_2025_管理层讨论与分析.pdf
MDAF0002554,四方精创,研发投入,28,2024年：20.10%。,300468.SZ,19,报告页码,,表格行,300468.SZ_四方精创_2025_管理层讨论与分析.pdf
MDAF0002555,四方精创,研发投入,28,2024年：202。,300468.SZ,19,报告页码,,表格行,300468.SZ_四方精创_2025_管理层讨论与分析.pdf
MDAF0002556,四方精创,研发投入,28,2024年：351。,300468.SZ,19,报告页码,,表格行,300468.SZ_四方精创_2025_管理层讨论与分析.pdf
MDAF0002557,四方精创,研发投入,28,2024年：409。,300468.SZ,19,报告页码,,表格行,300468.SZ_四方精创_2025_管理层讨论与分析.pdf
MDAF0002558,四方精创,研发投入,28,2024年：51。,300468.SZ,19,报告页码,,表格行,300468.SZ_四方精创_2025_管理层讨论与分析.pdf
MDAF0002559,四方精创,研发投入,28,2024年：7。,300468.SZ,19,报告页码,,表格行,300468.SZ_四方精创_2025_管理层讨论与分析.pdf
MDAF0002560,四方精创,研发投入,28,2025年：129。,300468.SZ,19,报告页码,,表格行,300468.SZ_四方精创_2025_管理层讨论与分析.pdf
MDAF0002561,四方精创,研发投入,28,2025年：16。,300468.SZ,19,报告页码,,表格行,300468.SZ_四方精创_2025_管理层讨论与分析.pdf
MDAF0002562,四方精创,研发投入,28,2025年：19.31%。,300468.SZ,19,报告页码,,表格行,300468.SZ_四方精创_2025_管理层讨论与分析.pdf
MDAF0002563,四方精创,研发投入,28,2025年：260。,300468.SZ,19,报告页码,,表格行,300468.SZ_四方精创_2025_管理层讨论与分析.pdf
MDAF0002564,四方精创,研发投入,28,2025年：30 岁以下。,300468.SZ,19,报告页码,,表格行,300468.SZ_四方精创_2025_管理层讨论与分析.pdf
MDAF0002565,四方精创,研发投入,28,2025年：30~40 岁。,300468.SZ,19,报告页码,,表格行,300468.SZ_四方精创_2025_管理层讨论与分析.pdf
MDAF0002566,四方精创,研发投入,28,2025年：33。,300468.SZ,19,报告页码,,表格行,300468.SZ_四方精创_2025_管理层讨论与分析.pdf
MDAF0002567,四方精创,研发投入,28,2025年：364。,300468.SZ,19,报告页码,,表格行,300468.SZ_四方精创_2025_管理层讨论与分析.pdf
MDAF0002568,四方精创,研发投入,28,2025年：40 岁以上。,300468.SZ,19,报告页码,,表格行,300468.SZ_四方精创_2025_管理层讨论与分析.pdf
MDAF0002569,四方精创,研发投入,28,2025年：405。,300468.SZ,19,报告页码,,表格行,300468.SZ_四方精创_2025_管理层讨论与分析.pdf
MDAF0002570,四方精创,研发投入,28,2025年：8。,300468.SZ,19,报告页码,,表格行,300468.SZ_四方精创_2025_管理层讨论与分析.pdf
MDAF0002571,四方精创,研发投入,28,2025年：大专。,300468.SZ,19,报告页码,,表格行,300468.SZ_四方精创_2025_管理层讨论与分析.pdf
MDAF0002572,四方精创,研发投入,28,2025年：本科。,300468.SZ,19,报告页码,,表格行,300468.SZ_四方精创_2025_管理层讨论与分析.pdf
MDAF0002573,四方精创,研发投入,28,2025年：研发人员学历。,300468.SZ,19,报告页码,,表格行,300468.SZ_四方精创_2025_管理层讨论与分析.pdf
MDAF0002574,四方精创,研发投入,28,2025年：研发人员年龄构成。,300468.SZ,19,报告页码,,表格行,300468.SZ_四方精创_2025_管理层讨论与分析.pdf
MDAF0002575,四方精创,研发投入,28,2025年：研发人员数量占比。,300468.SZ,19,报告页码,,表格行,300468.SZ_四方精创_2025_管理层讨论与分析.pdf
MDAF0002576,四方精创,研发投入,28,2025年：研发人员数量（人）。,300468.SZ,19,报告页码,,表格行,300468.SZ_四方精创_2025_管理层讨论与分析.pdf
MDAF0002577,四方精创,研发投入,28,2025年：硕士。,300468.SZ,19,报告页码,,表格行,300468.SZ_四方精创_2025_管理层讨论与分析.pdf
MDAF0002578,四方精创,研发投入,28,变动比例：-0.79%。,300468.SZ,19,报告页码,,表格行,300468.SZ_四方精创_2025_管理层讨论与分析.pdf
MDAF0002579,四方精创,研发投入,28,变动比例：-0.98%。,300468.SZ,19,报告页码,,表格行,300468.SZ_四方精创_2025_管理层讨论与分析.pdf
MDAF0002580,四方精创,研发投入,28,变动比例：-33.51%。,300468.SZ,19,报告页码,,表格行,300468.SZ_四方精创_2025_管理层讨论与分析.pdf
MDAF0002581,四方精创,研发投入,28,变动比例：-35.29%。,300468.SZ,19,报告页码,,表格行,300468.SZ_四方精创_2025_管理层讨论与分析.pdf
MDAF0002582,四方精创,研发投入,28,变动比例：14.29%。,300468.SZ,19,报告页码,,表格行,300468.SZ_四方精创_2025_管理层讨论与分析.pdf
MDAF0002583,四方精创,研发投入,28,变动比例：23.08%。,300468.SZ,19,报告页码,,表格行,300468.SZ_四方精创_2025_管理层讨论与分析.pdf
MDAF0002584,四方精创,研发投入,28,变动比例：28.71%。,300468.SZ,19,报告页码,,表格行,300468.SZ_四方精创_2025_管理层讨论与分析.pdf
MDAF0002585,四方精创,研发投入,28,变动比例：3.70%。,300468.SZ,19,报告页码,,表格行,300468.SZ_四方精创_2025_管理层讨论与分析.pdf
MDAF0002586,四方精创,研发投入,28,基于区块链的可信数据交换平台（前置服务）V1.0。,300468.SZ,19,报告页码,,表格行,300468.SZ_四方精创_2025_管理层讨论与分析.pdf
MDAF0002587,四方精创,研发投入,28,实现了融入人工智能技术的智能招聘平台，推动人工智能技术应用的实际落地， 提升公司在人工智能技术领域的优势以及市场竞争力。,300468.SZ,19,报告页码,,表格行,300468.SZ_四方精创_2025_管理层讨论与分析.pdf
MDAF0002588,四方精创,研发投入,28,将显著增强公司在可信数据流通与智能合约应用领域的技术积累，提升公司在数字金融市场的竞争力。,300468.SZ,19,报告页码,,表格行,300468.SZ_四方精创_2025_管理层讨论与分析.pdf
MDAF0002589,四方精创,研发投入,28,建成可信数据交换前置服务体系。,300468.SZ,19,报告页码,,表格行,300468.SZ_四方精创_2025_管理层讨论与分析.pdf
MDAF0002590,四方精创,研发投入,28,建成智聘人才管理系统V2.0。,300468.SZ,19,报告页码,,表格行,300468.SZ_四方精创_2025_管理层讨论与分析.pdf
MDAF0002591,四方精创,研发投入,28,旨在解决招聘系统数据安全隐患大、功能定制难及流程割裂痛点。,300468.SZ,19,报告页码,,表格行,300468.SZ_四方精创_2025_管理层讨论与分析.pdf
MDAF0002592,四方精创,研发投入,28,旨在解决数据交易技术门槛高、私下交易频发及传输不安全痛点。,300468.SZ,19,报告页码,,表格行,300468.SZ_四方精创_2025_管理层讨论与分析.pdf
MDAF0002593,四方精创,研发投入,28,智聘人才管理系统 V2.0。,300468.SZ,19,报告页码,,表格行,300468.SZ_四方精创_2025_管理层讨论与分析.pdf
MDAF0002594,四方精创,研发投入,28,构建“AI+规则引擎” 驱动的全流程智能管理平台，串联从职位发布到入职的完整生命周期，覆盖内外部招聘场景，推动人才管理从单一工具向全链路闭环升级，沉淀企业核心人才资产。,300468.SZ,19,报告页码,,表格行,300468.SZ_四方精创_2025_管理层讨论与分析.pdf
MDAF0002595,四方精创,研发投入,28,核心交付功能完善的客户端与OpenSDK，支持断点续传、数据脱敏及本地审计追踪；集成区块链对接、身份认证与第三方支付接口。,300468.SZ,19,报告页码,,表格行,300468.SZ_四方精创_2025_管理层讨论与分析.pdf
MDAF0002596,四方精创,研发投入,28,核心实现招聘全流程数字化管控与以候选人为中心的进度追踪；构建无代码可配置的简历筛选规则引擎，结合自有 AI Agent 提升人岗匹配精度；基于NL2SQL 技术打造智能BI，支持自然语言数据洞察。,300468.SZ,19,报告页码,,表格行,300468.SZ_四方精创_2025_管理层讨论与分析.pdf
MDAF0002597,四方精创,研发投入,28,确保数据完整性与隐私安全，推动数据交易从分散私下行为升级为规范化平台行为。,300468.SZ,19,报告页码,,表格行,300468.SZ_四方精创_2025_管理层讨论与分析.pdf
MDAF0002598,四方精创,研发投入,28,达成招聘效率、 质量双提升，确立安全合规的人才管理新范式。,300468.SZ,19,报告页码,,表格行,300468.SZ_四方精创_2025_管理层讨论与分析.pdf
MDAF0002599,四方精创,研发投入,28,达成用户低成本快速接入可信数据空间，实现数据传输的自动化、可追溯与原子性交付，构建便捷高效的数据流通生态。,300468.SZ,19,报告页码,,表格行,300468.SZ_四方精创_2025_管理层讨论与分析.pdf
MDAF0002600,四方精创,研发投入,28,通过提供标准化 SDK 与客户端，将复杂区块链操作封装为 “开箱即用”服务， 降低接入难度。,300468.SZ,19,报告页码,,表格行,300468.SZ_四方精创_2025_管理层讨论与分析.pdf
MDAF0002601,四方精创,研发投入,28,通过自主研发， 实现数据自主可控。,300468.SZ,19,报告页码,,表格行,300468.SZ_四方精创_2025_管理层讨论与分析.pdf
MDAF0002602,先进数通,业务概要,10,Starring 系列产品包括分布式架构服务治理平台、云原生开发平台、金融级微服务平台、分布式技术效能平台、分布式应用集成平台、分布式应用运行运维平台等一系列子产品，支持客户将传统集中式应用快速迁移到分布式、云原生架构，支持应用部署到信创私有云及混合云平台中，形成分布式技术中台、云原生总线平台、交易中台、智能支付场景平台、场景化中间业务平台等众多分布式金融应用平台以及生活缴费、财富管理、资金监管等多领域场景化解决方案。,300541.SZ,1,报告页码,2、软件解决方案业务,正文,300541.SZ_先进数通_2025_管理层讨论与分析.pdf
MDAF0002603,先进数通,业务概要,10,业务处理领域，公司对自有知识产权Starring 系列产品进行了全面升级，打造基于云原生的金融开发效能平台及应用解决方案，全面适配国内各类信创产品，为金融客户提供金融应用信创升级、分布式架构转型、主机下移、多云融合与协同等综合解决方案。,300541.SZ,1,报告页码,2、软件解决方案业务,正文,300541.SZ_先进数通_2025_管理层讨论与分析.pdf
MDAF0002604,先进数通,业务概要,10,公司已参与多个客户西部数据中心IT 基础设施建设项目，并将持续关注该领域的发展机遇。,300541.SZ,1,报告页码,（3）增值服务体系：提供韧性数据中心咨询规划、云数据中心咨询规划、容灾备份体系建设、全技术栈运维管理,正文,300541.SZ_先进数通_2025_管理层讨论与分析.pdf
MDAF0002605,先进数通,业务概要,10,公司软件解决方案业务主要集中于以银行为主的金融行业，包含业务处理、数据管理与商业智能、区块链基础平台与应用解决方案等应用领域，主要业务模式为基于公司自有知识产权软件产品，向客户提供定制化应用软件解决方案、定量软件开发服务和自有软件产品授权许可。,300541.SZ,1,报告页码,2、软件解决方案业务,正文,300541.SZ_先进数通_2025_管理层讨论与分析.pdf
MDAF0002606,先进数通,业务概要,10,公司长期专注于为以商业银行为主的金融机构、大型互联网企业、烟草行业及其他大中型企业提供IT 解决方案及服务，涵盖IT 基础设施建设、软件解决方案及IT 运行维护服务。,300541.SZ,1,报告页码,,正文,300541.SZ_先进数通_2025_管理层讨论与分析.pdf
MDAF0002607,先进数通,业务概要,10,同时，公司推出自有品牌的高端交换机、路由器，持续强化全技术栈的服务规划与服务交付能力，提升技术服务水准，助力行业数字化转型，进一步巩固公司高端IT 服务品牌形象。,300541.SZ,1,报告页码,（3）增值服务体系：提供韧性数据中心咨询规划、云数据中心咨询规划、容灾备份体系建设、全技术栈运维管理,正文,300541.SZ_先进数通_2025_管理层讨论与分析.pdf
MDAF0002608,先进数通,业务概要,10,围绕AI 大模型安全与AI 智能体安全应用，实现从架构安全、模型安全至Agent 应用安全的全栈式智算环境安全防护。,300541.SZ,1,报告页码,（3）增值服务体系：提供韧性数据中心咨询规划、云数据中心咨询规划、容灾备份体系建设、全技术栈运维管理,正文,300541.SZ_先进数通_2025_管理层讨论与分析.pdf
MDAF0002609,先进数通,业务概要,10,在IT 基础设施建设领域，公司面向大中型金融、互联网、烟草等行业客户，提供全栈式IT 基础设施建设和优质服务。,300541.SZ,1,报告页码,1、IT 基础设施建设业务,正文,300541.SZ_先进数通_2025_管理层讨论与分析.pdf
MDAF0002610,先进数通,业务概要,10,在烟草行业，公司依托对行业的深刻理解与长期技术积累，打造了高度契合烟草客户需求的智慧工厂解决方案。,300541.SZ,1,报告页码,（3）增值服务体系：提供韧性数据中心咨询规划、云数据中心咨询规划、容灾备份体系建设、全技术栈运维管理,正文,300541.SZ_先进数通_2025_管理层讨论与分析.pdf
MDAF0002611,先进数通,业务概要,10,增值服务体系提供韧性数据中心咨询规划、云数据中心咨询规划、容灾备份体系建设、全技术栈运维管理等高端技术服务。,300541.SZ,1,报告页码,（3）增值服务体系,正文,300541.SZ_先进数通_2025_管理层讨论与分析.pdf
MDAF0002612,先进数通,业务概要,10,平台搭建、虚拟化云场景适配、人工智能算力底座与平台化使能等。,300541.SZ,1,报告页码,（1）数据中心整体解决方案：包括韧性数据中心架构、分布式多活数据中心架构、私有云定制化部署、轻量化云,正文,300541.SZ_先进数通_2025_管理层讨论与分析.pdf
MDAF0002613,先进数通,业务概要,10,心迁移工程、智能无损网络架构、NOF+存储网络优化等系列方案，满足特定技术与客户应用场景需求。,300541.SZ,1,报告页码,（2）技术专项解决方案：包括SDN 智能网络、SRv6 骨干网及SD-WAN 分支、互联光网络、IPv6 升级改造、数据中,正文,300541.SZ_先进数通_2025_管理层讨论与分析.pdf
MDAF0002614,先进数通,业务概要,10,报告期内，公司依托数据中心整体解决方案与技术专项解决方案，为客户构建高吞吐、低时延、高可靠、高带宽的算力网络，实现端到端自动化部署与全栈可视化运维。,300541.SZ,1,报告页码,（3）增值服务体系：提供韧性数据中心咨询规划、云数据中心咨询规划、容灾备份体系建设、全技术栈运维管理,正文,300541.SZ_先进数通_2025_管理层讨论与分析.pdf
MDAF0002615,先进数通,业务概要,10,报告期内，公司向烟草行业客户提供二维码设备、数据中心建设、分拣线技术改造等IT 基础设施建设服务。,300541.SZ,1,报告页码,（3）增值服务体系：提供韧性数据中心咨询规划、云数据中心咨询规划、容灾备份体系建设、全技术栈运维管理,正文,300541.SZ_先进数通_2025_管理层讨论与分析.pdf
MDAF0002616,先进数通,业务概要,10,报告期内，公司的互联光网络解决方案通过超宽、极简、智能的数据中心光传送平台及组网应用，打造高速、可靠、智能的数据中心互联网络，实现大型企业多数据中心间高质量大带宽连接，有效应对爆发性数据流量增长，同时合理控制运营成本。,300541.SZ,1,报告页码,（3）增值服务体系：提供韧性数据中心咨询规划、云数据中心咨询规划、容灾备份体系建设、全技术栈运维管理,正文,300541.SZ_先进数通_2025_管理层讨论与分析.pdf
MDAF0002617,先进数通,业务概要,10,报告期内，公司紧抓AI 大模型驱动算力基础设施快速增长的机遇，建立了高效的供应链协同机制，优先保障客户AI 算力服务器、GPU 集群的资源调配，向客户提供优质的AI 训练、推理算力设备，并积极推广自有品牌算力服务器，满足客户多样化需求。,300541.SZ,1,报告页码,（3）增值服务体系：提供韧性数据中心咨询规划、云数据中心咨询规划、容灾备份体系建设、全技术栈运维管理,正文,300541.SZ_先进数通_2025_管理层讨论与分析.pdf
MDAF0002618,先进数通,业务概要,10,报告期内，大型金融机构和大型企业持续推进“东数西算”工程。,300541.SZ,1,报告页码,（3）增值服务体系：提供韧性数据中心咨询规划、云数据中心咨询规划、容灾备份体系建设、全技术栈运维管理,正文,300541.SZ_先进数通_2025_管理层讨论与分析.pdf
MDAF0002619,先进数通,业务概要,10,经过多年技术积累，公司形成了三大核心能力集群：,300541.SZ,1,报告页码,1、IT 基础设施建设业务,正文,300541.SZ_先进数通_2025_管理层讨论与分析.pdf
MDAF0002620,先进数通,业务概要,10,自公司设立以来，主营业务未发生重大变化。,300541.SZ,1,报告页码,,正文,300541.SZ_先进数通_2025_管理层讨论与分析.pdf
MDAF0002621,先进数通,业务概要,10,该方案融合了生产系统软件智能制造、智能装备、智能数据平台、二维码应用、智擎解决方案、AI 赋能等六大产线与分拣线技术改造，以及自动化与智能化运维平台等核心技术与产品线。,300541.SZ,1,报告页码,（3）增值服务体系：提供韧性数据中心咨询规划、云数据中心咨询规划、容灾备份体系建设、全技术栈运维管理,正文,300541.SZ_先进数通_2025_管理层讨论与分析.pdf
MDAF0002622,先进数通,业务概要,11,下一步规划，Starring 将与AI 大模型进行全面深度融合，后续将陆续推出需求助手、设计助手、测试助手及运维助手等其它领域。,300541.SZ,2,报告页码,2、软件解决方案业务,正文,300541.SZ_先进数通_2025_管理层讨论与分析.pdf
MDAF0002623,先进数通,业务概要,11,下一步，在现有成功场景基础上，可向更复杂的业务流程（智能数据治理智能立标、大零售营销产品推荐、营销方案助手）进行拓展。,300541.SZ,2,报告页码,2、软件解决方案业务,正文,300541.SZ_先进数通_2025_管理层讨论与分析.pdf
MDAF0002624,先进数通,业务概要,11,从底层算力到AI 平台和上层应用，先进数通大模型一体机提供端到端的行业AI 综合解决方案，避免企业陷入拼凑式开发的困境。,300541.SZ,2,报告页码,2、软件解决方案业务,正文,300541.SZ_先进数通_2025_管理层讨论与分析.pdf
MDAF0002625,先进数通,业务概要,11,依托25年行业经验，先进数通在金融、政企、互联网等领域积累了丰富的行业场景方案。,300541.SZ,2,报告页码,2、软件解决方案业务,正文,300541.SZ_先进数通_2025_管理层讨论与分析.pdf
MDAF0002626,先进数通,业务概要,11,先进数通大模型一体机整合了昇腾AI 生态的全栈技术，包括计算架构CANN、全场景AI 框架昇思MindSpore、昇腾推理引擎MindIE 以及AI 软件开发套件MindX MindSDK，为用户提供高效、易用的AI 开发和部署体验。,300541.SZ,2,报告页码,2、软件解决方案业务,正文,300541.SZ_先进数通_2025_管理层讨论与分析.pdf
MDAF0002627,先进数通,业务概要,11,公司与头部厂商达成大模型一体机战略合作，基于昇腾软硬件平台底座，正式推出基于自主技术的先进数通品牌大模型一体机产品。,300541.SZ,2,报告页码,2、软件解决方案业务,正文,300541.SZ_先进数通_2025_管理层讨论与分析.pdf
MDAF0002628,先进数通,业务概要,11,公司基于ITSS 运维技术框架，向客户提供标准化、规范化的IT 运维服务业务，包括算力中心运维服务、数据中心运维服务、基础软硬件维保服务、应用软件维护服务、数据管理及运维服务等。,300541.SZ,2,报告页码,3、IT 运行维护服务业务,正文,300541.SZ_先进数通_2025_管理层讨论与分析.pdf
MDAF0002629,先进数通,业务概要,11,公司将继续扩大AI 技术的应用领域，加速AI 解决方案的研发和市场推广，以实现更持续的业务增长和创新突破。,300541.SZ,2,报告页码,2、软件解决方案业务,正文,300541.SZ_先进数通_2025_管理层讨论与分析.pdf
MDAF0002630,先进数通,业务概要,11,公司的自有知识产权Starring、iMOIA、SharkData 系列产品对存量客户有较高的粘性，能够在产品基础上获得较多的定制化服务项目及运维服务项目；上述产品在业界具有良好的口碑，在开拓新客户方面有较强的竞争力，目前已经开展港澳及东南亚业务的产品许可销售业务。,300541.SZ,2,报告页码,2、软件解决方案业务,正文,300541.SZ_先进数通_2025_管理层讨论与分析.pdf
MDAF0002631,先进数通,业务概要,11,其开箱即用的特性，让企业能够快速AI 应用落地，缩短价值转化周期。,300541.SZ,2,报告页码,2、软件解决方案业务,正文,300541.SZ_先进数通_2025_管理层讨论与分析.pdf
MDAF0002632,先进数通,业务概要,11,在客户的新核心改造，数字化转型信创项目，客户营销、监管治理、湖仓重构等应用平台和场景项目等方面都取得进展。,300541.SZ,2,报告页码,2、软件解决方案业务,正文,300541.SZ_先进数通_2025_管理层讨论与分析.pdf
MDAF0002633,先进数通,业务概要,11,在拓展中小银行客户、销售自有软件产品和解决方案等方面，公司均取得了显著成效。,300541.SZ,2,报告页码,2、软件解决方案业务,正文,300541.SZ_先进数通_2025_管理层讨论与分析.pdf
MDAF0002634,先进数通,业务概要,11,在通用场景中的智能问答、文档助手、智能问数、制度审核、合同审核、代码核查等，在行业场景下的反欺诈、反洗钱、内控合规、产品推荐、营销专家、产业洞察、融资方案、准入辅助、尽调报告、客户舆情等，都能提供精准、高效的支持。,300541.SZ,2,报告页码,2、软件解决方案业务,正文,300541.SZ_先进数通_2025_管理层讨论与分析.pdf
MDAF0002635,先进数通,业务概要,11,基于自研智能体工厂平台，聚焦数据使用场景，成功打造了一系列“助手型”AI 应用，覆盖了信贷风控、精准营销、数据查询与分析提效等核心业务领域。,300541.SZ,2,报告页码,2、软件解决方案业务,正文,300541.SZ_先进数通_2025_管理层讨论与分析.pdf
MDAF0002636,先进数通,业务概要,11,报告期内，公司启动了Starring AI+一体化研发，正式发布了先进数通金融级大模型智能代码助手平台软件，与国内主要信创厂商完成了双向兼容性认证，助力云原生开发平台的智能代码补全、逐行注释、代码解析、函数注释、代码优化及单元测试代码生成等AI+能力。,300541.SZ,2,报告页码,2、软件解决方案业务,正文,300541.SZ_先进数通_2025_管理层讨论与分析.pdf
MDAF0002637,先进数通,业务概要,11,报告期内，公司对现有数据产品线的进一步研发进行了规划，一方面新的产品充分借助AIGC 的能力，打造全新的深度融合AI 能力的智能化平台，另一方面将AIGC 充分赋能至现有平台产品中，从产品使用问答、数据开发、数据建模和数据应用等多方面进行AI 赋能。,300541.SZ,2,报告页码,2、软件解决方案业务,正文,300541.SZ_先进数通_2025_管理层讨论与分析.pdf
MDAF0002638,先进数通,业务概要,11,报告期内，公司积极布局AI 技术应用，与上游厂商深化在云基础设施、AI 大模型和应用等领域的广泛合作。,300541.SZ,2,报告页码,2、软件解决方案业务,正文,300541.SZ_先进数通_2025_管理层讨论与分析.pdf
MDAF0002639,先进数通,业务概要,11,报告期内，公司重点推动核心软件产品和关键解决方案的市场拓展与销售，主要聚焦在基于云原生的分布式架构交易应用、数据资产管理、数据智能应用、数据治理（智能数据链路拓展）、数据产品集成（智能开发助手）以及主要合作伙伴产品的推广与支持。,300541.SZ,2,报告页码,2、软件解决方案业务,正文,300541.SZ_先进数通_2025_管理层讨论与分析.pdf
MDAF0002640,先进数通,业务概要,11,报告期内，在烟草行业，公司继续推广国家烟草专卖局行业决策系统、烟草行业一体化平台、大数据解决方案、烟草行业二维码系统、二维码管控平台、自动化与智能化运维平台等多个软件解决方案，及推广烟草行业智慧工厂解决方案。,300541.SZ,2,报告页码,2、软件解决方案业务,正文,300541.SZ_先进数通_2025_管理层讨论与分析.pdf
MDAF0002641,先进数通,业务概要,11,数据管理与商业智能领域，公司继续以自有知识产权iMOIA、SharkData 系列产品为核心，提供涵盖数据采集、数据研发、数据服务、数据分析与展现、数据管控、数据资产管理、数据运维、统一调度与监控等功能的数据治理智能洞察平台、数据资产运营管理和应用工作平台，从“建、管、用、营”的思路构建企业级一体化大数据管理应用平台解决方案，借助企业客户进行信创改造和企业数据架构升级的契机，在参与存量客户项目、拓展新的客户项目两方面均取得良好的效果。,300541.SZ,2,报告页码,2、软件解决方案业务,正文,300541.SZ_先进数通_2025_管理层讨论与分析.pdf
MDAF0002642,先进数通,业务概要,11,特别是在烟草行业的大数据平台建设、数据治理和企业决策支持等业务方向取得了突破性的进展。,300541.SZ,2,报告页码,2、软件解决方案业务,正文,300541.SZ_先进数通_2025_管理层讨论与分析.pdf
MDAF0002643,先进数通,业务概要,11,目前研发工作已取得一定成果，并将继续推进。,300541.SZ,2,报告页码,2、软件解决方案业务,正文,300541.SZ_先进数通_2025_管理层讨论与分析.pdf
MDAF0002644,先进数通,业务概要,11,算力中心运维服务、数据中心运维服务包括：运维体系部署、运行监控、性能优化、故障处置、灾难恢复演练等。,300541.SZ,2,报告页码,3、IT 运行维护服务业务,正文,300541.SZ_先进数通_2025_管理层讨论与分析.pdf
MDAF0002645,先进数通,业务概要,11,通过加强研发、方案规划和业务执行之间的协作，不断拓展外部合作渠道，完善自有软件产品和解决方案的全周期服务体系，促进其快速可持续增长。,300541.SZ,2,报告页码,2、软件解决方案业务,正文,300541.SZ_先进数通_2025_管理层讨论与分析.pdf
MDAF0002646,先进数通,业务概要,12,基础软硬件维保服务包括：巡检服务、事件与问题支持、现场值守等。,300541.SZ,3,报告页码,3、IT 运行维护服务业务,正文,300541.SZ_先进数通_2025_管理层讨论与分析.pdf
MDAF0002647,先进数通,业务概要,12,应用软件维护服务、数据管理及运维服务包括：应用软件系统及大规模数据管理系统定期巡检、故障响应、系统调优、系统变更支持、现场维护等服务。,300541.SZ,3,报告页码,3、IT 运行维护服务业务,正文,300541.SZ_先进数通_2025_管理层讨论与分析.pdf
MDAF0002648,先进数通,核心竞争力,13,公司自成立以来，专注企业IT 服务，在客户资源与品牌、产品、人才与团队、技术与经验、供应商合作、营销服务网络布局等方面形成了独特的竞争优势。,300541.SZ,4,报告页码,,正文,300541.SZ_先进数通_2025_管理层讨论与分析.pdf
MDAF0002649,先进数通,核心竞争力,13,同时，公司高质量的服务、高可靠性的软件产品及稳健的经营风格也获得了良好的行业口碑。,300541.SZ,4,报告页码,1、客户资源与品牌优势,正文,300541.SZ_先进数通_2025_管理层讨论与分析.pdf
MDAF0002650,先进数通,核心竞争力,13,大中型金融机构及互联网企业，是国内IT 应用水平最高的行业，公司在与客户长期合作过程中，保持了较高的技术水平。,300541.SZ,4,报告页码,1、客户资源与品牌优势,正文,300541.SZ_先进数通_2025_管理层讨论与分析.pdf
MDAF0002651,先进数通,核心竞争力,13,经过二十余年的发展，公司积累了政策性银行、国有大型商业银行、全国性股份制商业银行、区域性银行、大型互联网企业、烟草行业等众多的高端客户，与大量行业客户建立了长期、持续、稳定的合作关系。,300541.SZ,4,报告页码,1、客户资源与品牌优势,正文,300541.SZ_先进数通_2025_管理层讨论与分析.pdf
MDAF0002652,先进数通,核心竞争力,13,近年来，公司良好的品牌形象有力地促进了公司拓展和维护行业优质客户，使公司的客户资源与品牌优势持续提升。,300541.SZ,4,报告页码,1、客户资源与品牌优势,正文,300541.SZ_先进数通_2025_管理层讨论与分析.pdf
MDAF0002653,先进数通,核心竞争力,14,公司Starring、iMOIA、SharkData 等一系列软件产品完全自主研发，已在国内众多的行业客户使用，公司主要软件产品已完成与国内主流基础软硬件产品供应商的主要产品兼容性适配，支持主流芯片、操作系统、数据库及中间件，能够满足行业应用系统大容量、安全、高效、稳定的技术要求。,300541.SZ,5,报告页码,（1）自有知识产权软件产品技术优势,正文,300541.SZ_先进数通_2025_管理层讨论与分析.pdf
MDAF0002654,先进数通,核心竞争力,14,公司与IT 行业主流产品供应商建立了长期、持续、良好的合作关系，能够获得供应商全面支持，包括快速订货渠道、优先配送、账期等，可有效缩短项目工期，提高服务响应速度，减少资金占用，进而形成公司的市场竞争优势。,300541.SZ,5,报告页码,5、供应商合作优势,正文,300541.SZ_先进数通_2025_管理层讨论与分析.pdf
MDAF0002655,先进数通,核心竞争力,14,公司在承接客户后续应用系统开发项目方面具有明显优势，同时公司在平台软件基础上构建的新应用系统也会有较好的推广前景。,300541.SZ,5,报告页码,（2）软件产品具有高粘性优势,正文,300541.SZ_先进数通_2025_管理层讨论与分析.pdf
MDAF0002656,先进数通,核心竞争力,14,公司培养了一大批信息技术及行业应用领域的专家级人才，形成了一支掌握专业技术、熟悉行业客户业务特征与管理模式的技术队伍。,300541.SZ,5,报告页码,3、人才与团队优势,正文,300541.SZ_先进数通_2025_管理层讨论与分析.pdf
MDAF0002657,先进数通,核心竞争力,14,公司基于20 余年的行业经验、技术积累，与上游厂家密切合作，打造自有品牌的算力服务器、交换机、路由器等产品，其中自有品牌的交换机、路由器在多个政企项目中落地。,300541.SZ,5,报告页码,（3）自有品牌的服务器、交换机、路由器,正文,300541.SZ_先进数通_2025_管理层讨论与分析.pdf
MDAF0002658,先进数通,核心竞争力,14,公司建立了人性化的管理体系和具有市场竞争力的考核激励机制，形成了务实稳健的公司文化。,300541.SZ,5,报告页码,3、人才与团队优势,正文,300541.SZ_先进数通_2025_管理层讨论与分析.pdf
MDAF0002659,先进数通,核心竞争力,14,公司拥有众多大中型IT 项目的成功经验，充分了解行业用户的管理模式、业务环境、应用系统现状，长期跟踪并全程参与客户信息系统规划设计、产品选型、开发测试、安装调试、运营维护的各个环节，能够对客户信息系统建设过程中可能出现的问题做出有效预判，帮助行业客户高水平、高质量完成信息系统建设任务。,300541.SZ,5,报告页码,4、技术创新与项目经验优势,正文,300541.SZ_先进数通_2025_管理层讨论与分析.pdf
MDAF0002660,先进数通,核心竞争力,14,公司的管理层与核心团队高度认同公司的经营理念，核心团队保持长期稳定。,300541.SZ,5,报告页码,3、人才与团队优势,正文,300541.SZ_先进数通_2025_管理层讨论与分析.pdf
MDAF0002661,先进数通,核心竞争力,14,公司管理层与核心团队长期专注于IT 服务行业，管理层与核心技术人员的平均从业年限超过20年。,300541.SZ,5,报告页码,3、人才与团队优势,正文,300541.SZ_先进数通_2025_管理层讨论与分析.pdf
MDAF0002662,先进数通,核心竞争力,14,公司绝大多数软件解决方案基于公司自主研发的应用平台软件，是封装于客户IT 基础设施之上的开发、运行、管理平台软件，客户基于公司平台软件，可以构建多种应用系统，客户粘性极强。,300541.SZ,5,报告页码,（2）软件产品具有高粘性优势,正文,300541.SZ_先进数通_2025_管理层讨论与分析.pdf
MDAF0002663,先进数通,核心竞争力,14,公司获得了ISO9001、ISO14001、ISO45001、ISO20000、ISO27001、ISO22301、ISO37001、ISO28000、GBT29490、GBT27922、SA8000 等标准体系认证证书，通过了CMMI L5、软件能力成熟度五级（SPCA 5）、信息系统建设和服务能力五级（CS5）、ITSS 运行维护服务能力成熟度一级、信息系统安全集成服务资质二级、信息系统安全运维服务资质二级、国产化信息系统集成和服务能力评估四级（LS4）等认证，全资孙公司广州先进数通获得了涉密信息系统集成资质甲级，具备了行业领先的工程实施及服务保障。,300541.SZ,5,报告页码,4、技术创新与项目经验优势,正文,300541.SZ_先进数通_2025_管理层讨论与分析.pdf
MDAF0002664,先进数通,核心竞争力,14,公司长期坚持自主可控的技术路线，致力于将业界领先的技术与产品应用于公司产品研发与应用项目中，核心技术团队拥有较高的技术能力和创新能力，使得公司产品、解决方案的技术、性能、可靠性水平获得了以商业银行为代表的大中型金融行业客户的广泛认可。,300541.SZ,5,报告页码,4、技术创新与项目经验优势,正文,300541.SZ_先进数通_2025_管理层讨论与分析.pdf
MDAF0002665,先进数通,核心竞争力,14,同时，公司与供应商共享销售渠道，将双方的销售优势形成合力，大大提高了获取订单的能力。,300541.SZ,5,报告页码,5、供应商合作优势,正文,300541.SZ_先进数通_2025_管理层讨论与分析.pdf
MDAF0002666,先进数通,核心竞争力,14,大中型企业普遍拥有大量地理分布广泛的分支机构和业务网点，IT 服务商必须拥有相应规模的网点分布和技术资源，才能满足客户跨区域的服务需求。,300541.SZ,5,报告页码,6、营销服务网络优势,正文,300541.SZ_先进数通_2025_管理层讨论与分析.pdf
MDAF0002667,先进数通,核心竞争力,14,广泛分布的营销服务网络使公司有能力向全国性的大中型企业及各地区的本地企业提供及时、优质的服务，同时也积累了大范围、多网点、多层次服务网络的管理经验。,300541.SZ,5,报告页码,6、营销服务网络优势,正文,300541.SZ_先进数通_2025_管理层讨论与分析.pdf
MDAF0002668,先进数通,核心竞争力,14,截至报告期末，公司已形成以公司总部、19个分公司、4个全资子公司、1个全资孙公司、1个合并报表范围内的控股子公司为依托，覆盖全国的服务网络。,300541.SZ,5,报告页码,6、营销服务网络优势,正文,300541.SZ_先进数通_2025_管理层讨论与分析.pdf
MDAF0002669,先进数通,核心竞争力,14,"截至报告期末，公司技术人员总数达2,266 人，占公司员工总数的比例达84.30%，包括大量具有丰富行业应用经验的资深技术人员，公司技术人员占比较上一年度保持稳定。",300541.SZ,5,报告页码,3、人才与团队优势,正文,300541.SZ_先进数通_2025_管理层讨论与分析.pdf
MDAF0002670,先进数通,研发投入,19,主要研发项目名称：人工智能MaaS 及智能体平台。,300541.SZ,10,报告页码,,表格行,300541.SZ_先进数通_2025_管理层讨论与分析.pdf
MDAF0002671,先进数通,研发投入,19,主要研发项目名称：基于云原生的金融开发效能平台及应用解决方案。,300541.SZ,10,报告页码,,表格行,300541.SZ_先进数通_2025_管理层讨论与分析.pdf
MDAF0002672,先进数通,研发投入,19,主要研发项目名称：数据治理智能洞察平台。,300541.SZ,10,报告页码,,表格行,300541.SZ_先进数通_2025_管理层讨论与分析.pdf
MDAF0002673,先进数通,研发投入,19,主要研发项目名称：数据资产运营管理和应用工作平台。,300541.SZ,10,报告页码,,表格行,300541.SZ_先进数通_2025_管理层讨论与分析.pdf
MDAF0002674,先进数通,研发投入,19,主要研发项目名称：面扫条件关联设备研发项目。,300541.SZ,10,报告页码,,表格行,300541.SZ_先进数通_2025_管理层讨论与分析.pdf
MDAF0002675,先进数通,研发投入,19,拟达到的目标：建立数据治理咨询管理体系； 完成量化指标管理的数据治理体系；自主研发数据治理洞察工具，聚焦数据质量提升功能；建设数据资产管理体系， 快速洞察数据资产及数据溯源。,300541.SZ,10,报告页码,,表格行,300541.SZ_先进数通_2025_管理层讨论与分析.pdf
MDAF0002676,先进数通,研发投入,19,拟达到的目标：打造一套集高精度扫描与智能关联技术于一体的面扫条件关联设备，确保所有二维码解码时间严格可控，精准识别异常烟的位置及异常类型，推动卷烟生产全流程从传统人工模式向自动化、智能化模式转型升级，实现生产效率的显著提升、错误率的大幅降低与产品质量的精准溯源，提升企业综合运营效能。,300541.SZ,10,报告页码,,表格行,300541.SZ_先进数通_2025_管理层讨论与分析.pdf
MDAF0002677,先进数通,研发投入,19,拟达到的目标：支撑企业进行数据资产的端到端管理、运营、分析和利用， 进而实现数据与业务场景融合及数字化运营目标的技术支撑平台产品，涵盖了安全数据资产采集管理、数据资产治理和管控、数据资产盘点、数据资产运营、数据资产服务、业务需求管理、数据产品研发、数据产品应用优化迭代等各个方面。,300541.SZ,10,报告页码,,表格行,300541.SZ_先进数通_2025_管理层讨论与分析.pdf
MDAF0002678,先进数通,研发投入,19,拟达到的目标：构建一个开放、可扩展、低门槛的企业级AI 智能体开发与运营平台，使非技术用户可通过自然语言或低代码方式创建智能体，专业开发者可复用平台能力快速构建高阶AI 应用。,300541.SZ,10,报告页码,,表格行,300541.SZ_先进数通_2025_管理层讨论与分析.pdf
MDAF0002679,先进数通,研发投入,19,拟达到的目标：金融开发效能平台Starring 的整体规划功能包括金融云原生开发平台、金融云原生效能平台和金融云服务总线平台三部分，并在基于云原生的金融开发效能平台之上，提供相应的银行应用系统解决方案。,300541.SZ,10,报告页码,,表格行,300541.SZ_先进数通_2025_管理层讨论与分析.pdf
MDAF0002680,先进数通,研发投入,19,项目目的：在数智化转型纵深推进的行业格局下，满足卷烟生产企业对数字应用场景化、智能化、敏捷化、标准化及数据安全等提出的较高需求，解决二维码人工关联作业效率低下、错误频发、人工作业强度高及质量问题追溯不精准等关键瓶颈。,300541.SZ,10,报告页码,,表格行,300541.SZ_先进数通_2025_管理层讨论与分析.pdf
MDAF0002681,先进数通,研发投入,19,项目目的：基于云原生技术栈，自研关键核心技术，面向金融领域，提供一个高效、灵活、 安全的开发和运营平台，以支持金融业务的数字化转型和创新，最终提升金融服务的质量和效率。,300541.SZ,10,报告页码,,表格行,300541.SZ_先进数通_2025_管理层讨论与分析.pdf
MDAF0002682,先进数通,研发投入,19,项目目的：帮助客户提高决策效率，满足监管要求。,300541.SZ,10,报告页码,,表格行,300541.SZ_先进数通_2025_管理层讨论与分析.pdf
MDAF0002683,先进数通,研发投入,19,项目目的：构建一套企业级平台，降低企业客户开发智能体应用门槛，以满足企业对AI 模型部署、管理（MaaS）及定制本地的智能化应用 （Agent）的需求。,300541.SZ,10,报告页码,,表格行,300541.SZ_先进数通_2025_管理层讨论与分析.pdf
MDAF0002684,先进数通,研发投入,19,项目目的：构建数据治理咨询管理体系，提升数据治理能力，提升数据质量，加强数据资产管控，支持数字化转型。,300541.SZ,10,报告页码,,表格行,300541.SZ_先进数通_2025_管理层讨论与分析.pdf
MDAF0002685,先进数通,研发投入,19,项目目的：满足企业数字应用场景化、 智能化、敏捷化、标准化、 数据安全、最新技术环境的要求，对产品概念、应用模式及界面风格进行统一的全新设计，为企业提供端到端的、服务于技术、数据分析、业务分析等不同角色用户需求的一体化平台。,300541.SZ,10,报告页码,,表格行,300541.SZ_先进数通_2025_管理层讨论与分析.pdf
MDAF0002686,先进数通,研发投入,19,项目进展：实施中， Shark 系列产品已有部分成果申请软件著作权。,300541.SZ,10,报告页码,,表格行,300541.SZ_先进数通_2025_管理层讨论与分析.pdf
MDAF0002687,先进数通,研发投入,19,项目进展：实施中， Starring 系列产品及银行应用系统解决方案已有部分成果申请软件著作权。,300541.SZ,10,报告页码,,表格行,300541.SZ_先进数通_2025_管理层讨论与分析.pdf
MDAF0002688,先进数通,研发投入,19,项目进展：实施中，已取得软件著作权。,300541.SZ,10,报告页码,,表格行,300541.SZ_先进数通_2025_管理层讨论与分析.pdf
MDAF0002689,先进数通,研发投入,19,项目进展：实施中，已有部分成果申请软件著作权。,300541.SZ,10,报告页码,,表格行,300541.SZ_先进数通_2025_管理层讨论与分析.pdf
MDAF0002690,先进数通,研发投入,19,项目进展：已完成，已取得软件著作权，已形成销售。,300541.SZ,10,报告页码,,表格行,300541.SZ_先进数通_2025_管理层讨论与分析.pdf
MDAF0002691,先进数通,研发投入,19,项目进展：正在申请专利。,300541.SZ,10,报告页码,,表格行,300541.SZ_先进数通_2025_管理层讨论与分析.pdf
MDAF0002692,先进数通,研发投入,19,预计对公司未来发展的影响：在数据治理领域，为公司增强竞争力，促进业务创新，提升客户满意度，支持可持续发展。,300541.SZ,10,报告页码,,表格行,300541.SZ_先进数通_2025_管理层讨论与分析.pdf
MDAF0002693,先进数通,研发投入,19,预计对公司未来发展的影响：在金融交易领域，为公司带来成本效益、业务扩展、竞争优势和创新能力等多方面的积极影响， 有助于公司在未来的金融业务处理领域保持领先地位。,300541.SZ,10,报告页码,,表格行,300541.SZ_先进数通_2025_管理层讨论与分析.pdf
MDAF0002694,先进数通,研发投入,19,预计对公司未来发展的影响：帮助客户更有效地管理和利用数据资产，提升运营效率，促进创新和增长，为公司培养数据驱动文化，带来长期的竞争优势和持续的业务增长。,300541.SZ,10,报告页码,,表格行,300541.SZ_先进数通_2025_管理层讨论与分析.pdf
MDAF0002695,先进数通,研发投入,19,预计对公司未来发展的影响：最终形成公司核心的AI 服务能力和技术资产。,300541.SZ,10,报告页码,,表格行,300541.SZ_先进数通_2025_管理层讨论与分析.pdf
MDAF0002696,先进数通,研发投入,19,预计对公司未来发展的影响：本设备的应用将有效提升企业综合运营效能与市场竞争力，为持续优化生产工艺、深化数智化应用提供可复制的范式，助力公司在烟草行业数字化转型浪潮中确立技术标杆地位。,300541.SZ,10,报告页码,,表格行,300541.SZ_先进数通_2025_管理层讨论与分析.pdf
MDAF0002697,先进数通,研发投入,19,预计对公司未来发展的影响：该设备将成为公司实现高质量发展、增强可持续竞争力的关键引擎，有力支撑企业向行业智能化领军者迈进， 为烟草产业的现代化升级贡献核心价值。,300541.SZ,10,报告页码,,表格行,300541.SZ_先进数通_2025_管理层讨论与分析.pdf
MDAF0002698,先进数通,研发投入,19,预计对公司未来发展的影响：项目成果可以使得企业客户实现自动化模型部署与管理，加速 AI 应用上线；提高算力资源利用率，标准化AI 应用开发流程；降低Agent 开发门槛，激发业务部门的智能化潜力。,300541.SZ,10,报告页码,,表格行,300541.SZ_先进数通_2025_管理层讨论与分析.pdf
MDAF0002699,先进数通,研发投入,19,适用。,300541.SZ,10,报告页码,,选项,300541.SZ_先进数通_2025_管理层讨论与分析.pdf
MDAF0002700,先进数通,研发投入,20,2024年：122。,300541.SZ,11,报告页码,,表格行,300541.SZ_先进数通_2025_管理层讨论与分析.pdf
MDAF0002701,先进数通,研发投入,20,2024年：183。,300541.SZ,11,报告页码,,表格行,300541.SZ_先进数通_2025_管理层讨论与分析.pdf
MDAF0002702,先进数通,研发投入,20,2024年：19。,300541.SZ,11,报告页码,,表格行,300541.SZ_先进数通_2025_管理层讨论与分析.pdf
MDAF0002703,先进数通,研发投入,20,2024年：1。,300541.SZ,11,报告页码,,表格行,300541.SZ_先进数通_2025_管理层讨论与分析.pdf
MDAF0002704,先进数通,研发投入,20,2024年：234。,300541.SZ,11,报告页码,,表格行,300541.SZ_先进数通_2025_管理层讨论与分析.pdf
MDAF0002705,先进数通,研发投入,20,2024年：54。,300541.SZ,11,报告页码,,表格行,300541.SZ_先进数通_2025_管理层讨论与分析.pdf
MDAF0002706,先进数通,研发投入,20,2024年：58。,300541.SZ,11,报告页码,,表格行,300541.SZ_先进数通_2025_管理层讨论与分析.pdf
MDAF0002707,先进数通,研发投入,20,2024年：8.21%。,300541.SZ,11,报告页码,,表格行,300541.SZ_先进数通_2025_管理层讨论与分析.pdf
MDAF0002708,先进数通,研发投入,20,2025年：130。,300541.SZ,11,报告页码,,表格行,300541.SZ_先进数通_2025_管理层讨论与分析.pdf
MDAF0002709,先进数通,研发投入,20,2025年：170。,300541.SZ,11,报告页码,,表格行,300541.SZ_先进数通_2025_管理层讨论与分析.pdf
MDAF0002710,先进数通,研发投入,20,2025年：18。,300541.SZ,11,报告页码,,表格行,300541.SZ_先进数通_2025_管理层讨论与分析.pdf
MDAF0002711,先进数通,研发投入,20,2025年：1。,300541.SZ,11,报告页码,,表格行,300541.SZ_先进数通_2025_管理层讨论与分析.pdf
MDAF0002712,先进数通,研发投入,20,2025年：244。,300541.SZ,11,报告页码,,表格行,300541.SZ_先进数通_2025_管理层讨论与分析.pdf
MDAF0002713,先进数通,研发投入,20,2025年：30 岁以下。,300541.SZ,11,报告页码,,表格行,300541.SZ_先进数通_2025_管理层讨论与分析.pdf
MDAF0002714,先进数通,研发投入,20,2025年：30~40 岁。,300541.SZ,11,报告页码,,表格行,300541.SZ_先进数通_2025_管理层讨论与分析.pdf
MDAF0002715,先进数通,研发投入,20,2025年：40 岁以上。,300541.SZ,11,报告页码,,表格行,300541.SZ_先进数通_2025_管理层讨论与分析.pdf
MDAF0002716,先进数通,研发投入,20,2025年：50。,300541.SZ,11,报告页码,,表格行,300541.SZ_先进数通_2025_管理层讨论与分析.pdf
MDAF0002717,先进数通,研发投入,20,2025年：64。,300541.SZ,11,报告页码,,表格行,300541.SZ_先进数通_2025_管理层讨论与分析.pdf
MDAF0002718,先进数通,研发投入,20,2025年：9.08%。,300541.SZ,11,报告页码,,表格行,300541.SZ_先进数通_2025_管理层讨论与分析.pdf
MDAF0002719,先进数通,研发投入,20,2025年：博士。,300541.SZ,11,报告页码,,表格行,300541.SZ_先进数通_2025_管理层讨论与分析.pdf
MDAF0002720,先进数通,研发投入,20,2025年：本科。,300541.SZ,11,报告页码,,表格行,300541.SZ_先进数通_2025_管理层讨论与分析.pdf
MDAF0002721,先进数通,研发投入,20,2025年：研发人员学历。,300541.SZ,11,报告页码,,表格行,300541.SZ_先进数通_2025_管理层讨论与分析.pdf
MDAF0002722,先进数通,研发投入,20,2025年：研发人员年龄构成。,300541.SZ,11,报告页码,,表格行,300541.SZ_先进数通_2025_管理层讨论与分析.pdf
MDAF0002723,先进数通,研发投入,20,2025年：研发人员数量占比。,300541.SZ,11,报告页码,,表格行,300541.SZ_先进数通_2025_管理层讨论与分析.pdf
MDAF0002724,先进数通,研发投入,20,2025年：研发人员数量（人）。,300541.SZ,11,报告页码,,表格行,300541.SZ_先进数通_2025_管理层讨论与分析.pdf
MDAF0002725,先进数通,研发投入,20,2025年：硕士。,300541.SZ,11,报告页码,,表格行,300541.SZ_先进数通_2025_管理层讨论与分析.pdf
MDAF0002726,先进数通,研发投入,20,变动比例：-5.26%。,300541.SZ,11,报告页码,,表格行,300541.SZ_先进数通_2025_管理层讨论与分析.pdf
MDAF0002727,先进数通,研发投入,20,变动比例：-7.10%。,300541.SZ,11,报告页码,,表格行,300541.SZ_先进数通_2025_管理层讨论与分析.pdf
MDAF0002728,先进数通,研发投入,20,变动比例：-7.41%。,300541.SZ,11,报告页码,,表格行,300541.SZ_先进数通_2025_管理层讨论与分析.pdf
MDAF0002729,先进数通,研发投入,20,变动比例：0.00%。,300541.SZ,11,报告页码,,表格行,300541.SZ_先进数通_2025_管理层讨论与分析.pdf
MDAF0002730,先进数通,研发投入,20,变动比例：0.87%。,300541.SZ,11,报告页码,,表格行,300541.SZ_先进数通_2025_管理层讨论与分析.pdf
MDAF0002731,先进数通,研发投入,20,变动比例：10.34%。,300541.SZ,11,报告页码,,表格行,300541.SZ_先进数通_2025_管理层讨论与分析.pdf
MDAF0002732,先进数通,研发投入,20,变动比例：4.27%。,300541.SZ,11,报告页码,,表格行,300541.SZ_先进数通_2025_管理层讨论与分析.pdf
MDAF0002733,先进数通,研发投入,20,变动比例：6.56%。,300541.SZ,11,报告页码,,表格行,300541.SZ_先进数通_2025_管理层讨论与分析.pdf
MDAF0002734,新晨科技,业务概要,9,交易银行系统，是集交易平台、营销平台、服务平台、互动平台的四位一体的电子银行综合性平台，为银行客户提供全新的体验和全方位的服务，进一步降低银行对企业客户的服务成本，提高银行对公客户的满意度，提升电子银行的整体收益。,300542.SZ,1,报告页码,（1）软件开发业务,正文,300542.SZ_新晨科技_2025_管理层讨论与分析.pdf
MDAF0002735,新晨科技,业务概要,9,公司主要为金融客户提供电子渠道及渠道整合、贸易融资、新一代中间业务、交易银行、数据交换、大数据平台、区块链平台、债券综合业务、家族信托管理等软件开发服务，以及为客户提供数据中心规划设计咨询、软硬件选型与部署实施等覆盖IT 基础设施建设全生命周期的系统集成解决方案和服务。,300542.SZ,1,报告页码,1、主要业务、主要产品及其用途,正文,300542.SZ_新晨科技_2025_管理层讨论与分析.pdf
MDAF0002736,新晨科技,业务概要,9,公司具备雄厚的软件研发和项目实施实力，拥有强大的覆盖全国的技术支持服务体系以及长期从事技术咨询、服务和项目实施的经验。,300542.SZ,1,报告页码,（1）软件开发业务,正文,300542.SZ_新晨科技_2025_管理层讨论与分析.pdf
MDAF0002737,新晨科技,业务概要,9,公司渠道类应用解决方案主要分为前端类和后台类，前端类包括呼叫中心、个人网银、企业网银、个人手机银行、企业手机银行等。,300542.SZ,1,报告页码,（1）软件开发业务,正文,300542.SZ_新晨科技_2025_管理层讨论与分析.pdf
MDAF0002738,新晨科技,业务概要,9,其核心产品电子渠道及渠道整合云平台、贸易融资结算系统、协作云平台、交易银行系统、交换平台、大数据平台、区块链BaaS 平台、债券综合业务系统、家族信托管理系统等系列产品和解决方案在金融、军工、公安等行业得到广泛应用。,300542.SZ,1,报告页码,（1）软件开发业务,正文,300542.SZ_新晨科技_2025_管理层讨论与分析.pdf
MDAF0002739,新晨科技,业务概要,9,具体包括以下细分领域：（Ⅰ）渠道及渠道整合领域公司在渠道建设领域有丰富的实施经验，产品和服务覆盖了电子渠道、自助渠道、柜面等全渠道。,300542.SZ,1,报告页码,（1）软件开发业务,正文,300542.SZ_新晨科技_2025_管理层讨论与分析.pdf
MDAF0002740,新晨科技,业务概要,9,后台类包括渠道整合云平台（渠道中台）、渠道服务支撑平台等。,300542.SZ,1,报告页码,（1）软件开发业务,正文,300542.SZ_新晨科技_2025_管理层讨论与分析.pdf
MDAF0002741,新晨科技,业务概要,9,平台采用微服务架构，通过高质量底层公共组件和丰富的第三方插件接口，提供微服务应用、敏捷应用的开发与交付能力。,300542.SZ,1,报告页码,（1）软件开发业务,正文,300542.SZ_新晨科技_2025_管理层讨论与分析.pdf
MDAF0002742,新晨科技,业务概要,9,新晨科技是以金融行业为核心，覆盖空管、军工、公安、媒体及大中型国有企事业单位等行业的专业信息化解决方案与服务的供应商，提供软件开发、系统集成、专业技术服务等多层次的行业信息化服务。,300542.SZ,1,报告页码,1、主要业务、主要产品及其用途,正文,300542.SZ_新晨科技_2025_管理层讨论与分析.pdf
MDAF0002743,新晨科技,业务概要,9,新晨科技贸易融资产品采用模型驱动架构设计，通过模型转换，能够满足不同银行客户对自身技术架构的要求。,300542.SZ,1,报告页码,（1）软件开发业务,正文,300542.SZ_新晨科技_2025_管理层讨论与分析.pdf
MDAF0002744,新晨科技,业务概要,9,有利于快速实现业务场景拓展，建立银行与外部合作伙伴的生态圈，实现服务输入输出、权益互换，互利双赢，促进银行中间业务规模化拓展。,300542.SZ,1,报告页码,（1）软件开发业务,正文,300542.SZ_新晨科技_2025_管理层讨论与分析.pdf
MDAF0002745,新晨科技,业务概要,9,渠道整合云平台在国有大型银行、股份制银行以及地区性商业银行都有成功应用。,300542.SZ,1,报告页码,（1）软件开发业务,正文,300542.SZ_新晨科技_2025_管理层讨论与分析.pdf
MDAF0002746,新晨科技,业务概要,9,渠道整合云平台基于分布式架构构建，为各渠道建立统一的数据标准和服务规范，实现渠道交易信息的统一传递和交易数据的统一分发，以及统一的安全认证和授权、统一的系统接入、统一的信息模型及转换、统一的流程管理、便捷的监控管理等功能，以满足新业务的快速部署、多渠道发布、主动营销、统一客户视图等市场需求。,300542.SZ,1,报告页码,（1）软件开发业务,正文,300542.SZ_新晨科技_2025_管理层讨论与分析.pdf
MDAF0002747,新晨科技,业务概要,9,目前已应用于大型国有商业银行、全国性股份制商业银行、国家政策性银行以及城市商业银行、农商银行和农村信用社（联社）等众多客户。,300542.SZ,1,报告页码,（1）软件开发业务,正文,300542.SZ_新晨科技_2025_管理层讨论与分析.pdf
MDAF0002748,新晨科技,业务概要,9,自设立以来，公司主营业务未发生变更。,300542.SZ,1,报告页码,1、主要业务、主要产品及其用途,正文,300542.SZ_新晨科技_2025_管理层讨论与分析.pdf
MDAF0002749,新晨科技,业务概要,9,贸易融资结算系统全面覆盖了国际结算的各项业务品种，提供外汇资金和清算的支持，系统还包含国际支付前置、外汇监管报送、授信管理、供应链金融等多个子系统，能为客户提供一站式的贸易融资结算解决方案。,300542.SZ,1,报告页码,（1）软件开发业务,正文,300542.SZ_新晨科技_2025_管理层讨论与分析.pdf
MDAF0002750,新晨科技,业务概要,9,（Ⅱ）贸易融资领域贸易融资结算系统是公司在金融行业核心业务层上的主要产品和解决方案。,300542.SZ,1,报告页码,（1）软件开发业务,正文,300542.SZ_新晨科技_2025_管理层讨论与分析.pdf
MDAF0002751,新晨科技,业务概要,9,（Ⅲ）中间业务领域协作云平台是公司在金融行业业务支撑层上的主要产品，符合银行金融科技发展规划，能够进一步提升银行中间业务产品的产出，提高开发效率，最大程度在人力、技术、创意等方面实现共享。,300542.SZ,1,报告页码,（1）软件开发业务,正文,300542.SZ_新晨科技_2025_管理层讨论与分析.pdf
MDAF0002752,新晨科技,业务概要,9,（Ⅳ）交易银行领域新晨交易银行产品以“整合”、“共享”、“互联互通”、“开放”、“体验”为手段，以标准化电子渠道各类可售产品为基础，以平台化策略为支撑，以支持交易银行为目标，通过构建新一代银行对公电子金融服务平台，支持银行对公电子渠道转型和未来发展。,300542.SZ,1,报告页码,（1）软件开发业务,正文,300542.SZ_新晨科技_2025_管理层讨论与分析.pdf
MDAF0002753,新晨科技,业务概要,10,交易银行系统采用前后端分离模式，前台负责与用户的交互界面的展示，不负责处理业务逻辑，业务逻辑的处理集中在中台；采用组件化、松耦合、分层设计，识别并定义交易银行金融服务平台所需的组件，按照组件化方式进行设计开发；各组件相对独立，组件之间通过调用的方式实现交互；在平台架构设计中采取分层设计的原则，保证各层组件间的功能独立性和组件松耦合性，便于组件及其功能的灵活扩展。,300542.SZ,2,报告页码,（1）软件开发业务,正文,300542.SZ_新晨科技_2025_管理层讨论与分析.pdf
MDAF0002754,新晨科技,业务概要,10,公司已形成了由标准服务、高级服务和咨询服务构成的多级服务体系，从行业客户的战略方案制订、系统策划、项目建设等方面，为客户提供产品升级和行业技术咨询服务与培训。,300542.SZ,2,报告页码,（3）专业技术服务,正文,300542.SZ_新晨科技_2025_管理层讨论与分析.pdf
MDAF0002755,新晨科技,业务概要,10,公司的专业技术服务主要是基于软件开发和系统集成业务为客户提供技术支持及运营维护等服务，是软件开发和系统集成业务不可或缺的支持手段。,300542.SZ,2,报告页码,（3）专业技术服务,正文,300542.SZ_新晨科技_2025_管理层讨论与分析.pdf
MDAF0002756,新晨科技,业务概要,10,公司系统集成团队现有各类专业技术人员超过300 人，涵盖行业专家、技术专家以及项目管理等多方面的高级技术人才，可以为客户提供传统的系统集成技术支持，包括路由、交换、主机存储、灾备、负载均衡和安全等，也可以为新的系统集成技术，如算力中心、SDN、大数据、超融合、云计算等提供支持。,300542.SZ,2,报告页码,（2）系统集成业务,正文,300542.SZ_新晨科技_2025_管理层讨论与分析.pdf
MDAF0002757,新晨科技,业务概要,10,公司自成立以来一直从事系统集成相关业务，形成了从设计规划、实施、管理到技术支持与服务完整而强大的系统集成能力，为客户提供数据中心规划设计咨询、软硬件选型与部署实施等覆盖IT 基础设施建设全生命周期的系统集成解决方案和服务，同时结合自身的软件开发能力，为客户提供定制化IT 基础设施增值服务。,300542.SZ,2,报告页码,（2）系统集成业务,正文,300542.SZ_新晨科技_2025_管理层讨论与分析.pdf
MDAF0002758,新晨科技,业务概要,10,在系统安全性、可靠性、可用性及成本控制和运营管理等方面具有较强的综合竞争能力。,300542.SZ,2,报告页码,（2）系统集成业务,正文,300542.SZ_新晨科技_2025_管理层讨论与分析.pdf
MDAF0002759,新晨科技,业务概要,10,报告期内，公司新增12个软件著作权认证证书、4个专利证书，对公司开拓市场、提升品牌影响力产生积极的作用，有利于公司保持技术的优势，提升了公司的核心竞争力。,300542.SZ,2,报告页码,（1）软件开发业务,正文,300542.SZ_新晨科技_2025_管理层讨论与分析.pdf
MDAF0002760,新晨科技,业务概要,10,新晨科技的系统集成解决方案包括数据中心基础架构系统建设、数据中心云计算/虚拟化建设、数据中心信息安全系统建设、数据中心灾备系统建设、数据中心IT 系统搬迁技术服务、大数据平台系统建设、基于等保2.0 的安全规划与建设、迅捷多厂商运维管理服务等。,300542.SZ,2,报告页码,（2）系统集成业务,正文,300542.SZ_新晨科技_2025_管理层讨论与分析.pdf
MDAF0002761,新晨科技,业务概要,10,既可以为信托公司提供家族信托管理的平台，也可以为银行客户建立以银行为中心的家族信托业务全流程闭环管理，银行掌握家族信托相关全部数据，依托金融科技，为客户提供全面、实时、精准的优质服务，满足信息安全、监管审计、合规管理等要求。,300542.SZ,2,报告页码,（1）软件开发业务,正文,300542.SZ_新晨科技_2025_管理层讨论与分析.pdf
MDAF0002762,新晨科技,业务概要,10,由于交换平台核心服务——信息数据交换服务具有同质性，因此，交换平台被广泛应用到具有信息数据交换需求的多个应用领域。,300542.SZ,2,报告页码,（1）软件开发业务,正文,300542.SZ_新晨科技_2025_管理层讨论与分析.pdf
MDAF0002763,新晨科技,业务概要,10,系统涵盖了对发行计划的额度管控、发行定价策略的动态分析、招标发行投中标数据的直连接入、存续期债券现金流动态测算，能够为债券发行人提供全业务流程管理的解决方案，并可与交易后台直连对接，实现债券发行业务前中后台交易直通式处理。,300542.SZ,2,报告页码,（1）软件开发业务,正文,300542.SZ_新晨科技_2025_管理层讨论与分析.pdf
MDAF0002764,新晨科技,业务概要,10,（Ⅴ）数据交换领域交换平台是公司核心技术平台，可为各个应用系统提供统一的格式转换、统一的业务路由、统一的事务管理、统一的监控管理，实现统一的信息数据交换。,300542.SZ,2,报告页码,（1）软件开发业务,正文,300542.SZ_新晨科技_2025_管理层讨论与分析.pdf
MDAF0002765,新晨科技,业务概要,10,（Ⅵ）大数据平台新晨大数据平台涵盖数据综合管理中台建设、情报分析工具、数据分析建模工具、管理工具、数据治理工具、数据开发平台、数据展现发布平台，能为用户提供完整成熟的解决方案，平台在大数据的知识图谱应用、可视化交互式数据分析研判以及模型自定义平台上有较深耕耘。,300542.SZ,2,报告页码,（1）软件开发业务,正文,300542.SZ_新晨科技_2025_管理层讨论与分析.pdf
MDAF0002766,新晨科技,业务概要,10,（Ⅶ）区块链BaaS 平台区块链BaaS 平台是公司自主研发的区块链即服务的平台，可以帮助用户快速部署区块链系统，提供链码部署、区块链运行状态监控、配置和管理等服务。,300542.SZ,2,报告页码,（1）软件开发业务,正文,300542.SZ_新晨科技_2025_管理层讨论与分析.pdf
MDAF0002767,新晨科技,业务概要,10,（Ⅷ）债券综合业务系统新晨债券综合业务系统是基于债券发行交易全生命周期管理的应用系统。,300542.SZ,2,报告页码,（1）软件开发业务,正文,300542.SZ_新晨科技_2025_管理层讨论与分析.pdf
MDAF0002768,新晨科技,业务概要,10,（Ⅸ）家族信托管理系统新晨科技的家族信托管理系统，致力于打造金融科技驱动的信托业务生态圈。,300542.SZ,2,报告页码,（1）软件开发业务,正文,300542.SZ_新晨科技_2025_管理层讨论与分析.pdf
MDAF0002769,新晨科技,业务概要,11,IT 服务市场整体上高度分散，其中包含多个细分领域，每个细分领域通过一段时间的市场竞争，会形成相对稳定的市场格局，其中部分细分市场集中度较高。,300542.SZ,3,报告页码,（3）新业务机会获取,正文,300542.SZ_新晨科技_2025_管理层讨论与分析.pdf
MDAF0002770,新晨科技,业务概要,11,公司为行业客户提供以自有软件为核心的业务应用软件开发和项目实施服务，围绕IT 基础建设的系统集成服务，以专业化的流程体系和优秀的技术人才为支撑的技术支持服务，以丰富的业务经验和专业技能为基础的顾问咨询服务，并从中获得收入和利润。,300542.SZ,3,报告页码,（1）盈利模式,正文,300542.SZ_新晨科技_2025_管理层讨论与分析.pdf
MDAF0002771,新晨科技,业务概要,11,公司主要的业绩驱动因素来源于长期客户持续服务、新客户拓展及新业务机会获取三个方面：,300542.SZ,3,报告页码,3、主要的业绩驱动因素,正文,300542.SZ_新晨科技_2025_管理层讨论与分析.pdf
MDAF0002772,新晨科技,业务概要,11,公司产品研发团队，通过对目标市场的调研、目标客户业务需求的分析，开发具有自主知识产权的软件产品，并以自有产品为核心，根据客户的业务要求进行定制应用开发和部署。,300542.SZ,3,报告页码,（3）生产模式,正文,300542.SZ_新晨科技_2025_管理层讨论与分析.pdf
MDAF0002773,新晨科技,业务概要,11,公司凭借多年的技术积累、良好的服务口碑以及过硬的资质，在客户新项目建设时，有较大的机会扩展业务规模。,300542.SZ,3,报告页码,（2）新客户拓展,正文,300542.SZ_新晨科技_2025_管理层讨论与分析.pdf
MDAF0002774,新晨科技,业务概要,11,公司未来的发展很大程度上决定于是否能够准确把握行业机会与技术变革，推出满足客户需求的产品、服务及解决方案。,300542.SZ,3,报告页码,（3）新业务机会获取,正文,300542.SZ_新晨科技_2025_管理层讨论与分析.pdf
MDAF0002775,新晨科技,业务概要,11,公司的经营模式及相关影响因素在报告期内不存在重大变化。,300542.SZ,3,报告页码,（4）营销模式,正文,300542.SZ_新晨科技_2025_管理层讨论与分析.pdf
MDAF0002776,新晨科技,业务概要,11,公司通过自有的销售体系或者合作伙伴的渠道销售体系，向各终端用户推介本公司软件产品及软件开发服务、系统集成服务、技术支持服务及顾问咨询服务，通过投标或单一来源谈判的方式获取订单。,300542.SZ,3,报告页码,（4）营销模式,正文,300542.SZ_新晨科技_2025_管理层讨论与分析.pdf
MDAF0002777,新晨科技,业务概要,11,同时，公司建立了严格的采购审批制度，规范公司的采购管理。,300542.SZ,3,报告页码,（2）采购模式,正文,300542.SZ_新晨科技_2025_管理层讨论与分析.pdf
MDAF0002778,新晨科技,业务概要,11,在没有行业性的业务机会或革新性的技术驱动前提下，相对稳定的市场格局较难被打破，服务商介入其非优势领域的难度较大。,300542.SZ,3,报告页码,（3）新业务机会获取,正文,300542.SZ_新晨科技_2025_管理层讨论与分析.pdf
MDAF0002779,新晨科技,业务概要,11,在系统集成服务中需要采购的主要为软硬件产品，公司建立了严格的供应商管理制度和采购流程，供应商需要经过资质审核、内部评审、商务谈判等环节，才能入围公司合格供应商目录。,300542.SZ,3,报告页码,（2）采购模式,正文,300542.SZ_新晨科技_2025_管理层讨论与分析.pdf
MDAF0002780,新晨科技,业务概要,11,在采购环节，遵循多家合格的供应商进行竞争性谈判原则。,300542.SZ,3,报告页码,（2）采购模式,正文,300542.SZ_新晨科技_2025_管理层讨论与分析.pdf
MDAF0002781,新晨科技,业务概要,11,多年来，公司业务收入较大比例来自于长期客户，当该类客户大规模开展系统升级或应用系统建设时，公司有机会获得更多的业务机会；当该类客户的业务需求趋于稳定时，公司扩展业务规模的进度可能有所放缓。,300542.SZ,3,报告页码,（1）长期客户持续服务,正文,300542.SZ_新晨科技_2025_管理层讨论与分析.pdf
MDAF0002782,新晨科技,业务概要,11,报告期内，公司在金融、军工领域新客户群不断扩大，成功开拓了一批有影响力的新客户，这些新客户将为公司的发展提供广阔的市场机会。,300542.SZ,3,报告页码,（2）新客户拓展,正文,300542.SZ_新晨科技_2025_管理层讨论与分析.pdf
MDAF0002783,新晨科技,业务概要,11,核心产品和核心业务作为公司的核心竞争力，是公司深挖老客户需求、开拓新客户业务的动力和源泉。,300542.SZ,3,报告页码,3、主要的业绩驱动因素,正文,300542.SZ_新晨科技_2025_管理层讨论与分析.pdf
MDAF0002784,新晨科技,业务概要,11,核心价值是指公司提供的产品与服务能够满足不同行业的共性需求，能够实现跨行业、跨客户以及跨业务的横向推广，同时能够最大限度降低实施成本，提高公司市场竞争力。,300542.SZ,3,报告页码,3、主要的业绩驱动因素,正文,300542.SZ_新晨科技_2025_管理层讨论与分析.pdf
MDAF0002785,新晨科技,业务概要,11,核心客户为公司提供了稳定的收入来源，保证了公司业务经营的稳步发展，同时还为公司新产品的研发以及业务的创新提供了便利的落地实施机会。,300542.SZ,3,报告页码,3、主要的业绩驱动因素,正文,300542.SZ_新晨科技_2025_管理层讨论与分析.pdf
MDAF0002786,新晨科技,业务概要,11,这种相对稳定的格局在出现新的行业性业务机会或者革命性的技术驱动下，会发生较大的变化，并可能重构行业格局。,300542.SZ,3,报告页码,（3）新业务机会获取,正文,300542.SZ_新晨科技_2025_管理层讨论与分析.pdf
MDAF0002787,新晨科技,业务概要,11,长期以来，公司坚持“核心价值、核心产品、核心客户、核心业务”的发展战略。,300542.SZ,3,报告页码,3、主要的业绩驱动因素,正文,300542.SZ_新晨科技_2025_管理层讨论与分析.pdf
MDAF0002788,新晨科技,核心竞争力,13,公司以提升金融行业信息化水平为己任，通过不断创新、丰富、完善产品和服务，以技术创新支持客户业务快速创新，不断提升专业领域市场份额，持续打造公司核心竞争力。,300542.SZ,5,报告页码,（一）持续研发及技术创新能力,正文,300542.SZ_新晨科技_2025_管理层讨论与分析.pdf
MDAF0002789,新晨科技,核心竞争力,13,公司在区块链领域不断加大研发投入，持续跟进相关主流的区块链平台以及开源社区版本，借助公司在贸易融资领域的业务优势开展创新落地应用，积极对共识算法、加密算法和跨链技术等方面展开深入研究工作。,300542.SZ,5,报告页码,（一）持续研发及技术创新能力,正文,300542.SZ_新晨科技_2025_管理层讨论与分析.pdf
MDAF0002790,新晨科技,核心竞争力,13,公司自成立以来始终紧跟金融行业IT 解决方案的发展趋势，以电子渠道及渠道整合、支付结算、新一代中间业务、交易银行为业务主线，在新型渠道类解决方案领域已拥有较高的知名度及市场占有率。,300542.SZ,5,报告页码,（一）持续研发及技术创新能力,正文,300542.SZ_新晨科技_2025_管理层讨论与分析.pdf
MDAF0002791,新晨科技,核心竞争力,13,公司近几年来一直致力于区块链、大数据、云计算、人工智能等新技术领域的跟踪研究和应用落地。,300542.SZ,5,报告页码,（一）持续研发及技术创新能力,正文,300542.SZ_新晨科技_2025_管理层讨论与分析.pdf
MDAF0002792,新晨科技,核心竞争力,13,报告期内，公司获得了四项区块链领域发明专利。,300542.SZ,5,报告页码,（一）持续研发及技术创新能力,正文,300542.SZ_新晨科技_2025_管理层讨论与分析.pdf
MDAF0002793,新晨科技,核心竞争力,14,与此同时，公司强化人才发展战略，注重人才的引进和培养，积极探索与各大高校和相关研究机构进行产学研合作，更好地提升公司的核心竞争力，促进公司可持续发展。,300542.SZ,6,报告页码,（四）核心团队及专业人才优势,正文,300542.SZ_新晨科技_2025_管理层讨论与分析.pdf
MDAF0002794,新晨科技,核心竞争力,14,公司在空管行业信息化建设方面始终紧跟行业发展步伐，在全国范围跨地域、跨机构的大型复杂系统建设和运行保障方面积累了大量的实践经验，技术方向覆盖网络通信、广域网传输交换、数据治理服务等方面软硬件产品研制，在空管行业数据信息服务领域具备较强的能力。,300542.SZ,6,报告页码,（三）深厚的行业实施经验,正文,300542.SZ_新晨科技_2025_管理层讨论与分析.pdf
MDAF0002795,新晨科技,核心竞争力,14,公司在空管行业拥有近二十年的信息化系统建设经验，在持续围绕空管数据信息服务体系建设的过程中，获得了从国家管理机构到各级管制单位客户的充分认可和高度评价，为后续行业深化拓展积累了良好的客户资源。,300542.SZ,6,报告页码,（二）客户资源优势,正文,300542.SZ_新晨科技_2025_管理层讨论与分析.pdf
MDAF0002796,新晨科技,核心竞争力,14,公司在薪资待遇、发展方向、上升空间、企业文化等方面增强员工对公司的认同感。,300542.SZ,6,报告页码,（四）核心团队及专业人才优势,正文,300542.SZ_新晨科技_2025_管理层讨论与分析.pdf
MDAF0002797,新晨科技,核心竞争力,14,公司大数据平台涵盖数据综合管理中台建设、情报分析工具、数据分析建模工具、管理工具、数据治理工具、数据开发平台、数据展现发布平台，在大数据的知识图谱应用、可视化交互式数据分析研判以及模型自定义平台等方面能为用户提供完整成熟的解决方案。,300542.SZ,6,报告页码,（一）持续研发及技术创新能力,正文,300542.SZ_新晨科技_2025_管理层讨论与分析.pdf
MDAF0002798,新晨科技,核心竞争力,14,公司开发的软件产品能够深度契合银行的相关需求，在同行业中具有较强竞争优势。,300542.SZ,6,报告页码,（三）深厚的行业实施经验,正文,300542.SZ_新晨科技_2025_管理层讨论与分析.pdf
MDAF0002799,新晨科技,核心竞争力,14,公司形成了一系列符合市场要求及公司实际的考核机制，使得团队成员利益与公司发展保持高度一致。,300542.SZ,6,报告页码,（四）核心团队及专业人才优势,正文,300542.SZ_新晨科技_2025_管理层讨论与分析.pdf
MDAF0002800,新晨科技,核心竞争力,14,公司注重对员工业务和技术能力的持续学习、提升和培养，对相关业务和技术知识进行归纳总结，形成简明扼要、通俗易懂的知识体系，并通过有效培训使员工快速领会和掌握，不断保持公司人才队伍专业性。,300542.SZ,6,报告页码,（四）核心团队及专业人才优势,正文,300542.SZ_新晨科技_2025_管理层讨论与分析.pdf
MDAF0002801,新晨科技,核心竞争力,14,公司的分布式云计算平台产品基于纯分布式、微服务、大数据架构设计，采用先进成熟的消息中间件、数据库中间件，符合未来金融互联网化技术发展方向。,300542.SZ,6,报告页码,（一）持续研发及技术创新能力,正文,300542.SZ_新晨科技_2025_管理层讨论与分析.pdf
MDAF0002802,新晨科技,核心竞争力,14,公司管理层深刻认同公司文化和经营管理理念，对金融信息化领域的发展方向具有敏锐的洞察力和前瞻性。,300542.SZ,6,报告页码,（四）核心团队及专业人才优势,正文,300542.SZ_新晨科技_2025_管理层讨论与分析.pdf
MDAF0002803,新晨科技,核心竞争力,14,公司经过长期不断发展，建立了经验丰富的各类专业实施与服务的人才梯队，目前已拥有1400 余名熟悉IT 技术和金融业务的老、中、青结合、复合型的人才队伍，研发、技术和项目实施人员占员工总数比例超过80%，充分满足了公司未来稳定发展的需要。,300542.SZ,6,报告页码,（四）核心团队及专业人才优势,正文,300542.SZ_新晨科技_2025_管理层讨论与分析.pdf
MDAF0002804,新晨科技,核心竞争力,14,公司自成立以来一直致力于为金融行业提供满足各类不同需求的IT 解决方案。,300542.SZ,6,报告页码,（二）客户资源优势,正文,300542.SZ_新晨科技_2025_管理层讨论与分析.pdf
MDAF0002805,新晨科技,核心竞争力,14,公司长期以来培养了一支融合了IT 技术、金融业务知识及行业管理经验的复合型人才队伍，对于高度复杂的金融信息系统开发具有独到的理解能力和丰富的实施经验。,300542.SZ,6,报告页码,（四）核心团队及专业人才优势,正文,300542.SZ_新晨科技_2025_管理层讨论与分析.pdf
MDAF0002806,新晨科技,核心竞争力,14,同时，公司将空管行业多年的业务和技术沉淀拓展到低空领域飞行保障体系建设中，在行业监管、运行管理和飞行服务保障方面也积累了丰富经验。,300542.SZ,6,报告页码,（三）深厚的行业实施经验,正文,300542.SZ_新晨科技_2025_管理层讨论与分析.pdf
MDAF0002807,新晨科技,核心竞争力,14,在多年发展过程中，公司积累了一批以银行业为主，涉及保险、债券等金融行业大中型企业的优质客户，形成了涵盖政策性银行、国有商业银行、股份制银行、城商行、农商行/农村合作银行、农信社、外资银行、大中型保险机构、国债公司、金融资产交易所等在内的完整的、有层次的金融行业客户群，通过全面的软件产品及优质的服务满足不同客户的各阶段、差异化的信息化需求。,300542.SZ,6,报告页码,（二）客户资源优势,正文,300542.SZ_新晨科技_2025_管理层讨论与分析.pdf
MDAF0002808,新晨科技,核心竞争力,14,在长期为金融行业信息化提供服务的过程中，公司树立了良好的品牌形象，与许多优质客户建立了长期稳定的合作关系，服务质量和技术水平均得到业界认可。,300542.SZ,6,报告页码,（二）客户资源优势,正文,300542.SZ_新晨科技_2025_管理层讨论与分析.pdf
MDAF0002809,新晨科技,核心竞争力,14,基于高效的分布式弹性架构以及便捷的自动服务管理平台，支持整个系统无限扩充处理能力。,300542.SZ,6,报告页码,（一）持续研发及技术创新能力,正文,300542.SZ_新晨科技_2025_管理层讨论与分析.pdf
MDAF0002810,新晨科技,核心竞争力,14,提供涵盖开发、测试、投产、运行、运营全过程支撑，工程提供产品、应用、技术、部署、实施全架构设计。,300542.SZ,6,报告页码,（一）持续研发及技术创新能力,正文,300542.SZ_新晨科技_2025_管理层讨论与分析.pdf
MDAF0002811,新晨科技,核心竞争力,14,此外，公司也持续推进在金融领域新技术研发及应用的优秀成果向空管领域转化，通过将大模型技术与空管业务相结合，开展空管大模型研发和实践工作，打造具备空管行业属性的大模型产品，为提升空管信息系统智能化水平和行业数据应用价值提供技术支撑；通过将云计算、大数据、大模型等先进技术与低空行业需求深度融合，打造支撑低空监管、运行和服务三大体系的智能化信息平台，为国家低空行业安全、有序发展提供保障。,300542.SZ,6,报告页码,（一）持续研发及技术创新能力,正文,300542.SZ_新晨科技_2025_管理层讨论与分析.pdf
MDAF0002812,新晨科技,核心竞争力,14,金融信息系统自身的复杂性和专业性，要求开发人员具备丰富的行业经验、复合的知识结构以及技术积累。,300542.SZ,6,报告页码,（四）核心团队及专业人才优势,正文,300542.SZ_新晨科技_2025_管理层讨论与分析.pdf
MDAF0002813,新晨科技,核心竞争力,14,金融行业信息化领域对IT 供应商的要求较高，不仅需要其在IT 系统开发、服务等方面有较高的技术水平，更强调对银行客户的业务情况、业务流程、业务需求、管理体制等有深入的了解，获取这些知识与经验均源于对金融客户长期的服务与积累。,300542.SZ,6,报告页码,（三）深厚的行业实施经验,正文,300542.SZ_新晨科技_2025_管理层讨论与分析.pdf
MDAF0002814,新晨科技,核心竞争力,15,上市以来，公司针对核心技术和管理人才多次实施股权激励方案，在实现公司与员工共同发展的同时，彰显了公司在激励优秀人才方面的决心，有利于公司持续稳健发展。,300542.SZ,7,报告页码,（四）核心团队及专业人才优势,正文,300542.SZ_新晨科技_2025_管理层讨论与分析.pdf
MDAF0002815,新晨科技,核心竞争力,15,全国性的战略布局不仅提高了公司对客户响应速度，有效提升了服务质量，还有利于公司对于区域性客户的拓展。,300542.SZ,7,报告页码,（五）全国性的战略布局,正文,300542.SZ_新晨科技_2025_管理层讨论与分析.pdf
MDAF0002816,新晨科技,核心竞争力,15,公司与华为、新华三、联想、浪潮、CISCO、IBM、Oracle 等国内外著名产品供应商保持长期的友好合作关系，并且对这些厂商公司的产品方面有着丰富的实践经验。,300542.SZ,7,报告页码,（六）广泛的合作伙伴关系,正文,300542.SZ_新晨科技_2025_管理层讨论与分析.pdf
MDAF0002817,新晨科技,核心竞争力,15,公司建立了全国性的营销和服务网络。,300542.SZ,7,报告页码,（五）全国性的战略布局,正文,300542.SZ_新晨科技_2025_管理层讨论与分析.pdf
MDAF0002818,新晨科技,核心竞争力,15,公司总部位于北京，报告期内拥有10家子公司及15家分公司，形成了覆盖华北、华东、华南、华中和西南地区的全国性营销及服务网络，公司的客户范围遍及全国。,300542.SZ,7,报告页码,（五）全国性的战略布局,正文,300542.SZ_新晨科技_2025_管理层讨论与分析.pdf
MDAF0002819,新晨科技,核心竞争力,15,此外，公司通过建立健全长效激励机制，吸引和留住优秀人才。,300542.SZ,7,报告页码,（四）核心团队及专业人才优势,正文,300542.SZ_新晨科技_2025_管理层讨论与分析.pdf
MDAF0002820,新晨科技,核心竞争力,15,通过与国内外著名厂商建立良好的合作伙伴关系，不断引进具有先进水平的、成熟的技术和产品，利用新晨科技本地化优势，为国内客户提供行业内高标准、高质量的产品与解决方案，并得到了业界及客户的广泛认可。,300542.SZ,7,报告页码,（六）广泛的合作伙伴关系,正文,300542.SZ_新晨科技_2025_管理层讨论与分析.pdf
MDAF0002821,新晨科技,研发投入,21,主要研发项目名称：RD2025-01- 低空监视场景大批量非结构化数据管理技术研发项目。,300542.SZ,13,报告页码,,表格行,300542.SZ_新晨科技_2025_管理层讨论与分析.pdf
MDAF0002822,新晨科技,研发投入,21,主要研发项目名称：RD2025-02- 贵金属投资交易业务国产化ARM 平台支持研发项目。,300542.SZ,13,报告页码,,表格行,300542.SZ_新晨科技_2025_管理层讨论与分析.pdf
MDAF0002823,新晨科技,研发投入,21,主要研发项目名称：RD2025-03- 多媒体智能分析基于大模型的 OCR 技术研发项目。,300542.SZ,13,报告页码,,表格行,300542.SZ_新晨科技_2025_管理层讨论与分析.pdf
MDAF0002824,新晨科技,研发投入,21,拟达到的目标：1.构建低空监视数据的“统一底座”，打破雷达、光电、频谱等设备的数据孤岛。,300542.SZ,13,报告页码,,表格行,300542.SZ_新晨科技_2025_管理层讨论与分析.pdf
MDAF0002825,新晨科技,研发投入,21,拟达到的目标：2.攻克海量非结构化数据的实时处理与存储技术难题，实现低空态势的“看得见、存得下、查得着”。,300542.SZ,13,报告页码,,表格行,300542.SZ_新晨科技_2025_管理层讨论与分析.pdf
MDAF0002826,新晨科技,研发投入,21,拟达到的目标：3.形成自主可控的低空安防核心技术体系，支撑城市级低空空域管理与安全防御。,300542.SZ,13,报告页码,,表格行,300542.SZ_新晨科技_2025_管理层讨论与分析.pdf
MDAF0002827,新晨科技,研发投入,21,拟达到的目标：作为公司在低空经济领域的核心产品，有助于提升公司在该业务领域的竞争力。,300542.SZ,13,报告页码,,表格行,300542.SZ_新晨科技_2025_管理层讨论与分析.pdf
MDAF0002828,新晨科技,研发投入,21,拟达到的目标：基于多模态大模型，研发一套符合银行业务要求的智能双录质检与图像识别系统原型。,300542.SZ,13,报告页码,,表格行,300542.SZ_新晨科技_2025_管理层讨论与分析.pdf
MDAF0002829,新晨科技,研发投入,21,拟达到的目标：增强公司在金融数据分析、非结构化数据管理等领域的基础技术以及产品能力， 减少 80%以上的双录人工质检工作量，双录质检周期从天级缩短至分钟级，贷款面签材料审核从小时级缩短至秒级，大幅加速业务流转。,300542.SZ,13,报告页码,,表格行,300542.SZ_新晨科技_2025_管理层讨论与分析.pdf
MDAF0002830,新晨科技,研发投入,21,拟达到的目标：扩展公司在金融行业产品维度， 协助行业重要客户实现国产化、 智能化、一体化的贵金属交易平台，可全面提升业务发展需要。,300542.SZ,13,报告页码,,表格行,300542.SZ_新晨科技_2025_管理层讨论与分析.pdf
MDAF0002831,新晨科技,研发投入,21,拟达到的目标：提供实时精准的市场数据与智能化分析工具，助力投资者深度洞察市场。,300542.SZ,13,报告页码,,表格行,300542.SZ_新晨科技_2025_管理层讨论与分析.pdf
MDAF0002832,新晨科技,研发投入,21,拟达到的目标：提前拦截严重合规瑕疵，避免监管重罚（单次处罚可达千万级） 及由此引发的声誉损失和客户流。,300542.SZ,13,报告页码,,表格行,300542.SZ_新晨科技_2025_管理层讨论与分析.pdf
MDAF0002833,新晨科技,研发投入,21,拟达到的目标：系统接入上金所、港金所等 5 大交易市场实时数据，经国产化数据清洗与校验引擎处理；提供多周期图表分析、指标共振预警等功能，为投资者生成个性化市场分析报告； 针对国产数据库在高并发交易场景下的锁竞争问题，研发分布式事务处理插件（基于 cpass 国产化版），事务提交成功率提升至 99.99%；探索国密算法在交易签名（SM2）、数据加密（SM4）、身份认证（SM9）等场景的深度应用，构建金融级安全防护体系； 参与《金融行业贵金属交易系统国产化技术规范》团体标准制定，推动贵金属交易领域国产化技术生态完善与升级；研发国产化行情推送引擎，替代国外同类产品，推送效率提升30%。,300542.SZ,13,报告页码,,表格行,300542.SZ_新晨科技_2025_管理层讨论与分析.pdf
MDAF0002834,新晨科技,研发投入,21,拟达到的目标：系统需实现对视频流中关键帧、对话文本、操作动作及文档图像的高精度解析与逻辑一致性校验，关键指标达到实际业务部署水平。,300542.SZ,13,报告页码,,表格行,300542.SZ_新晨科技_2025_管理层讨论与分析.pdf
MDAF0002835,新晨科技,研发投入,21,项目目的：全面验证国产软硬件（麒麟系统、达梦数据库等）在高并发金融交易场景的适配性与可靠性，形成一套“微服务+容器化+国产化”的贵金属交易系统解决方案，为银行、券商等金融机构的同类系统国产化改造提供可复制、可推广的实践经验。,300542.SZ,13,报告页码,,表格行,300542.SZ_新晨科技_2025_管理层讨论与分析.pdf
MDAF0002836,新晨科技,研发投入,21,项目目的：利用多模态大模型，研发新一代智能多媒体分析系统。,300542.SZ,13,报告页码,,表格行,300542.SZ_新晨科技_2025_管理层讨论与分析.pdf
MDAF0002837,新晨科技,研发投入,21,项目目的：核心目的是将大模型的深度理解能力与银行业务场景深度融合，实现对双录视频内容的自动化、智能化质检，以及对复杂金融图像文档的精准识别与结构化理解，从而打造覆盖“音视频-图像-文本”的全流程金融合规与运营智能解决方案。,300542.SZ,13,报告页码,,表格行,300542.SZ_新晨科技_2025_管理层讨论与分析.pdf
MDAF0002838,新晨科技,研发投入,21,项目目的：绿色、安全、开放、共享、协同、实用的核心原则，以技术先进、安全可靠、经济高效、可扩展可维护为目标，打造新一代国产化、智能化、一体化的贵金属交易平台。,300542.SZ,13,报告页码,,表格行,300542.SZ_新晨科技_2025_管理层讨论与分析.pdf
MDAF0002839,新晨科技,研发投入,21,项目目的：针对传统空管系统无法有效处理“低慢小”目标、多源监视设备数据标准不一、海量非结构化数据（视频、频谱）存储与分析困难等行业痛点，本项目旨在研发一套具备高并发接入、 海量存储与智能分析能力的综合监视系统。,300542.SZ,13,报告页码,,表格行,300542.SZ_新晨科技_2025_管理层讨论与分析.pdf
MDAF0002840,新晨科技,研发投入,21,项目目的：随着低空经济被列为国家战略性新兴产业，低空空域飞行活动日益频繁。,300542.SZ,13,报告页码,,表格行,300542.SZ_新晨科技_2025_管理层讨论与分析.pdf
MDAF0002841,新晨科技,研发投入,21,项目进展：已结项。,300542.SZ,13,报告页码,,表格行,300542.SZ_新晨科技_2025_管理层讨论与分析.pdf
MDAF0002842,新晨科技,研发投入,21,适用。,300542.SZ,13,报告页码,,选项,300542.SZ_新晨科技_2025_管理层讨论与分析.pdf
MDAF0002843,汇金科技,业务概要,11,以客户项目合同及订单为依据，进行采购、生产、实施、交付，同时以标准化产品结合市场需求为导向进行滚动销售预测，基于客户订单采用安全库存和经济批量订购等科学合理的方法确定采购计划和采购模式。,300561.SZ,1,报告页码,2、采购模式,正文,300561.SZ_汇金科技_2025_管理层讨论与分析.pdf
MDAF0002844,汇金科技,业务概要,11,保持对国内外大宗材料和电子物料市场行情变化的关注，持续对国产可替代方案进行研究和应用，降低对国外电子物料的依赖性及可获得性风险，通过战略性备料等手段建立起高保障的供应体系。,300561.SZ,1,报告页码,2、采购模式,正文,300561.SZ_汇金科技_2025_管理层讨论与分析.pdf
MDAF0002845,汇金科技,业务概要,11,公司产品开发围绕国家政策导向，贴合行业发展趋势，从客户需求出发，了解、分析、参与设计客户业务操作的流程及关键控制点，独立自主设计研发适用的解决方案。,300561.SZ,1,报告页码,1、开发模式,正文,300561.SZ_汇金科技_2025_管理层讨论与分析.pdf
MDAF0002846,汇金科技,业务概要,11,公司以高品质、稳交付为出发点制定采购策略，建立了材料品质可靠、交付响应及时的供应体系。,300561.SZ,1,报告页码,2、采购模式,正文,300561.SZ_汇金科技_2025_管理层讨论与分析.pdf
MDAF0002847,汇金科技,业务概要,11,公司作为国内最早拓展金融行业现金及重控物品管理解决方案的专业公司之一，随着金融信息技术的不断创新，主营业务是运用物联网、人工智能、动态密码、边缘计算、安全加密等技术，为金融行业客户提供运营管理、风险控制、网点转型等“云+ 端”整体解决方案和服务。,300561.SZ,1,报告页码,,正文,300561.SZ_汇金科技_2025_管理层讨论与分析.pdf
MDAF0002848,汇金科技,业务概要,11,公司客户覆盖国内国有大型商业银行、股份制商业银行、城市商业银行、农村商业银行、农村信用社及外资银行等。,300561.SZ,1,报告页码,,正文,300561.SZ_汇金科技_2025_管理层讨论与分析.pdf
MDAF0002849,汇金科技,业务概要,11,公司将人工智能技术、物联网技术、身份识别技术与金融服务场景相结合，针对银行自助机具、金库运营、网点柜面、信贷风控、运营授权等业务场景，开发研制了一系列具备人脸识别、语音识别、指静脉识别、国密安全控制等核心功能的系统解决方案，助力银行数字化转型和智慧金融建设。,300561.SZ,1,报告页码,3、银行系统AI 鉴权及音视频采集解决方案,正文,300561.SZ_汇金科技_2025_管理层讨论与分析.pdf
MDAF0002850,汇金科技,业务概要,11,公司拥有熟悉银行运营具体业务流程及掌握物联网、人工智能、动态密码、边缘计算、安全加密等技术的研发队伍，以集成产品开发模式（IPD）和研发项目管理系统（RDM）等流程管理及信息化工具来规范研发工作，实现产品适配市场，开发过程高效可控，产品成本符合设计等管理要求。,300561.SZ,1,报告页码,1、开发模式,正文,300561.SZ_汇金科技_2025_管理层讨论与分析.pdf
MDAF0002851,汇金科技,业务概要,11,公司注重技术预研及产品迭代，秉承产品销售一代，研发一代，预研一代的经营策略，持续对研发进行投入。,300561.SZ,1,报告页码,1、开发模式,正文,300561.SZ_汇金科技_2025_管理层讨论与分析.pdf
MDAF0002852,汇金科技,业务概要,11,公司自成立以来，坚持同心多元化发展，自主创新，为客户提供一体化整体服务方案。,300561.SZ,1,报告页码,（二）公司经营模式,正文,300561.SZ_汇金科技_2025_管理层讨论与分析.pdf
MDAF0002853,汇金科技,业务概要,11,公司运用物联网、无线通讯、生物识别、动态密码、国密加解密及状态监测等技术，开发了适用于银行现金及实物流转的智能化风控管理系统解决方案。,300561.SZ,1,报告页码,1、银行现金及重控物品管理解决方案,正文,300561.SZ_汇金科技_2025_管理层讨论与分析.pdf
MDAF0002854,汇金科技,业务概要,11,同时，深度研究国家政策及导向，积极探索符合行业发展趋势、自身技术优势的新业务、新产品，实现研发成果高转化率。,300561.SZ,1,报告页码,（二）公司经营模式,正文,300561.SZ_汇金科技_2025_管理层讨论与分析.pdf
MDAF0002855,汇金科技,业务概要,11,本方案采用智慧管理系统及智能设备相结合的“云+端”模式，通过管理系统进行集中授权、流程管控、自动记录，并结合前端智能设备（如智能款箱、智能业务库、边缘网关等）进行数据采集及状态检测，实现了对银行运营过程中对现金、票据、重控物品等运营风险管控从“人控”到“智控”、从线下到线上、从分散识别到集中管控的转变。,300561.SZ,1,报告页码,1、银行现金及重控物品管理解决方案,正文,300561.SZ_汇金科技_2025_管理层讨论与分析.pdf
MDAF0002856,汇金科技,业务概要,11,深入分析金融科技的发展方向，关注新技术的发展和应用，前瞻性的开发贴合行业发展趋势的解决方案，在细分领域引导相关产品发展方向，持续巩固市场先入的品牌优势。,300561.SZ,1,报告页码,（二）公司经营模式,正文,300561.SZ_汇金科技_2025_管理层讨论与分析.pdf
MDAF0002857,汇金科技,业务概要,11,深入对客户业务模式及需求的调研，不断打造涵盖方案设计、软件开发、硬件设计、系统集成、产品交付、安装调试、技术支持、培训及售后服务全过程的整体服务方案。,300561.SZ,1,报告页码,（二）公司经营模式,正文,300561.SZ_汇金科技_2025_管理层讨论与分析.pdf
MDAF0002858,汇金科技,业务概要,11,通过持续优化项目管理、供销平衡管理、弹性供应链建设等手段不断提高市场需求响应率，保证供应安全。,300561.SZ,1,报告页码,2、采购模式,正文,300561.SZ_汇金科技_2025_管理层讨论与分析.pdf
MDAF0002859,汇金科技,业务概要,11,通过物联网、人工智能、动态密码、安全加密等技术整合运用，有效控制管理风险，提高运营效率，满足银行在自助银行、营业网点、金库等场景下现金自助设备、非现金自助设备、网点柜面、金库门的各种管理要求。,300561.SZ,1,报告页码,2、银行自助设备现金管理系统解决方案,正文,300561.SZ_汇金科技_2025_管理层讨论与分析.pdf
MDAF0002860,汇金科技,业务概要,11,银行现金及重控物品管理解决方案包含银行现金流转内控系统、银行实物管理系统、银行智能业务库管理系统等专业场景解决方案。,300561.SZ,1,报告页码,1、银行现金及重控物品管理解决方案,正文,300561.SZ_汇金科技_2025_管理层讨论与分析.pdf
MDAF0002861,汇金科技,业务概要,12,丰富的专利和软件著作权储备构建了公司的技术壁垒，也为持续创新和产品迭代提供了有力保障。,300561.SZ,2,报告页码,2、知识产权储备与技术壁垒优势驱动,正文,300561.SZ_汇金科技_2025_管理层讨论与分析.pdf
MDAF0002862,汇金科技,业务概要,12,公司优化了销售业务控制流程，完善了收入确认相关内控机制，提升了财务信息质量和业绩预告的准确性。,300561.SZ,2,报告页码,1、公司治理重塑与内部控制体系修复驱动,正文,300561.SZ_汇金科技_2025_管理层讨论与分析.pdf
MDAF0002863,汇金科技,业务概要,12,公司向银行业客户提供产品或模块的销售模式为直营销售。,300561.SZ,2,报告页码,4、销售模式,正文,300561.SZ_汇金科技_2025_管理层讨论与分析.pdf
MDAF0002864,汇金科技,业务概要,12,公司向银行业客户提供银行风险管理整体解决方案的销售模式以直营销售为主、渠道销售为辅。,300561.SZ,2,报告页码,4、销售模式,正文,300561.SZ_汇金科技_2025_管理层讨论与分析.pdf
MDAF0002865,汇金科技,业务概要,12,公司在北京设立了营销总部，聚焦主要客户和重点项目，同时在全国建立区域销售队伍，形成覆盖全国的售后服务网点，可及时响应客户需求，为国有大型商业银行、股份制商业银行、城市商业银行、农村商业银行、农村信用社及外资银行等客户提供解决方案和服务。,300561.SZ,2,报告页码,4、销售模式,正文,300561.SZ_汇金科技_2025_管理层讨论与分析.pdf
MDAF0002866,汇金科技,业务概要,12,公司始终秉承为客户创造价值的核心理念，深耕金融行业内控风险防范领域，坚持自主研发与持续创新。,300561.SZ,2,报告页码,（三）主要的业绩驱动因素,正文,300561.SZ_汇金科技_2025_管理层讨论与分析.pdf
MDAF0002867,汇金科技,业务概要,12,公司客户服务团队经过多年的培养和沉淀，技术力量雄厚，均经过高水平、严要求的系统培训及考核，具备同行业内突出的技术水平和综合服务能力，同时，公司设立了400 呼叫中心（400-8163-233），通过CRM-CSS 信息化管理平台，运用集中受理、集中调度、集中管理手段来实现一体化管理目标，以提高服务实施效率，提高信息交互准确度，提升服务主动性及质量标准。,300561.SZ,2,报告页码,5、技术支持,正文,300561.SZ_汇金科技_2025_管理层讨论与分析.pdf
MDAF0002868,汇金科技,业务概要,12,公司客户覆盖国内国有大型商业银行、股份制商业银行、城市商业银行、农村商业银行、农村信用社及外资银行等，报告期内持续巩固与存量客户的合作关系，同时积极拓展新增客户群体。,300561.SZ,2,报告页码,3、市场营拓能力提升驱动,正文,300561.SZ_汇金科技_2025_管理层讨论与分析.pdf
MDAF0002869,汇金科技,业务概要,12,公司建立了以质量考核为抓手的质量认证机制，产品通过公安部相关检测认证、德国VDS 安全质量认证、美国UL 安全认证，以满足客户对产品的质量需求，提升产品竞争力。,300561.SZ,2,报告页码,3、生产体系,正文,300561.SZ_汇金科技_2025_管理层讨论与分析.pdf
MDAF0002870,汇金科技,业务概要,12,公司建立了四级服务体系架构，在全国32个省、自治区、直辖市设立了直属分支机构和服务站，服务网点遍布全国。,300561.SZ,2,报告页码,5、技术支持,正文,300561.SZ_汇金科技_2025_管理层讨论与分析.pdf
MDAF0002871,汇金科技,业务概要,12,公司拥有一支对金融行业政策法规、业务场景和技术应用有深刻理解的研发团队，能够准确把握行业发展趋势，前瞻性地进行技术预研和产品布局。,300561.SZ,2,报告页码,2、知识产权储备与技术壁垒优势驱动,正文,300561.SZ_汇金科技_2025_管理层讨论与分析.pdf
MDAF0002872,汇金科技,业务概要,12,公司拥有完整的生产管理体系、产品供应链管理系统，推行6S 精益管理，培育核心竞争能力。,300561.SZ,2,报告页码,3、生产体系,正文,300561.SZ_汇金科技_2025_管理层讨论与分析.pdf
MDAF0002873,汇金科技,业务概要,12,壹证通主营业务是通过运用数字证书、电子签章、时间戳等技术，为金融、政务、能源、互联网平台等行业客户提供数据加密、数字签名、身份认证、密钥管理等密码安全解决方案及数字身份核验服务，保障用户网络行为及信息的机密性、真实性、数据完整性、可追溯及不可否认性，形成了身份安全、通信安全、数据安全、移动安全、云安全和平台安全等系列产品。,300561.SZ,2,报告页码,（四）其他业务情况,正文,300561.SZ_汇金科技_2025_管理层讨论与分析.pdf
MDAF0002874,汇金科技,业务概要,12,"报告期内，为进一步丰富公司的产品及服务，推动公司业务在金融安全与风险防范领域延伸与拓展，促进公司业务的快速发展，公司使用自有资金2,907.00万元收购壹证通股东合计持有的51.00%股权，壹证通成为公司的控股子公司。",300561.SZ,2,报告页码,（四）其他业务情况,正文,300561.SZ_汇金科技_2025_管理层讨论与分析.pdf
MDAF0002875,汇金科技,业务概要,12,报告期内，公司为建立高保障的产品供应体系，进一步加强了与核心供应商的合作，优化了供应链及生产模式，提升了客户订单响应能力。,300561.SZ,2,报告页码,3、生产体系,正文,300561.SZ_汇金科技_2025_管理层讨论与分析.pdf
MDAF0002876,汇金科技,业务概要,12,报告期内，公司加大市场营拓力度，整合营销资源，扩宽销售渠道，调整营销策略，强化销售团队能力建设，在提升整体营销能力上取得成效。,300561.SZ,2,报告页码,3、市场营拓能力提升驱动,正文,300561.SZ_汇金科技_2025_管理层讨论与分析.pdf
MDAF0002877,汇金科技,业务概要,12,报告期内，公司完成了对2024年度内部控制审计报告否定意见涉及的内部控制缺陷相关整改工作。,300561.SZ,2,报告页码,1、公司治理重塑与内部控制体系修复驱动,正文,300561.SZ_汇金科技_2025_管理层讨论与分析.pdf
MDAF0002878,汇金科技,业务概要,12,报告期内，公司经营业绩主要受以下因素驱动：,300561.SZ,2,报告页码,（三）主要的业绩驱动因素,正文,300561.SZ_汇金科技_2025_管理层讨论与分析.pdf
MDAF0002879,汇金科技,业务概要,12,拥有成熟、完整的质量体系，先后通过了ISO9001:2015 质量管理体系认证、ISO14001:2015 环境管理体系认证、ISO45001:2018 中国职业健康安全管理体系认证等。,300561.SZ,2,报告页码,3、生产体系,正文,300561.SZ_汇金科技_2025_管理层讨论与分析.pdf
MDAF0002880,汇金科技,业务概要,12,通过强化内控执行、完善治理结构，公司为持续稳健经营奠定了制度基础，也为恢复客户与投资者信任提供了重要保障。,300561.SZ,2,报告页码,1、公司治理重塑与内部控制体系修复驱动,正文,300561.SZ_汇金科技_2025_管理层讨论与分析.pdf
MDAF0002881,汇金科技,核心竞争力,14,公司为客户提供一体化服务整体解决方案，涵盖方案设计、软件开发、硬件设计、系统集成、产品交付、安装调试、技术支持、培训及售后服务全过程。,300561.SZ,4,报告页码,4、一体化服务优势,正文,300561.SZ_汇金科技_2025_管理层讨论与分析.pdf
MDAF0002882,汇金科技,核心竞争力,14,公司以自主研发为主，坚持创新驱动发展，产品开发能力和持续服务能力受到众多银行客户的高度认可。,300561.SZ,4,报告页码,2、产品研发自主创新，持续推进技术创新,正文,300561.SZ_汇金科技_2025_管理层讨论与分析.pdf
MDAF0002883,汇金科技,核心竞争力,14,公司关注金融业改革和金融科技的发展动向，聚焦市场需求，积极研发适配金融发展需求的新产品。,300561.SZ,4,报告页码,1、前瞻开发贴合客户业务流程的内控风险管理解决方案,正文,300561.SZ_汇金科技_2025_管理层讨论与分析.pdf
MDAF0002884,汇金科技,核心竞争力,14,公司凭借持续的研发投入及卓越的产品创新能力，先后获得国家高新技术企业、广东省“专精特新”中小企业、广东省名优高新技术产品企业等资质；并荣获中国专利优秀奖、中国软件诚信示范企业等重要荣誉。,300561.SZ,4,报告页码,2、产品研发自主创新，持续推进技术创新,正文,300561.SZ_汇金科技_2025_管理层讨论与分析.pdf
MDAF0002885,汇金科技,核心竞争力,14,公司凭借自身对银行运营板块管理制度、业务流程及主要风险点的认知、理解，通过对客户潜在需求的分析，推出了一系列内控风险解决方案，在帮助银行对业务流程进行优化完善的基础上，以具体的技术手段实现了对相关内控操作风险的有效管控。,300561.SZ,4,报告页码,1、前瞻开发贴合客户业务流程的内控风险管理解决方案,正文,300561.SZ_汇金科技_2025_管理层讨论与分析.pdf
MDAF0002886,汇金科技,核心竞争力,14,公司已获得ISO9001:2015 质量管理体系认证、ISO14001:2015 环境管理体系认证、ISO45001:2018 中国职业健康安全管理体系认证、ISO27001:2022 信息安全管理体系认证、ISO20000-1:2018 信息技术服务管理体系认证等标准体系认证证书，通过了“CMMI 3 级”、安防工程企业设计施工维护能力证书（壹级）等资质认证。,300561.SZ,4,报告页码,3、行业资质齐全，项目经验丰富,正文,300561.SZ_汇金科技_2025_管理层讨论与分析.pdf
MDAF0002887,汇金科技,核心竞争力,14,公司建设有博士后科研工作站、珠海市企业技术中心等高水平研发平台，研究领域深度覆盖物联网、人工智能、动态密码、边缘计算、安全加密等前沿技术在金融领域的应用。,300561.SZ,4,报告页码,2、产品研发自主创新，持续推进技术创新,正文,300561.SZ_汇金科技_2025_管理层讨论与分析.pdf
MDAF0002888,汇金科技,核心竞争力,14,公司拥有丰富的项目管理与实施经验，且具备较强的自主创新能力，充分了解行业用户的管理要求、业务流程、应用系统现状，全程参与客户信息系统需求调研、规划设计、开发测试、安装调试、运营维护等各个环节，近年来相继为多家银行交付了各类解决方案及产品，得到了客户的广泛认可。,300561.SZ,4,报告页码,3、行业资质齐全，项目经验丰富,正文,300561.SZ_汇金科技_2025_管理层讨论与分析.pdf
MDAF0002889,汇金科技,核心竞争力,14,公司自成立以来，一直深耕金融领域，通过科技手段，助力客户系统性地控制风险、降低运营成本、创新业务模式，助力金融行业客户转型和变革，矢志成为中国领先的金融领域的专业科技企业。,300561.SZ,4,报告页码,,正文,300561.SZ_汇金科技_2025_管理层讨论与分析.pdf
MDAF0002890,汇金科技,核心竞争力,14,其中，因收购壹证通新增发明专利7项，实用新型1项，外观设计2项，计算机软件著作权47项。,300561.SZ,4,报告页码,2、产品研发自主创新，持续推进技术创新,正文,300561.SZ_汇金科技_2025_管理层讨论与分析.pdf
MDAF0002891,汇金科技,核心竞争力,14,凭借着产品、服务的前瞻性、适用性，引领着银行内控风险管理解决方案的发展方向。,300561.SZ,4,报告页码,1、前瞻开发贴合客户业务流程的内控风险管理解决方案,正文,300561.SZ_汇金科技_2025_管理层讨论与分析.pdf
MDAF0002892,汇金科技,核心竞争力,14,同时，公司依托产学研修院，与中山大学、华南理工大学、北京理工大学珠海学院等多家高校建立了紧密的产学研合作关系，具备深厚的合作研发基础。,300561.SZ,4,报告页码,2、产品研发自主创新，持续推进技术创新,正文,300561.SZ_汇金科技_2025_管理层讨论与分析.pdf
MDAF0002893,汇金科技,核心竞争力,14,"截至报告期末，公司授权专利161个（其中发明专利51项，实用新型88项，外观设计22项）,计算机软件著作权98项。",300561.SZ,4,报告页码,2、产品研发自主创新，持续推进技术创新,正文,300561.SZ_汇金科技_2025_管理层讨论与分析.pdf
MDAF0002894,汇金科技,核心竞争力,14,报告期内，公司新增专利17项，新增计算机软件著作权49项。,300561.SZ,4,报告页码,2、产品研发自主创新，持续推进技术创新,正文,300561.SZ_汇金科技_2025_管理层讨论与分析.pdf
MDAF0002895,汇金科技,核心竞争力,15,公司注重风险控制，强调稳健发展，建立了全面完善的财务体系，稳步发展公司业务规模，持续保持较强的抗风险能力，为公司持续健康发展奠定基础。,300561.SZ,5,报告页码,5、专业的管理团队优势,正文,300561.SZ_汇金科技_2025_管理层讨论与分析.pdf
MDAF0002896,汇金科技,核心竞争力,15,公司的一体化服务模式能够更有效地服务银行客户，提高客户黏性，发掘市场机会。,300561.SZ,5,报告页码,4、一体化服务优势,正文,300561.SZ_汇金科技_2025_管理层讨论与分析.pdf
MDAF0002897,汇金科技,核心竞争力,15,公司的产品及服务赢得了客户的广泛认可，树立了公司在银行业中优秀的品牌形象，建立了广泛的品牌影响力。,300561.SZ,5,报告页码,6、市场先入优势，树立品牌影响力,正文,300561.SZ_汇金科技_2025_管理层讨论与分析.pdf
MDAF0002898,汇金科技,核心竞争力,15,公司管理团队由具备丰富企业管理经验的人才组成，主要管理人员及核心技术人员均具有多年相关行业工作经验，管理团队内部精诚合作、优势互补。,300561.SZ,5,报告页码,5、专业的管理团队优势,正文,300561.SZ_汇金科技_2025_管理层讨论与分析.pdf
MDAF0002899,汇金科技,核心竞争力,15,经过20年的深耕经营，公司业务遍及中国大陆，已持续为包括国有银行、股份制银行和区域性城商、农信等金融机构提供了优质、安全、可靠的产品和服务，能够快速响应广大客户的定制化、个性化要求，与多家客户核心业务系统进行了深度融合和紧密连接，通过对总行、省行、支行、营业网点在系统维护、系统升级、人员培训等方面的服务，产生了较强客户黏性。,300561.SZ,5,报告页码,6、市场先入优势，树立品牌影响力,正文,300561.SZ_汇金科技_2025_管理层讨论与分析.pdf
MDAF0002900,汇金科技,核心竞争力,15,银行业作为人民财产保管的一线金融系统，对产品的安全性有着极其严苛的准入门槛和考核机制，倾向于选择有成功合作经验、在行业中拥有较多成功案例、品牌知名度高的供应商进行合作，对可持续提供优质服务的供应商合作关系更加稳固。,300561.SZ,5,报告页码,6、市场先入优势，树立品牌影响力,正文,300561.SZ_汇金科技_2025_管理层讨论与分析.pdf
MDAF0002901,汇金科技,核心竞争力,15,项目前期，公司将研发环节前移，直接参与银行客户具体业务流程改进的技术交流，实现研发与市场的直接对接，帮助银行识别业务流程具体操作风险，进而在开发中及时、准确地实现客户需求；项目中期，公司具备不同专业背景的技术研发团队根据解决方案提出的功能需求，能够集成应用多领域、多学科的专业技术进行软件开发、硬件设计及系统集成；在项目后期安装、实施及售后服务阶段，公司拥有具备全国服务能力的安装、服务团队，建立了全国性的技术服务网络和全天候响应机制，保持7 天×24 小时响应级别。,300561.SZ,5,报告页码,4、一体化服务优势,正文,300561.SZ_汇金科技_2025_管理层讨论与分析.pdf
MDAF0002902,汇金科技,研发投入,21,主要研发项目名称：智能款箱产品成本优化和国产化适配。,300561.SZ,11,报告页码,,表格行,300561.SZ_汇金科技_2025_管理层讨论与分析.pdf
MDAF0002903,汇金科技,研发投入,21,主要研发项目名称：融合多通信模式的物联网实物流转系统。,300561.SZ,11,报告页码,,表格行,300561.SZ_汇金科技_2025_管理层讨论与分析.pdf
MDAF0002904,汇金科技,研发投入,21,主要研发项目名称：银行客户自有系统的智能款箱产品适配、 对接与配套产品开发。,300561.SZ,11,报告页码,,表格行,300561.SZ_汇金科技_2025_管理层讨论与分析.pdf
MDAF0002905,汇金科技,研发投入,21,主要研发项目名称：银行营业网点全场景智能物联风控平台。,300561.SZ,11,报告页码,,表格行,300561.SZ_汇金科技_2025_管理层讨论与分析.pdf
MDAF0002906,汇金科技,研发投入,21,主要研发项目名称：面向多场景适应性的智能款箱锁、控制终端组件。,300561.SZ,11,报告页码,,表格行,300561.SZ_汇金科技_2025_管理层讨论与分析.pdf
MDAF0002907,汇金科技,研发投入,21,拟达到的目标：为规模生产进一步优化智能款箱成本和批量实施维护成本，对设备关键部件进行优化提升，解决规模生产和批量维护环节的问题。,300561.SZ,11,报告页码,,表格行,300561.SZ_汇金科技_2025_管理层讨论与分析.pdf
MDAF0002908,汇金科技,研发投入,21,拟达到的目标：提升该产品后续市场竞争力。,300561.SZ,11,报告页码,,表格行,300561.SZ_汇金科技_2025_管理层讨论与分析.pdf
MDAF0002909,汇金科技,研发投入,21,拟达到的目标：该阶段重点验证多通信模式在实际项目中设计匹配度，并与行方系统对接，形成技术优势。,300561.SZ,11,报告页码,,表格行,300561.SZ_汇金科技_2025_管理层讨论与分析.pdf
MDAF0002910,汇金科技,研发投入,21,拟达到的目标：适配不同银行客户系统环境、业务流程、功能和特殊应用的开发，满足不同银行的客户兼容性需求，在现有标准产品的基础上，结合不同银行客户在管理重点、技术路径、业务要求、系统环境等方面的诉求和差异，针对性的提供定制型产品功能、系统对接、辅助配件等开发，达成满足客户要求，与客户管理业务、软件系统等深度融合，促进产品在银行客户端的快速落地，在市场项目前期就与客户形成稳定粘性。,300561.SZ,11,报告页码,,表格行,300561.SZ_汇金科技_2025_管理层讨论与分析.pdf
MDAF0002911,汇金科技,研发投入,21,拟达到的目标：通过技术手段加强银行现金运营风险防范能力的需求逐渐强烈，我司结合早期产品在银行应用经验的积累及银行业务特点，新型智能款箱更加符合银行未来发展需要，并与智能化金库内部机器人配合形成高安全、自动化的现代化金库，从而提高金库自动化水平，并在网点端通过智能款箱提高柜员操作效率及风险防范能力。,300561.SZ,11,报告页码,,表格行,300561.SZ_汇金科技_2025_管理层讨论与分析.pdf
MDAF0002912,汇金科技,研发投入,21,拟达到的目标：通过整合已有核心产品的应用管理系统，设计面向客户未来需求趋势、历史产品升级迭代路径、强化产品间业务关联关系和具有市场接入兼容性的系统管理平台。,300561.SZ,11,报告页码,,表格行,300561.SZ_汇金科技_2025_管理层讨论与分析.pdf
MDAF0002913,汇金科技,研发投入,21,拟达到的目标：针对市场上不同厂家、规格、形态、闭锁模式的款箱，设计生产具有普遍兼容性的款箱锁具，在满足行标的基础上，形成针对存量设备、存量厂家等的覆盖，充分满足银行端需求。,300561.SZ,11,报告页码,,表格行,300561.SZ_汇金科技_2025_管理层讨论与分析.pdf
MDAF0002914,汇金科技,研发投入,21,拟达到的目标：降低单一客户复购不同产品实施复杂度，降低银行客户。,300561.SZ,11,报告页码,,表格行,300561.SZ_汇金科技_2025_管理层讨论与分析.pdf
MDAF0002915,汇金科技,研发投入,21,项目目的：优化智能款箱及核心部件成本， 并适配国产化器件供应链。,300561.SZ,11,报告页码,,表格行,300561.SZ_汇金科技_2025_管理层讨论与分析.pdf
MDAF0002916,汇金科技,研发投入,21,项目目的：开发具有普遍兼容性的款箱锁具和控制终端组件，达成行业标准、银行需求。,300561.SZ,11,报告页码,,表格行,300561.SZ_汇金科技_2025_管理层讨论与分析.pdf
MDAF0002917,汇金科技,研发投入,21,项目目的：打造面向核心产品和关联拓展产品的具有统一性、扩展性、兼容性的系统管理。,300561.SZ,11,报告页码,,表格行,300561.SZ_汇金科技_2025_管理层讨论与分析.pdf
MDAF0002918,汇金科技,研发投入,21,项目目的：提升产品解决方案对不同客户的适配性、兼容性。,300561.SZ,11,报告页码,,表格行,300561.SZ_汇金科技_2025_管理层讨论与分析.pdf
MDAF0002919,汇金科技,研发投入,21,项目目的：满足安全监管需要，利用自动化智能设备提高现金运营风险防范能力。,300561.SZ,11,报告页码,,表格行,300561.SZ_汇金科技_2025_管理层讨论与分析.pdf
MDAF0002920,汇金科技,研发投入,21,项目目的：适配不同银行客户系统环境、业务功能和特殊应用的开发，达成产品项目更快更好的落地。,300561.SZ,11,报告页码,,表格行,300561.SZ_汇金科技_2025_管理层讨论与分析.pdf
MDAF0002921,汇金科技,研发投入,21,项目进展：发布阶段。,300561.SZ,11,报告页码,,表格行,300561.SZ_汇金科技_2025_管理层讨论与分析.pdf
MDAF0002922,汇金科技,研发投入,21,项目进展：开发阶段。,300561.SZ,11,报告页码,,表格行,300561.SZ_汇金科技_2025_管理层讨论与分析.pdf
MDAF0002923,汇金科技,研发投入,21,预计对公司未来发展的影响：优化该产品毛利表现，提升实施维护效率。,300561.SZ,11,报告页码,,表格行,300561.SZ_汇金科技_2025_管理层讨论与分析.pdf
MDAF0002924,汇金科技,研发投入,21,预计对公司未来发展的影响：促进产品项目在银行客户端的快速落地， 缩短项目周期，提高产品标准化程度和可复制性，增强与客户粘性，提升产品竞争力。,300561.SZ,11,报告页码,,表格行,300561.SZ_汇金科技_2025_管理层讨论与分析.pdf
MDAF0002925,汇金科技,研发投入,21,预计对公司未来发展的影响：延伸核心产品的应用场景，提高存量客户市场需求响应能力， 增强与客户粘性，创。,300561.SZ,11,报告页码,,表格行,300561.SZ_汇金科技_2025_管理层讨论与分析.pdf
MDAF0002926,汇金科技,研发投入,21,预计对公司未来发展的影响：有助于适应各大行自主开发物联网平台通讯模式，提升产品适应性。,300561.SZ,11,报告页码,,表格行,300561.SZ_汇金科技_2025_管理层讨论与分析.pdf
MDAF0002927,汇金科技,研发投入,21,预计对公司未来发展的影响：进一步提升核心部件的兼容性，突显核心竞争力的市场价值， 为客户提供差异化产品。,300561.SZ,11,报告页码,,表格行,300561.SZ_汇金科技_2025_管理层讨论与分析.pdf
MDAF0002928,汇金科技,研发投入,21,适用。,300561.SZ,11,报告页码,,选项,300561.SZ_汇金科技_2025_管理层讨论与分析.pdf
MDAF0002929,汇金科技,研发投入,22,2024年：15。,300561.SZ,12,报告页码,,表格行,300561.SZ_汇金科技_2025_管理层讨论与分析.pdf
MDAF0002930,汇金科技,研发投入,22,2024年：1。,300561.SZ,12,报告页码,,表格行,300561.SZ_汇金科技_2025_管理层讨论与分析.pdf
MDAF0002931,汇金科技,研发投入,22,2024年：2。,300561.SZ,12,报告页码,,表格行,300561.SZ_汇金科技_2025_管理层讨论与分析.pdf
MDAF0002932,汇金科技,研发投入,22,2024年：33。,300561.SZ,12,报告页码,,表格行,300561.SZ_汇金科技_2025_管理层讨论与分析.pdf
MDAF0002933,汇金科技,研发投入,22,2024年：34。,300561.SZ,12,报告页码,,表格行,300561.SZ_汇金科技_2025_管理层讨论与分析.pdf
MDAF0002934,汇金科技,研发投入,22,2024年：36.88%。,300561.SZ,12,报告页码,,表格行,300561.SZ_汇金科技_2025_管理层讨论与分析.pdf
MDAF0002935,汇金科技,研发投入,22,2024年：4。,300561.SZ,12,报告页码,,表格行,300561.SZ_汇金科技_2025_管理层讨论与分析.pdf
MDAF0002936,汇金科技,研发投入,22,2024年：52。,300561.SZ,12,报告页码,,表格行,300561.SZ_汇金科技_2025_管理层讨论与分析.pdf
MDAF0002937,汇金科技,研发投入,22,2025年：0。,300561.SZ,12,报告页码,,表格行,300561.SZ_汇金科技_2025_管理层讨论与分析.pdf
MDAF0002938,汇金科技,研发投入,22,2025年：15。,300561.SZ,12,报告页码,,表格行,300561.SZ_汇金科技_2025_管理层讨论与分析.pdf
MDAF0002939,汇金科技,研发投入,22,2025年：18。,300561.SZ,12,报告页码,,表格行,300561.SZ_汇金科技_2025_管理层讨论与分析.pdf
MDAF0002940,汇金科技,研发投入,22,2025年：2。,300561.SZ,12,报告页码,,表格行,300561.SZ_汇金科技_2025_管理层讨论与分析.pdf
MDAF0002941,汇金科技,研发投入,22,2025年：30 岁以下。,300561.SZ,12,报告页码,,表格行,300561.SZ_汇金科技_2025_管理层讨论与分析.pdf
MDAF0002942,汇金科技,研发投入,22,2025年：30~40 岁。,300561.SZ,12,报告页码,,表格行,300561.SZ_汇金科技_2025_管理层讨论与分析.pdf
MDAF0002943,汇金科技,研发投入,22,2025年：37.11%。,300561.SZ,12,报告页码,,表格行,300561.SZ_汇金科技_2025_管理层讨论与分析.pdf
MDAF0002944,汇金科技,研发投入,22,2025年：39。,300561.SZ,12,报告页码,,表格行,300561.SZ_汇金科技_2025_管理层讨论与分析.pdf
MDAF0002945,汇金科技,研发投入,22,2025年：40 岁以上。,300561.SZ,12,报告页码,,表格行,300561.SZ_汇金科技_2025_管理层讨论与分析.pdf
MDAF0002946,汇金科技,研发投入,22,2025年：59。,300561.SZ,12,报告页码,,表格行,300561.SZ_汇金科技_2025_管理层讨论与分析.pdf
MDAF0002947,汇金科技,研发投入,22,2025年：5。,300561.SZ,12,报告页码,,表格行,300561.SZ_汇金科技_2025_管理层讨论与分析.pdf
MDAF0002948,汇金科技,研发投入,22,2025年：博士。,300561.SZ,12,报告页码,,表格行,300561.SZ_汇金科技_2025_管理层讨论与分析.pdf
MDAF0002949,汇金科技,研发投入,22,2025年：大专及以下。,300561.SZ,12,报告页码,,表格行,300561.SZ_汇金科技_2025_管理层讨论与分析.pdf
MDAF0002950,汇金科技,研发投入,22,2025年：本科。,300561.SZ,12,报告页码,,表格行,300561.SZ_汇金科技_2025_管理层讨论与分析.pdf
MDAF0002951,汇金科技,研发投入,22,2025年：研发人员学历。,300561.SZ,12,报告页码,,表格行,300561.SZ_汇金科技_2025_管理层讨论与分析.pdf
MDAF0002952,汇金科技,研发投入,22,2025年：研发人员年龄构成。,300561.SZ,12,报告页码,,表格行,300561.SZ_汇金科技_2025_管理层讨论与分析.pdf
MDAF0002953,汇金科技,研发投入,22,2025年：研发人员数量占比。,300561.SZ,12,报告页码,,表格行,300561.SZ_汇金科技_2025_管理层讨论与分析.pdf
MDAF0002954,汇金科技,研发投入,22,2025年：研发人员数量（人）。,300561.SZ,12,报告页码,,表格行,300561.SZ_汇金科技_2025_管理层讨论与分析.pdf
MDAF0002955,汇金科技,研发投入,22,2025年：硕士。,300561.SZ,12,报告页码,,表格行,300561.SZ_汇金科技_2025_管理层讨论与分析.pdf
MDAF0002956,汇金科技,研发投入,22,借助大模型技术发展，将业务领域专业性与通用大模型进行整合训练，希望在新兴领域应用产品化，达成人工智能产品落地。,300561.SZ,12,报告页码,,表格行,300561.SZ_汇金科技_2025_管理层讨论与分析.pdf
MDAF0002957,汇金科技,研发投入,22,变动比例：-100.00%。,300561.SZ,12,报告页码,,表格行,300561.SZ_汇金科技_2025_管理层讨论与分析.pdf
MDAF0002958,汇金科技,研发投入,22,变动比例：0.00%。,300561.SZ,12,报告页码,,表格行,300561.SZ_汇金科技_2025_管理层讨论与分析.pdf
MDAF0002959,汇金科技,研发投入,22,变动比例：0.23%。,300561.SZ,12,报告页码,,表格行,300561.SZ_汇金科技_2025_管理层讨论与分析.pdf
MDAF0002960,汇金科技,研发投入,22,变动比例：13.46%。,300561.SZ,12,报告页码,,表格行,300561.SZ_汇金科技_2025_管理层讨论与分析.pdf
MDAF0002961,汇金科技,研发投入,22,变动比例：14.71%。,300561.SZ,12,报告页码,,表格行,300561.SZ_汇金科技_2025_管理层讨论与分析.pdf
MDAF0002962,汇金科技,研发投入,22,变动比例：18.18%。,300561.SZ,12,报告页码,,表格行,300561.SZ_汇金科技_2025_管理层讨论与分析.pdf
MDAF0002963,汇金科技,研发投入,22,变动比例：20.00%。,300561.SZ,12,报告页码,,表格行,300561.SZ_汇金科技_2025_管理层讨论与分析.pdf
MDAF0002964,汇金科技,研发投入,22,在已有AI 产品技术的基础上，结合目前行业中视觉识别、视频分析、行为分析、人工智能等技术特点，探索在风险防控等特定领域，提高对交易行为的追溯能力和提升人机交互水平。,300561.SZ,12,报告页码,,表格行,300561.SZ_汇金科技_2025_管理层讨论与分析.pdf
MDAF0002965,汇金科技,研发投入,22,平台：在已有银行业客户AI 产品技术基础上，结合最新技术趋势，探索新业务领域应用。,300561.SZ,12,报告页码,,表格行,300561.SZ_汇金科技_2025_管理层讨论与分析.pdf
MDAF0002966,汇金科技,研发投入,22,平台：基于视觉识别和人工智能技术的行为追溯、人机交互应用。,300561.SZ,12,报告页码,,表格行,300561.SZ_汇金科技_2025_管理层讨论与分析.pdf
MDAF0002967,汇金科技,研发投入,22,平台：基于通用大模型的垂域训练和业务应用。,300561.SZ,12,报告页码,,表格行,300561.SZ_汇金科技_2025_管理层讨论与分析.pdf
MDAF0002968,汇金科技,研发投入,22,平台：将预研项目部分成果在新业务领域探索应用。,300561.SZ,12,报告页码,,表格行,300561.SZ_汇金科技_2025_管理层讨论与分析.pdf
MDAF0002969,汇金科技,研发投入,22,平台：开发阶段。,300561.SZ,12,报告页码,,表格行,300561.SZ_汇金科技_2025_管理层讨论与分析.pdf
MDAF0002970,汇金科技,研发投入,22,平台：预研阶段。,300561.SZ,12,报告页码,,表格行,300561.SZ_汇金科技_2025_管理层讨论与分析.pdf
MDAF0002971,汇金科技,研发投入,22,造新的业务机会：作为技术预研储备， 为拓展新的应用场景前瞻性进行技术及产品储备，拓展新的业务增长点。,300561.SZ,12,报告页码,,表格行,300561.SZ_汇金科技_2025_管理层讨论与分析.pdf
MDAF0002972,汇金科技,研发投入,22,造新的业务机会：形成技术预研到专业领域应用的闭环探索，落地新场景。,300561.SZ,12,报告页码,,表格行,300561.SZ_汇金科技_2025_管理层讨论与分析.pdf
MDAF0002973,科蓝软件,业务概要,11,公司主营业务围绕自主创新的“3A 战略”体系展开——即AI 机器人、AI 数据库、AI 算力，面向金融、电力、能源、交通等国家关键基础设施领域，提供贯穿前、中、后台的全栈式人工智能软硬件一体化综合服务方案。,300663.SZ,10,报告页码,1.公司的主营业务,正文,300663.SZ_科蓝软件_2025_管理层讨论与分析.pdf
MDAF0002974,科蓝软件,业务概要,11,公司坚定贯彻“AI 原生驱动”的产品策略，现已形成覆盖“AI 机器人—AI Agent 智能体应用—AI 物联网—AI 数据库-AI 算力基础设施”的全栈AI 生态解决方案体系，全方位赋能金融机构数字化与智能化深度转型。,300663.SZ,10,报告页码,1.公司的主营业务,正文,300663.SZ_科蓝软件_2025_管理层讨论与分析.pdf
MDAF0002975,科蓝软件,业务概要,11,回顾中国金融行业从信息化迈向数字化、数智化的发展历程，科蓝软件始终是引领者和推动者，已服务超过500家总部级金融机构，涵盖国有银行、股份制银行、城商行、省级农商行与农信联社、保险、证券、信托、财务公司等金融机构以及大型央企国企等国家关键基础设施行业。,300663.SZ,10,报告页码,1.公司的主营业务,正文,300663.SZ_科蓝软件_2025_管理层讨论与分析.pdf
MDAF0002976,科蓝软件,业务概要,11,据国际著名的市场研究与评级公司IDC 连续十年报告显示：“科蓝软件在数字银行解决方案、移动银行等前沿市场领域，连续十年蝉联市场第一。,300663.SZ,10,报告页码,1.公司的主营业务,正文,300663.SZ_科蓝软件_2025_管理层讨论与分析.pdf
MDAF0002977,科蓝软件,业务概要,11,根据国际数据公司（IDC）最新发布的《IDC Perspective：中国金融行业大模型及智能体市场洞察》报告显示：“在以软硬结合的方式(即设备端Agent)推进大模型及智能体的应用落地”方面，科蓝软件取得重大创新成果。,300663.SZ,10,报告页码,1.公司的主营业务,正文,300663.SZ_科蓝软件_2025_管理层讨论与分析.pdf
MDAF0002978,科蓝软件,业务概要,11,深耕金融科技领域近三十年，科蓝软件已稳步成长为以AI 为核心驱动、软硬件深度融合的AI 硬科技领军企业。,300663.SZ,10,报告页码,1.公司的主营业务,正文,300663.SZ_科蓝软件_2025_管理层讨论与分析.pdf
MDAF0002979,科蓝软件,业务概要,11,银行网点鸿蒙智能高柜机器人“小蓝”：公司自主研发的鸿蒙智能高柜机器人“小蓝”操作台(PC)已完成基于国产处理器芯片的全栈信创适配，全面搭载鸿蒙PC、统信、麒麟等主流操作系统，打通与网点自助设备、平板、智慧大屏、智能手机等多终端的互联互通通道，实现设备间数据、功能协同流转，为智慧网点转型、创新型场景应用搭建了稳定、安全的技术框架，夯实“芯片-操作系统-中间件-应用”全栈信创生态落地基础。,300663.SZ,10,报告页码,（1）AI 机器人,正文,300663.SZ_科蓝软件_2025_管理层讨论与分析.pdf
MDAF0002980,科蓝软件,业务概要,12,A．魔聚平台筑牢公司解决方案AI 转型基础持续推进魔聚平台向企业级基础智能体开发与运行平台的战略定位升级，围绕大模型应用规模化落地的核心需求，构建具备通用性与可复制性的智能体基础设施能力体系。,300663.SZ,11,报告页码,（2）AI Agent 智能体应用,正文,300663.SZ_科蓝软件_2025_管理层讨论与分析.pdf
MDAF0002981,科蓝软件,业务概要,12,VR 私行助理融合VR 沉浸式技术与金融大模型能力，打造专属高端财富管理虚拟服务场景。,300663.SZ,11,报告页码,（1）AI 机器人,正文,300663.SZ_科蓝软件_2025_管理层讨论与分析.pdf
MDAF0002982,科蓝软件,业务概要,12,VR 私行助理：科蓝联合合伙伙伴打造私行高净值客户体验升级解决方案。,300663.SZ,11,报告页码,（1）AI 机器人,正文,300663.SZ_科蓝软件_2025_管理层讨论与分析.pdf
MDAF0002983,科蓝软件,业务概要,12,“小蓝”适配搭载昇腾算力的硬件平台，支持蒸馏通用AI 模型，实现更强的通用AI 能力，全面加速AI 大模型在智慧网点的应用。,300663.SZ,11,报告页码,（1）AI 机器人,正文,300663.SZ_科蓝软件_2025_管理层讨论与分析.pdf
MDAF0002984,科蓝软件,业务概要,12,企业财务机器人：公司企业网银机器人作为企业财务数字化智能方案，依托大模型、新硬件与软硬协同技术构建核心产品特点。,300663.SZ,11,报告页码,（1）AI 机器人,正文,300663.SZ_科蓝软件_2025_管理层讨论与分析.pdf
MDAF0002985,科蓝软件,业务概要,12,作业标准化、流程智能化，大幅提升硬件故障处理效率，摆脱人工操作局限，实现数据中心机房无人值守，优化集团整体运营效率，适配海量服务器的常态化运维需求。,300663.SZ,11,报告页码,（1）AI 机器人,正文,300663.SZ_科蓝软件_2025_管理层讨论与分析.pdf
MDAF0002986,科蓝软件,业务概要,12,其以大模型驱动，可自动化处理财务重复操作，智能识别预警资金风险;搭载U 盾管理创新硬件，实现集中管控与远程安全调用，同时通过软件智能调度与硬件安全管控协同，适配大规模系统场景，保障稳定运行。,300663.SZ,11,报告页码,（1）AI 机器人,正文,300663.SZ_科蓝软件_2025_管理层讨论与分析.pdf
MDAF0002987,科蓝软件,业务概要,12,在平台治理方面，持续完善权限管理与安全控制体系，强化企业级合规与风险管控能力；同时，通过接入OpenClaw 生态，提升智能体在多渠道、多终端环境下的连接与服务能力。,300663.SZ,11,报告页码,（2）AI Agent 智能体应用,正文,300663.SZ_科蓝软件_2025_管理层讨论与分析.pdf
MDAF0002988,科蓝软件,业务概要,12,在能力建设方面，完成混合检索体系升级，实现“语义理解+结构化数据”融合检索，提升复杂场景下的信息获取能力；同步拓展多模态数据处理能力，支持图片、PDF 等多模态数据的统一理解与利用，增强智能体对多源数据环境的适应性。,300663.SZ,11,报告页码,（2）AI Agent 智能体应用,正文,300663.SZ_科蓝软件_2025_管理层讨论与分析.pdf
MDAF0002989,科蓝软件,业务概要,12,在通用人工智能方面，结合主流大模型等AI 技术，“小蓝”支持智能语音对话、人脸识别、远程视频柜员、3D 数字人、智能投顾等功能，支持数字人民币与现金的自由兑换，可为银行客户提供更多个性化的服务；同时，产品重点提升网点服务效率，优化空置窗口资源配置，将柜员从重复性事务中释放出来，转向客户服务、业务营销等高价值工作，进一步提升网点整体运营效能。,300663.SZ,11,报告页码,（1）AI 机器人,正文,300663.SZ_科蓝软件_2025_管理层讨论与分析.pdf
MDAF0002990,科蓝软件,业务概要,12,平台以统一的智能体开发框架为核心，打通模型接入、知识管理、任务编排及运行调度等关键环节，形成标准化、模块化的智能体构建与部署能力，为各类业务场景提供低门槛、高复用的开发底座。,300663.SZ,11,报告页码,（2）AI Agent 智能体应用,正文,300663.SZ_科蓝软件_2025_管理层讨论与分析.pdf
MDAF0002991,科蓝软件,业务概要,12,打破时空与线下场景限制，让客户足不出户享面对面式高端服务体验，同时助力私行机构降本增效，升级财富管理服务的专业性与科技感。,300663.SZ,11,报告页码,（1）AI 机器人,正文,300663.SZ_科蓝软件_2025_管理层讨论与分析.pdf
MDAF0002992,科蓝软件,业务概要,12,支持3D 可视化资产全景展示、沉浸式财富规划与投资分析，可实现语音交互式业务咨询、定制化资产配置方案解读，7×24 小时在线响应私行客户需求。,300663.SZ,11,报告页码,（1）AI 机器人,正文,300663.SZ_科蓝软件_2025_管理层讨论与分析.pdf
MDAF0002993,科蓝软件,业务概要,12,数据中心运维机器人：公司联合合作伙伴打造数据中心运维机器人适配大规模服务器运维场景，可自动完成服务器拆换、上下架全流程，替代人工机房作业。,300663.SZ,11,报告页码,（1）AI 机器人,正文,300663.SZ_科蓝软件_2025_管理层讨论与分析.pdf
MDAF0002994,科蓝软件,业务概要,12,整体来看，魔聚平台已形成具备规模化推广能力的基础智能体平台架构，为公司AI 能力的产品化输出及行业解决方案复制奠定了坚实基础，有助于进一步巩固公司在金融智能化领域的技术领先优势。,300663.SZ,11,报告页码,（2）AI Agent 智能体应用,正文,300663.SZ_科蓝软件_2025_管理层讨论与分析.pdf
MDAF0002995,科蓝软件,业务概要,12,该产品优势显著，能够替代人工完成重复性工作，实现降本增效;依托软硬件双重安全防护，满足金融合规标准，筑牢数据安全防线;并支持标准化流程与智能监控，达成7x24 小时无人值守运维，有效降低运维压力。,300663.SZ,11,报告页码,（1）AI 机器人,正文,300663.SZ_科蓝软件_2025_管理层讨论与分析.pdf
MDAF0002996,科蓝软件,业务概要,12,该平台部署灵活，零改造零装修部署，快速支持农村地区“零网点”服务延伸，解决金融服务“最后一公里”难题。,300663.SZ,11,报告页码,（1）AI 机器人,正文,300663.SZ_科蓝软件_2025_管理层讨论与分析.pdf
MDAF0002997,科蓝软件,业务概要,13,"APP 建设目标是实现超级应用(syupexgpps)，即集应用、平台和生态系统功能于一身的应用程序,同时也可提供第三方开发和发布微应用软件的平台。",300663.SZ,12,报告页码,（2）AI Agent 智能体应用,正文,300663.SZ_科蓝软件_2025_管理层讨论与分析.pdf
MDAF0002998,科蓝软件,业务概要,13,B．适应信创要求，MADP 移动开发平台产品持续升级至4.0 版本MADP 移动应用开发平台4.0 为金融机构提供统一移动端开发管理平台，快速搭建稳定高质量的移动应用。,300663.SZ,12,报告页码,（2）AI Agent 智能体应用,正文,300663.SZ_科蓝软件_2025_管理层讨论与分析.pdf
MDAF0002999,科蓝软件,业务概要,13,C. 数字银行产品全面AI 升级公司作为国内主要数字银行解决方案供应商，在以AI 驱动的移动银行与数字银行普及和发展进程中始终处于领军地位。,300663.SZ,12,报告页码,（2）AI Agent 智能体应用,正文,300663.SZ_科蓝软件_2025_管理层讨论与分析.pdf
MDAF0003000,科蓝软件,业务概要,13,MADP 移动应用开发平台4.0 包含:三端(鸿蒙、安卓、i0S)SDK、前端框架、性能分析、行为分析、消息推送、数据同步、小程序、基础服务等。,300663.SZ,12,报告页码,（2）AI Agent 智能体应用,正文,300663.SZ_科蓝软件_2025_管理层讨论与分析.pdf
MDAF0003001,科蓝软件,业务概要,13,使企业具备自主运营的小程序商店。,300663.SZ,12,报告页码,（2）AI Agent 智能体应用,正文,300663.SZ_科蓝软件_2025_管理层讨论与分析.pdf
MDAF0003002,科蓝软件,业务概要,13,同时平台也提供了丰富的uI 组件、功能组件、安全组件等。,300663.SZ,12,报告页码,（2）AI Agent 智能体应用,正文,300663.SZ_科蓝软件_2025_管理层讨论与分析.pdf
MDAF0003003,科蓝软件,业务概要,13,同时，低代码或无代码模式允许业务人员参与应用构建，进一步释放专业IT 团队的资源，使其专注于核心系统开发。,300663.SZ,12,报告页码,（2）AI Agent 智能体应用,正文,300663.SZ_科蓝软件_2025_管理层讨论与分析.pdf
MDAF0003004,科蓝软件,业务概要,13,多个APP 可以按照一套标准进行统一的开发、统一的运营、统一的运维。,300663.SZ,12,报告页码,（2）AI Agent 智能体应用,正文,300663.SZ_科蓝软件_2025_管理层讨论与分析.pdf
MDAF0003005,科蓝软件,业务概要,13,小程序服务具备学习成本低、易上手等优势。,300663.SZ,12,报告页码,（2）AI Agent 智能体应用,正文,300663.SZ_科蓝软件_2025_管理层讨论与分析.pdf
MDAF0003006,科蓝软件,业务概要,13,帮助企业更快地推出新产品、优化流程或响应市场变化。,300663.SZ,12,报告页码,（2）AI Agent 智能体应用,正文,300663.SZ_科蓝软件_2025_管理层讨论与分析.pdf
MDAF0003007,科蓝软件,业务概要,13,平台也支持不同的APP 业务场景灵活选择开发模式，如:native、H5、小程序等。,300663.SZ,12,报告页码,（2）AI Agent 智能体应用,正文,300663.SZ_科蓝软件_2025_管理层讨论与分析.pdf
MDAF0003008,科蓝软件,业务概要,13,平台可对应用进行统一的安全加固、权限管理和更新发布，提升整体安全性与运维效率。,300663.SZ,12,报告页码,（2）AI Agent 智能体应用,正文,300663.SZ_科蓝软件_2025_管理层讨论与分析.pdf
MDAF0003009,科蓝软件,业务概要,13,平台实现了从APP 开发、测试、运营全生命周期的管理。,300663.SZ,12,报告页码,（2）AI Agent 智能体应用,正文,300663.SZ_科蓝软件_2025_管理层讨论与分析.pdf
MDAF0003010,科蓝软件,业务概要,13,平台所赋予的能力多个APP 可以共享。,300663.SZ,12,报告页码,（2）AI Agent 智能体应用,正文,300663.SZ_科蓝软件_2025_管理层讨论与分析.pdf
MDAF0003011,科蓝软件,业务概要,13,提供了丰富的金融组件及丰富的辅助系统。,300663.SZ,12,报告页码,（2）AI Agent 智能体应用,正文,300663.SZ_科蓝软件_2025_管理层讨论与分析.pdf
MDAF0003012,科蓝软件,业务概要,13,移动开发平台的核心价值在于通过技术手段显著提升企业移动应用的开发效率、降低成本并增强管理能力，具体分为以下几个方面：大幅提升开发效率与速度平台提供预制的组件、模板和可视化开发工具（如拖拽式界面），使开发者无需从零开始编写代码，即可快速搭建应用功能。,300663.SZ,12,报告页码,（2）AI Agent 智能体应用,正文,300663.SZ_科蓝软件_2025_管理层讨论与分析.pdf
MDAF0003013,科蓝软件,业务概要,13,结合当前人工智能与大模型的发展趋势，公司正积极推进并完善相关产品与解决方案的数智化服务能力。,300663.SZ,12,报告页码,（2）AI Agent 智能体应用,正文,300663.SZ_科蓝软件_2025_管理层讨论与分析.pdf
MDAF0003014,科蓝软件,业务概要,13,能更灵活地调整应用功能，快速迭代，同时保障系统的稳定性与可维护性。,300663.SZ,12,报告页码,（2）AI Agent 智能体应用,正文,300663.SZ_科蓝软件_2025_管理层讨论与分析.pdf
MDAF0003015,科蓝软件,业务概要,13,这不仅加速了内部流程的数字化（如审批、数据收集），也推动了企业跨部门协作与整体数字化转型。,300663.SZ,12,报告页码,（2）AI Agent 智能体应用,正文,300663.SZ_科蓝软件_2025_管理层讨论与分析.pdf
MDAF0003016,科蓝软件,业务概要,13,通过平台开发的小程序，可以运行在自有平台及主流平台(微信、支付宝、抖音等)的APP 上。,300663.SZ,12,报告页码,（2）AI Agent 智能体应用,正文,300663.SZ_科蓝软件_2025_管理层讨论与分析.pdf
MDAF0003017,科蓝软件,业务概要,13,促进协作与数字化转型平台降低了技术门槛，使业务部门能直接参与应用设计与开发，确保应用更贴合实际业务需求。,300663.SZ,12,报告页码,（2）AI Agent 智能体应用,正文,300663.SZ_科蓝软件_2025_管理层讨论与分析.pdf
MDAF0003018,科蓝软件,业务概要,13,实现应用统一管理与安全作为企业的“超级APP”门户，移动开发平台能整合内部多个独立应用（如OA、个人业务、对公业务），建立统一的企业应用商店。,300663.SZ,12,报告页码,（2）AI Agent 智能体应用,正文,300663.SZ_科蓝软件_2025_管理层讨论与分析.pdf
MDAF0003019,科蓝软件,业务概要,13,提升灵活性与可维护性标准化的组件库和统一的开发规范，有助于减少系统碎片化，降低长期技术债务。,300663.SZ,12,报告页码,（2）AI Agent 智能体应用,正文,300663.SZ_科蓝软件_2025_管理层讨论与分析.pdf
MDAF0003020,科蓝软件,业务概要,13,显著降低开发成本通过代码复用和跨平台支持（一次开发，多端运行），企业无需为iOS、Android 等不同平台组建独立的开发团队，从而节省了人力、时间和资金投入。,300663.SZ,12,报告页码,（2）AI Agent 智能体应用,正文,300663.SZ_科蓝软件_2025_管理层讨论与分析.pdf
MDAF0003021,科蓝软件,业务概要,14,a.AI 原生手机银行产品公司AI 原生手机银行，以大模型驱动的智能体（Agent）为核心，重构移动金融交互范式，是极具前瞻性与前沿性的下一代对话式金融操作系统，并非对现有App 的简单叠加，而是以专业科学的架构设计，实现移动金融服务的全方位升级。,300663.SZ,13,报告页码,（2）AI Agent 智能体应用,正文,300663.SZ_科蓝软件_2025_管理层讨论与分析.pdf
MDAF0003022,科蓝软件,业务概要,14,b.智能中台产品中台系统是未来银行业务快速发展的核心技术源动力，满足行内各渠道应用快速实现“分布式、高并发和自动化”的IT 架构，具备了去中心化、服务化、异步化、高可用及可视化运营五大技术要求。,300663.SZ,13,报告页码,（2）AI Agent 智能体应用,正文,300663.SZ_科蓝软件_2025_管理层讨论与分析.pdf
MDAF0003023,科蓝软件,业务概要,14,依托多智能体协同能力，可并行响应复杂需求，精准匹配个人及对公客户核心诉求，构建一体化智能金融服务体系，以前沿科技降本增效，全方位提升客户体验与服务效能，彰显金融科技的深度与内涵。,300663.SZ,13,报告页码,（2）AI Agent 智能体应用,正文,300663.SZ_科蓝软件_2025_管理层讨论与分析.pdf
MDAF0003024,科蓝软件,业务概要,14,公司基于对银行业务的深刻理解、前瞻性的互联网思维以及丰富的金融产品开发经验，助力银行打造线上化、数字化、智能化三大核心能力。,300663.SZ,13,报告页码,（2）AI Agent 智能体应用,正文,300663.SZ_科蓝软件_2025_管理层讨论与分析.pdf
MDAF0003025,科蓝软件,业务概要,14,公司智能中台主要包括：双鱼座+PE Fast 产品体系。,300663.SZ,13,报告页码,（2）AI Agent 智能体应用,正文,300663.SZ_科蓝软件_2025_管理层讨论与分析.pdf
MDAF0003026,科蓝软件,业务概要,14,公司智能数字金融产品系列主要包括：网络银行、移动银行、互联网平台、AI 银行、智能业务中台、智能营销管理平台、金融开放平台、移动展业等。,300663.SZ,13,报告页码,（2）AI Agent 智能体应用,正文,300663.SZ_科蓝软件_2025_管理层讨论与分析.pdf
MDAF0003027,科蓝软件,业务概要,14,升级后的AI 数字银行产品系列，包括AI 银行APP 应用、AI 营销等AI 系统化能力，提供模型管理平台，支持DeepSeek、千问、智谱等主流开源大模型的管理及路由等。,300663.SZ,13,报告页码,（2）AI Agent 智能体应用,正文,300663.SZ_科蓝软件_2025_管理层讨论与分析.pdf
MDAF0003028,科蓝软件,业务概要,14,可以快速响应金融业务需求，满足快速创新，基于标准化组件和容器化平台，建立敏捷开发、可持续集成的开发运营一体化平台。,300663.SZ,13,报告页码,（2）AI Agent 智能体应用,正文,300663.SZ_科蓝软件_2025_管理层讨论与分析.pdf
MDAF0003029,科蓝软件,业务概要,14,在互联网渠道技术领先的优势下，公司创新研发的自主知识产权的业务中台打破了竖井式建设，采用分布式微服务架构。,300663.SZ,13,报告页码,（2）AI Agent 智能体应用,正文,300663.SZ_科蓝软件_2025_管理层讨论与分析.pdf
MDAF0003030,科蓝软件,业务概要,14,基于多种AI 模型，该产品还提供语音交互、数字播报、营销图片创作、文字描述等多模态AIGC 功能，该AI 应用可支持渠道多场景应用、渠道获客、品牌宣传、用户维护、内部培训知识库等多种业务场景。,300663.SZ,13,报告页码,（2）AI Agent 智能体应用,正文,300663.SZ_科蓝软件_2025_管理层讨论与分析.pdf
MDAF0003031,科蓝软件,业务概要,14,平台深度融合大模型与机器学习能力，覆盖问数、知识库、信贷、会议、营销、账户、生态七大核心场景，聚焦用户高频需求，以对话式交互为核心，实现“功能隐形、服务显性”——用户无需复杂操作，只需表达需求，系统即可自主规划执行路径、调用后台能力，完成多维数据问数、智能问答导览、信贷高效审核、会议公文自动化、精准营销、账户智能管理、投融资与生态赋能等全流程服务。,300663.SZ,13,报告页码,（2）AI Agent 智能体应用,正文,300663.SZ_科蓝软件_2025_管理层讨论与分析.pdf
MDAF0003032,科蓝软件,业务概要,14,支持金融业务创新及快速发布迭代，有效提升银行产品创新能力和运营能力，满足了去中心化、高可用、异步化、模块化、数字化运营五大技术要求，支持银行等金融机构向“轻应用+大中台+稳后台”转型。,300663.SZ,13,报告页码,（2）AI Agent 智能体应用,正文,300663.SZ_科蓝软件_2025_管理层讨论与分析.pdf
MDAF0003033,科蓝软件,业务概要,14,该中台采用领域设计、服务解耦，依托原子服务管理、采用可视化快速编排、异常监测、持续化集成、运营管理等系统构成，提供专业的金融业务组件和技术平台组件，满足金融行业敏捷开发需求。,300663.SZ,13,报告页码,（2）AI Agent 智能体应用,正文,300663.SZ_科蓝软件_2025_管理层讨论与分析.pdf
MDAF0003034,科蓝软件,业务概要,14,随着信息技术的持续跃升，消费者深度依赖网络处理事务、实现互联互通，银行业务也由线下网点逐步演进为：网络银行→移动银行→直销银行→开放银行→数字银行→智能银行→AI 原生银行，直至发展为银行的最高形态——未来银行。,300663.SZ,13,报告页码,（2）AI Agent 智能体应用,正文,300663.SZ_科蓝软件_2025_管理层讨论与分析.pdf
MDAF0003035,科蓝软件,业务概要,14,随着生成式AI 的发展，应用层面的开发包括智能AI 银行APP、智能问答、智能问数、智能运营、企业金融、智能尽职调查报告生成等多个应用场景。,300663.SZ,13,报告页码,（2）AI Agent 智能体应用,正文,300663.SZ_科蓝软件_2025_管理层讨论与分析.pdf
MDAF0003036,科蓝软件,业务概要,15,c.智慧营销平台智慧营销平台围绕金融机构营销数字化转型需求，持续推动智慧营销平台与AI 能力的深度融合，依托魔聚平台的智能体与大模型能力，对营销全流程进行系统性重构。,300663.SZ,14,报告页码,（2）AI Agent 智能体应用,正文,300663.SZ_科蓝软件_2025_管理层讨论与分析.pdf
MDAF0003037,科蓝软件,业务概要,15,中台系统是未来银行业务智能化快速发展的核心AI 技术源动力，满足行内各渠道应用快速实现“分布式、高并发、自动化和智能化”的AI 原生IT 架构，具备了去中心化、服务化、异步化、高可用、可视化运营及智能感知五大AI 技术要求。,300663.SZ,14,报告页码,（2）AI Agent 智能体应用,正文,300663.SZ_科蓝软件_2025_管理层讨论与分析.pdf
MDAF0003038,科蓝软件,业务概要,15,以用户为中心实现全生命周期的服务管理和服务外延，支持产品服务敏捷定制，可实现多渠道之间的服务协同，支持服务开放及数字化场景运营具备“千人千面、千企千策”的产品投放、营销活动推荐、运营策略智能配置差异化策略、可视化分析用户交易数据和行为数据等方式支撑线上客户运营工作开展。,300663.SZ,14,报告页码,（2）AI Agent 智能体应用,正文,300663.SZ_科蓝软件_2025_管理层讨论与分析.pdf
MDAF0003039,科蓝软件,业务概要,15,双鱼座中台通过业务抽象，并依据业务实体之间的关联度、耦合度将业务中台划分成27 大业务支撑中心，2 大业务受理中心，5 大技术支撑中心，构建具备智能化、数字化、开放融合等特征的中台系统。,300663.SZ,14,报告页码,（2）AI Agent 智能体应用,正文,300663.SZ_科蓝软件_2025_管理层讨论与分析.pdf
MDAF0003040,科蓝软件,业务概要,15,可扩展性方面：CoR（Chain of Responsibility ）设计思想支持灵活的扩展，使其能够适合多种业务系统的建设，如电子银行类系统、高性能交易类系统等。,300663.SZ,14,报告页码,（2）AI Agent 智能体应用,正文,300663.SZ_科蓝软件_2025_管理层讨论与分析.pdf
MDAF0003041,科蓝软件,业务概要,15,在整体系统设计方面采用主流分布式微服务架构，使用业界先进的领域模型设计思想进行应用服务的整体设计，在服务治理方面采用科蓝领先的服务治理平台，全面提升整体应用服务的运维监控及治理能力。,300663.SZ,14,报告页码,（2）AI Agent 智能体应用,正文,300663.SZ_科蓝软件_2025_管理层讨论与分析.pdf
MDAF0003042,科蓝软件,业务概要,15,在营销前端，通过引入智能策略生成与内容生产能力，提升营销方案制定的科学性与效率；在营销执行过程中，通过智能化触达与过程管理，实现对客户行为的实时响应与动态调整；在营销后评估环节，结合数据分析与模型能力，完善效果评估与策略优化机制，形成营销闭环。,300663.SZ,14,报告页码,（2）AI Agent 智能体应用,正文,300663.SZ_科蓝软件_2025_管理层讨论与分析.pdf
MDAF0003043,科蓝软件,业务概要,15,性能方面：缓存、线程池、异步处理等机制设计，能够支撑更高的交易吞吐量；安全性方面：报文国密加解密支持、前置多种安全过滤策略（如防跨站脚本攻击、防sql 注入、防会话劫持、设备一致性校验、防重复提交、角色权限校验、数据校验、防越权等），把风险隔离在业务逻辑发生之前。,300663.SZ,14,报告页码,（2）AI Agent 智能体应用,正文,300663.SZ_科蓝软件_2025_管理层讨论与分析.pdf
MDAF0003044,科蓝软件,业务概要,15,通过上述能力建设，智慧营销平台进一步提升精准营销与精细化运营水平，助力金融机构实现客户经营由经验驱动向数据与智能驱动转变，持续释放营销价值并提升业务转化效率。,300663.SZ,14,报告页码,（2）AI Agent 智能体应用,正文,300663.SZ_科蓝软件_2025_管理层讨论与分析.pdf
MDAF0003045,科蓝软件,业务概要,15,PE Fast：PE-Fast 是在PE（CSII™PowerEngine 是科蓝软件自主研发Java 开发平台）基础上，结合开箱即用、自动装配等设计思想，融合分布式框架特点，自研服务端开发框架，既能够支持集群式系统建设，也能够支持分布式系统建设。,300663.SZ,14,报告页码,（2）AI Agent 智能体应用,正文,300663.SZ_科蓝软件_2025_管理层讨论与分析.pdf
MDAF0003046,科蓝软件,业务概要,15,双鱼座中台产品介绍：双鱼座平台采用小前台、大中台的开发架构，将电子渠道前后端分别进行整合统一，并将渠道展现与后台逻辑相分离，实现前后端解耦分离，由前后端专业团队并行开发，提升开发效率，及时响应市场变化。,300663.SZ,14,报告页码,（2）AI Agent 智能体应用,正文,300663.SZ_科蓝软件_2025_管理层讨论与分析.pdf
MDAF0003047,科蓝软件,业务概要,16,D.非银数字金融产品系列不断壮大公司依托数字金融领域深厚积累，打造强大的非银数字金融核心系统及行业解决方案，以科技赋能助力证券、保险、信托、消金、财务公司、小贷及政府、电信、互联网等多元非银机构实现全面数字化转型与业务升级。,300663.SZ,15,报告页码,（2）AI Agent 智能体应用,正文,300663.SZ_科蓝软件_2025_管理层讨论与分析.pdf
MDAF0003048,科蓝软件,业务概要,16,d.智能信贷尽调平台：公司所推出的智能信贷尽调平台，是专为银行等金融机构对公信贷业务打造的AI 智能解决方案，深度融合前沿大模型技术与金融信贷专业Know-How，精准破解传统对公尽调流程繁琐、效率低下、风险识别不足等痛点。,300663.SZ,15,报告页码,（2）AI Agent 智能体应用,正文,300663.SZ_科蓝软件_2025_管理层讨论与分析.pdf
MDAF0003049,科蓝软件,业务概要,16,e.全场景智能双录系统全场景智能双录系统围绕客户与监管政策的需求，创新性的采用H5 同屏双录技术，全面覆盖理财、保险、贷款、信托等各类金融业务场景，系统支持在交易过程中进行录音、录像及风险揭示，实现业务办理双录过程的合规化、流程的标准化，以达到双录业务闭环管理，全面满足监管要求及金融业务需求。,300663.SZ,15,报告页码,（2）AI Agent 智能体应用,正文,300663.SZ_科蓝软件_2025_管理层讨论与分析.pdf
MDAF0003050,科蓝软件,业务概要,16,f.AI 智能助手智能助手以轻量级插件形式无缝嵌入手机银行与网上银行，为用户提供“边聊边办”的智能服务体验。,300663.SZ,15,报告页码,（2）AI Agent 智能体应用,正文,300663.SZ_科蓝软件_2025_管理层讨论与分析.pdf
MDAF0003051,科蓝软件,业务概要,16,g.智能客户经理助手面对银行零售业务条线客户经理日常营销客户服务领域提供的智能体平台应用。,300663.SZ,15,报告页码,（2）AI Agent 智能体应用,正文,300663.SZ_科蓝软件_2025_管理层讨论与分析.pdf
MDAF0003052,科蓝软件,业务概要,16,产品优势：1. 自研双录引擎：具备独创的H5 后端还原而非前端录屏的方式，在完整还原客户双录交易操作的同时，还最大程度保护客户的个人隐私信息；2. 统一参数化配置：支持配置化双录流程驱动录制，保证双录过程统一、规范，可快速灵活的发布不同产品的录制流程；3. AI 技术支持：结合多种AI 技术，实现双录过程中的实时智能质检，提高双录一次性通过率；4. 业务集成简单：使用轻量化的前端组件设计思路，降低渠道的接入门槛，满足H5、小程序、公众号、APP 等多渠道的快速集成。,300663.SZ,15,报告页码,（2）AI Agent 智能体应用,正文,300663.SZ_科蓝软件_2025_管理层讨论与分析.pdf
MDAF0003053,科蓝软件,业务概要,16,产品可智能识别、整合结构化与非结构化尽调资料，预先搭建适配特定行业客户的财务分析指标模型，规避一定的人工误差，一键生成内容全面、逻辑严谨的专业尽调报告。,300663.SZ,15,报告页码,（2）AI Agent 智能体应用,正文,300663.SZ_科蓝软件_2025_管理层讨论与分析.pdf
MDAF0003054,科蓝软件,业务概要,16,产品强调人机协同、合规可控与可解释，在不改变现有业务流程的前提下，显著提升客户经理服务效率与客户体验。,300663.SZ,15,报告页码,（2）AI Agent 智能体应用,正文,300663.SZ_科蓝软件_2025_管理层讨论与分析.pdf
MDAF0003055,科蓝软件,业务概要,16,公司聚焦“以客户为中心”的财富管理转型与资产服务创新，通过构建线上线下融合营销权益体系、打造智能资产配置平台、推动“顾问式销售”模式落地，并提供供应链管理、交易管理、业务中台等解决方案，有效提升用户粘性、价值贡献及业务效能。,300663.SZ,15,报告页码,（2）AI Agent 智能体应用,正文,300663.SZ_科蓝软件_2025_管理层讨论与分析.pdf
MDAF0003056,科蓝软件,业务概要,16,助手能精准识别用户意图，并在对话过程中动态生成交互式卡片——例如展示近30 天消费趋势图、一键跳转至转账页面，或引导用户找到“信用卡还款”功能入口。,300663.SZ,15,报告页码,（2）AI Agent 智能体应用,正文,300663.SZ_科蓝软件_2025_管理层讨论与分析.pdf
MDAF0003057,科蓝软件,业务概要,16,基于对各细分行业的深入理解，公司已成功构建并持续优化证券行业数字化解决方案、消金行业解决方案、城市金融服务解决方案等体系，为广泛的非银客户提供量身定制的科技支持与业务增长引擎。,300663.SZ,15,报告页码,（2）AI Agent 智能体应用,正文,300663.SZ_科蓝软件_2025_管理层讨论与分析.pdf
MDAF0003058,科蓝软件,业务概要,16,无论是查询余额、分析支出习惯，还是快速发起跨行转账，所有操作均可在对话流中高效完成，无需反复切换菜单。,300663.SZ,15,报告页码,（2）AI Agent 智能体应用,正文,300663.SZ_科蓝软件_2025_管理层讨论与分析.pdf
MDAF0003059,科蓝软件,业务概要,16,智能客户经理助手面向银行零售业务条线客户经理，提供集客户洞察、营销推荐与服务辅助于一体的智能体应用。,300663.SZ,15,报告页码,（2）AI Agent 智能体应用,正文,300663.SZ_科蓝软件_2025_管理层讨论与分析.pdf
MDAF0003060,科蓝软件,业务概要,16,用户只需通过自然语言与助手对话，即可完成资产查询、收支明细查看、账单结构分析、市场行情解读等高频操作。,300663.SZ,15,报告页码,（2）AI Agent 智能体应用,正文,300663.SZ_科蓝软件_2025_管理层讨论与分析.pdf
MDAF0003061,科蓝软件,业务概要,16,该助手不仅降低了用户使用门槛，更通过上下文理解与多轮对话能力，实现“问即所得、说即所办”，让传统手机银行从“功能导航”升级为“智能陪伴”。,300663.SZ,15,报告页码,（2）AI Agent 智能体应用,正文,300663.SZ_科蓝软件_2025_管理层讨论与分析.pdf
MDAF0003062,科蓝软件,业务概要,16,通过整合客户画像、交易行为与业务规则，实时识别客户需求并生成个性化营销与服务建议，辅助客户经理高效触达与精准服务。,300663.SZ,15,报告页码,（2）AI Agent 智能体应用,正文,300663.SZ_科蓝软件_2025_管理层讨论与分析.pdf
MDAF0003063,科蓝软件,业务概要,16,通过重构前后端应用平台，显著提升客户体验与运营效率：前端（APP/PC）提供统一流畅的全渠道服务，后端基于高可用、弹性微服务架构构建模块化、可复用的高效能力。,300663.SZ,15,报告页码,（2）AI Agent 智能体应用,正文,300663.SZ_科蓝软件_2025_管理层讨论与分析.pdf
MDAF0003064,科蓝软件,业务概要,17,3、三方联合，全力支持：MADP4.0 提供客户鸿蒙改造的全力技术支持，打造基于鸿蒙全新的手机移动端。,300663.SZ,16,报告页码,2、无缝协同，多端复用：MADP4.0 鸿蒙版本会最大限度兼容支持，实现场景快速迁移，三端复用，降低二次开发,正文,300663.SZ_科蓝软件_2025_管理层讨论与分析.pdf
MDAF0003065,科蓝软件,业务概要,17,A. 为金融机构定制鸿蒙生态服务平台（AI 物联网）a. 科蓝方山·可信物联一体化展业服务平台平台满足鸿蒙生态全终端环境展业需求，覆盖开源鸿蒙柜面终端、金融终端、营销大屏，以及华为鸿蒙手机、PAD、PC、智慧屏等智能终端环境，实现鸿蒙原生APP 统一发布、终端间设备协同、跨终端业务流转，让业务功能自动运行于最佳设备节点。,300663.SZ,16,报告页码,(3)AI 物联网,正文,300663.SZ_科蓝软件_2025_管理层讨论与分析.pdf
MDAF0003066,科蓝软件,业务概要,17,b. 科蓝鸿蒙（HarmonyOS）移动金融技术平台4.0科蓝鸿蒙（HarmonyOS）移动金融技术平台，基于科蓝自研移动金融技术平台MADP4.0，在原有的如拼积木式灵活搭建的特性基础上为企业与开发者带来了完整的一站式鸿蒙应用开发解决方案，涵盖开发鸿蒙App 所需的所有客户端鸿蒙能力集，能够做到多端复用，无缝协同，快速转换，节省二次开放成本，实现快速上线。,300663.SZ,16,报告页码,(3)AI 物联网,正文,300663.SZ_科蓝软件_2025_管理层讨论与分析.pdf
MDAF0003067,科蓝软件,业务概要,17,c. 仓颉+鸿蒙的科蓝TEE 环境PKI 架构增强型多因素身份认证组件（sMFA）仓颉是华为为鸿蒙量身打造的全场景智能应用编程语言，也是鸿蒙生态基础设施建设的重要一环。,300663.SZ,16,报告页码,4、技术成熟，安全保障：MADP4.0 鸿蒙版本提供多风险监控，隐私合规监测、同时提供统一的监控、运维等服务,正文,300663.SZ_科蓝软件_2025_管理层讨论与分析.pdf
MDAF0003068,科蓝软件,业务概要,17,为银行网点转型、厅堂营销、尽调展业等场景提供强有力的全国产信创技术支撑。,300663.SZ,16,报告页码,(3)AI 物联网,正文,300663.SZ_科蓝软件_2025_管理层讨论与分析.pdf
MDAF0003069,科蓝软件,业务概要,17,体系，打造安全移动端服务。,300663.SZ,16,报告页码,4、技术成熟，安全保障：MADP4.0 鸿蒙版本提供多风险监控，隐私合规监测、同时提供统一的监控、运维等服务,正文,300663.SZ_科蓝软件_2025_管理层讨论与分析.pdf
MDAF0003070,科蓝软件,业务概要,17,公司作为金融互联网解决方案领军企业和鸿蒙首批全生态认证服务商，研发的仓颉+鸿蒙的科蓝TEE 环境PKI 架构增强型多因素身份认证组件（sMFA）顺利通过权威第三方中国金融认证中心（CFCA）安全评测，同时获得北京国家金融科技认证中心的金融科技产品认证。,300663.SZ,16,报告页码,4、技术成熟，安全保障：MADP4.0 鸿蒙版本提供多风险监控，隐私合规监测、同时提供统一的监控、运维等服务,正文,300663.SZ_科蓝软件_2025_管理层讨论与分析.pdf
MDAF0003071,科蓝软件,业务概要,17,在移动端开发平台MADP4.0 完成了Android、iOS、HarmonyOS 三端的深度适配，实现一套管理，三端投放，包含了鸿蒙系统的交易级的手机银行产品，主要包括以下产品组件：性能分析、行为分析、消息推送、数据同步、科蓝小程序等功能。,300663.SZ,16,报告页码,(3)AI 物联网,正文,300663.SZ_科蓝软件_2025_管理层讨论与分析.pdf
MDAF0003072,科蓝软件,业务概要,18,B. 安全类产品（物联网安全）随着物联网技术在金融领域的深度渗透，金融场景的安全边界不断拓展，对安全防护的精细化、全方位要求持续提升。,300663.SZ,17,报告页码,4、技术成熟，安全保障：MADP4.0 鸿蒙版本提供多风险监控，隐私合规监测、同时提供统一的监控、运维等服务,正文,300663.SZ_科蓝软件_2025_管理层讨论与分析.pdf
MDAF0003073,科蓝软件,业务概要,18,a. 国密浏览器/国密客户端国密浏览器是基于chromium 开源浏览器开发的浏览器，支持国密密码算法SM2/SM3/SM4 的密码套件，支持国密SSL 协议与国际SSL 协议，支持页面渲染、JS 执行，不依赖任何其他浏览器。,300663.SZ,17,报告页码,4、技术成熟，安全保障：MADP4.0 鸿蒙版本提供多风险监控，隐私合规监测、同时提供统一的监控、运维等服务,正文,300663.SZ_科蓝软件_2025_管理层讨论与分析.pdf
MDAF0003074,科蓝软件,业务概要,18,b. 信创版银企通信创版银企通是对公线上渠道产品系列的重要部分，主要用于实现银行和企业之间的无缝连接，通过信创版银企通可以延伸银行服务的渠道和方式，从而可以大大提高对企业、特别是集团企业、大中型企业的服务能力和服务水平。,300663.SZ,17,报告页码,4、技术成熟，安全保障：MADP4.0 鸿蒙版本提供多风险监控，隐私合规监测、同时提供统一的监控、运维等服务,正文,300663.SZ_科蓝软件_2025_管理层讨论与分析.pdf
MDAF0003075,科蓝软件,业务概要,18,d. 灵犀同屏灵犀同屏是一个创新型远程陪伴式服务方案，专为银行和金融机构设计，打造更高效、便捷的协助方式，快速解决客户的疑难问题、降低沟通成本、增强客户满意度，提升金融机构服务能力和竞争优势。,300663.SZ,17,报告页码,4、技术成熟，安全保障：MADP4.0 鸿蒙版本提供多风险监控，隐私合规监测、同时提供统一的监控、运维等服务,正文,300663.SZ_科蓝软件_2025_管理层讨论与分析.pdf
MDAF0003076,科蓝软件,业务概要,18,主要用于对银行等金融机构安全系统的建设。,300663.SZ,17,报告页码,4、技术成熟，安全保障：MADP4.0 鸿蒙版本提供多风险监控，隐私合规监测、同时提供统一的监控、运维等服务,正文,300663.SZ_科蓝软件_2025_管理层讨论与分析.pdf
MDAF0003077,科蓝软件,业务概要,18,产品采用轻量化组件架构设计，在不破坏渠道端安全框架的前提下，可实现全渠道多方远程同屏协助能力。,300663.SZ,17,报告页码,4、技术成熟，安全保障：MADP4.0 鸿蒙版本提供多风险监控，隐私合规监测、同时提供统一的监控、运维等服务,正文,300663.SZ_科蓝软件_2025_管理层讨论与分析.pdf
MDAF0003078,科蓝软件,业务概要,18,依托当前金融行业数字化、自主可控的双重需求，产品同步完成鸿蒙生态全场景适配，深度融合鸿蒙系统核心能力，助力金融机构对接鸿蒙生态下的广阔客群，打造差异化服务体验，契合金融行业鸿蒙生态共建深耕的发展趋势。,300663.SZ,17,报告页码,4、技术成熟，安全保障：MADP4.0 鸿蒙版本提供多风险监控，隐私合规监测、同时提供统一的监控、运维等服务,正文,300663.SZ_科蓝软件_2025_管理层讨论与分析.pdf
MDAF0003079,科蓝软件,业务概要,18,公司安全类产品包括网络身份验证平台、安全输入系统、网银客户端、电子安全认证、数字认证、电子保全、电子签约平台以及符合信创要求的安全密码键盘、国密浏览器/国密客户端。,300663.SZ,17,报告页码,4、技术成熟，安全保障：MADP4.0 鸿蒙版本提供多风险监控，隐私合规监测、同时提供统一的监控、运维等服务,正文,300663.SZ_科蓝软件_2025_管理层讨论与分析.pdf
MDAF0003080,科蓝软件,业务概要,18,国密客户端本质上是国密浏览器的客户端化，在提供页面渲染的前提下融合了网银助手，实现控件、管理工具（驱动）等必要网银安全组件的集成，同时实现安全组件的自动更新、修复。,300663.SZ,17,报告页码,4、技术成熟，安全保障：MADP4.0 鸿蒙版本提供多风险监控，隐私合规监测、同时提供统一的监控、运维等服务,正文,300663.SZ_科蓝软件_2025_管理层讨论与分析.pdf
MDAF0003081,科蓝软件,业务概要,18,客户端将WebView 嵌入到Native 中，通过Web 技术与Native 技术的融合，进而为用户提供了更好的使用体验。,300663.SZ,17,报告页码,4、技术成熟，安全保障：MADP4.0 鸿蒙版本提供多风险监控，隐私合规监测、同时提供统一的监控、运维等服务,正文,300663.SZ_科蓝软件_2025_管理层讨论与分析.pdf
MDAF0003082,科蓝软件,业务概要,18,根据PC 环境，分为windows 版、Mac OS版、信创（麒麟/统信）版。,300663.SZ,17,报告页码,4、技术成熟，安全保障：MADP4.0 鸿蒙版本提供多风险监控，隐私合规监测、同时提供统一的监控、运维等服务,正文,300663.SZ_科蓝软件_2025_管理层讨论与分析.pdf
MDAF0003083,科蓝软件,业务概要,18,此外，产品适配鸿蒙元服务特性，支持无需下载完整应用即可调用核心同屏协助功能，搭配小艺语音唤醒能力，实现“一句话触发同屏协助”，进一步提升服务便捷性，助力金融机构快速接入鸿蒙生态，覆盖更多高频服务场景，彰显产品在金融鸿蒙化转型中的适配优势。,300663.SZ,17,报告页码,4、技术成熟，安全保障：MADP4.0 鸿蒙版本提供多风险监控，隐私合规监测、同时提供统一的监控、运维等服务,正文,300663.SZ_科蓝软件_2025_管理层讨论与分析.pdf
MDAF0003084,科蓝软件,业务概要,18,系统特别搭载动态脱敏组件，实现对身份信息、交易密码等关键字段的分级防护，在保障业务流畅性的同时建立对客户隐私数据安全的闭环管理。,300663.SZ,17,报告页码,4、技术成熟，安全保障：MADP4.0 鸿蒙版本提供多风险监控，隐私合规监测、同时提供统一的监控、运维等服务,正文,300663.SZ_科蓝软件_2025_管理层讨论与分析.pdf
MDAF0003085,科蓝软件,业务概要,18,结合鸿蒙星盾安全架构，产品深度复用鸿蒙硬件级隔离、微内核可信执行等安全能力，将敏感操作与主系统物理隔离，配合鸿蒙分布式身份认证机制，构建“端-边-云”全栈防护体系；同时遵循鸿蒙数据本地化原则，实现客户隐私数据本地留存，仅同步脱敏后的操作结果，进一步强化数据安全防护，契合监管层面对金融数据安全的高要求，与鸿蒙生态下金融服务的安全标准同频。,300663.SZ,17,报告页码,4、技术成熟，安全保障：MADP4.0 鸿蒙版本提供多风险监控，隐私合规监测、同时提供统一的监控、运维等服务,正文,300663.SZ_科蓝软件_2025_管理层讨论与分析.pdf
MDAF0003086,科蓝软件,业务概要,18,针对鸿蒙生态，产品遵循鸿蒙系统设计规范，采用轻量化适配策略，依托鸿蒙分布式软总线能力，实现鸿蒙手机、平板、智慧屏等多终端画面、数据及标注的实时同步，操作人员在一端进行标记、圈注指导，客户端鸿蒙设备可即时同步呈现，进一步优化跨终端同屏交互体验；同时适配鸿蒙2x2 RC 布局方案与弹性布局特性，自动适配不同鸿蒙终端屏幕尺寸与交互差异，无需额外开发适配代码，降低金融机构鸿蒙端部署成本，兼顾适配效率与原生体验。,300663.SZ,17,报告页码,4、技术成熟，安全保障：MADP4.0 鸿蒙版本提供多风险监控，隐私合规监测、同时提供统一的监控、运维等服务,正文,300663.SZ_科蓝软件_2025_管理层讨论与分析.pdf
MDAF0003087,科蓝软件,业务概要,19,c. 安全密码键盘安全密码键盘为客户端对密码输入保护的一个独立的安全软件。,300663.SZ,18,报告页码,4、技术成熟，安全保障：MADP4.0 鸿蒙版本提供多风险监控，隐私合规监测、同时提供统一的监控、运维等服务,正文,300663.SZ_科蓝软件_2025_管理层讨论与分析.pdf
MDAF0003088,科蓝软件,业务概要,19,d. 端云一体抗量子可信通信组件公司自主研发的“端云一体抗量子可信通信组件”，整合openHiTLS 及鲲鹏、鸿蒙等行业级工程化方案，通过创新的端云一体化与软硬协同、TEE 硬件信任根及机密计算架构，打造覆盖全域、面向未来的新一代可信通信安全体系。,300663.SZ,18,报告页码,4、技术成熟，安全保障：MADP4.0 鸿蒙版本提供多风险监控，隐私合规监测、同时提供统一的监控、运维等服务,正文,300663.SZ_科蓝软件_2025_管理层讨论与分析.pdf
MDAF0003089,科蓝软件,业务概要,19,信创版银企通是在原windows 版的功能基础上，重新研发，兼容统信/麒麟等国产操作系统，支持x86、ARM 等主流国产CPU 架构。,300663.SZ,18,报告页码,4、技术成熟，安全保障：MADP4.0 鸿蒙版本提供多风险监控，隐私合规监测、同时提供统一的监控、运维等服务,正文,300663.SZ_科蓝软件_2025_管理层讨论与分析.pdf
MDAF0003090,科蓝软件,业务概要,19,公司打造的中国自主品牌原生分布式数据库SUNDB，SUNDB 数据库高达98.31%的代码自研率，完全可以保障关键信息基础设施领域的数据安全。,300663.SZ,18,报告页码,(4)AI 数据库,正文,300663.SZ_科蓝软件_2025_管理层讨论与分析.pdf
MDAF0003091,科蓝软件,业务概要,19,其独创的软硬协同架构，从芯片层、系统层到应用层实现深度融合，不仅大幅提升安全性能，更在效率与可靠性之间取得突破性平衡，真正实现“安全不妥协、性能不下降”。,300663.SZ,18,报告页码,4、技术成熟，安全保障：MADP4.0 鸿蒙版本提供多风险监控，隐私合规监测、同时提供统一的监控、运维等服务,正文,300663.SZ_科蓝软件_2025_管理层讨论与分析.pdf
MDAF0003092,科蓝软件,业务概要,19,在技术实现层面，组件展现出五大核心优势：软硬协调，深度融合：通过端云协同硬件加速与TEE 可信执行环境，从底层建立免疫级安全防护，显著提升系统整体可信等级；端云一体，立体管控：实现从终端设备到云端服务无缝衔接的一体化安全策略，支持动态风险评估与自适应访问控制，全面响应零信任安全架构；面向未来，无忧演进：组件具备抗量子算法平滑替换、算法灵活裁剪和可升级架构特性，可从容应对未来密码政策变更与量子计算冲击；分级防护，平衡效能：组件提供包含纯软件国密套件、+硬件信任根套件、+机密计算环境套件及+抗量子算法套件的四套防护模型，分级防护应对不同场景对安全水位和性能要求。,300663.SZ,18,报告页码,4、技术成熟，安全保障：MADP4.0 鸿蒙版本提供多风险监控，隐私合规监测、同时提供统一的监控、运维等服务,正文,300663.SZ_科蓝软件_2025_管理层讨论与分析.pdf
MDAF0003093,科蓝软件,业务概要,19,新升级SUNDB 26c 在核心架构、存储性能、数据管理和运维便利性等方面实现全面提升，重点增强了对人工智能（AI）应用场景的支持。,300663.SZ,18,报告页码,(4)AI 数据库,正文,300663.SZ_科蓝软件_2025_管理层讨论与分析.pdf
MDAF0003094,科蓝软件,业务概要,19,新版本通过引入JSON 数据类型、近似聚合函数、采样查询等特性，为AI 模型训练提供高效、高质量的数据准备能力；同时，集群并行处理、在线调整及监控诊断能力的优化，保障了AI 业务的高可用与敏捷运维。,300663.SZ,18,报告页码,(4)AI 数据库,正文,300663.SZ_科蓝软件_2025_管理层讨论与分析.pdf
MDAF0003095,科蓝软件,业务概要,19,根据使用场景的不同，分为Windows、MAC、iOS、Android、H5 以及信创版本，使用的技术分别为ActiveX、NPAPI、本地服务、Object-C 以及一些原生开发语言，产品可以支持主流的所有操作系统及浏览器。,300663.SZ,18,报告页码,4、技术成熟，安全保障：MADP4.0 鸿蒙版本提供多风险监控，隐私合规监测、同时提供统一的监控、运维等服务,正文,300663.SZ_科蓝软件_2025_管理层讨论与分析.pdf
MDAF0003096,科蓝软件,业务概要,19,目前，该系统已在金融、政务、能源、医疗等关基行业逐步开展应用验证。,300663.SZ,18,报告页码,4、技术成熟，安全保障：MADP4.0 鸿蒙版本提供多风险监控，隐私合规监测、同时提供统一的监控、运维等服务,正文,300663.SZ_科蓝软件_2025_管理层讨论与分析.pdf
MDAF0003097,科蓝软件,业务概要,19,该组件以“端云一体、硬件信任根、量子安全、零信任架构”为核心设计理念，深度融合环境感知、抗量子密码算法、密钥管理、多套密码套件系统等多维安全能力，构建从终端到云端的全链路防护机制。,300663.SZ,18,报告页码,4、技术成熟，安全保障：MADP4.0 鸿蒙版本提供多风险监控，隐私合规监测、同时提供统一的监控、运维等服务,正文,300663.SZ_科蓝软件_2025_管理层讨论与分析.pdf
MDAF0003098,科蓝软件,业务概要,19,高性价比，平滑部署：在满足金融级高安全要求的同时，依托端云TEE 构建可信环境，运用国密与抗量子算法，通过软硬协同的技术支持硬件级安全和软件功能无损升级，适配不同环境实现双TEE/单TEE 可信交付，无需改变现有架构即可平滑升级，提供全链路SDK 软件组件显著降低企业改造成本。,300663.SZ,18,报告页码,4、技术成熟，安全保障：MADP4.0 鸿蒙版本提供多风险监控，隐私合规监测、同时提供统一的监控、运维等服务,正文,300663.SZ_科蓝软件_2025_管理层讨论与分析.pdf
MDAF0003099,科蓝软件,业务概要,20,"A. SUNDB 数据库产品持续创新升级至26C 版本报告期内，公司SUNDB 数据库产品推出SUNDB 26c 版本,SUNDB 26c 在核心架构、存储性能、数据管理和运维便利性等方面实现全面提升，重点增强了对人工智能（AI）应用场景的支持。",300663.SZ,19,报告页码,(4)AI 数据库,正文,300663.SZ_科蓝软件_2025_管理层讨论与分析.pdf
MDAF0003100,科蓝软件,业务概要,20,B.智能数据库SUNDB Lite（华鼎闪电）清华大学科蓝软件先进智能数据库联合研究院发布轻量级智能数据库SUNDB Lite（华鼎闪电，简称SUNDLite）。,300663.SZ,19,报告页码,(4)AI 数据库,正文,300663.SZ_科蓝软件_2025_管理层讨论与分析.pdf
MDAF0003101,科蓝软件,业务概要,20,SUNDB 26c 版本深度适配AI 场景对数据多样性、处理效率及质量的要求，为AI 应用提供坚实的数据底座。,300663.SZ,19,报告页码,(4)AI 数据库,正文,300663.SZ_科蓝软件_2025_管理层讨论与分析.pdf
MDAF0003102,科蓝软件,业务概要,20,SUNLite 是一款深度适配端侧数据特性的国产化端侧嵌入式数据库，主打低延迟、嵌入式、实时数据及时序数据本地处理，专为物联网边缘场景研发，具备轻量化、高性能、高安全、AI 原生融合的核心能力。,300663.SZ,19,报告页码,(4)AI 数据库,正文,300663.SZ_科蓝软件_2025_管理层讨论与分析.pdf
MDAF0003103,科蓝软件,业务概要,20,伴随着数据规模的高速增长，我国数据库行业市场前景广阔，产业欣欣向荣。,300663.SZ,19,报告页码,(4)AI 数据库,正文,300663.SZ_科蓝软件_2025_管理层讨论与分析.pdf
MDAF0003104,科蓝软件,业务概要,20,依托与清华共建的联合研究院的产学研技术积淀，SUNLite 打通了“基础软件+ 智能模型+ 专用芯片” 全栈技术链路，实现从软件到硬件的完整自主可控，全面契合国家信创战略要求。,300663.SZ,19,报告页码,(4)AI 数据库,正文,300663.SZ_科蓝软件_2025_管理层讨论与分析.pdf
MDAF0003105,科蓝软件,业务概要,20,创新实现数据库与轻量AI 模型深度内生融合，支持时序数据入库即完成智能推理分析，无需跨组件数据流转，可快速实现故障识别、异常研判，打造“数据入、结果出” 的极简高效处理流程。,300663.SZ,19,报告页码,(4)AI 数据库,正文,300663.SZ_科蓝软件_2025_管理层讨论与分析.pdf
MDAF0003106,科蓝软件,业务概要,20,同时支持软硬一体化集成，可将数据库内核与AI 算法整体优化固化至专用芯片，强化物理级安全防护与抗干扰能力，适配复杂严苛的现场部署环境。,300663.SZ,19,报告页码,(4)AI 数据库,正文,300663.SZ_科蓝软件_2025_管理层讨论与分析.pdf
MDAF0003107,科蓝软件,业务概要,20,数据库作为承载数据存算的关键数据技术，正经历又一轮发展热潮。,300663.SZ,19,报告页码,(4)AI 数据库,正文,300663.SZ_科蓝软件_2025_管理层讨论与分析.pdf
MDAF0003108,科蓝软件,业务概要,20,新版本通过引入JSON 数据类型、近似聚合函数、采样查询等特性，为AI 模型训练提供高效、高质量的数据准备能力；同时，集群并行处理、在线调整及监控诊断能力的优化，保障了AI 业务的高可用与敏捷运维。,300663.SZ,19,报告页码,(4)AI 数据库,正文,300663.SZ_科蓝软件_2025_管理层讨论与分析.pdf
MDAF0003109,科蓝软件,业务概要,20,未来将持续融合AI 与数据库技术，助力企业智能化转型。,300663.SZ,19,报告页码,(4)AI 数据库,正文,300663.SZ_科蓝软件_2025_管理层讨论与分析.pdf
MDAF0003110,科蓝软件,业务概要,20,本次更新在数据库基础能力方面，更新了数据字典与信息模式视图，并新增服务器属性以增强集群并行控制；SQL引擎支持MERGE INTO、DBLink、外键约束，增强窗口处理能力并提升ANALYZE 采样准确度；同时引入JSON 数据类型、SAMPLE 查询及多种聚合与分析函数（如近似计数、窗口过滤函数），强化多模态数据处理与特征提取能力；外部接口新增OCCI 支持，便于C++的迁移对接。,300663.SZ,19,报告页码,(4)AI 数据库,正文,300663.SZ_科蓝软件_2025_管理层讨论与分析.pdf
MDAF0003111,科蓝软件,业务概要,20,核心技术特色突出，采用微内核轻量化架构，依托原生内存存储与时序专属压缩算法，资源占用极低，可适配算力、内存受限的嵌入式终端；具备微秒级数据读写、极速查询响应能力，大幅降低端侧数据处理延迟。,300663.SZ,19,报告页码,(4)AI 数据库,正文,300663.SZ_科蓝软件_2025_管理层讨论与分析.pdf
MDAF0003112,科蓝软件,业务概要,20,根据CCSA TC601《数据库发展研究报告（2024年）》，预计到2028年，中国数据库市场总规模将达到930.29亿元，市场年复合增长率(CAGR)为12.23%。,300663.SZ,19,报告页码,(4)AI 数据库,正文,300663.SZ_科蓝软件_2025_管理层讨论与分析.pdf
MDAF0003113,科蓝软件,业务概要,20,目前，SUNDB 数据库已经完全融入国产化信创生态系统，重点服务于国家关键信息基础设施领域（包括银行、证券、基金、信托、保险、租赁等金融机构，以及三大电信运营商、国网、交通、军工等）的数字化转型和国产化替代，公司SUNDB 数据库已在银行、证券等金融机构落地数十个项目，并入围中央政府采购网、中央国家机关、央企等多个重要领域的国产数据库软件采购目录。,300663.SZ,19,报告页码,(4)AI 数据库,正文,300663.SZ_科蓝软件_2025_管理层讨论与分析.pdf
MDAF0003114,科蓝软件,业务概要,21,SUNLite 适配多领域高实时、高可靠应用场景，核心落地于智能轨道交通，支撑列车轴承、信号设备等关键节点7×24 小时实时监测与故障预警，助力运维从计划检修升级为状态检修；可快速拓展至能源物联网，服务风电、光伏、变电站设备的预测性维护；同时广泛适配高端装备、工业检测、水务气象、金融边缘终端等场景，凭借低功耗、易部署、可定制的优势，为各类端侧设备提供安全可信、智能高效的时序数据处理底座，赋能全行业数字化智能化升级。,300663.SZ,20,报告页码,(4)AI 数据库,正文,300663.SZ_科蓝软件_2025_管理层讨论与分析.pdf
MDAF0003115,科蓝软件,业务概要,21,产品围绕高性能计算资源整合与高效调度能力，构建集模型训练、推理服务与资源管理于一体的算力平台形态，满足企业在私有化部署场景下对算力性能、数据安全及稳定性的综合要求。,300663.SZ,20,报告页码,(5)AI 算力基础设施,正文,300663.SZ_科蓝软件_2025_管理层讨论与分析.pdf
MDAF0003116,科蓝软件,业务概要,21,产品集成全链路安全管控能力，内置国密加密、数据脱敏、操作审计机制，实现原始数据端侧本地留存、分析结果按需上传，从源头规避敏感数据上云风险，满足关键行业高等级合规要求。,300663.SZ,20,报告页码,(4)AI 数据库,正文,300663.SZ_科蓝软件_2025_管理层讨论与分析.pdf
MDAF0003117,科蓝软件,业务概要,21,公司在研发体系变革领域全面推广AI 辅助开发工具的应用，新一代Power Agent 智能编码助手依托大模型技术，支持多语言代码智能生成、实时补全与错误排查，可自动化处理编码重复性工作。,300663.SZ,20,报告页码,（1）全面推广PowerAgent 智能编码助手在研发体系的应用,正文,300663.SZ_科蓝软件_2025_管理层讨论与分析.pdf
MDAF0003118,科蓝软件,业务概要,21,公司面向大模型训练与推理一体化需求，推出训推一体机产品，重点强化算力底座与软硬协同能力建设。,300663.SZ,20,报告页码,(5)AI 算力基础设施,正文,300663.SZ_科蓝软件_2025_管理层讨论与分析.pdf
MDAF0003119,科蓝软件,业务概要,21,在生态适配方面，训推一体机与魔聚平台实现深度协同，并完成与华为昇腾920B 及中昊芯英TPU 等国产算力芯片的集成测试与兼容性验证，确保平台在多样化算力环境下的稳定运行与性能表现。,300663.SZ,20,报告页码,(5)AI 算力基础设施,正文,300663.SZ_科蓝软件_2025_管理层讨论与分析.pdf
MDAF0003120,科蓝软件,业务概要,21,完成四大类15项产品升级，累计发布20+版本：组件库类：迭代移动端、跨端组件库，新增Vue3 跨端组件库；工具库类：迭代加解密库、图表框架，新增前端工具库、简签板；框架工程类：迭代多类开发框架与种子工程；平台类：完成前端标准组件开发平台迭代。,300663.SZ,20,报告页码,（2）用户体验设计与开发全面AI 转型,正文,300663.SZ_科蓝软件_2025_管理层讨论与分析.pdf
MDAF0003121,科蓝软件,业务概要,21,报告期内，公司聚焦用户体验产品体系的智能化升级，完成两大核心工作：推出科蓝前端可视化编辑工具，实现全流程可视化与多端一体化；推进产品迭代，新增3 款核心工具库/组件。,300663.SZ,20,报告页码,（2）用户体验设计与开发全面AI 转型,正文,300663.SZ_科蓝软件_2025_管理层讨论与分析.pdf
MDAF0003122,科蓝软件,业务概要,21,推出VSCode 可视化编辑插件，重构开发流程，配套种子工程与组件库，实现开发、调试、打包全链路可视化管理。,300663.SZ,20,报告页码,（2）用户体验设计与开发全面AI 转型,正文,300663.SZ_科蓝软件_2025_管理层讨论与分析.pdf
MDAF0003123,科蓝软件,业务概要,21,插件具备开发指引、功能开发、API 管理、数据管理、环境管理五大核心能力。,300663.SZ,20,报告页码,（2）用户体验设计与开发全面AI 转型,正文,300663.SZ_科蓝软件_2025_管理层讨论与分析.pdf
MDAF0003124,科蓝软件,业务概要,21,新增移动端H5 与跨端种子工程，支持一套代码多端运行，适配多类小程序，统一API 设计，降低适配成本。,300663.SZ,20,报告页码,（2）用户体验设计与开发全面AI 转型,正文,300663.SZ_科蓝软件_2025_管理层讨论与分析.pdf
MDAF0003125,科蓝软件,业务概要,21,适配主流开发工具，能精准理解开发需求，大幅提升编码效率与代码质量，解放开发者精力聚焦核心业务逻辑，助力研发流程提效升级。,300663.SZ,20,报告页码,（1）全面推广PowerAgent 智能编码助手在研发体系的应用,正文,300663.SZ_科蓝软件_2025_管理层讨论与分析.pdf
MDAF0003126,科蓝软件,业务概要,21,通过软硬一体化设计，产品有效提升算力资源利用效率与模型服务响应能力，为大模型应用的规模化部署提供坚实支撑，同时进一步增强公司在自主可控算力生态中的技术适配能力与解决方案输出能力。,300663.SZ,20,报告页码,(5)AI 算力基础设施,正文,300663.SZ_科蓝软件_2025_管理层讨论与分析.pdf
MDAF0003127,科蓝软件,业务概要,22,公司在项目交付体系变革领域推动魔云一体化（简称IPDP）交付效能管理平台的全面应用，IPDP 平台是一站式智能项目交付辅助效能平台，通过全面应用AI 技术实现全流程项目交付管控，快速搭建项目原型、API 管理、自动化测试、低代码，以及项目开发协同等能力，有效提升项目交付的效率，减少项目经营成本。,300663.SZ,21,报告页码,（3）交付效能管理平台IPDP 智能化升级,正文,300663.SZ_科蓝软件_2025_管理层讨论与分析.pdf
MDAF0003128,科蓝软件,业务概要,22,公司已实现AI 技术全面渗透：财务方面，AI 智能体提升审核、报表、合规等流程效率；在人力资源管理方面，通过AI 简历筛选、岗位匹配、智能面试评估等技术手段，优化招聘流程、缩短人才到岗周期，并建立个性化培训路径，助力人才梯队建设。,300663.SZ,21,报告页码,（4）智能体与AI 技术全面渗透公司运营管理体系,正文,300663.SZ_科蓝软件_2025_管理层讨论与分析.pdf
MDAF0003129,科蓝软件,业务概要,22,公司职能运营效率显著提升，精细化管理成效逐步显现。,300663.SZ,21,报告页码,（4）智能体与AI 技术全面渗透公司运营管理体系,正文,300663.SZ_科蓝软件_2025_管理层讨论与分析.pdf
MDAF0003130,科蓝软件,业务概要,22,办公协同方面，AI 助手自动处理会议纪要、文档及任务分派，降低事务性负担。,300663.SZ,21,报告页码,（4）智能体与AI 技术全面渗透公司运营管理体系,正文,300663.SZ_科蓝软件_2025_管理层讨论与分析.pdf
MDAF0003131,科蓝软件,核心竞争力,32,“魔聚”作为AI 智能中枢，已基于MCP 协议研发了智能体通讯组件、多智能体协同服务组件，支持DeepSeek、Qwen、GLM、华为盘古等主流大模型的灵活接入与智能动态路由，并通过多模型聚合架构打通了数据治理（魔界）、模型训练（魔方）、性能监控（魔瞳）的全链路能力，实现了从“能力聚合平台”向“大模型应用操作系统”的战略升级。,300663.SZ,31,报告页码,（二）深厚的自主研发技术沉淀：从应用创新到底层基础设施的全栈掌控,正文,300663.SZ_科蓝软件_2025_管理层讨论与分析.pdf
MDAF0003132,科蓝软件,核心竞争力,32,从NetBank 2000 技术框架起步，相继研发出PowerEngine 开发平台、MADP 移动应用开发平台及双鱼座分布式技术平台，形成了覆盖前端渠道、中台服务、后台核心的完整技术架构体系。,300663.SZ,31,报告页码,（二）深厚的自主研发技术沉淀：从应用创新到底层基础设施的全栈掌控,正文,300663.SZ_科蓝软件_2025_管理层讨论与分析.pdf
MDAF0003133,科蓝软件,核心竞争力,32,公司MADP 4.0 平台已实现鸿蒙、安卓、iOS 三端深度适配与统一管理，科蓝鸿蒙移动金融技术平台4.0 及仓颉+鸿蒙TEE 环境身份认证组件通过权威安全评测，在鸿蒙生态金融应用领域占据先发优势。,300663.SZ,31,报告页码,（二）深厚的自主研发技术沉淀：从应用创新到底层基础设施的全栈掌控,正文,300663.SZ_科蓝软件_2025_管理层讨论与分析.pdf
MDAF0003134,科蓝软件,核心竞争力,32,公司以自研“魔聚”大模型聚合平台为核心，构建起全栈式AI 应用服务体系。,300663.SZ,31,报告页码,（二）深厚的自主研发技术沉淀：从应用创新到底层基础设施的全栈掌控,正文,300663.SZ_科蓝软件_2025_管理层讨论与分析.pdf
MDAF0003135,科蓝软件,核心竞争力,32,公司敏锐把握人工智能技术浪潮，率先完成从应用软件提供商向AI 硬科技领军企业的战略跃迁，在AI 机器人、智能体平台、智能数据库及算力基础设施四大核心领域形成闭环竞争力。,300663.SZ,31,报告页码,（一）战略级AI 转型先发优势：构建软硬一体、端云协同的全栈AI 能力,正文,300663.SZ_科蓝软件_2025_管理层讨论与分析.pdf
MDAF0003136,科蓝软件,核心竞争力,32,公司的核心竞争力已从单一的应用软件优势，全面升级为软硬件深度融合、AI 全栈自主可控、场景落地能力突出的综合型硬科技实力，具体体现在以下方面：,300663.SZ,31,报告页码,,正文,300663.SZ_科蓝软件_2025_管理层讨论与分析.pdf
MDAF0003137,科蓝软件,核心竞争力,32,公司自1999年起开创性实践Java 应用服务器技术并打造首个网上银行系统，二十余年来始终秉持自主创新原则。,300663.SZ,31,报告页码,（二）深厚的自主研发技术沉淀：从应用创新到底层基础设施的全栈掌控,正文,300663.SZ_科蓝软件_2025_管理层讨论与分析.pdf
MDAF0003138,科蓝软件,核心竞争力,32,在AI Agent 智能体应用层面，魔聚平台已升级为企业级智能体开发与运行底座，打通模型接入、知识管理与任务编排全链路，驱动AI 原生手机银行、智能中台、智慧营销及智能尽调等全线产品实现智能化重构，自身研发运营体系亦全面应用AI 工具，验证的工程化能力成为对外输出的有力背书。,300663.SZ,31,报告页码,（一）战略级AI 转型先发优势：构建软硬一体、端云协同的全栈AI 能力,正文,300663.SZ_科蓝软件_2025_管理层讨论与分析.pdf
MDAF0003139,科蓝软件,核心竞争力,32,在AI 数据库领域，公司自研原生分布式数据库SUNDB 代码自研率达98.31%，新版本强化AI 场景支持能力，联合清华大学发布的轻量级智能数据库SUNDB LITE 实现数据库与轻量AI 模型内生融合，凭借“自主数据库+全系列银行互联网产品”双引擎优势，构建起无需外部依赖即可独立完成国产化全流程适配部署的四维保障体系。,300663.SZ,31,报告页码,（一）战略级AI 转型先发优势：构建软硬一体、端云协同的全栈AI 能力,正文,300663.SZ_科蓝软件_2025_管理层讨论与分析.pdf
MDAF0003140,科蓝软件,核心竞争力,32,在AI 机器人方面，公司自主研发的鸿蒙智能高柜机器人“小蓝”已完成全栈信创适配，融合大模型能力支持智能语音交互与数字人民币兑换，实现网点“零改造”智能升级；企业财务机器人依托大模型与U 盾硬件管控技术达成无人值守资金管理；数据中心运维机器人攻克机房无人化运维难题，系列产品覆盖多类高价值场景，构筑了业内稀缺的“软硬协同”落地能力。,300663.SZ,31,报告页码,（一）战略级AI 转型先发优势：构建软硬一体、端云协同的全栈AI 能力,正文,300663.SZ_科蓝软件_2025_管理层讨论与分析.pdf
MDAF0003141,科蓝软件,核心竞争力,32,在AI算力基础设施方面，公司推出训推一体机产品，完成与华为昇腾、中昊芯英TPU 等国产算力芯片的集成适配，并与魔聚平台深度协同，构建集模型训练、推理服务与资源管理于一体的私有化算力平台，为金融等行业大模型应用规模化落地提供自主可控的算力支撑。,300663.SZ,31,报告页码,（一）战略级AI 转型先发优势：构建软硬一体、端云协同的全栈AI 能力,正文,300663.SZ_科蓝软件_2025_管理层讨论与分析.pdf
MDAF0003142,科蓝软件,核心竞争力,32,在人工智能领域，公司同样构建了体系化的自主创新能力。,300663.SZ,31,报告页码,（二）深厚的自主研发技术沉淀：从应用创新到底层基础设施的全栈掌控,正文,300663.SZ_科蓝软件_2025_管理层讨论与分析.pdf
MDAF0003143,科蓝软件,核心竞争力,32,在此基础上，公司推出PowerAgent 企业级大模型应用平台，覆盖智能合规、普惠金融、智能营销、智能客服等核心场景，形成了“魔聚+PowerAgent”的AI 双引擎架构，已在国内多家银行机构落地应用。,300663.SZ,31,报告页码,（二）深厚的自主研发技术沉淀：从应用创新到底层基础设施的全栈掌控,正文,300663.SZ_科蓝软件_2025_管理层讨论与分析.pdf
MDAF0003144,科蓝软件,核心竞争力,32,报告期内，公司立足近三十年金融科技领域深耕积累，全面推进“AI 原生驱动”战略落地，在持续巩固传统数字银行解决方案领先地位的同时，成功构建起覆盖“AI 机器人—AI Agent 智能体应用—AI 物联网—AI 数据库—AI 算力基础设施”的全栈AI 生态体系。,300663.SZ,31,报告页码,,正文,300663.SZ_科蓝软件_2025_管理层讨论与分析.pdf
MDAF0003145,科蓝软件,核心竞争力,33,作为鸿蒙首批全生态认证服务商，公司在鸿蒙金融应用领域与华为深度协同；在AI 算力领域完成与昇腾等国产芯片的适配验证；在行业标准层面深度参与中国信通院、金融电子化公司及全国信安标委等多项国家标准与行业规范制定，生态位势持续巩固。,300663.SZ,32,报告页码,（四）优质的客户资源与深厚的生态合作壁垒,正文,300663.SZ_科蓝软件_2025_管理层讨论与分析.pdf
MDAF0003146,科蓝软件,核心竞争力,33,公司深耕中国金融科技领域，已形成覆盖前中后台的全栈式解决方案体系——包括移动银行、网络银行、AI 原生手机银行等前端服务平台，双鱼座业务中台、智慧营销中台等中台支撑体系，以及核心业务系统、监管报送等后台管理系统，同步构建起“战略咨询+项目交付+系统集成+运营优化”四位一体的综合服务能力。,300663.SZ,32,报告页码,（三）卓越的数字银行业务经验与全生命周期服务能力,正文,300663.SZ_科蓝软件_2025_管理层讨论与分析.pdf
MDAF0003147,科蓝软件,核心竞争力,33,公司自主研发的智能客户旅程分析平台与数字化体验管理工具，构建了“产品设计-技术实施-运营优化”全周期服务体系，是业内少数具备线上线下全渠道数字化客户体验解决方案交付能力的服务商。,300663.SZ,32,报告页码,（三）卓越的数字银行业务经验与全生命周期服务能力,正文,300663.SZ_科蓝软件_2025_管理层讨论与分析.pdf
MDAF0003148,科蓝软件,核心竞争力,33,凭借对银行业务的深刻理解，公司伴随行业从网络银行、移动银行、开放银行、数字银行、智能银行直至AI 原生银行的完整演进历程，始终扮演引领者与推动者角色。,300663.SZ,32,报告页码,（三）卓越的数字银行业务经验与全生命周期服务能力,正文,300663.SZ_科蓝软件_2025_管理层讨论与分析.pdf
MDAF0003149,科蓝软件,核心竞争力,33,同时，公司依托自主研发技术优势，与华为、超聚变、火山、智谱等科技领军企业共建开放型智慧金融生态。,300663.SZ,32,报告页码,（四）优质的客户资源与深厚的生态合作壁垒,正文,300663.SZ_科蓝软件_2025_管理层讨论与分析.pdf
MDAF0003150,科蓝软件,核心竞争力,33,在基础软件领域，SUNDB 数据库在高并发事务处理及实时交易响应等核心指标上达到金融行业严苛标准，已在银行、证券等领域落地数十个项目，入围中央国家机关及央企采购目录。,300663.SZ,32,报告页码,（二）深厚的自主研发技术沉淀：从应用创新到底层基础设施的全栈掌控,正文,300663.SZ_科蓝软件_2025_管理层讨论与分析.pdf
MDAF0003151,科蓝软件,核心竞争力,33,庞大的头部客户群体不仅带来持续的业务收入，更为公司AI 新产品、新技术提供了丰富的高价值落地场景与快速迭代反馈。,300663.SZ,32,报告页码,（四）优质的客户资源与深厚的生态合作壁垒,正文,300663.SZ_科蓝软件_2025_管理层讨论与分析.pdf
MDAF0003152,科蓝软件,核心竞争力,33,截止报告期末，公司已取得417项软件著作权及多项专利，拥有从基础软件到应用层的全部源代码和自主知识产权，拥有近2000名IT+金融复合型人才，建立了经验丰富的梯次研发与服务团队。,300663.SZ,32,报告页码,（二）深厚的自主研发技术沉淀：从应用创新到底层基础设施的全栈掌控,正文,300663.SZ_科蓝软件_2025_管理层讨论与分析.pdf
MDAF0003153,科蓝软件,核心竞争力,33,据国际数据公司（IDC）连续十年报告显示，公司在数字银行解决方案、移动银行等前沿市场领域持续蝉联市场第一；最新报告亦指出公司在“以软硬结合方式推进大模型及智能体应用落地”方面取得重大创新成果。,300663.SZ,32,报告页码,（三）卓越的数字银行业务经验与全生命周期服务能力,正文,300663.SZ_科蓝软件_2025_管理层讨论与分析.pdf
MDAF0003154,科蓝软件,核心竞争力,33,经过多年深耕，公司已服务超过500家总部级金融机构，涵盖国有大行、政策性银行、股份制银行、城商行、农商行、保险、证券、信托及大型央企国企等国家关键基础设施行业，累计开发2000 余套业务系统并保持长期稳定合作。,300663.SZ,32,报告页码,（四）优质的客户资源与深厚的生态合作壁垒,正文,300663.SZ_科蓝软件_2025_管理层讨论与分析.pdf
MDAF0003155,科蓝软件,核心竞争力,34,公司拥有ISO9001、CMMI5、ISO20000、ISO27001、ISO22301、ISO45001、ISO14001 等多项国际权威认证，在软件研发、项目管理、交付服务、信息安全及质量管理等方面建立了全流程严格控制体系。,300663.SZ,33,报告页码,（五）高标准的管理与质量体系,正文,300663.SZ_科蓝软件_2025_管理层讨论与分析.pdf
MDAF0003156,科蓝软件,核心竞争力,34,在行业标准建设领域，公司深度参与国家层面技术规范制定，参与起草中国信息通信研究院《数据库应用迁移解决方案能力分级要求》《数据库发展白皮书》、中国金融电子化公司《金融信息技术创新应用事务型数据库检测规范》等专项标准，并作为核心成员参与全国信息安全标准化技术委员会《信息安全技术软件供应链安全要求》国家标准编制工作，行业影响力与话语权持续提升。,300663.SZ,33,报告页码,（五）高标准的管理与质量体系,正文,300663.SZ_科蓝软件_2025_管理层讨论与分析.pdf
MDAF0003157,科蓝软件,研发投入,38,主要研发项目名称：数字银行服务平台建设项目。,300663.SZ,37,报告页码,,表格行,300663.SZ_科蓝软件_2025_管理层讨论与分析.pdf
MDAF0003158,科蓝软件,研发投入,38,拟达到的目标：本项目建设数字银行服务平台，以银行为核心客户，并拓展至信托、保险、消费金融、证券期货等非银。,300663.SZ,37,报告页码,,表格行,300663.SZ_科蓝软件_2025_管理层讨论与分析.pdf
MDAF0003159,科蓝软件,研发投入,38,项目目的：本项目建设数字银行服务平台，以银行为核心客户，并拓展至信托、保险、消费金融、证券期货等非银。,300663.SZ,37,报告页码,,表格行,300663.SZ_科蓝软件_2025_管理层讨论与分析.pdf
MDAF0003160,科蓝软件,研发投入,38,项目进展：进行中。,300663.SZ,37,报告页码,,表格行,300663.SZ_科蓝软件_2025_管理层讨论与分析.pdf
MDAF0003161,科蓝软件,研发投入,38,预计对公司未来发展的影响：本项目建设数字银行服务平台，以银行为核心客户，并拓展至信托、保险、消费金融、证券期货等非银。,300663.SZ,37,报告页码,,表格行,300663.SZ_科蓝软件_2025_管理层讨论与分析.pdf
MDAF0003162,科蓝软件,研发投入,38,适用。,300663.SZ,37,报告页码,,选项,300663.SZ_科蓝软件_2025_管理层讨论与分析.pdf
MDAF0003163,科蓝软件,研发投入,39,在金融行业使用国产编程语言及基于国产编程语言的底层开发框架，将有效保障金融科技的信息技术自主可控发展，减少对国外的依赖；国产编程语言在金融行业具有保障金融稳定、保障金融科技可持续发展、推动国产化数字经济的发展的重大意义；国产编程语言应具备良好的易用性和通用性，降低金融机构的切换成本及门槛，以方便金融科技的研发人员快速切换。,300663.SZ,38,报告页码,,表格行,300663.SZ_科蓝软件_2025_管理层讨论与分析.pdf
MDAF0003164,科蓝软件,研发投入,39,基于仓颉编程语言开展金融场景产品基础功能研发，并推广金融行业产品商业文化落地。,300663.SZ,38,报告页码,,表格行,300663.SZ_科蓝软件_2025_管理层讨论与分析.pdf
MDAF0003165,科蓝软件,研发投入,39,应用编程语言关键技术及配套工具研发项目。,300663.SZ,38,报告页码,,表格行,300663.SZ_科蓝软件_2025_管理层讨论与分析.pdf
MDAF0003166,科蓝软件,研发投入,39,应用编程语言关键技术及配套工具研发项目，是基于对仓颉应用生态分析与梳理， 结合数字金融等领域产业化需求，开展金融交易回溯系统仓颉版的应用场景解决方案研究，提出基于信创的高性能的仓颉应用架构设计。,300663.SZ,38,报告页码,,表格行,300663.SZ_科蓝软件_2025_管理层讨论与分析.pdf
MDAF0003167,科蓝软件,研发投入,39,涉及仓颉在金融生态的日志、批量调度、数据库访问、交易报文转换、安全、鉴权等关键组件。,300663.SZ,38,报告页码,,表格行,300663.SZ_科蓝软件_2025_管理层讨论与分析.pdf
MDAF0003168,科蓝软件,研发投入,40,1.丰富公司信创产品线，提升在金融机具领域的市场竞争力。,300663.SZ,39,报告页码,,表格行,300663.SZ_科蓝软件_2025_管理层讨论与分析.pdf
MDAF0003169,科蓝软件,研发投入,40,1.实现机器人核心计算单元（芯片、OS） 100%国产化替代。,300663.SZ,39,报告页码,,表格行,300663.SZ_科蓝软件_2025_管理层讨论与分析.pdf
MDAF0003170,科蓝软件,研发投入,40,1.核心业务功能深度优化升级：针对渠道核心业务场景开展全链路逻辑重构与体验优化，重点提升转账支付、交易明细查询、信贷业务办理、 资产负债管理等核心功能的流程效率与操作便捷性；完成首页可视化布局重构与模块化灵活配置升级， 实现核心服务入口极简直达、客户需求一。,300663.SZ,39,报告页码,,表格行,300663.SZ_科蓝软件_2025_管理层讨论与分析.pdf
MDAF0003171,科蓝软件,研发投入,40,2.构建“五层三横” 端云一体可信安全架构，满足等保三级要求。,300663.SZ,39,报告页码,,表格行,300663.SZ_科蓝软件_2025_管理层讨论与分析.pdf
MDAF0003172,科蓝软件,研发投入,40,2.沉淀“端云一体” 技术底座，可复用于更多可信物联金融场景。,300663.SZ,39,报告页码,,表格行,300663.SZ_科蓝软件_2025_管理层讨论与分析.pdf
MDAF0003173,科蓝软件,研发投入,40,3.打造金融级鸿蒙智能终端标杆，推动银行网点智能化转型。,300663.SZ,39,报告页码,,表格行,300663.SZ_科蓝软件_2025_管理层讨论与分析.pdf
MDAF0003174,科蓝软件,研发投入,40,3.深化与华为鸿蒙生态合作，巩固公司在国产化软件领域的领先地位。,300663.SZ,39,报告页码,,表格行,300663.SZ_科蓝软件_2025_管理层讨论与分析.pdf
MDAF0003175,科蓝软件,研发投入,40,SUNDB Cluster 数据库研发项目。,300663.SZ,39,报告页码,,表格行,300663.SZ_科蓝软件_2025_管理层讨论与分析.pdf
MDAF0003176,科蓝软件,研发投入,40,为紧跟2025年AI 大模型、智能体、多模态融合及国产化算力赋能的技术热潮，响应国家数字金融高质量发展、金融信创与 “人工智能 +” 政策导向，立足科蓝软件近三十年深耕金融科技、主营数字银行全渠道解决方案且市场占有率持续领跑的深厚底蕴，紧扣银行业渠道数字化、智能。,300663.SZ,39,报告页码,,表格行,300663.SZ_科蓝软件_2025_管理层讨论与分析.pdf
MDAF0003177,科蓝软件,研发投入,40,交付符合标准的 JDBC、ODBC、DBlink 三大组件，确保接口兼容稳定、数据同步零差错低延迟，同时交付功能完善、操作便捷的图形化运维管控工具，实现数据库全流程可视化自动化运维；通过索引优化提升数据库核心操作性能，所有研发成果通过完整测试，形成标准化文档，确保可落地、可复用，满足客户需求并为产品迭代奠定基础。,300663.SZ,39,报告页码,,表格行,300663.SZ_科蓝软件_2025_管理层讨论与分析.pdf
MDAF0003178,科蓝软件,研发投入,40,响应国家信创战略， 实现小蓝机器人软硬件的全栈国产化。,300663.SZ,39,报告页码,,表格行,300663.SZ_科蓝软件_2025_管理层讨论与分析.pdf
MDAF0003179,科蓝软件,研发投入,40,基于OpenHarmony 操作系统与国产旗舰芯片（瑞芯微 RK3588），构建安全可控的智能服务终端，解决关键技术 “卡脖子”问题。,300663.SZ,39,报告页码,,表格行,300663.SZ_科蓝软件_2025_管理层讨论与分析.pdf
MDAF0003180,科蓝软件,研发投入,40,小蓝机器人驱动软件及全渠道统一平台软件研发项目。,300663.SZ,39,报告页码,,表格行,300663.SZ_科蓝软件_2025_管理层讨论与分析.pdf
MDAF0003181,科蓝软件,研发投入,40,本项目主要为提升 SUNDB Cluster 数据库产品成熟度、兼容性与运维便捷性，增强市场竞争力，特启动本项目，核心是完善数据库核心功能与构建运维管控平台； 功能上重点优化 JDBC、ODBC 接口适配性，完善集群内、跨集群、异构集群间 DBlink 数据同步功能及数据库索引，提升数据交互与查询性能；运维管控平台打造图形化工具，实现数据库安装、部署、 启停、扩缩容、监控、告警、备份恢复等全流程运维操作， 降低运维复杂度。,300663.SZ,39,报告页码,,表格行,300663.SZ_科蓝软件_2025_管理层讨论与分析.pdf
MDAF0003182,科蓝软件,研发投入,40,本项目研发效应覆盖产品、技术、管理、 战略、行业全维度， 既彻底破解银行渠道系统核心痛点、满足政策合规要求，又深度落地公司 3A 战略、提升研发与管理效能，既为客户创造核心价值，也为公司巩固行业地位、实现长期发展奠定坚实基础，具备显著的经济效益与行业示范效。,300663.SZ,39,报告页码,,表格行,300663.SZ_科蓝软件_2025_管理层讨论与分析.pdf
MDAF0003183,科蓝软件,研发投入,40,渠道创新产品研发项目。,300663.SZ,39,报告页码,,表格行,300663.SZ_科蓝软件_2025_管理层讨论与分析.pdf
MDAF0003184,科蓝软件,研发投入,40,项目完善了SUNDB Cluster 数据库功能体系，补齐核心短板，强化产品差异化竞争优势；助力现有项目顺利交付，提升客户满意度，拓展多行业市场空间、提升市场份额；图形化运维平台降低运维成本与门槛，提升服务质量和客户粘性；同时积累核心技术、培养专业团队，夯实研发基础，推动公司在数据库领域长远深耕， 助力数字经济高质量发展。,300663.SZ,39,报告页码,,表格行,300663.SZ_科蓝软件_2025_管理层讨论与分析.pdf
MDAF0003185,宇信科技,业务概要,14,中国人民银行、中国证监会等八部门联合发布《关于进一步防范和处置虚拟货币等相关风险的通知》，明确虚拟货币、现实世界资产代币化和相关业务活动本质属性。,300674.SZ,1,报告页码,,正文,300674.SZ_宇信科技_2025_管理层讨论与分析.pdf
MDAF0003186,宇信科技,业务概要,14,中国人民银行出台的《关于进一步加强数字人民币管理服务体系和相关金融基础设施建设的行动方案》明确“新一代数字人民币计量框架、管理体系、运行机制和生态体系于2026年1月1日正式启动实施”，标志着数字人民币由现金型1.0 版进入存款货币型数字人民币2.0 版。,300674.SZ,1,报告页码,,正文,300674.SZ_宇信科技_2025_管理层讨论与分析.pdf
MDAF0003187,宇信科技,业务概要,14,中国证监会同步发布的《关于境内资产境外发行资产支持证券代币的监管指引》，为境内资产通过境外发行资产支持证券代币提供了合规路径。,300674.SZ,1,报告页码,,正文,300674.SZ_宇信科技_2025_管理层讨论与分析.pdf
MDAF0003188,宇信科技,业务概要,14,作为金融基础设施的核心构成，数字人民币的升级迭代恰逢其时。,300674.SZ,1,报告页码,,正文,300674.SZ_宇信科技_2025_管理层讨论与分析.pdf
MDAF0003189,宇信科技,业务概要,14,公司需遵守《深圳证券交易所上市公司自律监管指引第3 号——行业信息披露》中的“软件与信息技术服务业”的披露要求《十五五规划建议》明确提出“大力发展科技金融、绿色金融、普惠金融、养老金融、数字金融，建设安全高效的金融基础设施，稳步发展数字人民币”。,300674.SZ,1,报告页码,,正文,300674.SZ_宇信科技_2025_管理层讨论与分析.pdf
MDAF0003190,宇信科技,业务概要,14,在传统金融体系数智化重塑的同时，资产形态的变革也已然开启。,300674.SZ,1,报告页码,,正文,300674.SZ_宇信科技_2025_管理层讨论与分析.pdf
MDAF0003191,宇信科技,业务概要,14,在此背景下，《十五五规划建议》提出“加快人工智能等数智技术创新，全面实施‘人工智能+’行动，抢占人工智能产业应用制高点，全方位赋能千行百业”。,300674.SZ,1,报告页码,,正文,300674.SZ_宇信科技_2025_管理层讨论与分析.pdf
MDAF0003192,宇信科技,业务概要,14,尽管全球各市场在技术架构升级和业务生态融合演进路径各异，但均将IT 基础设施革新、数据价值挖掘、云计算能力完善、区块链信任构建以及人工智能的深度应用作为核心驱动要素，逐步构建起“技术底座+业务增强”的数字化与智能化发展框架，体现出全球发展共性。,300674.SZ,1,报告页码,,正文,300674.SZ_宇信科技_2025_管理层讨论与分析.pdf
MDAF0003193,宇信科技,业务概要,14,当前，以数字货币为代表的区块链技术和Web3 领域正在重塑支付基础设施，资产代币化也重构了资产流通逻辑，全球金融机构正同步步入数字化与智能化的融合共生阶段。,300674.SZ,1,报告页码,,正文,300674.SZ_宇信科技_2025_管理层讨论与分析.pdf
MDAF0003194,宇信科技,业务概要,14,数智技术的深度渗透，正在重塑金融服务的底层逻辑。,300674.SZ,1,报告页码,,正文,300674.SZ_宇信科技_2025_管理层讨论与分析.pdf
MDAF0003195,宇信科技,业务概要,14,根据《国务院关于深入实施“人工智能+”行动的意见》，到2027年，我国新一代智能终端、智能体等应用普及率超70%；到2030年，普及率超90%；到2035年，我国将全面步入智能经济和智能社会发展新阶段，为基本实现社会主义现代化提供有力支撑。,300674.SZ,1,报告页码,,正文,300674.SZ_宇信科技_2025_管理层讨论与分析.pdf
MDAF0003196,宇信科技,业务概要,14,自此，数字人民币开始制度性嵌入银行体系与货币金融结构，在货币属性、账户关系、监管逻辑和金融基础设施四个维度实现系统性升级。,300674.SZ,1,报告页码,,正文,300674.SZ_宇信科技_2025_管理层讨论与分析.pdf
MDAF0003197,宇信科技,业务概要,14,随着大模型技术的成熟与算力成本的下降，人工智能已从“前沿探索”进入“规模化应用”的临界点。,300674.SZ,1,报告页码,,正文,300674.SZ_宇信科技_2025_管理层讨论与分析.pdf
MDAF0003198,宇信科技,核心竞争力,15,公司深耕银行IT 二十六年，是国内产品线最为完备的银行软件及服务厂商。,300674.SZ,2,报告页码,1、全面的技术及服务能力，优势产品线市场份额领先,正文,300674.SZ_宇信科技_2025_管理层讨论与分析.pdf
MDAF0003199,宇信科技,核心竞争力,15,在金融企业进行信息化招标时，大多对投标企业设立资格门槛，要求投标单位具备类似项目的成功实施案例。,300674.SZ,2,报告页码,1、全面的技术及服务能力，优势产品线市场份额领先,正文,300674.SZ_宇信科技_2025_管理层讨论与分析.pdf
MDAF0003200,宇信科技,核心竞争力,15,根据赛迪研究院的具体分类排名，公司渠道类、管理类、业务类等产品市场排名均连续处于前列。,300674.SZ,2,报告页码,1、全面的技术及服务能力，优势产品线市场份额领先,正文,300674.SZ_宇信科技_2025_管理层讨论与分析.pdf
MDAF0003201,宇信科技,核心竞争力,15,金融机构在进行供应商挑选时，更加青睐规模大、产品功能先进、产品种类齐全、产品稳定性强及人员配备有保障的公司，而以上条件的具备均需要足够长的实践周期和项目数量来保证。,300674.SZ,2,报告页码,1、全面的技术及服务能力，优势产品线市场份额领先,正文,300674.SZ_宇信科技_2025_管理层讨论与分析.pdf
MDAF0003202,宇信科技,核心竞争力,15,金融行业是国民经济的重要支柱行业，具有技术要求高、安全保密性强、信息化程度依赖高等特点，因此对于信息系统专业性、稳定性、精密性的要求远高于一般行业。,300674.SZ,2,报告页码,1、全面的技术及服务能力，优势产品线市场份额领先,正文,300674.SZ_宇信科技_2025_管理层讨论与分析.pdf
MDAF0003203,宇信科技,核心竞争力,16,作为一家行业经验丰富的金融IT 解决方案供应商，公司对金融机构IT 架构建设、渠道系统建设、业务系统建设、管理系统建设有着更为深刻的理解。,300674.SZ,3,报告页码,1、全面的技术及服务能力，优势产品线市场份额领先,正文,300674.SZ_宇信科技_2025_管理层讨论与分析.pdf
MDAF0003204,宇信科技,核心竞争力,16,公司自1999年成立至今，专注聚焦以银行为主的金融机构为主要服务对象，凭借行业领先的自主软件产品、持续技术迭代、深度业务理解及优秀的综合服务能力，在金融领域内积累了大量具有长期稳定合作关系的客户。,300674.SZ,3,报告页码,2、深耕海内外多类型客户，产品和客户交互发展,正文,300674.SZ_宇信科技_2025_管理层讨论与分析.pdf
MDAF0003205,宇信科技,核心竞争力,16,公司过去二十六年跟客户深度合作的过程中，除了在技术产品和业务解决方案方面的优势之外，公司还建立了金融业务系统7x24 的SaaS 服务能力。,300674.SZ,3,报告页码,3、持续面向下一代技术研发投入，巩固高壁垒、高准入门槛优势,正文,300674.SZ_宇信科技_2025_管理层讨论与分析.pdf
MDAF0003206,宇信科技,核心竞争力,16,公司连续多年在中国银行业IT 解决方案整体市场处于龙头地位，始终保持在网络银行、信贷管理、渠道管理、综合柜台系统、商业智能、风险管理领域的领先地位。,300674.SZ,3,报告页码,3、持续面向下一代技术研发投入，巩固高壁垒、高准入门槛优势,正文,300674.SZ_宇信科技_2025_管理层讨论与分析.pdf
MDAF0003207,宇信科技,核心竞争力,16,公司通过整合自研的软件产品、业务经营能力、SaaS 服务能力，在银行业数智化转型的发展过程中，在新兴领域和创新运营业务领域取得了关键突破。,300674.SZ,3,报告页码,3、持续面向下一代技术研发投入，巩固高壁垒、高准入门槛优势,正文,300674.SZ_宇信科技_2025_管理层讨论与分析.pdf
MDAF0003208,宇信科技,核心竞争力,16,公司高度重视产品研发和技术积累，采用业务产品和技术平台并重的策略，充分发挥公司二十六年的金融IT 行业经验，遵循先进的“以客户为中心、以金融产品为依托、以控制风险为主线、以IT 管理为保障”的科技体系构架理念，跟踪行业动态，从金融IT 系统整体架构视角出发，持续的投入研发，逐步补充覆盖渠道、业务系统、管理系统等全方位的产品版图。,300674.SZ,3,报告页码,3、持续面向下一代技术研发投入，巩固高壁垒、高准入门槛优势,正文,300674.SZ_宇信科技_2025_管理层讨论与分析.pdf
MDAF0003209,宇信科技,核心竞争力,16,由于信息系统在金融业中的特殊地位，以银行业为主的金融行业客户在选择信息系统产品和服务时十分谨慎，更倾向于选择与自己有过成功合作经验或者在行业中拥有较多成功案例，具有较高品牌知名度的企业进行合作。,300674.SZ,3,报告页码,2、深耕海内外多类型客户，产品和客户交互发展,正文,300674.SZ_宇信科技_2025_管理层讨论与分析.pdf
MDAF0003210,宇信科技,核心竞争力,16,目前，公司已经为中国人民银行、三大政策性银行、六大国有商业银行、12家股份制银行以及380 多家区域性商业银行、农村信用社、农商行和村镇银行，以及50 余家外资银行提供了相关产品和服务；同时也为包括消费金融公司、汽车金融公司、资产管理公司、金控公司、财务公司、保险公司、证券公司和信托公司在内的40 余家非银机构提供了多样化的产品、解决方案和运营服务，在行业内拥有较高的品牌声誉。,300674.SZ,3,报告页码,2、深耕海内外多类型客户，产品和客户交互发展,正文,300674.SZ_宇信科技_2025_管理层讨论与分析.pdf
MDAF0003211,宇信科技,核心竞争力,16,经过26年的积累，公司与不同类型的1000 余家金融机构建立了全面的产品和业务合作，助力客户业务信息化、科技化和数字化，这些积累形成了公司对客户业务发展的深入理解，也将进一步实践在后续行业的数字化建设、发展和运营中，为公司未来发展奠定了坚实基础。,300674.SZ,3,报告页码,1、全面的技术及服务能力，优势产品线市场份额领先,正文,300674.SZ_宇信科技_2025_管理层讨论与分析.pdf
MDAF0003212,宇信科技,核心竞争力,17,2025年，公司在持续巩固现有资质体系的同时，成功拓展了能源管理体系资质，荣获中国电子联合会颁发的全国首批CS5 级（杰出级）认证，该资质是信息系统建设和服务领域的最高等级评价，标志着宇信科技在行业内的技术实力和服务水平已处于全国领先地位。,300674.SZ,4,报告页码,3、持续面向下一代技术研发投入，巩固高壁垒、高准入门槛优势,正文,300674.SZ_宇信科技_2025_管理层讨论与分析.pdf
MDAF0003213,宇信科技,核心竞争力,17,与此同时，公司制定了具有行业竞争力的薪酬体系及有效的激励机制，在保证现有员工稳定工作的基础上不断扩充公司人才队伍，满足企业未来发展需要。,300674.SZ,4,报告页码,4、核心管理团队行业积淀深厚，与时俱进的创新能力,正文,300674.SZ_宇信科技_2025_管理层讨论与分析.pdf
MDAF0003214,宇信科技,核心竞争力,17,人才是企业重要资源，更是金融软件和解决方案企业最重要的核心竞争力。,300674.SZ,4,报告页码,4、核心管理团队行业积淀深厚，与时俱进的创新能力,正文,300674.SZ_宇信科技_2025_管理层讨论与分析.pdf
MDAF0003215,宇信科技,核心竞争力,17,公司为高新技术企业，拥有CMMI5 认证、TMMi5 认证、ISO9001 质量管理体系认证、ISO27001信息安全管理体系认证、ISO20000 信息技术服务管理体系认证、ISO22301 业务连续性管理体系认证、ISO14001 环境管理体系认证、ISO45001 职业健康安全管理体系。,300674.SZ,4,报告页码,3、持续面向下一代技术研发投入，巩固高壁垒、高准入门槛优势,正文,300674.SZ_宇信科技_2025_管理层讨论与分析.pdf
MDAF0003216,宇信科技,核心竞争力,17,公司参与制定了工信部的《软件研发成本度量规范》（SJ/T11463-2013）和北京市地方标准《信息化项目软件开发费用测算规范》（DB11/T1010-2013）。,300674.SZ,4,报告页码,3、持续面向下一代技术研发投入，巩固高壁垒、高准入门槛优势,正文,300674.SZ_宇信科技_2025_管理层讨论与分析.pdf
MDAF0003217,宇信科技,核心竞争力,17,公司管理团队及核心技术人员均具有丰富的银行信息化行业从业经验，对行业未来的发展方向有着较为准确的判断和认识。,300674.SZ,4,报告页码,4、核心管理团队行业积淀深厚，与时俱进的创新能力,正文,300674.SZ_宇信科技_2025_管理层讨论与分析.pdf
MDAF0003218,宇信科技,核心竞争力,17,公司自成立以来高度重视人才队伍建设，随着企业不断发展，公司已建立了一支专业知识匹配、管理经验丰富、年龄结构合理的高素质复合型人才队伍。,300674.SZ,4,报告页码,4、核心管理团队行业积淀深厚，与时俱进的创新能力,正文,300674.SZ_宇信科技_2025_管理层讨论与分析.pdf
MDAF0003219,宇信科技,核心竞争力,17,金融科技行业属于技术和业务密集型产业，融合了软件、金融两个行业领域的专业技术知识。,300674.SZ,4,报告页码,4、核心管理团队行业积淀深厚，与时俱进的创新能力,正文,300674.SZ_宇信科技_2025_管理层讨论与分析.pdf
MDAF0003220,宇信科技,研发投入,33,主要研发项目名称：2025 调度平台。,300674.SZ,20,报告页码,,表格行,300674.SZ_宇信科技_2025_管理层讨论与分析.pdf
MDAF0003221,宇信科技,研发投入,33,主要研发项目名称：2025年低代码开发平台。,300674.SZ,20,报告页码,,表格行,300674.SZ_宇信科技_2025_管理层讨论与分析.pdf
MDAF0003222,宇信科技,研发投入,33,主要研发项目名称：信贷大模型应用产品。,300674.SZ,20,报告页码,,表格行,300674.SZ_宇信科技_2025_管理层讨论与分析.pdf
MDAF0003223,宇信科技,研发投入,33,拟达到的目标：1. 完成低码平台出码功能升级，全面支持 vue3 版本，且已在公司多个实施项目中落地应用，适配前端技术迭代需求；2. 优化低码平台协同开发能力，新增在线分支合并管理功能，解决多任务并行开发问题， 提升团队协作效率； 3. 聚焦用户使用体验优化，从操作流程、 交互设计等维度进行迭代升级，降低低码开发学习成本，提升开发者使用便捷度； 4. 深化低码开发核心。,300674.SZ,20,报告页码,,表格行,300674.SZ_宇信科技_2025_管理层讨论与分析.pdf
MDAF0003224,宇信科技,研发投入,33,拟达到的目标：1.持续强化调度产品的调度效能，助力数据类项目的实施过程显著提升效率，有效节约成本；2.不断优化调度产品功能，致力于让用户配置流程更为简便，切实降低用户的学习成本；3. 逐步完善调度产品的能力，提升调度稳定性，保障调度运行稳定、安全。,300674.SZ,20,报告页码,,表格行,300674.SZ_宇信科技_2025_管理层讨论与分析.pdf
MDAF0003225,宇信科技,研发投入,33,拟达到的目标：一、从任务启动，材料受理，材料核验分析到报告生成的全链路场景支持；二、各类报告模板智能理解，无需人工配置。,300674.SZ,20,报告页码,,表格行,300674.SZ_宇信科技_2025_管理层讨论与分析.pdf
MDAF0003226,宇信科技,研发投入,33,拟达到的目标：内置场景报告模板库；三、 多个专项分析智能体具有专业分析能力，如财务分析、交易流水分析、 信用分析等；四、生成内容全链路可溯源，包括原始数据、 分析过程、业务规则引用可细粒度溯源； 五、计算准确、稳定，不采用大模型进行数值计算，专项计算工具提供计算功能。,300674.SZ,20,报告页码,,表格行,300674.SZ_宇信科技_2025_管理层讨论与分析.pdf
MDAF0003227,宇信科技,研发投入,33,项目目的：以巩固公司技术相对先进性导向，聚焦低码平台核心能力升级，重点提升前端开发效率，完善产品功能适配性与使用体验，为公司实施项目提供高效技术支撑， 持续强化产品市场竞争力。,300674.SZ,20,报告页码,,表格行,300674.SZ_宇信科技_2025_管理层讨论与分析.pdf
MDAF0003228,宇信科技,研发投入,33,项目目的：利用大模型技术，并结合宇信在信贷领域的多年沉淀，助力银行信贷业务智能化升级。,300674.SZ,20,报告页码,,表格行,300674.SZ_宇信科技_2025_管理层讨论与分析.pdf
MDAF0003229,宇信科技,研发投入,33,项目目的：在尽调，信审， 放款，贷后管理等信贷全流程中基于大模型能力进行智能资料审查、材料分析、财务分析、报告撰写等工作。,300674.SZ,20,报告页码,,表格行,300674.SZ_宇信科技_2025_管理层讨论与分析.pdf
MDAF0003230,宇信科技,研发投入,33,项目目的：将业务人员从繁重的资料处理工作中解脱，并全面提高风险防控能力。,300674.SZ,20,报告页码,,表格行,300674.SZ_宇信科技_2025_管理层讨论与分析.pdf
MDAF0003231,宇信科技,研发投入,33,项目目的：通过在系统中沉淀业务知识和经验，自动化地持续提升业务能力。,300674.SZ,20,报告页码,,表格行,300674.SZ_宇信科技_2025_管理层讨论与分析.pdf
MDAF0003232,宇信科技,研发投入,33,项目目的：通过技术架构升级、 运维能力强化、业务场景适配与合规治理的协同推进，打造更高效、稳定、安全的调度平台，支撑持续变化增长的大数据调度需求。,300674.SZ,20,报告页码,,表格行,300674.SZ_宇信科技_2025_管理层讨论与分析.pdf
MDAF0003233,宇信科技,研发投入,33,项目进展：产品业务场景具有相当深入度，智能能力持续提升已发布 2.0 版本，并在包括国有银行的多家银行成功落地。,300674.SZ,20,报告页码,,表格行,300674.SZ_宇信科技_2025_管理层讨论与分析.pdf
MDAF0003234,宇信科技,研发投入,33,项目进展：已发布V3.5 版本。,300674.SZ,20,报告页码,,表格行,300674.SZ_宇信科技_2025_管理层讨论与分析.pdf
MDAF0003235,宇信科技,研发投入,33,项目进展：已发布V4.3 版本。,300674.SZ,20,报告页码,,表格行,300674.SZ_宇信科技_2025_管理层讨论与分析.pdf
MDAF0003236,宇信科技,研发投入,33,预计对公司未来发展的影响：一方面，低码平台核心能力的提升，将沉淀通用的前端研发架构能力，降低公司实施项目的前端开发门槛，缩短项目交付周期，提升项目交付质量，有效支持和保障公司实施项目的顺利开展；另一方面，持续的技术迭代的将保持公司产品的技术先进性与生命力，丰富产品功能矩阵，拓宽适用场景，进一步强化公司在行业内的核心竞争力。,300674.SZ,20,报告页码,,表格行,300674.SZ_宇信科技_2025_管理层讨论与分析.pdf
MDAF0003237,宇信科技,研发投入,33,预计对公司未来发展的影响：打造信贷大模型应用领域领先产品，成为公司新的业绩增长点。,300674.SZ,20,报告页码,,表格行,300674.SZ_宇信科技_2025_管理层讨论与分析.pdf
MDAF0003238,宇信科技,研发投入,33,预计对公司未来发展的影响：支持和保障公司有调度场景的各实施项目的顺利实施和交付， 保持、增强调度产品在该领域的竞争力。,300674.SZ,20,报告页码,,表格行,300674.SZ_宇信科技_2025_管理层讨论与分析.pdf
MDAF0003239,宇信科技,研发投入,33,适用。,300674.SZ,20,报告页码,,选项,300674.SZ_宇信科技_2025_管理层讨论与分析.pdf
MDAF0003240,指南针,业务概要,10,公司的主要业务是以证券工具型软件终端为载体，以互联网为工具，向投资者提供及时、专业的金融数据分析和证券投资咨询服务；同时，公司在收购麦高证券后，积极推动金融信息服务与证券服务的深度融合，围绕中小投资者，以财富管理和金融科技为特色发展互联网证券业务。,300803.SZ,1,报告页码,（一）公司主要业务情况,正文,300803.SZ_指南针_2025_管理层讨论与分析.pdf
MDAF0003241,指南针,业务概要,10,公司的主要客户群体为专业的个人投资者，公司自主研发的证券工具型软件主要包括全赢系列和财富掌门系列产品等。,300803.SZ,1,报告页码,1．金融信息服务业务：主要以公司自主研发的证券工具型软件终端为载体，向投资者提供及时、专业的金融数据分,正文,300803.SZ_指南针_2025_管理层讨论与分析.pdf
MDAF0003242,指南针,业务概要,10,公司的金融信息服务已布局PC 端和移动端，面向个人投资者提供专业化的服务。,300803.SZ,1,报告页码,1．金融信息服务业务：主要以公司自主研发的证券工具型软件终端为载体，向投资者提供及时、专业的金融数据分,正文,300803.SZ_指南针_2025_管理层讨论与分析.pdf
MDAF0003243,指南针,业务概要,10,公司采用直销模式进行销售，即直接向客户提供包括金融资讯及数据的PC 终端等产品及服务。,300803.SZ,1,报告页码,1．金融信息服务业务：主要以公司自主研发的证券工具型软件终端为载体，向投资者提供及时、专业的金融数据分,正文,300803.SZ_指南针_2025_管理层讨论与分析.pdf
MDAF0003244,指南针,业务概要,10,报告期内，公司主要业务包括：,300803.SZ,1,报告页码,（一）公司主要业务情况,正文,300803.SZ_指南针_2025_管理层讨论与分析.pdf
MDAF0003245,指南针,业务概要,10,析和证券投资咨询服务等。,300803.SZ,1,报告页码,1．金融信息服务业务：主要以公司自主研发的证券工具型软件终端为载体，向投资者提供及时、专业的金融数据分,正文,300803.SZ_指南针_2025_管理层讨论与分析.pdf
MDAF0003246,指南针,业务概要,11,2025年上半年，公司PC 软件客户端完成了全面的设计升级，统一了主色调、字体与图标样式，实现了整体视觉风格的一致性。,300803.SZ,2,报告页码,4. 产品持续功能优化，提升用户使用体验,正文,300803.SZ_指南针_2025_管理层讨论与分析.pdf
MDAF0003247,指南针,业务概要,11,2025年末，代理买卖证券款101.15亿元，较2024年末66.24亿元增长52.72%。,300803.SZ,2,报告页码,2. 证券业务稳步展业，持续保持快速发展,正文,300803.SZ_指南针_2025_管理层讨论与分析.pdf
MDAF0003248,指南针,业务概要,11,2025年，公司持续发挥资源整合、产品研发等核心竞争优势及整体协同效应，推动麦高证券稳步展业。,300803.SZ,2,报告页码,2. 证券业务稳步展业，持续保持快速发展,正文,300803.SZ_指南针_2025_管理层讨论与分析.pdf
MDAF0003249,指南针,业务概要,11,2025年，国内资本市场企稳向好，证券市场交易活跃度持续提升，对公司金融信息服务业务产生积极影响。,300803.SZ,2,报告页码,1. 金融信息服务业务稳健增长，持续赋能证券业务,正文,300803.SZ_指南针_2025_管理层讨论与分析.pdf
MDAF0003250,指南针,业务概要,11,2025年，在国内经济稳步复苏、政策红利持续释放以及市场化改革纵深推进等多重利好因素的共同推动下，我国资本市场呈现出稳中有进、韧性增强的发展态势。,300803.SZ,2,报告页码,（二）公司经营情况,正文,300803.SZ_指南针_2025_管理层讨论与分析.pdf
MDAF0003251,指南针,业务概要,11,"依照相关企业会计准则要求，报告期内公司将先锋基金纳入合并报表范围，形成对应商誉并确认了6,554万元的非经常性投资收益，该事项是导致本期归母净利润与扣非归母净利润产生较大差异的核心因素。",300803.SZ,2,报告页码,33.3074%股权的收购。同时，为尽快恢复先锋基金的展业，公司对其进行增资，以增强资本实力，为后续展业提供坚实,正文,300803.SZ_指南针_2025_管理层讨论与分析.pdf
MDAF0003252,指南针,业务概要,11,信息服务产品中投放广告等方式，吸引投资者在合作的证券公司开户、交易，从而向证券公司收取相应广告服务费用。,300803.SZ,2,报告页码,3．广告服务业务：利用公司金融信息服务积累的客户资源和流量入口优势，与证券公司进行深度合作，通过在金融,正文,300803.SZ_指南针_2025_管理层讨论与分析.pdf
MDAF0003253,指南针,业务概要,11,公司持续扩大品牌推广及客户拓展力度，广告宣传及网络推广费用较上年同期呈现较大幅度增长，新增注册用户和付费用户数量较上年同期亦呈现较大幅度增长，投产比保持健康稳定，确保了业务长期可持续发展。,300803.SZ,2,报告页码,1. 金融信息服务业务稳健增长，持续赋能证券业务,正文,300803.SZ_指南针_2025_管理层讨论与分析.pdf
MDAF0003254,指南针,业务概要,11,公司的金融信息服务业务与资本市场景气度高度关联，尤其是与一定周期内证券市场总成交额规模呈一定的正相关性和滞后性。,300803.SZ,2,报告页码,1. 金融信息服务业务稳健增长，持续赋能证券业务,正文,300803.SZ_指南针_2025_管理层讨论与分析.pdf
MDAF0003255,指南针,业务概要,11,公司金融信息服务业务实现稳健增长，证券业务呈快速发展态势。,300803.SZ,2,报告页码,（二）公司经营情况,正文,300803.SZ_指南针_2025_管理层讨论与分析.pdf
MDAF0003256,指南针,业务概要,11,同时，通过优化菜单结构和布局，进一步提升了界面的简洁性与操作效率，使新版界面更贴合用户使用习惯，体验更加流畅直观。,300803.SZ,2,报告页码,4. 产品持续功能优化，提升用户使用体验,正文,300803.SZ_指南针_2025_管理层讨论与分析.pdf
MDAF0003257,指南针,业务概要,11,在交易系统支持方面，公司协同子公司麦高证券，成功推动麦T 宝产品正式上线，为券商端提供了更加丰富、高效的交易类工具支持。,300803.SZ,2,报告页码,4. 产品持续功能优化，提升用户使用体验,正文,300803.SZ_指南针_2025_管理层讨论与分析.pdf
MDAF0003258,指南针,业务概要,11,在功能升级和迭代方面，PC 版数据中心功能正式上线，现已覆盖龙虎榜单、大宗交易、限售解禁、利润分配、业绩大全、融资融券等多项子功能，以满足用户的不同使用需求。,300803.SZ,2,报告页码,4. 产品持续功能优化，提升用户使用体验,正文,300803.SZ_指南针_2025_管理层讨论与分析.pdf
MDAF0003259,指南针,业务概要,11,在此背景下，公司继续立足金融信息服务与证券服务双主业并进的战略定位，始终围绕用户需求，深入挖掘两大业务的协同效应，持续为麦高证券注入动力。,300803.SZ,2,报告页码,（二）公司经营情况,正文,300803.SZ_指南针_2025_管理层讨论与分析.pdf
MDAF0003260,指南针,业务概要,11,在移动端方面，公司在原有iOS 和安卓系统的基础上，技术层面做了积极的探索，现鸿蒙5 系统版本全系列支持，适配手机、折叠屏、三折叠屏、PAD 等多种形式。,300803.SZ,2,报告页码,4. 产品持续功能优化，提升用户使用体验,正文,300803.SZ_指南针_2025_管理层讨论与分析.pdf
MDAF0003261,指南针,业务概要,11,截至目前，公司持有先锋基金90.02%股权，是先锋基金的控股股东。,300803.SZ,2,报告页码,33.3074%股权的收购。同时，为尽快恢复先锋基金的展业，公司对其进行增资，以增强资本实力，为后续展业提供坚实,正文,300803.SZ_指南针_2025_管理层讨论与分析.pdf
MDAF0003262,指南针,业务概要,11,报告期内，公司实现营业总收入21.46亿元，较上年同期增长40.39%；实现归属于上市公司股东净利润2.28亿元，较上年同期增长118.74%；2025年，销售商品、提供劳务收到的现金18.09亿元，较上年同期增长17.34%。,300803.SZ,2,报告页码,（二）公司经营情况,正文,300803.SZ_指南针_2025_管理层讨论与分析.pdf
MDAF0003263,指南针,业务概要,11,报告期内，公司金融信息服务业务实现稳健增长，营业收入15.09亿元，较上年同期增长27.50%。,300803.SZ,2,报告页码,1. 金融信息服务业务稳健增长，持续赋能证券业务,正文,300803.SZ_指南针_2025_管理层讨论与分析.pdf
MDAF0003264,指南针,业务概要,11,报告期内，麦高证券持续加大人才队伍建设和广告投放、IT 建设等投入，着力推动证券经纪和证券自营等业务发展；证券承销及财务顾问业务有序展业，并取得一定收入;投研业务已按计划规范推进；资管业务已完成验收并适度展业，相关工作进展顺利。,300803.SZ,2,报告页码,2. 证券业务稳步展业，持续保持快速发展,正文,300803.SZ_指南针_2025_管理层讨论与分析.pdf
MDAF0003265,指南针,业务概要,11,报告期末，公司资产总额152.97亿元，较上年度末增长40.68%，主要亦系麦高证券经纪业务规模扩张所致；归属于上市公司股东的净资产27.89亿元，较上年度末增长24.22%。,300803.SZ,2,报告页码,（二）公司经营情况,正文,300803.SZ_指南针_2025_管理层讨论与分析.pdf
MDAF0003266,指南针,业务概要,11,此外，公司也将参照与合作证券公司的合作模式，向麦高证券收取相关广告费。,300803.SZ,2,报告页码,3．广告服务业务：利用公司金融信息服务积累的客户资源和流量入口优势，与证券公司进行深度合作，通过在金融,正文,300803.SZ_指南针_2025_管理层讨论与分析.pdf
MDAF0003267,指南针,业务概要,11,此外，公司持续深化与麦高证券的业务协同，积极赋能麦高证券，实现麦高证券各项业务的快速增长。,300803.SZ,2,报告页码,1. 金融信息服务业务稳健增长，持续赋能证券业务,正文,300803.SZ_指南针_2025_管理层讨论与分析.pdf
MDAF0003268,指南针,业务概要,11,此外，对于事件分析平台、卡位等功能做了优化升级。,300803.SZ,2,报告页码,4. 产品持续功能优化，提升用户使用体验,正文,300803.SZ_指南针_2025_管理层讨论与分析.pdf
MDAF0003269,指南针,业务概要,11,由于麦高证券是公司的全资子公司，相关收入和费用在合并报表时将抵消。,300803.SZ,2,报告页码,3．广告服务业务：利用公司金融信息服务积累的客户资源和流量入口优势，与证券公司进行深度合作，通过在金融,正文,300803.SZ_指南针_2025_管理层讨论与分析.pdf
MDAF0003270,指南针,业务概要,11,融合金融信息与证券服务，发展以金融科技为特色的证券公司，从而进一步完善公司在证券服务领域的业务布局，全面提升公司的经营能力和盈利能力。,300803.SZ,2,报告页码,2．证券业务：公司利用在金融信息服务行业底蕴深厚的技术基因，为麦高证券提供先进的金融科技服务手段，深度,正文,300803.SZ_指南针_2025_管理层讨论与分析.pdf
MDAF0003271,指南针,业务概要,11,证券经纪业务手续费净收入4.87亿元，较上年同期增长110.34%；利息净收入1.01亿元，较上年同期增长32.61%；投资收益1.60亿元，较上年同期增长12.31%；净利润1.65亿元，较上年同期增长133.36%。,300803.SZ,2,报告页码,2. 证券业务稳步展业，持续保持快速发展,正文,300803.SZ_指南针_2025_管理层讨论与分析.pdf
MDAF0003272,指南针,业务概要,11,麦高证券的证券经纪业务及客户托管资产规模继续保持快速增长。,300803.SZ,2,报告页码,2. 证券业务稳步展业，持续保持快速发展,正文,300803.SZ_指南针_2025_管理层讨论与分析.pdf
MDAF0003273,指南针,业务概要,12,2025年下半年，公司在产品研发层面，以基于行业和板块主题特征为出发点，重点研发了题材图谱以及相关的题材选股等功能，进一步满足了投资者对于产业链细节的了解以及快速获取市场热点的需求。,300803.SZ,3,报告页码,4. 产品持续功能优化，提升用户使用体验,正文,300803.SZ_指南针_2025_管理层讨论与分析.pdf
MDAF0003274,指南针,业务概要,12,下一步，公司将以金融科技为特色，继续促进原有业务和证券业务的深度融合，不断增强客户黏性，形成雪球效应，进一步扩大资产与用户规模，增强盈利能力与核心竞争力。,300803.SZ,3,报告页码,（四）公司所处的行业地位及特点,正文,300803.SZ_指南针_2025_管理层讨论与分析.pdf
MDAF0003275,指南针,业务概要,12,公司产品侧重于证券交易信息的动态追踪与静态分析相结合，产品专业化、多元化，针对用户的不同需求，提供针对性的产品服务，并将投资者教育与技能培训融入产品与服务的过程中。,300803.SZ,3,报告页码,（四）公司所处的行业地位及特点,正文,300803.SZ_指南针_2025_管理层讨论与分析.pdf
MDAF0003276,指南针,业务概要,12,公司作为国内金融信息服务行业经验丰富的提供商之一，二十五年专注于中国资本市场，聚焦广大中小投资者，树立了良好的企业形象，“指南针”品牌拥有较高的知名度和美誉度。,300803.SZ,3,报告页码,（四）公司所处的行业地位及特点,正文,300803.SZ_指南针_2025_管理层讨论与分析.pdf
MDAF0003277,指南针,业务概要,12,公司凭借强大的证券研究技术和产品研发能力，开发出了种类丰富、功能强大的产品体系，形成了核心竞争力。,300803.SZ,3,报告页码,（四）公司所处的行业地位及特点,正文,300803.SZ_指南针_2025_管理层讨论与分析.pdf
MDAF0003278,指南针,业务概要,12,公司实施的股权激励计划有利于进一步建立和完善公司长效激励约束机制，增强公司凝聚力，共享公司发展成果，吸引和留住优秀人才，激发公司管理团队和业务骨干的工作热情，有效地将股东利益、公司发展和核心团队个人利益结合在一起，使各方共同关注公司的长远可持续发展。,300803.SZ,3,报告页码,5. 持续夯实人才梯队建设根基，健全完善人才激励约束机制,正文,300803.SZ_指南针_2025_管理层讨论与分析.pdf
MDAF0003279,指南针,业务概要,12,公司积极组织经营管理层参与监管部门开展的专项学习培训，将监管要求与公司治理实践深度融合，持续提升经营管理层规范治理能力；同时分层分类、循序渐进开展面向中层管理人员及全体员工的合规专项培训，全面强化全员风险防范与合规经营意识，保障公司内部控制制度有效执行，切实提升整体规范运作水平，推动公司实现健康可持续发展。,300803.SZ,3,报告页码,7. 加强内部控制建设，提升公司治理水平,正文,300803.SZ_指南针_2025_管理层讨论与分析.pdf
MDAF0003280,指南针,业务概要,12,公司经营管理团队具有丰富的行业经验和较强的市场把握能力，能够在快速变化的市场环境中准确把握正确的发展方向，紧贴中国资本市场发展脉搏发现挖掘市场机会。,300803.SZ,3,报告页码,（四）公司所处的行业地位及特点,正文,300803.SZ_指南针_2025_管理层讨论与分析.pdf
MDAF0003281,指南针,业务概要,12,公司通过价值在线平台召开2024年度网上业绩说明会，围绕投资者关心的公司经营、麦高证券展业、先锋基金部分股权收购、未来发展战略、定增进展等进行了充分的交流，有效维护了公司与投资者之间长期、稳定的良好关系，切实维护了全体投资者尤其是中小投资者的权益。,300803.SZ,3,报告页码,6. 加强投资者关系管理，切实维护投资者权益,正文,300803.SZ_指南针_2025_管理层讨论与分析.pdf
MDAF0003282,指南针,业务概要,12,公司重视用户服务与用户体验，建立了完善的服务体系，树立了先进的服务理念，拥有专业能力强、从业经验丰富的服务与营销团队。,300803.SZ,3,报告页码,（四）公司所处的行业地位及特点,正文,300803.SZ_指南针_2025_管理层讨论与分析.pdf
MDAF0003283,指南针,业务概要,12,公司金融信息服务业务受经营模式和销售周期的特点影响，可能出现经营业绩全年分布不均衡的情况，季度财务数据或半年度财务数据可能无法完整衡量全年的经营业绩。,300803.SZ,3,报告页码,（三）公司的经营业绩全年分布不均衡,正文,300803.SZ_指南针_2025_管理层讨论与分析.pdf
MDAF0003284,指南针,业务概要,12,具体请见本报告“第三节管理层讨论与分析”中“十一公司未来发展的展望”披露的“公司可能面对的风险和应对措施”中“14.经营业绩全年分布不均衡的风险”。,300803.SZ,3,报告页码,（三）公司的经营业绩全年分布不均衡,正文,300803.SZ_指南针_2025_管理层讨论与分析.pdf
MDAF0003285,指南针,业务概要,12,利用公司在金融信息服务行业底蕴深厚的技术基因和资源优势，推动麦高证券交易系统功能优化，提高信息技术水平和用户体验，助力麦高证券经纪业务及自营业务的快速发展。,300803.SZ,3,报告页码,（四）公司所处的行业地位及特点,正文,300803.SZ_指南针_2025_管理层讨论与分析.pdf
MDAF0003286,指南针,业务概要,12,在人才引进和储备方面，公司持续从外部引进具有金融、证券和基金行业经营管理经验和专业能力的中高级人才，为公司证券业务和基金业务的发展搭建班子，组建团队，储备人才。,300803.SZ,3,报告页码,5. 持续夯实人才梯队建设根基，健全完善人才激励约束机制,正文,300803.SZ_指南针_2025_管理层讨论与分析.pdf
MDAF0003287,指南针,业务概要,12,在人才激励方面，公司2021年限制性股票与股票期权激励计划和2022年股票期权激励计划均已实施完毕，2023年股票期权激励计划正在实施中。,300803.SZ,3,报告页码,5. 持续夯实人才梯队建设根基，健全完善人才激励约束机制,正文,300803.SZ_指南针_2025_管理层讨论与分析.pdf
MDAF0003288,指南针,业务概要,12,在因子挖掘方面，增加了潜伏吸筹、机构扫盘点等盘口特征的特色指标。,300803.SZ,3,报告页码,4. 产品持续功能优化，提升用户使用体验,正文,300803.SZ_指南针_2025_管理层讨论与分析.pdf
MDAF0003289,指南针,业务概要,12,在技术迭代方面，鸿蒙系统完善了PC 端的产品适配，安卓PAD 的定制专版也已推进上线。,300803.SZ,3,报告页码,4. 产品持续功能优化，提升用户使用体验,正文,300803.SZ_指南针_2025_管理层讨论与分析.pdf
MDAF0003290,指南针,业务概要,12,在此基础上，公司进一步推出了2025年股票期权激励计划，报告期内相关股份支付费用较上年同期出现一定程度的增长。,300803.SZ,3,报告页码,5. 持续夯实人才梯队建设根基，健全完善人才激励约束机制,正文,300803.SZ_指南针_2025_管理层讨论与分析.pdf
MDAF0003291,指南针,业务概要,12,报告期内，公司按照中国证监会、深圳证券交易所关于上市公司规范运作的相关要求，持续强化内部控制体系建设，多措并举推进合规管理工作落地。,300803.SZ,3,报告页码,7. 加强内部控制建设，提升公司治理水平,正文,300803.SZ_指南针_2025_管理层讨论与分析.pdf
MDAF0003292,指南针,业务概要,12,报告期内，公司有效发挥业务协同效应，推动麦高证券快速发展。,300803.SZ,3,报告页码,（四）公司所处的行业地位及特点,正文,300803.SZ_指南针_2025_管理层讨论与分析.pdf
MDAF0003293,指南针,业务概要,12,报告期内，公司根据业务发展需要，持续加强专业人才队伍建设，完善激励机制，优化业务人员结构。,300803.SZ,3,报告页码,5. 持续夯实人才梯队建设根基，健全完善人才激励约束机制,正文,300803.SZ_指南针_2025_管理层讨论与分析.pdf
MDAF0003294,指南针,业务概要,12,报告期内，公司重视投资者关系管理工作，通过邮箱、咨询热线、深交所互动易等多渠道与投资者保持良好的日常沟通。,300803.SZ,3,报告页码,6. 加强投资者关系管理，切实维护投资者权益,正文,300803.SZ_指南针_2025_管理层讨论与分析.pdf
MDAF0003295,指南针,业务概要,12,此外，卡位、擒龙平台等核心功能都进行了不同程度的迭代升级，更好的提升了用户的产品使用体验。,300803.SZ,3,报告页码,4. 产品持续功能优化，提升用户使用体验,正文,300803.SZ_指南针_2025_管理层讨论与分析.pdf
MDAF0003296,指南针,核心竞争力,13,从投资者提交注册信息起，公司就会安排专业的销售客服人员通过一对一方式与潜在客户对接，进行免费线上培训和持续跟踪，提供完善的售前及售后服务。,300803.SZ,4,报告页码,4．服务与营销优势,正文,300803.SZ_指南针_2025_管理层讨论与分析.pdf
MDAF0003297,指南针,核心竞争力,13,作为国内经营经验丰富的金融信息服务提供商之一，公司多年来始终重视对研发的投入与综合技术能力的培养，掌握了一批包括证券研究技术、电子商务技术和多媒体网络技术等在内的核心技术。,300803.SZ,4,报告页码,2．研发与产品优势,正文,300803.SZ_指南针_2025_管理层讨论与分析.pdf
MDAF0003298,指南针,核心竞争力,13,公司一贯重视用户服务与用户体验，建立了完善的服务体系，树立了先进的服务理念，培养了一支专业能力强、从业经验丰富的服务与营销团队。,300803.SZ,4,报告页码,4．服务与营销优势,正文,300803.SZ_指南针_2025_管理层讨论与分析.pdf
MDAF0003299,指南针,核心竞争力,13,公司二十年专注中国资本市场，聚焦广大中小投资者，具有丰富的与证券业务相匹配的金融相关业务经验。,300803.SZ,4,报告页码,1．业务与资源协同优势,正文,300803.SZ_指南针_2025_管理层讨论与分析.pdf
MDAF0003300,指南针,核心竞争力,13,公司产品用户主要是以个人的专业投资者为主。,300803.SZ,4,报告页码,3．品牌与用户优势,正文,300803.SZ_指南针_2025_管理层讨论与分析.pdf
MDAF0003301,指南针,核心竞争力,13,公司凭借强大的证券研究技术和产品研发能力，开发出了种类丰富、功能强大的产品体系。,300803.SZ,4,报告页码,2．研发与产品优势,正文,300803.SZ_指南针_2025_管理层讨论与分析.pdf
MDAF0003302,指南针,核心竞争力,13,公司将利用多年来底蕴深厚的技术基因，为麦高证券提供深度金融科技服务手段，推动在量化交易、快速柜台、大宗经纪和机构服务等综合性发展。,300803.SZ,4,报告页码,2．研发与产品优势,正文,300803.SZ_指南针_2025_管理层讨论与分析.pdf
MDAF0003303,指南针,核心竞争力,13,公司收购麦高证券后，充分发挥业务协同优势，进一步拓宽业务规模，完善金融科技战略版图，重点围绕中小投资者的财富管理打造证券业务生态闭环。,300803.SZ,4,报告页码,1．业务与资源协同优势,正文,300803.SZ_指南针_2025_管理层讨论与分析.pdf
MDAF0003304,指南针,核心竞争力,13,公司的经营管理和研发团队是以毕业于清华计算机系的人员为核心班底，具有丰富的行业经验和较强的市场把握能力，能够带领公司在快速变化的行业环境中准确判断发展方向，不断挖掘新的市场机会。,300803.SZ,4,报告页码,5．管理团队优势,正文,300803.SZ_指南针_2025_管理层讨论与分析.pdf
MDAF0003305,指南针,核心竞争力,13,公司自2013年起开始全面实行直营销售模式，提高了营销效率，实现了营业收入的快速增长。,300803.SZ,4,报告页码,4．服务与营销优势,正文,300803.SZ_指南针_2025_管理层讨论与分析.pdf
MDAF0003306,指南针,核心竞争力,13,公司自成立以来坚持通过提升产品质量、丰富产品功能、优化客户体验、不断完善服务来树立公司产品的品牌形象，在市场上形成了较高的知名度与品牌认可度；2019年公司实现创业板上市以来，品牌和知名度优势得到了进一步的巩固和提升。,300803.SZ,4,报告页码,3．品牌与用户优势,正文,300803.SZ_指南针_2025_管理层讨论与分析.pdf
MDAF0003307,指南针,核心竞争力,13,公司通过自身的人才队伍优势，为麦高证券配备研发、营销及管理团队，使麦高证券稳步展业，持续保持快速发展。,300803.SZ,4,报告页码,5．管理团队优势,正文,300803.SZ_指南针_2025_管理层讨论与分析.pdf
MDAF0003308,指南针,核心竞争力,13,受益于良好的品牌形象，公司培育了具有一定规模和品牌忠诚度的用户群体。,300803.SZ,4,报告页码,3．品牌与用户优势,正文,300803.SZ_指南针_2025_管理层讨论与分析.pdf
MDAF0003309,指南针,核心竞争力,13,同时，也将利用公司优秀的产品基因，为用户提供丰富的交易工具和手段；结合公司在大数据和O2O 服务模式的经验和优势，为传统证券业务带来新型特色的证券公司服务。,300803.SZ,4,报告页码,2．研发与产品优势,正文,300803.SZ_指南针_2025_管理层讨论与分析.pdf
MDAF0003310,指南针,核心竞争力,13,同时，公司将继续发挥自身在金融信息服务领域积累的客户资源、流量入口优势和营销优势，精准把握客户需求、细分类别，提供多元的服务模式，提升核心竞争力。,300803.SZ,4,报告页码,1．业务与资源协同优势,正文,300803.SZ_指南针_2025_管理层讨论与分析.pdf
MDAF0003311,指南针,核心竞争力,13,同时，公司还通过外部引进金融、证券和基金行业背景的专业人才，为麦高证券和先锋基金的业务发展搭建班子、组建团队、储备人才。,300803.SZ,4,报告页码,5．管理团队优势,正文,300803.SZ_指南针_2025_管理层讨论与分析.pdf
MDAF0003312,指南针,核心竞争力,13,同时，公司通过与互联网广告平台及服务商合作进行持续的广告推广，进一步提高了公司的品牌知名度和价值。,300803.SZ,4,报告页码,3．品牌与用户优势,正文,300803.SZ_指南针_2025_管理层讨论与分析.pdf
MDAF0003313,指南针,核心竞争力,13,截至报告期末，公司及主要子公司共拥有153项计算机软件著作权。,300803.SZ,4,报告页码,（二）报告期末公司拥有的软件著作权的情况,正文,300803.SZ_指南针_2025_管理层讨论与分析.pdf
MDAF0003314,指南针,核心竞争力,13,报告期内，公司金融信息服务业务发展稳健，持续加大广告投放和研发投入，积极赋能证券业务，推动金融科技与证券业务的深度融合，持续构建双主业发展的格局。,300803.SZ,4,报告页码,,正文,300803.SZ_指南针_2025_管理层讨论与分析.pdf
MDAF0003315,指南针,核心竞争力,13,此外，公司还针对客户需求全面优化服务内容，定期开展需求讨论会和技术交流会，完善服务体系并提升用户体验。,300803.SZ,4,报告页码,4．服务与营销优势,正文,300803.SZ_指南针_2025_管理层讨论与分析.pdf
MDAF0003316,指南针,核心竞争力,13,目前的主要产品为PC 端软件和手机端APP，并根据不同类型投资者的需求开发了全赢系列和财富掌门系列产品。,300803.SZ,4,报告页码,2．研发与产品优势,正文,300803.SZ_指南针_2025_管理层讨论与分析.pdf
MDAF0003317,指南针,核心竞争力,13,近年来公司为进一步提升用户使用体验，持续在手机端APP 研发上投入力量，不断完善相关产品。,300803.SZ,4,报告页码,2．研发与产品优势,正文,300803.SZ_指南针_2025_管理层讨论与分析.pdf
MDAF0003318,指南针,核心竞争力,13,这些用户群体开展证券经纪业务的效率较高，将给麦高证券经纪业务提供较大的挖掘潜力。,300803.SZ,4,报告页码,3．品牌与用户优势,正文,300803.SZ_指南针_2025_管理层讨论与分析.pdf
MDAF0003319,指南针,核心竞争力,13,麦高证券将依托公司深厚的技术背景和强大的软件技术优势进一步拓展互联网证券业务、资产管理业务、综合财富管理业务等，充分发挥业务协同效应并持续提升经营能力。,300803.SZ,4,报告页码,1．业务与资源协同优势,正文,300803.SZ_指南针_2025_管理层讨论与分析.pdf
MDAF0003320,指南针,研发投入,17,主要研发项目名称：指南针业绩大全系统。,300803.SZ,8,报告页码,,表格行,300803.SZ_指南针_2025_管理层讨论与分析.pdf
MDAF0003321,指南针,研发投入,17,主要研发项目名称：指南针公司公告系统。,300803.SZ,8,报告页码,,表格行,300803.SZ_指南针_2025_管理层讨论与分析.pdf
MDAF0003322,指南针,研发投入,17,主要研发项目名称：指南针利润分配系统。,300803.SZ,8,报告页码,,表格行,300803.SZ_指南针_2025_管理层讨论与分析.pdf
MDAF0003323,指南针,研发投入,17,主要研发项目名称：指南针大股东增减持系统。,300803.SZ,8,报告页码,,表格行,300803.SZ_指南针_2025_管理层讨论与分析.pdf
MDAF0003324,指南针,研发投入,17,主要研发项目名称：指南针数据中心系统。,300803.SZ,8,报告页码,,表格行,300803.SZ_指南针_2025_管理层讨论与分析.pdf
MDAF0003325,指南针,研发投入,17,主要研发项目名称：指南针短线精灵监控系统。,300803.SZ,8,报告页码,,表格行,300803.SZ_指南针_2025_管理层讨论与分析.pdf
MDAF0003326,指南针,研发投入,17,主要研发项目名称：指南针突发事件分析系统。,300803.SZ,8,报告页码,,表格行,300803.SZ_指南针_2025_管理层讨论与分析.pdf
MDAF0003327,指南针,研发投入,17,主要研发项目名称：指南针红利优选分析系统。,300803.SZ,8,报告页码,,表格行,300803.SZ_指南针_2025_管理层讨论与分析.pdf
MDAF0003328,指南针,研发投入,17,主要研发项目名称：指南针股债监控系统。,300803.SZ,8,报告页码,,表格行,300803.SZ_指南针_2025_管理层讨论与分析.pdf
MDAF0003329,指南针,研发投入,17,主要研发项目名称：指南针财务数据分析系统。,300803.SZ,8,报告页码,,表格行,300803.SZ_指南针_2025_管理层讨论与分析.pdf
MDAF0003330,指南针,研发投入,17,主要研发项目名称：指南针题材图谱系统。,300803.SZ,8,报告页码,,表格行,300803.SZ_指南针_2025_管理层讨论与分析.pdf
MDAF0003331,指南针,研发投入,17,主要研发项目名称：指南针题材选股系统。,300803.SZ,8,报告页码,,表格行,300803.SZ_指南针_2025_管理层讨论与分析.pdf
MDAF0003332,指南针,研发投入,17,主要研发项目名称：智能客服系统。,300803.SZ,8,报告页码,,表格行,300803.SZ_指南针_2025_管理层讨论与分析.pdf
MDAF0003333,指南针,研发投入,17,主要研发项目名称：档案管理系统。,300803.SZ,8,报告页码,,表格行,300803.SZ_指南针_2025_管理层讨论与分析.pdf
MDAF0003334,指南针,研发投入,17,主要研发项目名称：直播数据管理平台。,300803.SZ,8,报告页码,,表格行,300803.SZ_指南针_2025_管理层讨论与分析.pdf
MDAF0003335,指南针,研发投入,17,拟达到的目标：为投资者提供全方位智能投研支持。,300803.SZ,8,报告页码,,表格行,300803.SZ_指南针_2025_管理层讨论与分析.pdf
MDAF0003336,指南针,研发投入,17,拟达到的目标：为用户提供辅助决策分析工具。,300803.SZ,8,报告页码,,表格行,300803.SZ_指南针_2025_管理层讨论与分析.pdf
MDAF0003337,指南针,研发投入,17,拟达到的目标：全面提升直播业务的运营效率与决策科学性。,300803.SZ,8,报告页码,,表格行,300803.SZ_指南针_2025_管理层讨论与分析.pdf
MDAF0003338,指南针,研发投入,17,拟达到的目标：提高档案管理的工作效率。,300803.SZ,8,报告页码,,表格行,300803.SZ_指南针_2025_管理层讨论与分析.pdf
MDAF0003339,指南针,研发投入,17,项目目的：上市公司业绩异动监测平台。,300803.SZ,8,报告页码,,表格行,300803.SZ_指南针_2025_管理层讨论与分析.pdf
MDAF0003340,指南针,研发投入,17,项目目的：丰富完善上市公司财务分析功能，便于客户比较和分析。,300803.SZ,8,报告页码,,表格行,300803.SZ_指南针_2025_管理层讨论与分析.pdf
MDAF0003341,指南针,研发投入,17,项目目的：以上市公司利润分配方案为底层信息，覆盖进度追踪、信息披露及潜力挖掘的决策支持体系。,300803.SZ,8,报告页码,,表格行,300803.SZ_指南针_2025_管理层讨论与分析.pdf
MDAF0003342,指南针,研发投入,17,项目目的：以上市公司财务信息为基础，未投资者提供辅助投资的分析工具。,300803.SZ,8,报告页码,,表格行,300803.SZ_指南针_2025_管理层讨论与分析.pdf
MDAF0003343,指南针,研发投入,17,项目目的：使用特定的筛选条件为投资者提供辅助投资决策工具。,300803.SZ,8,报告页码,,表格行,300803.SZ_指南针_2025_管理层讨论与分析.pdf
MDAF0003344,指南针,研发投入,17,项目目的：对公司档案管理工作进行智能化改造。,300803.SZ,8,报告页码,,表格行,300803.SZ_指南针_2025_管理层讨论与分析.pdf
MDAF0003345,指南针,研发投入,17,项目目的：监控个股盘口实时数据并推送， 用户可根据个人需要进行定制化选择。,300803.SZ,8,报告页码,,表格行,300803.SZ_指南针_2025_管理层讨论与分析.pdf
MDAF0003346,指南针,研发投入,17,项目目的：聚焦于股票及其关联可转债的深度研究，识别市场潜在投资机会。,300803.SZ,8,报告页码,,表格行,300803.SZ_指南针_2025_管理层讨论与分析.pdf
MDAF0003347,指南针,研发投入,17,项目目的：解析产业链的关联关系，实现热点题材的可视化分析。,300803.SZ,8,报告页码,,表格行,300803.SZ_指南针_2025_管理层讨论与分析.pdf
MDAF0003348,指南针,研发投入,17,项目目的：解析非结构化金融数据，捕捉市场投资机会。,300803.SZ,8,报告页码,,表格行,300803.SZ_指南针_2025_管理层讨论与分析.pdf
MDAF0003349,指南针,研发投入,17,项目目的：通过可视化数据模块的形式对市场数据进行披露和展示。,300803.SZ,8,报告页码,,表格行,300803.SZ_指南针_2025_管理层讨论与分析.pdf
MDAF0003350,指南针,研发投入,17,项目目的：通过结构化分类与多维检索功能，实现对海量公告信息的高效应用。,300803.SZ,8,报告页码,,表格行,300803.SZ_指南针_2025_管理层讨论与分析.pdf
MDAF0003351,指南针,研发投入,17,项目目的：通过结构化数据整合与动态追踪，覆盖上市公司增减持全过程，为投资者提供精准决策支持。,300803.SZ,8,报告页码,,表格行,300803.SZ_指南针_2025_管理层讨论与分析.pdf
MDAF0003352,指南针,研发投入,17,项目目的：集成专业金融数据源，实现诊股、选股、预测、推荐等核心功能，通过AI 进行解析。,300803.SZ,8,报告页码,,表格行,300803.SZ_指南针_2025_管理层讨论与分析.pdf
MDAF0003353,指南针,研发投入,17,项目目的：集组织管理、实时监测与业务辅助于一体的综合性运营管理系统。,300803.SZ,8,报告页码,,表格行,300803.SZ_指南针_2025_管理层讨论与分析.pdf
MDAF0003354,指南针,研发投入,17,项目进展：2025年12月已完成。,300803.SZ,8,报告页码,,表格行,300803.SZ_指南针_2025_管理层讨论与分析.pdf
MDAF0003355,指南针,研发投入,17,项目进展：2025年2月开始未完成。,300803.SZ,8,报告页码,,表格行,300803.SZ_指南针_2025_管理层讨论与分析.pdf
MDAF0003356,指南针,研发投入,17,项目进展：2025年4月开始未完成。,300803.SZ,8,报告页码,,表格行,300803.SZ_指南针_2025_管理层讨论与分析.pdf
MDAF0003357,指南针,研发投入,17,项目进展：2025年6月已完成。,300803.SZ,8,报告页码,,表格行,300803.SZ_指南针_2025_管理层讨论与分析.pdf
MDAF0003358,指南针,研发投入,17,项目进展：2025年7月开始未完成。,300803.SZ,8,报告页码,,表格行,300803.SZ_指南针_2025_管理层讨论与分析.pdf
MDAF0003359,指南针,研发投入,17,项目进展：2025年9月已完成。,300803.SZ,8,报告页码,,表格行,300803.SZ_指南针_2025_管理层讨论与分析.pdf
MDAF0003360,指南针,研发投入,17,预计对公司未来发展的影响：增强产品核心竞争力。,300803.SZ,8,报告页码,,表格行,300803.SZ_指南针_2025_管理层讨论与分析.pdf
MDAF0003361,指南针,研发投入,17,预计对公司未来发展的影响：增强内部管理。,300803.SZ,8,报告页码,,表格行,300803.SZ_指南针_2025_管理层讨论与分析.pdf
MDAF0003362,指南针,研发投入,17,预计对公司未来发展的影响：增强运营效率。,300803.SZ,8,报告页码,,表格行,300803.SZ_指南针_2025_管理层讨论与分析.pdf
MDAF0003363,指南针,研发投入,17,适用。,300803.SZ,8,报告页码,,选项,300803.SZ_指南针_2025_管理层讨论与分析.pdf
MDAF0003364,指南针,研发投入,18,2024年：11.51%。,300803.SZ,9,报告页码,,表格行,300803.SZ_指南针_2025_管理层讨论与分析.pdf
MDAF0003365,指南针,研发投入,18,2024年：129。,300803.SZ,9,报告页码,,表格行,300803.SZ_指南针_2025_管理层讨论与分析.pdf
MDAF0003366,指南针,研发投入,18,2024年：137。,300803.SZ,9,报告页码,,表格行,300803.SZ_指南针_2025_管理层讨论与分析.pdf
MDAF0003367,指南针,研发投入,18,2024年：1。,300803.SZ,9,报告页码,,表格行,300803.SZ_指南针_2025_管理层讨论与分析.pdf
MDAF0003368,指南针,研发投入,18,2024年：258。,300803.SZ,9,报告页码,,表格行,300803.SZ_指南针_2025_管理层讨论与分析.pdf
MDAF0003369,指南针,研发投入,18,2024年：313。,300803.SZ,9,报告页码,,表格行,300803.SZ_指南针_2025_管理层讨论与分析.pdf
MDAF0003370,指南针,研发投入,18,2024年：35。,300803.SZ,9,报告页码,,表格行,300803.SZ_指南针_2025_管理层讨论与分析.pdf
MDAF0003371,指南针,研发投入,18,2024年：47。,300803.SZ,9,报告页码,,表格行,300803.SZ_指南针_2025_管理层讨论与分析.pdf
MDAF0003372,指南针,研发投入,18,2025年：143。,300803.SZ,9,报告页码,,表格行,300803.SZ_指南针_2025_管理层讨论与分析.pdf
MDAF0003373,指南针,研发投入,18,2025年：169。,300803.SZ,9,报告页码,,表格行,300803.SZ_指南针_2025_管理层讨论与分析.pdf
MDAF0003374,指南针,研发投入,18,2025年：2。,300803.SZ,9,报告页码,,表格行,300803.SZ_指南针_2025_管理层讨论与分析.pdf
MDAF0003375,指南针,研发投入,18,2025年：30 岁以下。,300803.SZ,9,报告页码,,表格行,300803.SZ_指南针_2025_管理层讨论与分析.pdf
MDAF0003376,指南针,研发投入,18,2025年：307。,300803.SZ,9,报告页码,,表格行,300803.SZ_指南针_2025_管理层讨论与分析.pdf
MDAF0003377,指南针,研发投入,18,2025年：30~40 岁。,300803.SZ,9,报告页码,,表格行,300803.SZ_指南针_2025_管理层讨论与分析.pdf
MDAF0003378,指南针,研发投入,18,2025年：376。,300803.SZ,9,报告页码,,表格行,300803.SZ_指南针_2025_管理层讨论与分析.pdf
MDAF0003379,指南针,研发投入,18,2025年：38。,300803.SZ,9,报告页码,,表格行,300803.SZ_指南针_2025_管理层讨论与分析.pdf
MDAF0003380,指南针,研发投入,18,2025年：40 岁以上。,300803.SZ,9,报告页码,,表格行,300803.SZ_指南针_2025_管理层讨论与分析.pdf
MDAF0003381,指南针,研发投入,18,2025年：64。,300803.SZ,9,报告页码,,表格行,300803.SZ_指南针_2025_管理层讨论与分析.pdf
MDAF0003382,指南针,研发投入,18,2025年：9.94%。,300803.SZ,9,报告页码,,表格行,300803.SZ_指南针_2025_管理层讨论与分析.pdf
MDAF0003383,指南针,研发投入,18,2025年：博士。,300803.SZ,9,报告页码,,表格行,300803.SZ_指南针_2025_管理层讨论与分析.pdf
MDAF0003384,指南针,研发投入,18,2025年：本科。,300803.SZ,9,报告页码,,表格行,300803.SZ_指南针_2025_管理层讨论与分析.pdf
MDAF0003385,指南针,研发投入,18,2025年：研发人员学历。,300803.SZ,9,报告页码,,表格行,300803.SZ_指南针_2025_管理层讨论与分析.pdf
MDAF0003386,指南针,研发投入,18,2025年：研发人员年龄构成。,300803.SZ,9,报告页码,,表格行,300803.SZ_指南针_2025_管理层讨论与分析.pdf
MDAF0003387,指南针,研发投入,18,2025年：研发人员数量占比。,300803.SZ,9,报告页码,,表格行,300803.SZ_指南针_2025_管理层讨论与分析.pdf
MDAF0003388,指南针,研发投入,18,2025年：研发人员数量（人）。,300803.SZ,9,报告页码,,表格行,300803.SZ_指南针_2025_管理层讨论与分析.pdf
MDAF0003389,指南针,研发投入,18,2025年：硕士。,300803.SZ,9,报告页码,,表格行,300803.SZ_指南针_2025_管理层讨论与分析.pdf
MDAF0003390,指南针,研发投入,18,变动比例：-1.57%。,300803.SZ,9,报告页码,,表格行,300803.SZ_指南针_2025_管理层讨论与分析.pdf
MDAF0003391,指南针,研发投入,18,变动比例：10.85%。,300803.SZ,9,报告页码,,表格行,300803.SZ_指南针_2025_管理层讨论与分析.pdf
MDAF0003392,指南针,研发投入,18,变动比例：100.00%。,300803.SZ,9,报告页码,,表格行,300803.SZ_指南针_2025_管理层讨论与分析.pdf
MDAF0003393,指南针,研发投入,18,变动比例：18.99%。,300803.SZ,9,报告页码,,表格行,300803.SZ_指南针_2025_管理层讨论与分析.pdf
MDAF0003394,指南针,研发投入,18,变动比例：20.13%。,300803.SZ,9,报告页码,,表格行,300803.SZ_指南针_2025_管理层讨论与分析.pdf
MDAF0003395,指南针,研发投入,18,变动比例：23.36%。,300803.SZ,9,报告页码,,表格行,300803.SZ_指南针_2025_管理层讨论与分析.pdf
MDAF0003396,指南针,研发投入,18,变动比例：36.17%。,300803.SZ,9,报告页码,,表格行,300803.SZ_指南针_2025_管理层讨论与分析.pdf
MDAF0003397,指南针,研发投入,18,变动比例：8.57%。,300803.SZ,9,报告页码,,表格行,300803.SZ_指南针_2025_管理层讨论与分析.pdf
MDAF0003398,创识科技,业务概要,9,业务拓展方式为试点后在同行业推广应用。,300941.SZ,1,报告页码,（1）商户端支付解决方案,正文,300941.SZ_创识科技_2025_管理层讨论与分析.pdf
MDAF0003399,创识科技,业务概要,9,中小商户支付解决方案面向的商户数量大，单体规模小，需求相对简单同质，公司提供相对标准化、平台化的软硬件产品，如POS 终端、扫码设备、智能收款云音箱、云打印机等终端及应用软件，业务拓展方式为通过银行渠道批量销售，终端安装及后续服务主要由银行或POS 专业化服务商承担，软件安装及维护通过云平台提供。,300941.SZ,1,报告页码,（1）商户端支付解决方案,正文,300941.SZ_创识科技_2025_管理层讨论与分析.pdf
MDAF0003400,创识科技,业务概要,9,公司以软件及云平台为驱动，以终端设备为载体，聚合各种支付渠道，为用户提供统一支付和统一对账解决方案；并以支付为联结，结合行业特色应用、场景建设以及个性化营销，为商户、银行等用户提供“电子支付+ 行业特色应用+ 数字化营销”的一体化产品与服务，构建起“支付为联结、场景为基础、营销为延伸”的数字化服务生态，为金融机构、医疗机构、养老机构、政企等提供数字化行业整体解决方案及运营服务。,300941.SZ,1,报告页码,,正文,300941.SZ_创识科技_2025_管理层讨论与分析.pdf
MDAF0003401,创识科技,业务概要,9,公司在多年的发展过程中不断坚持技术创新，推出了涵盖商超、医院、养老、景区、酒店、交通、烟草、石油石化、专业市场、大型综合体、财政非税（房管所、法院、警务、监狱等）等行业支付解决方案，包括支付应用软件、行业特色应用软件、自助终端、POS 终端、扫码设备、云音箱、智能收银机、刷脸支付终端等产品。,300941.SZ,1,报告页码,（一）电子支付业务,正文,300941.SZ_创识科技_2025_管理层讨论与分析.pdf
MDAF0003402,创识科技,业务概要,9,公司逐步从一家电子支付IT 方案商提升成为行业数字化方案商，为商户及银行等用户提供电子支付、行业特色应用、数字化营销及智慧医疗养老的产品与服务。,300941.SZ,1,报告页码,,正文,300941.SZ_创识科技_2025_管理层讨论与分析.pdf
MDAF0003403,创识科技,业务概要,9,商户端支付解决方案是为商户提供电子支付相关的软硬件产品及服务，采用“公司自主开发软件+云平台+外购/OEM硬件+服务”的方式，其用户为商户，根据付费对象不同，存在“银行付费，商户使用”及“商户付费，商户使用”两种模式。,300941.SZ,1,报告页码,（1）商户端支付解决方案,正文,300941.SZ_创识科技_2025_管理层讨论与分析.pdf
MDAF0003404,创识科技,业务概要,9,图：商户端支付解决方案按照服务模式不同，商户规模大小，方案的个性化程度，技术实现难易程度，商户端支付解决方案分为行业支付解决方案及中小商户支付解决方案。,300941.SZ,1,报告页码,（1）商户端支付解决方案,正文,300941.SZ_创识科技_2025_管理层讨论与分析.pdf
MDAF0003405,创识科技,业务概要,9,核心客户包括农业银行、建设银行、中国银行、工商银行、交通银行、邮储银行、浦发银行、中国银联等金融机构，用户包括山东烟草、新疆烟草、浙江烟草、福建烟草等烟草企业；北京SKP、河北信誉楼、西安DT51、周大福、红旗连锁、深圳盐田卓悦免税城、河北北人集团等商业零售企业；深圳锦绣中华景区、乌镇旅业、深圳小梅沙海洋世界乐园、都江堰、无锡古北水镇、山东明水古城、陕西壶口瀑布等景区文旅单位；解放军总医院、北京航天中心医院、南方医科大学南方医院、湖北新华医院、南部战区陆军总院、南通市不动产、嘉兴机场、嵊泗燃气等国有企事业单位，并参与江苏、安徽、浙江等地爱心卡养老助餐项目建设。,300941.SZ,1,报告页码,（一）电子支付业务,正文,300941.SZ_创识科技_2025_管理层讨论与分析.pdf
MDAF0003406,创识科技,业务概要,9,电子支付业务按照用户不同可分为商户端解决方案和银行端产品及其服务。,300941.SZ,1,报告页码,1、主要产品,正文,300941.SZ_创识科技_2025_管理层讨论与分析.pdf
MDAF0003407,创识科技,业务概要,9,目前产品及服务可覆盖大、中、小、微商户、“线上+线下”等主要支付场景。,300941.SZ,1,报告页码,（一）电子支付业务,正文,300941.SZ_创识科技_2025_管理层讨论与分析.pdf
MDAF0003408,创识科技,业务概要,9,行业支付解决方案服务的商户规模大，方案的个性化程度高，技术实现难度大，需要深入了解商户需求，直接对接商户，针对商户开发个性化软硬件产品，在商户现场进行软硬件安装、调试、运行、维护。,300941.SZ,1,报告页码,（1）商户端支付解决方案,正文,300941.SZ_创识科技_2025_管理层讨论与分析.pdf
MDAF0003409,创识科技,业务概要,10,一方面，商户可免费获得银行与公司提供的“金融+科技”综合服务，能够有效地帮助商户降低运营成本、提高经营效率、保证交易安全。,300941.SZ,2,报告页码,（1）商户-银行-公司模式,正文,300941.SZ_创识科技_2025_管理层讨论与分析.pdf
MDAF0003410,创识科技,业务概要,10,公司提供制卡设备及其相关维护服务，用于银行集中批量制卡。,300941.SZ,2,报告页码,（2）银行端产品及其服务,正文,300941.SZ_创识科技_2025_管理层讨论与分析.pdf
MDAF0003411,创识科技,业务概要,10,公司数字营销业务是通过整合银行、商户资源和头部互联网流量，融合线下商圈和线上商城，打造以用户为中心、跨业态的互动营销体系，支付+营销将丰富公司的商户解决方案，进一步直达商户，提升公司核心竞争力。,300941.SZ,2,报告页码,（二）数字营销业务,正文,300941.SZ_创识科技_2025_管理层讨论与分析.pdf
MDAF0003412,创识科技,业务概要,10,公司电子支付业务是为商户提供电子支付解决方案，大部分产品及服务的使用方并非付费方。,300941.SZ,2,报告页码,2、主要经营模式,正文,300941.SZ_创识科技_2025_管理层讨论与分析.pdf
MDAF0003413,创识科技,业务概要,10,公司银行端产品及其相关服务，主要包括银行端网控器和制卡设备及其服务等。,300941.SZ,2,报告页码,（2）银行端产品及其服务,正文,300941.SZ_创识科技_2025_管理层讨论与分析.pdf
MDAF0003414,创识科技,业务概要,10,另一方面，银行通过为商户提供电子支付相关产品及服务扩大优质商户规模、增强商户粘性，进而吸收商户在经营过程中产生的沉淀资金，充分挖掘商户需求为其提供综合金融服务、取得金融收益。,300941.SZ,2,报告页码,（1）商户-银行-公司模式,正文,300941.SZ_创识科技_2025_管理层讨论与分析.pdf
MDAF0003415,创识科技,业务概要,10,同时，公司可充分利用银行的渠道快速、批量拓展商户，有助于业务的持续增长，降低了公司的业务开拓成本和财务风险。,300941.SZ,2,报告页码,（1）商户-银行-公司模式,正文,300941.SZ_创识科技_2025_管理层讨论与分析.pdf
MDAF0003416,创识科技,业务概要,10,同时，公司开发的即时发卡系统，可以为银行实现借记卡的即时发卡，并为VIP 客户提供自主选号、个性DIY 等增值服务。,300941.SZ,2,报告页码,（2）银行端产品及其服务,正文,300941.SZ_创识科技_2025_管理层讨论与分析.pdf
MDAF0003417,创识科技,业务概要,10,图：公司-商户的合作模式在“公司-商户”模式下，公司产品及服务的购买对象和使用对象均为商户，该类商户多为公司直接开发的大型商户，以大型国企、事业单位和政府单位为主，客户资金实力强，倾向于直接购买支付类产品及服务。,300941.SZ,2,报告页码,（2）公司-商户模式,正文,300941.SZ_创识科技_2025_管理层讨论与分析.pdf
MDAF0003418,创识科技,业务概要,10,在公司-商户模式下，公司产品及服务的使用方和付费方均为商户。,300941.SZ,2,报告页码,（2）公司-商户模式,正文,300941.SZ_创识科技_2025_管理层讨论与分析.pdf
MDAF0003419,创识科技,业务概要,10,在商户-银行-公司模式三方合作模式下，公司产品及服务的使用方是银行特约商户，付费方是银行。,300941.SZ,2,报告页码,（1）商户-银行-公司模式,正文,300941.SZ_创识科技_2025_管理层讨论与分析.pdf
MDAF0003420,创识科技,业务概要,10,在商户、银行及公司三方合作模式下，公司产品及服务的使用方是银行特约商户，付费方是银行；在公司-商户模式下，公司产品及服务的使用方和付费方均为商户。,300941.SZ,2,报告页码,2、主要经营模式,正文,300941.SZ_创识科技_2025_管理层讨论与分析.pdf
MDAF0003421,创识科技,业务概要,10,未来将进一步扩大行业覆盖范围，强化与支付业务的协同效应。,300941.SZ,2,报告页码,（二）数字营销业务,正文,300941.SZ_创识科技_2025_管理层讨论与分析.pdf
MDAF0003422,创识科技,业务概要,10,网控产品是一套专门用于金融交易传输系统的智能通信设备，其部署于银行或其他收单机构，提供POS 终端与业务中心系统之间的数据传输、通讯协议转换等功能，用于与POS 终端互联或者与其他网控器级联，实现POS 终端、各网络节点的交易数据的安全、稳定传输。,300941.SZ,2,报告页码,（2）银行端产品及其服务,正文,300941.SZ_创识科技_2025_管理层讨论与分析.pdf
MDAF0003423,创识科技,业务概要,10,该模式将商户、银行、公司构筑成利益共同体，形成多赢局面。,300941.SZ,2,报告页码,（1）商户-银行-公司模式,正文,300941.SZ_创识科技_2025_管理层讨论与分析.pdf
MDAF0003424,创识科技,业务概要,10,随着新行业的拓展，公司的营销业务将从银行拓展到运营商、互联网企业、物流、消费行业等中大型企业商户，提供包括营销策划、品牌营销、技术对接等一站式活动营销解决方案，数字营销客户涵盖三大运营商（中国移动、中国联通、中国电信）、中国广电、六大国有银行（农业银行、中国银行、工商银行、建设银行、交通银行、邮储银行）、京东、农夫山泉等，合作客户从“金融+ 通讯”领域拓展至全消费行业。,300941.SZ,2,报告页码,（二）数字营销业务,正文,300941.SZ_创识科技_2025_管理层讨论与分析.pdf
MDAF0003425,创识科技,业务概要,11,依托电子支付业务积累的商户与银行资源，公司延伸布局数字营销领域，打造“跨业态、全链路” 互动营销体系，定位“连接流量端与商户端的数字化营销服务商”，数字营销业务成为驱动公司业绩增长的重要新引擎。,300941.SZ,3,报告页码,（二）数字营销业务,正文,300941.SZ_创识科技_2025_管理层讨论与分析.pdf
MDAF0003426,创识科技,业务概要,11,公司为机构养老、社区养老、居家养老等提供了线上线下一体化综合智慧养老系统、养老补助系统、智慧医疗养老系列硬件产品，业务还涉及与养老、民政相关的电子政务类软件开发及系统运维服务。,300941.SZ,3,报告页码,（三）智慧医疗养老业务,正文,300941.SZ_创识科技_2025_管理层讨论与分析.pdf
MDAF0003427,创识科技,业务概要,11,公司以一站式数字营销解决方案为核心产品，通过安全灵活的营销平台，聚合数字化产业上下游资源，结合线下商圈与线上商城场景，为客户提供“从策划到落地”的一站式营销解决方案。,300941.SZ,3,报告页码,（二）数字营销业务,正文,300941.SZ_创识科技_2025_管理层讨论与分析.pdf
MDAF0003428,创识科技,业务概要,11,公司智慧医疗养老业务是为养老、医疗行业的数字化和智能化转型提供综合解决方案。,300941.SZ,3,报告页码,（三）智慧医疗养老业务,正文,300941.SZ_创识科技_2025_管理层讨论与分析.pdf
MDAF0003429,创识科技,业务概要,11,公域引流是提供从公域向私域引流的全新模式，充分利用互联网头部平台的“流量”，开辟了“效果广告”营销合作，进一步实现APP、商户门店的获客、活客引流；权益营销是整合支付优惠、会员权益等资源，设计个性化营销活动，提升用户消费频次与粘性，通过多元个性化营销场景，匹配银行等大客户的营销需求，助力客户实现其用户规模持续增长并保持活跃，提升线上经营能力，实现用户价值的深度挖掘和持续增长；品牌与产品营销是为客户提供品牌推广、产品营销效果优化等服务，覆盖金融、通讯、消费、物流等多个行业。,300941.SZ,3,报告页码,（二）数字营销业务,正文,300941.SZ_创识科技_2025_管理层讨论与分析.pdf
MDAF0003430,创识科技,业务概要,11,医疗养老作为公司新增重点赛道，正逐步构建数字化解决方案竞争优势，未来有望成为公司又一重要的业绩增长引擎。,300941.SZ,3,报告页码,（三）智慧医疗养老业务,正文,300941.SZ_创识科技_2025_管理层讨论与分析.pdf
MDAF0003431,创识科技,业务概要,11,图：数字营销合作模式公司数字营销业务以通讯行业头部运营商为依托，建立包含了互联网端各类主流获客渠道，包括信息流、直播、短视频、电商、达人、互联网媒体资源位等，结合不同媒体平台的特点，精准投放各类产品，达到预期效果，带来规模性收入和利润。,300941.SZ,3,报告页码,（二）数字营销业务,正文,300941.SZ_创识科技_2025_管理层讨论与分析.pdf
MDAF0003432,创识科技,业务概要,11,数字营销业务主要包括权益营销、公域引流、数据分析、品牌营销、产品营销等。,300941.SZ,3,报告页码,（二）数字营销业务,正文,300941.SZ_创识科技_2025_管理层讨论与分析.pdf
MDAF0003433,创识科技,核心竞争力,13,公司与大型银行全国各区域分支机构合作，使产品及服务可以迅速触及各地域、各行业，在各地区、各行业积累丰富经验，为未来在各地区、行业不断向纵深领域发展打下基础。,300941.SZ,5,报告页码,1、行业经验优势,正文,300941.SZ_创识科技_2025_管理层讨论与分析.pdf
MDAF0003434,创识科技,核心竞争力,13,公司拥有多态化支付处理技术、金融级数据安全处理技术、智能化的统一对账和差错处理技术、复杂环境下的系统集成技术、建成了云BMP 平台、商户及终端服务支撑平台、物联网云推送平台等多个基于云架构的业务平台。,300941.SZ,5,报告页码,（1）核心技术优势,正文,300941.SZ_创识科技_2025_管理层讨论与分析.pdf
MDAF0003435,创识科技,核心竞争力,13,公司深耕电子支付IT 领域30 多年，培养了一支具有丰富行业经验、雄厚技术储备、稳定的人才队伍，能够敏锐把握行业发展方向，持续推出创新产品。,300941.SZ,5,报告页码,1、行业经验优势,正文,300941.SZ_创识科技_2025_管理层讨论与分析.pdf
MDAF0003436,创识科技,核心竞争力,13,公司自1995年成立以来一直专注于电子支付行业，积累了多项核心技术。,300941.SZ,5,报告页码,（1）核心技术优势,正文,300941.SZ_创识科技_2025_管理层讨论与分析.pdf
MDAF0003437,创识科技,核心竞争力,13,公司自成立以来，一直专注于为银行提供电子支付产品及服务，长期稳定的合作、产品技术的积淀、双方积累下来的信任，使公司具有行业先入优势，该优势具备较强的稀缺性与不可复制性。,300941.SZ,5,报告页码,1、行业经验优势,正文,300941.SZ_创识科技_2025_管理层讨论与分析.pdf
MDAF0003438,创识科技,核心竞争力,13,同时，公司已建立了辐射全国的服务网络，每个服务网点均拥有丰富商户、银行合作经验的技术人员，是公司持续深耕区域市场的有力武器。,300941.SZ,5,报告页码,1、行业经验优势,正文,300941.SZ_创识科技_2025_管理层讨论与分析.pdf
MDAF0003439,创识科技,核心竞争力,14,公司与国内多个大型银行保持多年的合作关系，具有多产品协同及占有率优势，公司全面跟进总行、全国各个省级分行的数字营销业务，支付+营销将丰富公司的商户解决方案，成为公司触达商户的有力手段，有助于拓宽公司业务范围、直达品牌商户，从而增加用户的黏性，提升公司竞争力。,300941.SZ,6,报告页码,（1）银行客户资源优势，拓展新赛道,正文,300941.SZ_创识科技_2025_管理层讨论与分析.pdf
MDAF0003440,创识科技,核心竞争力,14,公司倡导“人人都成为CEO”的理念，采用“网络化、扁平化、无边界”事业部制，实施内部企业制经营管理考核模式。,300941.SZ,6,报告页码,5、组织管理、激励机制优势,正文,300941.SZ_创识科技_2025_管理层讨论与分析.pdf
MDAF0003441,创识科技,核心竞争力,14,公司先后荣获“高新技术企业”“专精特新中小企业”“软件业龙头企业”等多项荣誉，报告期内成功上榜“中国信创500 强”“未来银行科技服务商百强榜”。,300941.SZ,6,报告页码,（1）核心技术优势,正文,300941.SZ_创识科技_2025_管理层讨论与分析.pdf
MDAF0003442,创识科技,核心竞争力,14,公司多年来与商户在技术及服务上深度合作，与商户形成了稳定的合作关系。,300941.SZ,6,报告页码,（2）商户服务优势,正文,300941.SZ_创识科技_2025_管理层讨论与分析.pdf
MDAF0003443,创识科技,核心竞争力,14,公司建立分布式的研发团队，采用模块化研发流程，敏捷开发、快速迭代，使公司的产品研发可以直接面向一线商户市场需求，大幅缩短研发周期，增强公司对行业快速发展变化的应对能力。,300941.SZ,6,报告页码,（2）研发体系优势,正文,300941.SZ_创识科技_2025_管理层讨论与分析.pdf
MDAF0003444,创识科技,核心竞争力,14,公司技术创新的特点是精准创新，在技术开发中密切跟踪行业创新趋势和技术发展动态，及时了解客户业务需求，选准技术创新的路径和时点，提高技术创新成功率。,300941.SZ,6,报告页码,（2）研发体系优势,正文,300941.SZ_创识科技_2025_管理层讨论与分析.pdf
MDAF0003445,创识科技,核心竞争力,14,公司提供的不仅是支付的IT 解决方案，还是一整套业务发展模式。,300941.SZ,6,报告页码,4、业务模式优势,正文,300941.SZ_创识科技_2025_管理层讨论与分析.pdf
MDAF0003446,创识科技,核心竞争力,14,公司服务已覆盖30 余个行业、3000 多家大型商户、百万量级中小微商户群体，具有发掘商户需求、把握行业最新发展趋势、试点落地等新兴技术的天然优势。,300941.SZ,6,报告页码,（2）研发体系优势,正文,300941.SZ_创识科技_2025_管理层讨论与分析.pdf
MDAF0003447,创识科技,核心竞争力,14,公司核心业务人员、核心技术人员均持有公司股份，长期保持稳定。,300941.SZ,6,报告页码,5、组织管理、激励机制优势,正文,300941.SZ_创识科技_2025_管理层讨论与分析.pdf
MDAF0003448,创识科技,核心竞争力,14,公司核心系统应用领域经验丰富：公司以核心系统为基础，针对主流的支付方式、ERP 系统、终端环境，积累了丰富的技术对接经验，形成了丰富的插件库，制订了成熟的技术对接标准，在面对新行业及新商户时，只需开发新的插件或调用原有插件模块即可实现产品功能。,300941.SZ,6,报告页码,（1）核心技术优势,正文,300941.SZ_创识科技_2025_管理层讨论与分析.pdf
MDAF0003449,创识科技,核心竞争力,14,公司通过与大型银行合作迅速切入很多大型商户的服务体系，在长期为商户提供产品及服务的同时，也使公司和商户建立了良好稳定的合作关系，为公司未来持续挖掘商户潜在价值提供了机会。,300941.SZ,6,报告页码,4、业务模式优势,正文,300941.SZ_创识科技_2025_管理层讨论与分析.pdf
MDAF0003450,创识科技,核心竞争力,14,各事业部研发与业务结合程度紧密，可以加强研发团队同商户、银行、第三方支付机构、行业主流软硬件供应商的交流，使公司研发团队始终站在行业应用前沿。,300941.SZ,6,报告页码,（2）研发体系优势,正文,300941.SZ_创识科技_2025_管理层讨论与分析.pdf
MDAF0003451,创识科技,核心竞争力,14,商户在使用公司产品后，由于使用习惯、更换成本、替换风险等原因，倾向于持续使用公司产品及服务。,300941.SZ,6,报告页码,（2）商户服务优势,正文,300941.SZ_创识科技_2025_管理层讨论与分析.pdf
MDAF0003452,创识科技,核心竞争力,14,商户服务经验不仅为公司与银行合作提供了竞争力，还为公司带来了丰富的潜在市场机会。,300941.SZ,6,报告页码,（2）商户服务优势,正文,300941.SZ_创识科技_2025_管理层讨论与分析.pdf
MDAF0003453,创识科技,核心竞争力,14,报告期内，获得软件著作权12项；累计拥有有效专利28项，作品著作权2项，软件著作权305项。,300941.SZ,6,报告页码,（1）核心技术优势,正文,300941.SZ_创识科技_2025_管理层讨论与分析.pdf
MDAF0003454,创识科技,核心竞争力,14,核心系统应用场景广泛，已经成熟应用至多个行业。,300941.SZ,6,报告页码,（1）核心技术优势,正文,300941.SZ_创识科技_2025_管理层讨论与分析.pdf
MDAF0003455,创识科技,核心竞争力,14,该模式促使业务单元综合权衡成本效益，促使员工自发提高个人工作效率、不断增强个人素质，形成“人均收入、人均利润高；人均薪酬、人均费用高；组织层级、管理人员少”的特点，极大提高组织运转效率。,300941.SZ,6,报告页码,5、组织管理、激励机制优势,正文,300941.SZ_创识科技_2025_管理层讨论与分析.pdf
MDAF0003456,创识科技,核心竞争力,14,银行使用公司提供的支付解决方案拓展商户，既提高了银行竞争力，还为银行带来优质客户；商户不仅得到公司提供的支付解决方案，也获得银行的金融服务，从而实现银行、商户、公司三赢的商业模式。,300941.SZ,6,报告页码,4、业务模式优势,正文,300941.SZ_创识科技_2025_管理层讨论与分析.pdf
MDAF0003457,创识科技,研发投入,19,主要研发项目名称：夕阳云管理平台V5.0 （IPO1）。,300941.SZ,11,报告页码,,表格行,300941.SZ_创识科技_2025_管理层讨论与分析.pdf
MDAF0003458,创识科技,研发投入,19,拟达到的目标：形成软件著作权，推广新客户。,300941.SZ,11,报告页码,,表格行,300941.SZ_创识科技_2025_管理层讨论与分析.pdf
MDAF0003459,创识科技,研发投入,19,项目目的：在之前的系统版本基础上紧密贴合当前社会背景，引入更多的医疗与养老相结合的智能物联网设备，通过软硬件的融合，不仅实现了养老机构常规数据的智能化管理，还能够通过设备间的互动，实现对护工的监督、老人的监护、老人消费行为、健康状况以及身体环境等多方面的功能需求。,300941.SZ,11,报告页码,,表格行,300941.SZ_创识科技_2025_管理层讨论与分析.pdf
MDAF0003460,创识科技,研发投入,19,项目目的：此外，本系统通过小程序为养老机构的家属及职工提供便捷服务，家属可以通过小程序完成。,300941.SZ,11,报告页码,,表格行,300941.SZ_创识科技_2025_管理层讨论与分析.pdf
MDAF0003461,创识科技,研发投入,19,项目进展：已完成。,300941.SZ,11,报告页码,,表格行,300941.SZ_创识科技_2025_管理层讨论与分析.pdf
MDAF0003462,创识科技,研发投入,19,预计对公司未来发展的影响：继续增强公司为养老行业的数字化和智能化转型提供综合解决方案的能力。,300941.SZ,11,报告页码,,表格行,300941.SZ_创识科技_2025_管理层讨论与分析.pdf
MDAF0003463,创识科技,研发投入,19,适用。,300941.SZ,11,报告页码,,选项,300941.SZ_创识科技_2025_管理层讨论与分析.pdf
MDAF0003464,创识科技,研发投入,20,中小微数智化支付终端及应用软件3.0 （IPO1）。,300941.SZ,12,报告页码,,表格行,300941.SZ_创识科技_2025_管理层讨论与分析.pdf
MDAF0003465,创识科技,研发投入,20,创识助餐管理系统2.0。,300941.SZ,12,报告页码,,表格行,300941.SZ_创识科技_2025_管理层讨论与分析.pdf
MDAF0003466,创识科技,研发投入,20,助力中小微企业在业务决策、用户互动、数据处理与系统集成等方面实现显著提升，从而推动其运营效率提高、开发与运维成本降低，并进一步增强市场竞争力。,300941.SZ,12,报告页码,,表格行,300941.SZ_创识科技_2025_管理层讨论与分析.pdf
MDAF0003467,创识科技,研发投入,20,因此，本项目重点提升数据集成、智能分析、 跨平台兼容性及安全性，并开放 API 接口，构建更具拓展性的生态系统.本项目的开发基于现有 2.0 版本，进一步增加了数据集成和分析功能、优化用户体验、 增强跨平台兼容性、提升安全性以及开放了API 接口。,300941.SZ,12,报告页码,,表格行,300941.SZ_创识科技_2025_管理层讨论与分析.pdf
MDAF0003468,创识科技,研发投入,20,央厨配餐服务平台V1.0 （IPO2）。,300941.SZ,12,报告页码,,表格行,300941.SZ_创识科技_2025_管理层讨论与分析.pdf
MDAF0003469,创识科技,研发投入,20,央厨配餐服务平台软件项目的落地，将助力公司深度切入教育餐饮万亿级蓝海市场，凭借全流程数字化管控能力构建竞争壁垒，通过数据驱动优化供应链效率、提升食品安全透明度，既可强化与学校、教育机构的长期战略合作，拓展稳定收入来源，又能以标准化解决方案快速复制至全国市场，同时积累的校园餐饮大数据将为公司开拓营养健康管理、智能设备等衍生业务奠定基础，形成“核心平台+增值服务”的生态化发展格局，全面推动公司向教育科技服务领域战略升级。,300941.SZ,12,报告页码,,表格行,300941.SZ_创识科技_2025_管理层讨论与分析.pdf
MDAF0003470,创识科技,研发投入,20,小微景区票务云平台软件 V4.0（IPO2）。,300941.SZ,12,报告页码,,表格行,300941.SZ_创识科技_2025_管理层讨论与分析.pdf
MDAF0003471,创识科技,研发投入,20,平台在数据集成、智能分析及API 开放等方面的突破， 将帮助客户显著降低开发运维成本、提升运营效率，从而巩固客户黏性，并为公司开辟基于生态系统的可持续服务与收入模式。,300941.SZ,12,报告页码,,表格行,300941.SZ_创识科技_2025_管理层讨论与分析.pdf
MDAF0003472,创识科技,研发投入,20,当前， 许多中小微企业在数据管理、业务优化、决策支持等方面面临挑战，传统软件难以满足其日益增长的智能化需求。,300941.SZ,12,报告页码,,表格行,300941.SZ_创识科技_2025_管理层讨论与分析.pdf
MDAF0003473,创识科技,研发投入,20,形成著作权。,300941.SZ,12,报告页码,,表格行,300941.SZ_创识科技_2025_管理层讨论与分析.pdf
MDAF0003474,创识科技,研发投入,20,搭建一个集智能化管理、精准化服务与全方位监管于一体的综合性数字化平台。,300941.SZ,12,报告页码,,表格行,300941.SZ_创识科技_2025_管理层讨论与分析.pdf
MDAF0003475,创识科技,研发投入,20,旨在基于2.0 版本的基础上，开发一款更智能、更高效的数智化终端及平台软件3.0，助力中小微企业实现数字化升级。,300941.SZ,12,报告页码,,表格行,300941.SZ_创识科技_2025_管理层讨论与分析.pdf
MDAF0003476,创识科技,研发投入,20,旨在通过中央厨房的集中化生产和智能化管理，为学校、企业、 医院等集中用餐场景提供高效、 安全、营养的餐饮服务。,300941.SZ,12,报告页码,,表格行,300941.SZ_创识科技_2025_管理层讨论与分析.pdf
MDAF0003477,创识科技,研发投入,20,本项目聚焦小微景区数字化转型核心需求，迭代升级票务云平台核心能力，优化全渠道票务协同、智能核验、全域数据运营等关键功能，完善景区数字化管理全链路。,300941.SZ,12,报告页码,,表格行,300941.SZ_创识科技_2025_管理层讨论与分析.pdf
MDAF0003478,创识科技,研发投入,20,本项目落地将进一步巩固公司在小微景区票务数字化领域的技术优势与市场地位， 拓展业务覆盖深度与广度， 提升品牌价值，为公司业务规模化扩张与可持续发展注入核心动力。,300941.SZ,12,报告页码,,表格行,300941.SZ_创识科技_2025_管理层讨论与分析.pdf
MDAF0003479,创识科技,研发投入,20,该系统整合了人员管理、菜品管理、配餐方案、订单管理、请假管理、 生产计划、库存管理、配送管理和用户服务等功能，实现了从餐品预定到餐品配送的全流程数字化管理。,300941.SZ,12,报告页码,,表格行,300941.SZ_创识科技_2025_管理层讨论与分析.pdf
MDAF0003480,创识科技,研发投入,20,这不仅会增强公司的市场竞争力，更将使其成为推动中小微企业数字化转型的核心力量，为公司的长期战略发展奠定坚实的技术与市场基础。,300941.SZ,12,报告页码,,表格行,300941.SZ_创识科技_2025_管理层讨论与分析.pdf
MDAF0003481,创识科技,研发投入,20,这些功能的升级将帮助中小微企业在业务决策、用户互动、数据处理、平台集成等方面取得更大的突破， 推动其数字化转型的深入发展。,300941.SZ,12,报告页码,,表格行,300941.SZ_创识科技_2025_管理层讨论与分析.pdf
MDAF0003482,创识科技,研发投入,20,进一步强化了公司面向民政、银行提供“社区助老+养。,300941.SZ,12,报告页码,,表格行,300941.SZ_创识科技_2025_管理层讨论与分析.pdf
MDAF0003483,创识科技,研发投入,20,通过强化平台软件的数据集成、 智能分析、跨平台兼容性与安全防护能力，并开放标准化的API 接口，构建一个高可扩展的生态系统。,300941.SZ,12,报告页码,,表格行,300941.SZ_创识科技_2025_管理层讨论与分析.pdf
MDAF0003484,创识科技,研发投入,20,通过提升方案适配性与运营效率，构建高效、合规、智能的票务运营体系，强化产品核心竞争力，为小微景区高质量运营提供坚实技术支撑。,300941.SZ,12,报告页码,,表格行,300941.SZ_创识科技_2025_管理层讨论与分析.pdf
MDAF0003485,创识科技,研发投入,20,通过构建功能更强大、生态更开放的3.0 平台，公司将能为中小微企业提供解决数据管理、业务优化与智能决策核心痛点的关键产品，直接推动公司在企业服务市场的份额增长与品牌价值提升。,300941.SZ,12,报告页码,,表格行,300941.SZ_创识科技_2025_管理层讨论与分析.pdf
MDAF0003486,创识科技,研发投入,20,随着本系统在几个区域的实施， 1.0 版本的功能已经无法满足要。,300941.SZ,12,报告页码,,表格行,300941.SZ_创识科技_2025_管理层讨论与分析.pdf
MDAF0003487,创识科技,研发投入,20,项目旨在通过技术创新和优化， 使得企业能够降低开发和运维成本，提升运营效率，并增强市场竞争力。,300941.SZ,12,报告页码,,表格行,300941.SZ_创识科技_2025_管理层讨论与分析.pdf
MDAF0003488,普联软件,业务概要,11,以多维指标体系为统一的数据底座，满足财务报告、管理报1集团财务告同时出具的一体化实时报告管理平台，核心功能包括数据集团报告管理集成、数据管理、指标管理、合并抵销、报表管理、报告管理、智能搜索、监管报送等。,300996.SZ,1,报告页码,产品/方案名称,正文,300996.SZ_普联软件_2025_管理层讨论与分析.pdf
MDAF0003489,普联软件,业务概要,11,公司主营业务是为大型集团企业提供管理信息化方案及IT 综合服务，致力于应用云计算、大数据、人工智能等新一代信息技术，推动企业运营管理数字化、智能化。,300996.SZ,1,报告页码,（一）公司主要业务介绍,正文,300996.SZ_普联软件_2025_管理层讨论与分析.pdf
MDAF0003490,普联软件,业务概要,11,公司基于二十余年服务超大型集团企业的深厚积累，构建了行业领先的高端定制化服务能力。,300996.SZ,1,报告页码,（一）公司主要业务介绍,正文,300996.SZ_普联软件_2025_管理层讨论与分析.pdf
MDAF0003491,普联软件,业务概要,11,同时，依托长期沉淀的集团级业务方法论，能够为大型集团企业提供从战略咨询、架构设计到实施落地的全周期定制化服务，有效支撑客户在自主可控要求下的数字化转型与智能化升级，助力构建安全可靠的集团级数字化基座。,300996.SZ,1,报告页码,（一）公司主要业务介绍,正文,300996.SZ_普联软件_2025_管理层讨论与分析.pdf
MDAF0003492,普联软件,业务概要,11,序号类别主要功能包括核算标准体系管理、组织架构管理、会计集中核算、内集团财务集中管理部交易抵销、合并报表等功能模块，全面满足集团企业核算、披露、分析、考核等全过程的管理会计需求。,300996.SZ,1,报告页码,产品/方案名称,正文,300996.SZ_普联软件_2025_管理层讨论与分析.pdf
MDAF0003493,普联软件,业务概要,11,通过深度理解大型集团的核心需求和应用特点，公司自主研发的应用软件与技术平台产品，不仅实现与国产化软硬件生态的全面适配，全面符合信创技术标准，更在系统兼容性、数据安全性和运行稳定性方面形成显著优势。,300996.SZ,1,报告页码,（一）公司主要业务介绍,正文,300996.SZ_普联软件_2025_管理层讨论与分析.pdf
MDAF0003494,普联软件,业务概要,11,面向集团管控的一系列产品与解决方案，是公司针对大型集团企业规模庞大、产业链长、组织层级深、业务逻辑与处理流程复杂、组织变革频繁、管理创新需求旺盛等特点，充分融合集团企业信息化建设的实践经验，经过技术不断创新，自主研发并持续迭代完善形成的集团级信息系统解决方案。,300996.SZ,1,报告页码,1、集团管控解决方案,正文,300996.SZ_普联软件_2025_管理层讨论与分析.pdf
MDAF0003495,普联软件,业务概要,12,3业财融合基于集团化管理架构设计，支持多地区保险法规预置，支持集团化公司薪酬多样性、组织架构层次化、人员类型复杂等集团人力资源管理管理需求，为集团企业提供人力资本管理、面向过程的绩效管理以及人力资源共享服务解决方案。,300996.SZ,2,报告页码,产品/方案名称,正文,300996.SZ_普联软件_2025_管理层讨论与分析.pdf
MDAF0003496,普联软件,业务概要,12,以强化集团资金管控、规避防范资金风险、发挥集团整体运作优势为目标，涵盖账户管理、资金计划管理、结算管理、2集团司库集团司库管理资金池管理、债权债务管理、投资理财管理、票证管理、筹融资管理、外汇管理、风险管理、考核评价、境内外银财企直联、决策支持分析等模块。,300996.SZ,2,报告页码,产品/方案名称,正文,300996.SZ_普联软件_2025_管理层讨论与分析.pdf
MDAF0003497,普联软件,业务概要,12,公司信创EPM 以统一指标体系为底座，打通战略、计划、预算、实际数据，构建包含战略计划管理、全面预算管理、合并报表管理和管理会计报告应用的一体化产品套件，主要满足集团企业客户从战略到计划、预算、执行、评价的闭环管理需求。,300996.SZ,2,报告页码,（2）信创EPM,正文,300996.SZ_普联软件_2025_管理层讨论与分析.pdf
MDAF0003498,普联软件,业务概要,12,公司信创ERP 产品充分借鉴学习行业先进设计理念，依托二十余年超大型集团企业信息化服务经验，整合国内大型集团业务实践，提供自主可控的数字化转型解决方案与产品套件，形成大型集团ERP 国产化升级与替代的综合能力。,300996.SZ,2,报告页码,（1）信创ERP,正文,300996.SZ_普联软件_2025_管理层讨论与分析.pdf
MDAF0003499,普联软件,业务概要,12,公司响应世界一流财务管理体系建设、穿透式监管等要求，融合财务管理模型与数字技术，匹配大型集团财务数字化、规范化、智能化需求，构建覆盖核算与报告、司库管理、税务管理、财务共享的信创ERP 产品体系。,300996.SZ,2,报告页码,（1）信创ERP,正文,300996.SZ_普联软件_2025_管理层讨论与分析.pdf
MDAF0003500,普联软件,业务概要,12,公司自主研发信创EAM、EPM、ERP 三大信创软件产品，并依托公司云湖平台，通过信创适配改造与兼容认证，研发形成了符合行业技术规范要求的信创替代完整技术能力。,300996.SZ,2,报告页码,2、信创产品,正文,300996.SZ_普联软件_2025_管理层讨论与分析.pdf
MDAF0003501,普联软件,业务概要,12,包括税务管理信息库、税基管理、发票管理、税金管理、纳集团税务管理方案税申报、风险防控、智能分析等功能模块。,300996.SZ,2,报告页码,产品/方案名称,正文,300996.SZ_普联软件_2025_管理层讨论与分析.pdf
MDAF0003502,普联软件,业务概要,12,包括资产主数据、资产转资、资产清查、资产调拨，资产租赁、资产维修、资产报废处置等模块，实现各类资产从购集团固定资产管理置、转资、折旧、维修、盘点、报废、处置的全流程、全生命周期管理，满足集团企业资产精细化管理要求，助力企业解决资产核算、实物管理方面的问题。,300996.SZ,2,报告页码,产品/方案名称,正文,300996.SZ_普联软件_2025_管理层讨论与分析.pdf
MDAF0003503,普联软件,业务概要,12,基于业财一体化模式下的智能财务共享平台，前端承接业务系统数据，后端对接财务支撑系统，包括共享报账平台、共集团财务共享服务享运营平台、智能稽核平台、会计引擎平台、电子影像平台、电子档案平台、业务集成平台等。,300996.SZ,2,报告页码,产品/方案名称,正文,300996.SZ_普联软件_2025_管理层讨论与分析.pdf
MDAF0003504,普联软件,业务概要,12,序号类别主要功能对标评价的全面预算管理解决方案，帮助集团企业实现“横向到边、纵向到底”的集团预算管理，强化集团企业的战略执行能力，提升集团企业的分析和决策支持能力。,300996.SZ,2,报告页码,产品/方案名称,正文,300996.SZ_普联软件_2025_管理层讨论与分析.pdf
MDAF0003505,普联软件,业务概要,12,持续优化产品架构，提升信创环境下系统性能，满足超大型集团海量数据处理需求；采用科目体系与指标体系双体系设计，支持实时财务报告出具，具备大型集团ERP 系统信创化建设能力。,300996.SZ,2,报告页码,（1）信创ERP,正文,300996.SZ_普联软件_2025_管理层讨论与分析.pdf
MDAF0003506,普联软件,业务概要,12,指标体系采用灵活可扩展设计，统一战略、计划、预算、实际各环节的数据语言，搭建标准化、可追溯的数据语言体系，为管理报告提供统一的数据基础；战略计划管理，构建覆盖战略规划、战略地图、经营与投资计划，并与预算体系联动，实现战略解码、目标分解、过程跟踪；全面预算管理，紧密承接战略与经营目标，打造目标测算、编制汇总、预算控制、分析预警、智能预测的一体化管理能力，通过“业务计划－业务预算－财务预算”联动，强化业财协同与业务预算归口管理；合并报表以财务数据治理为基础，搭建自动化、规范化、自助式工作平台，实现关联交易自动核对、抵销数据智能生成、报表快速合并汇总，提升集团合并工作效率与数据质量；管理报告层面，面向战略层、经营层、业务层，构建多维度、可视化、穿透式管理分析报告体系。,300996.SZ,2,报告页码,（2）信创EPM,正文,300996.SZ_普联软件_2025_管理层讨论与分析.pdf
MDAF0003507,普联软件,业务概要,13,XBRL 是可扩展的商业报告语言，是数据的“二维码”。,300996.SZ,3,报告页码,3、XBRL 金融保险主要产品,正文,300996.SZ_普联软件_2025_管理层讨论与分析.pdf
MDAF0003508,普联软件,业务概要,13,依托大模型技术持续打造设备智慧运维大模型等应用场景，提供智能助手及多个机理模型和算法模型，覆盖故障诊断、性能预测、资源优化等多个关键领域。,300996.SZ,3,报告页码,（3）信创EAM,正文,300996.SZ_普联软件_2025_管理层讨论与分析.pdf
MDAF0003509,普联软件,业务概要,13,依据国家金融监督管理总局最新下发标准构建，内嵌全面评估规则与合规要求，是一3资产负债管理产品套覆盖评估作业全流程、贯通数据采集到监管报送的一体化平台，主要包括资产负债量化报告系统与能力评估系统。,300996.SZ,3,报告页码,产品/方案名称,正文,300996.SZ_普联软件_2025_管理层讨论与分析.pdf
MDAF0003510,普联软件,业务概要,13,信创EAM 产品包括“一个管理平台、三个能力中心”，即设备全生命周期管理平台、感知诊断中心、设备可视中心及决策支持中心。,300996.SZ,3,报告页码,（3）信创EAM,正文,300996.SZ_普联软件_2025_管理层讨论与分析.pdf
MDAF0003511,普联软件,业务概要,13,公司拥有XBRL 核心处理引擎和XBRL 工具软件、报表报告、风险管理、数据分析等系列产品，XBRL 核心处理引擎已经通过认证，符合国家和国际标准。,300996.SZ,3,报告页码,3、XBRL 金融保险主要产品,正文,300996.SZ_普联软件_2025_管理层讨论与分析.pdf
MDAF0003512,普联软件,业务概要,13,公司结合市场与客户需要，通过多年积累，先后研发了多个数字化业务管理、数据管理类的产品，并在多个客户项目中成功应用。,300996.SZ,3,报告页码,4、数字化业务主要产品,正文,300996.SZ_普联软件_2025_管理层讨论与分析.pdf
MDAF0003513,普联软件,业务概要,13,包括数据源管理、元数据管理、指标管理、调度管理、数据服务等功能模块，通过浏览器Web 端和EXCEL 端展示应用数据，支持第三方分析工具。,300996.SZ,3,报告页码,产品/方案名称,正文,300996.SZ_普联软件_2025_管理层讨论与分析.pdf
MDAF0003514,普联软件,业务概要,13,同时面向保险公司内部管理需求，系统提供可视化图表与多维度分析模型，支持偿付能力结果变动分析、量化风险最低资本穿透分析；并提供精细化分析工具。,300996.SZ,3,报告页码,产品/方案名称,正文,300996.SZ_普联软件_2025_管理层讨论与分析.pdf
MDAF0003515,普联软件,业务概要,13,基于保险行业相关要求，结合各类保险机构自身风险管理工作的实际需要，本系统构建全面、高效的风险管理功能体系，核心功能包括：风险指标管理（KRI）、损失事件2风险管理产品管理（LDC）、操作风险控制与自评估（RCSA）、风险综合评级（IRR）、分类监管评级、SARMRA 自评估管理、制度库管理、问题整改、报表报告、驾驶舱等。,300996.SZ,3,报告页码,产品/方案名称,正文,300996.SZ_普联软件_2025_管理层讨论与分析.pdf
MDAF0003516,普联软件,业务概要,13,尤其在金融保险行业，通过多年积累，已形成偿付能力、风险管理、资产负债管理等多个具备明显领先优势的产品。,300996.SZ,3,报告页码,3、XBRL 金融保险主要产品,正文,300996.SZ_普联软件_2025_管理层讨论与分析.pdf
MDAF0003517,普联软件,业务概要,13,序号主要功能根据偿付能力监管政策要求，构建集采集、校验、计量、报送、分析、预警于一体的偿付能力信息管理体系，全面支撑保险公司偿二代合规报送与精细化管理需求。,300996.SZ,3,报告页码,产品/方案名称,正文,300996.SZ_普联软件_2025_管理层讨论与分析.pdf
MDAF0003518,普联软件,业务概要,13,应用物联网、大数据、智能化、BIM 等信息技术，融合设备业务管理与运行数据，打造自主、安全、完整、可持续演进的智慧化设备资产管理系统，聚焦设备完整性业务管理全过程，强化设备状态感知，搭建设备健康评估模型，运用大数据技术辅助预测设备故障，推进设备数智化场景应用，助力设备管理持续改进，构建设备管理智能服务和数智化新生态。,300996.SZ,3,报告页码,（3）信创EAM,正文,300996.SZ_普联软件_2025_管理层讨论与分析.pdf
MDAF0003519,普联软件,业务概要,13,核心功能包括：基础数据与穿透数据的统一采集、自动计算与合规校验；集中度风险、市场风险、信用风险、保险风险等最低资本模型的精准计量；文本信息采集与监管报表1偿付能力管理产品报告自动生成；系统内置监管校验规则，支持一键导出符合监管要求的Word 报告及实例文档。,300996.SZ,3,报告页码,产品/方案名称,正文,300996.SZ_普联软件_2025_管理层讨论与分析.pdf
MDAF0003520,普联软件,业务概要,13,该系统基于XBRL 数4数据分析系统据格式规范进行分析，充分利用XBRL 数据颗粒化、标准化、计算机可读的特点进行数据灵活分析应用。,300996.SZ,3,报告页码,产品/方案名称,正文,300996.SZ_普联软件_2025_管理层讨论与分析.pdf
MDAF0003521,普联软件,业务概要,14,包括采购管理、销售管理、库存管理三部分，其中采购管理包括采购策划管理、采购需求管理、采购订单管理、采购到货管理、采购结算对账、供应链风险处置、供应商2供应链管理管理、评审专家管理；销售管理包括需求与计划管理、销售价格管理、销售订单、交货管理、销售结算、售后服务、客户管理；库存管理包括入库管理、出库管理、调拨转储、库存信息与处置、盘点管理、库存配置等。,300996.SZ,4,报告页码,产品/方案名称,正文,300996.SZ_普联软件_2025_管理层讨论与分析.pdf
MDAF0003522,普联软件,业务概要,14,序号主要功能融合行业安全管理规范，打造全级次、全场景的安全管理体系，实现对重大危险源、安全检查、隐患排查治理、危大工程、危险作业、安全教育、应急管理等全业务横向1智慧安全监管到边、从集团到生产一线全员全覆盖纵向到底的管理模式，充分利用物联网、流媒体等技术对人的不安全行为、物的不安全状态和环境的不安全因素进行24 小时监测及预警，有效降低风险、消除隐患，提升企业安全监管效率。,300996.SZ,4,报告页码,产品/方案名称,正文,300996.SZ_普联软件_2025_管理层讨论与分析.pdf
MDAF0003523,普联软件,业务概要,14,涵盖模型管理、数据维护、协同管理、版本管理、质量管理、数据安全、流程管理、3主数据管理集成管理及查询分析等核心功能，实现对组织、人员、客户、供应商、物料等企业核心主数据的全生命周期管理。,300996.SZ,4,报告页码,产品/方案名称,正文,300996.SZ_普联软件_2025_管理层讨论与分析.pdf
MDAF0003524,普联软件,核心竞争力,21,中央企业和大型集团企业客户信誉度高，业务抗风险能力较强，公司合同取得具有良好的稳定性和持续性。,300996.SZ,11,报告页码,（一）行业高端市场优势,正文,300996.SZ_普联软件_2025_管理层讨论与分析.pdf
MDAF0003525,普联软件,核心竞争力,21,公司多年聚焦大型集团客户，为中国石油、中国石化、中国海油、国家管网、中国建筑、中国中化、中国中铁等大型央企客户提供长期服务，凭借技术优势和高水平服务建立了长期合作关系，业务领域不断拓展。,300996.SZ,11,报告页码,（一）行业高端市场优势,正文,300996.SZ_普联软件_2025_管理层讨论与分析.pdf
MDAF0003526,普联软件,核心竞争力,21,公司战略客户业务拓展模式比较成熟，在信息系统建设阶段主要取得定制开发项目收入，进入正常运行阶段通过运维服务取得服务收入，并在服务过程中收集挖掘业务需求，跟踪技术发展和管理新需求，获取新的定制开发机会，通过持续为客户提供优质服务，保持较好的业务连续性和稳定性。,300996.SZ,11,报告页码,（一）行业高端市场优势,正文,300996.SZ_普联软件_2025_管理层讨论与分析.pdf
MDAF0003527,普联软件,核心竞争力,22,人力资源管理方面，公司以优先保证项目高质量交付为目标，建立了公司层面人力资源快速调剂、专家资源高度共享的机制，鼓励资源统筹共享，保障项目资源及时投入。,300996.SZ,12,报告页码,（二）高质量交付优势,正文,300996.SZ_普联软件_2025_管理层讨论与分析.pdf
MDAF0003528,普联软件,核心竞争力,22,借助在多家央企客户司库系统建设经验和长期的产品积累，对标国资委关于中央企业加强司库体系建设的要求，通过持续优化迭代，司库系统产品成熟度、适用性均具备领先优势，具有较强的市场竞争力。,300996.SZ,12,报告页码,（三）产品差异化竞争优势,正文,300996.SZ_普联软件_2025_管理层讨论与分析.pdf
MDAF0003529,普联软件,核心竞争力,22,公司XBRL 相关系统及产品，已经应用到国家金融监督管理总局、中证信息、中央结算公司、期货市场监管中心、全国股转公司、多家保险公司和商业银行。,300996.SZ,12,报告页码,（三）产品差异化竞争优势,正文,300996.SZ_普联软件_2025_管理层讨论与分析.pdf
MDAF0003530,普联软件,核心竞争力,22,公司聚焦优势业务深入耕耘，相关产品和解决方案在技术应用、软件功能、业务模式融合等方面不断创新和突破，形成了细分业务领域标杆客户群，在市场竞争中具有明显的差异化优势。,300996.SZ,12,报告页码,（三）产品差异化竞争优势,正文,300996.SZ_普联软件_2025_管理层讨论与分析.pdf
MDAF0003531,普联软件,核心竞争力,22,公司聚焦央企和大型集团企业客户的标杆效应明显，其管理实践经验、解决方案已成为行业对标学习的对象，也为公司带来了更多的市场机会和优质客户，目前公司央企客户数量已近三十家。,300996.SZ,12,报告页码,（一）行业高端市场优势,正文,300996.SZ_普联软件_2025_管理层讨论与分析.pdf
MDAF0003532,普联软件,核心竞争力,22,公司聚焦战略客户服务，经过二十多年的实践，从组织、流程、研发、人力资源管理等多方面，以客户需求为导向，形成了支撑高质量交付的战略客户服务体系，为公司高质量经营奠定了稳固基础。,300996.SZ,12,报告页码,（二）高质量交付优势,正文,300996.SZ_普联软件_2025_管理层讨论与分析.pdf
MDAF0003533,普联软件,核心竞争力,22,其中，集团财务管理系统是国内较早实现“全球一套账”模式的集团财务系统，并认定为山东省首版次高端软件。,300996.SZ,12,报告页码,（三）产品差异化竞争优势,正文,300996.SZ_普联软件_2025_管理层讨论与分析.pdf
MDAF0003534,普联软件,核心竞争力,22,在XBRL 数据应用领域，公司是国内较早全面研究掌握XBRL 标准体系及关键技术的软件厂商，是财政部通用分类标准实施技术支持单位，也是XBRL 软件产品较早通过XBRL 软件认证技术委员会认证的单位之一。,300996.SZ,12,报告页码,（三）产品差异化竞争优势,正文,300996.SZ_普联软件_2025_管理层讨论与分析.pdf
MDAF0003535,普联软件,核心竞争力,22,在央企集团、省属国企集团、行业龙头企业都拥有较多的成功标杆项目，享有较高的市场知名度。,300996.SZ,12,报告页码,（三）产品差异化竞争优势,正文,300996.SZ_普联软件_2025_管理层讨论与分析.pdf
MDAF0003536,普联软件,核心竞争力,22,在智能财务共享领域，公司拥有财务共享服务完整解决方案和成熟的软件产品，功能囊括了共享运营、费控平台、报账平台、业财中台、智慧税务、收入结算、智能稽核、电子档案、会计引擎、RPA、智能助手等。,300996.SZ,12,报告页码,（三）产品差异化竞争优势,正文,300996.SZ_普联软件_2025_管理层讨论与分析.pdf
MDAF0003537,普联软件,核心竞争力,22,在集团司库领域，公司拥有丰富的资金集中管理和境内外主要商业银行直联经验，香港团队具备国际化服务优势。,300996.SZ,12,报告页码,（三）产品差异化竞争优势,正文,300996.SZ_普联软件_2025_管理层讨论与分析.pdf
MDAF0003538,普联软件,核心竞争力,22,在集团管控领域，公司拥有自主知识产权的集团管控软件系列产品，产品均基于公司统一的核心业务架构体系设计，构成了面向复杂架构的集团企业管理信息化解决方案。,300996.SZ,12,报告页码,（三）产品差异化竞争优势,正文,300996.SZ_普联软件_2025_管理层讨论与分析.pdf
MDAF0003539,普联软件,核心竞争力,22,战略客户交付团队稳定，对行业、客户需求深度理解，保证了解决方案高适配、工作高效率、沟通无障碍。,300996.SZ,12,报告页码,（二）高质量交付优势,正文,300996.SZ_普联软件_2025_管理层讨论与分析.pdf
MDAF0003540,普联软件,核心竞争力,22,流程方面，以客户项目为管理单元，以项目管理流程为驱动，增加预算、进度、交付成果、客户满意度等内控管理点，落实项目经理管理职责，把交付质量作为项目经理考核的核心指标。,300996.SZ,12,报告页码,（二）高质量交付优势,正文,300996.SZ_普联软件_2025_管理层讨论与分析.pdf
MDAF0003541,普联软件,核心竞争力,22,目前，三十余家包括央企集团和行业龙头企业在内的企业集团已经成为公司司库管理系统的客户。,300996.SZ,12,报告页码,（三）产品差异化竞争优势,正文,300996.SZ_普联软件_2025_管理层讨论与分析.pdf
MDAF0003542,普联软件,核心竞争力,22,研发方面，建立了“平台研发+产品研发+项目研发”三位一体的研发模式，通过技术平台的持续创新和迭代保证基线交付质量，通过持续满足客户需求研发领先产品，通过专职团队提高开发服务的效率和质量。,300996.SZ,12,报告页码,（二）高质量交付优势,正文,300996.SZ_普联软件_2025_管理层讨论与分析.pdf
MDAF0003543,普联软件,核心竞争力,22,组织方面，公司面向战略客户设立服务团队，提供专职、现场服务。,300996.SZ,12,报告页码,（二）高质量交付优势,正文,300996.SZ_普联软件_2025_管理层讨论与分析.pdf
MDAF0003544,普联软件,核心竞争力,23,产品交互逻辑深度兼容Oracle EBS，贴合用户原有使用习惯，可实现零障碍迁移；支持系统无感切换，确保上下游接口稳定、核心业务运行不间断；提供历史数据一键迁移与自动核对能力，保障数据平稳迁移、完整衔接；依托分布式并行、内存计算等技术，实现亿级数据小时级处理与报表查询秒级响应，确保系统高可用、高稳定。,300996.SZ,13,报告页码,（三）产品差异化竞争优势,正文,300996.SZ_普联软件_2025_管理层讨论与分析.pdf
MDAF0003545,普联软件,核心竞争力,23,产品在实现Oracle EBS 平滑替代的基础上，进一步开展应用创新，支撑企业财务管理效率与管控能力提升。,300996.SZ,13,报告页码,（三）产品差异化竞争优势,正文,300996.SZ_普联软件_2025_管理层讨论与分析.pdf
MDAF0003546,普联软件,核心竞争力,23,公司具有较完善的研发机构、研发投入机制、创新基础设施及创新制度体系，研发投入持续加大，研发投入占营业收入比重处于行业中上水平，在所从事的业务领域具备持续创新能力。,300996.SZ,13,报告页码,（四）研发与技术优势,正文,300996.SZ_普联软件_2025_管理层讨论与分析.pdf
MDAF0003547,普联软件,核心竞争力,23,公司是山东省企业移动计算工程技术研究中心和山东省软件工程技术中心依托单位，按照应用研究和技术研究并重的研发策略，与山东大学、山东师范大学等高校建立了紧密的产学研合作关系，开展移动计算、大数据、区块链、人工智能等技术应用研究，共同承担了多项省级科研课题，公司的技术实力及创新能力得到持续提升。,300996.SZ,13,报告页码,（四）研发与技术优势,正文,300996.SZ_普联软件_2025_管理层讨论与分析.pdf
MDAF0003548,普联软件,核心竞争力,23,公司高度重视研发团队建设，组建了具有丰富行业经验和较高技术水平的研发团队，推动公司技术平台能力提升和产品研发工作；公司密切关注前沿技术动态，始终紧跟技术发展趋势，深入研究云计算、大数据、物联网、人工智能、区块链等新一代信息技术，公司拥有以“云湖开发平台”“信创ERP”为核心的自主知识产权技术平台及业务模型库，并在项目交付、产品研发过程中持续积累增强，形成了符合公司业务特点的核心技术架构及软件开发体系。,300996.SZ,13,报告页码,（四）研发与技术优势,正文,300996.SZ_普联软件_2025_管理层讨论与分析.pdf
MDAF0003549,普联软件,核心竞争力,23,在信创ERP 领域，公司总账产品凭借成熟可靠的国产化替代方案，有效降低Oracle EBS 替换难度与实施风险。,300996.SZ,13,报告页码,（三）产品差异化竞争优势,正文,300996.SZ_普联软件_2025_管理层讨论与分析.pdf
MDAF0003550,普联软件,研发投入,28,主要研发项目名称：国产ERP 功能扩展建设项目。,300996.SZ,18,报告页码,,表格行,300996.SZ_普联软件_2025_管理层讨论与分析.pdf
MDAF0003551,普联软件,研发投入,28,拟达到的目标：总账核心系统性能优化，拓展适配金融行业，新增机构撤并、 增强日余额体系和结账管理功能等，多方面进行性能优化；新增供应链管理模块， 实现采购、销售、库。,300996.SZ,18,报告页码,,表格行,300996.SZ_普联软件_2025_管理层讨论与分析.pdf
MDAF0003552,普联软件,研发投入,28,拟达到的目标：支持国产操作系统、数据库、技术框架适配。,300996.SZ,18,报告页码,,表格行,300996.SZ_普联软件_2025_管理层讨论与分析.pdf
MDAF0003553,普联软件,研发投入,28,拟达到的目标：有效强化大型集团化企业、金融保险行业适配能力，全面提升系统高并发处理与国产化兼容水平。,300996.SZ,18,报告页码,,表格行,300996.SZ_普联软件_2025_管理层讨论与分析.pdf
MDAF0003554,普联软件,研发投入,28,项目目的：在现有面向通用行业的集团管控类产品的基础上，进行性能升级和功能扩展以补足在细分场景的适配短板，更好满足信创替代需求。,300996.SZ,18,报告页码,,表格行,300996.SZ_普联软件_2025_管理层讨论与分析.pdf
MDAF0003555,普联软件,研发投入,28,项目进展：完成市场研究、业务研究、技术研究工作，整体进入开发阶段，总账模块、资产模块、报表模块、采购管理、销售管理、 库存管理、存货核算、主数据管理等相关模块功能持续发版迭代。,300996.SZ,18,报告页码,,表格行,300996.SZ_普联软件_2025_管理层讨论与分析.pdf
MDAF0003556,普联软件,研发投入,28,预计对公司未来发展的影响：进一步夯实公司ERP 产品在集团财务、资产管理、行业化报表、信创供应链等领域的核心竞争力，为大型企业数字化转型与国产化替代提供更成熟的解决方案。,300996.SZ,18,报告页码,,表格行,300996.SZ_普联软件_2025_管理层讨论与分析.pdf
MDAF0003557,普联软件,研发投入,28,适用。,300996.SZ,18,报告页码,,选项,300996.SZ_普联软件_2025_管理层讨论与分析.pdf
MDAF0003558,普联软件,研发投入,29,主要研发项目名称：EAM 产品研发项目。,300996.SZ,19,报告页码,,表格行,300996.SZ_普联软件_2025_管理层讨论与分析.pdf
MDAF0003559,普联软件,研发投入,29,主要研发项目名称：云湖平台研发升级项目。,300996.SZ,19,报告页码,,表格行,300996.SZ_普联软件_2025_管理层讨论与分析.pdf
MDAF0003560,普联软件,研发投入,29,主要研发项目名称：共享服务产品数智化提升研发项目。,300996.SZ,19,报告页码,,表格行,300996.SZ_普联软件_2025_管理层讨论与分析.pdf
MDAF0003561,普联软件,研发投入,29,主要研发项目名称：数智化金融风险管控系列产品建设项目。,300996.SZ,19,报告页码,,表格行,300996.SZ_普联软件_2025_管理层讨论与分析.pdf
MDAF0003562,普联软件,研发投入,29,以设备为核心，基于设备全生命周期管理理念，实现从购置登记、运行、维护、报废等设备全生命周期管理，以信息技术为支撑，通过集成物联。,300996.SZ,19,报告页码,,表格行,300996.SZ_普联软件_2025_管理层讨论与分析.pdf
MDAF0003563,普联软件,研发投入,29,优化提升基于大模型的智能体开发平台、 新增面向优势业务领域的预测优化大模型、提升应用开发平台业务组装和信创化能力，支持混合开发模式，新增基于信创技术的企业级融合集成平台、优化提升基于信创技术的企业级流程引擎智能化产品化能力、优化提升 RPA 机器人运营管理平台智能化信创化能力、新增财务数字要素模型驱动引擎。,300996.SZ,19,报告页码,,表格行,300996.SZ_普联软件_2025_管理层讨论与分析.pdf
MDAF0003564,普联软件,研发投入,29,升级和拓展公司现有 XBRL 应用产品及方案，具体包括风险合规内控智能化管理产品和统一数据报送管理产品，主要面向保险、银行等行业的金融监管数智化转型， 以满足最新监管政策要求。,300996.SZ,19,报告页码,,表格行,300996.SZ_普联软件_2025_管理层讨论与分析.pdf
MDAF0003565,普联软件,研发投入,29,通过深度融合人工智能、机器学习、大数据分析等新一代信息技术，构建智能化填单模式、全流程智能化审批体系、自动化业财核算规则、一体化财务数据智能分析平台，实现从流程自动化向决策智能化转型，全面提升财务共享服务产品的数智化能力。,300996.SZ,19,报告页码,,表格行,300996.SZ_普联软件_2025_管理层讨论与分析.pdf
MDAF0003566,普联软件,研发投入,29,项目目的：借助AI 大模型，在现有产品基础上新增智能采集、 智能问答、智能分析、模型预测等方面功能。,300996.SZ,19,报告页码,,表格行,300996.SZ_普联软件_2025_管理层讨论与分析.pdf
MDAF0003567,普联软件,研发投入,29,项目目的：基于信创技术和以大模型为代表的人工智能技术，对现有平台进行智能化升级，强化平台现有技术能力，提供深化的行业解决方案。,300996.SZ,19,报告页码,,表格行,300996.SZ_普联软件_2025_管理层讨论与分析.pdf
MDAF0003568,普联软件,研发投入,29,项目目的：根据最新出台的监管规则要求，优化和新增产品功能。,300996.SZ,19,报告页码,,表格行,300996.SZ_普联软件_2025_管理层讨论与分析.pdf
MDAF0003569,普联软件,研发投入,29,项目目的：研发全面符合国产信创要求的智慧设备管理应用产品及解决方案。,300996.SZ,19,报告页码,,表格行,300996.SZ_普联软件_2025_管理层讨论与分析.pdf
MDAF0003570,普联软件,研发投入,29,项目目的：结合AI 大模型，提升产品智能化水平。,300996.SZ,19,报告页码,,表格行,300996.SZ_普联软件_2025_管理层讨论与分析.pdf
MDAF0003571,普联软件,研发投入,29,项目目的：通过引入人工智能、 大数据、机器学习等前沿技术，研发“业财资税档一体化”模式下财务共享服务数智化产品及解决方案。,300996.SZ,19,报告页码,,表格行,300996.SZ_普联软件_2025_管理层讨论与分析.pdf
MDAF0003572,普联软件,研发投入,29,项目进展：完成市场研究、业务研究、技术研究工作，整体进入开发阶段，完成费用报销智能填单、总账报账核算规则智能化，基于规则引擎与机器学习，搭建智能稽核中心，实现预算管控、 合同管控、大额支付等核心场景的自动审核与风险智能预警。,300996.SZ,19,报告页码,,表格行,300996.SZ_普联软件_2025_管理层讨论与分析.pdf
MDAF0003573,普联软件,研发投入,29,项目进展：完成市场研究、业务研究、技术研究工作，整体进入开发阶段，智能体开发平台、面向优势业务领域的预测优化大模型、开发平台组装化与信创化、企业级融合集成平台、企业级流程引擎智能化与信创化、RPA 机器人运营管理平台智能化与信创化、数字要素模型驱动引擎等相关模块功能持续发版迭代，部分功能已在项目交付中进行验证。,300996.SZ,19,报告页码,,表格行,300996.SZ_普联软件_2025_管理层讨论与分析.pdf
MDAF0003574,普联软件,研发投入,29,项目进展：完成市场研究、业务研究、技术研究工作，整体进入开发阶段，监管处罚信息提取实现对监管行政处罚决定书的自动抓取、关键信息的精准提取；制度知识库实现企业内部制度的结构化录入和分类归档，可通过AI 算法实现对制度内容的快速检索，智能采集、智能问答、智能分析、 模型预测等功能持续发版迭代。,300996.SZ,19,报告页码,,表格行,300996.SZ_普联软件_2025_管理层讨论与分析.pdf
MDAF0003575,普联软件,研发投入,29,项目进展：持续深化设备全生命周期相关业务功能， 涵盖工作票、操作票、NFC 点巡检、交接班管理、业务看板、设备画像、设备标准库等模块；聚焦。,300996.SZ,19,报告页码,,表格行,300996.SZ_普联软件_2025_管理层讨论与分析.pdf
MDAF0003576,普联软件,研发投入,29,预计对公司未来发展的影响：产品研发、技术创新及平台支撑能力得到明显提升。,300996.SZ,19,报告页码,,表格行,300996.SZ_普联软件_2025_管理层讨论与分析.pdf
MDAF0003577,普联软件,研发投入,29,预计对公司未来发展的影响：公司技术平台将得到进一步优化和提升， 公司的产品交付效率和研发效率进一步提高。,300996.SZ,19,报告页码,,表格行,300996.SZ_普联软件_2025_管理层讨论与分析.pdf
MDAF0003578,普联软件,研发投入,29,预计对公司未来发展的影响：扩大设备管理信息化市场，提高市场竞争力，实现收入规模持续提升。,300996.SZ,19,报告页码,,表格行,300996.SZ_普联软件_2025_管理层讨论与分析.pdf
MDAF0003579,普联软件,研发投入,29,预计对公司未来发展的影响：抢占金融机构系统技术改造市场，实现公司未来收入增长。,300996.SZ,19,报告页码,,表格行,300996.SZ_普联软件_2025_管理层讨论与分析.pdf
MDAF0003580,普联软件,研发投入,29,预计对公司未来发展的影响：提高共享服务产品市场竞争力，巩固优势行业地位，扩大优势业务规模，拓展更多行业集团客户。,300996.SZ,19,报告页码,,表格行,300996.SZ_普联软件_2025_管理层讨论与分析.pdf
MDAF0003581,普联软件,研发投入,30,"2024年：1,264。",300996.SZ,20,报告页码,,表格行,300996.SZ_普联软件_2025_管理层讨论与分析.pdf
MDAF0003582,普联软件,研发投入,30,"2024年：1,473。",300996.SZ,20,报告页码,,表格行,300996.SZ_普联软件_2025_管理层讨论与分析.pdf
MDAF0003583,普联软件,研发投入,30,2024年：186。,300996.SZ,20,报告页码,,表格行,300996.SZ_普联软件_2025_管理层讨论与分析.pdf
MDAF0003584,普联软件,研发投入,30,2024年：23。,300996.SZ,20,报告页码,,表格行,300996.SZ_普联软件_2025_管理层讨论与分析.pdf
MDAF0003585,普联软件,研发投入,30,2024年：54.47%。,300996.SZ,20,报告页码,,表格行,300996.SZ_普联软件_2025_管理层讨论与分析.pdf
MDAF0003586,普联软件,研发投入,30,2024年：575。,300996.SZ,20,报告页码,,表格行,300996.SZ_普联软件_2025_管理层讨论与分析.pdf
MDAF0003587,普联软件,研发投入,30,2024年：810。,300996.SZ,20,报告页码,,表格行,300996.SZ_普联软件_2025_管理层讨论与分析.pdf
MDAF0003588,普联软件,研发投入,30,2024年：88。,300996.SZ,20,报告页码,,表格行,300996.SZ_普联软件_2025_管理层讨论与分析.pdf
MDAF0003589,普联软件,研发投入,30,"2025年：1,230。",300996.SZ,20,报告页码,,表格行,300996.SZ_普联软件_2025_管理层讨论与分析.pdf
MDAF0003590,普联软件,研发投入,30,"2025年：1,420。",300996.SZ,20,报告页码,,表格行,300996.SZ_普联软件_2025_管理层讨论与分析.pdf
MDAF0003591,普联软件,研发投入,30,2025年：114。,300996.SZ,20,报告页码,,表格行,300996.SZ_普联软件_2025_管理层讨论与分析.pdf
MDAF0003592,普联软件,研发投入,30,2025年：161。,300996.SZ,20,报告页码,,表格行,300996.SZ_普联软件_2025_管理层讨论与分析.pdf
MDAF0003593,普联软件,研发投入,30,2025年：29。,300996.SZ,20,报告页码,,表格行,300996.SZ_普联软件_2025_管理层讨论与分析.pdf
MDAF0003594,普联软件,研发投入,30,2025年：30 岁以下。,300996.SZ,20,报告页码,,表格行,300996.SZ_普联软件_2025_管理层讨论与分析.pdf
MDAF0003595,普联软件,研发投入,30,2025年：30~40 岁。,300996.SZ,20,报告页码,,表格行,300996.SZ_普联软件_2025_管理层讨论与分析.pdf
MDAF0003596,普联软件,研发投入,30,2025年：40 岁以上。,300996.SZ,20,报告页码,,表格行,300996.SZ_普联软件_2025_管理层讨论与分析.pdf
MDAF0003597,普联软件,研发投入,30,2025年：51.15%。,300996.SZ,20,报告页码,,表格行,300996.SZ_普联软件_2025_管理层讨论与分析.pdf
MDAF0003598,普联软件,研发投入,30,2025年：636。,300996.SZ,20,报告页码,,表格行,300996.SZ_普联软件_2025_管理层讨论与分析.pdf
MDAF0003599,普联软件,研发投入,30,2025年：670。,300996.SZ,20,报告页码,,表格行,300996.SZ_普联软件_2025_管理层讨论与分析.pdf
MDAF0003600,普联软件,研发投入,30,2025年：本科。,300996.SZ,20,报告页码,,表格行,300996.SZ_普联软件_2025_管理层讨论与分析.pdf
MDAF0003601,普联软件,研发投入,30,2025年：本科以下。,300996.SZ,20,报告页码,,表格行,300996.SZ_普联软件_2025_管理层讨论与分析.pdf
MDAF0003602,普联软件,研发投入,30,2025年：研发人员学历。,300996.SZ,20,报告页码,,表格行,300996.SZ_普联软件_2025_管理层讨论与分析.pdf
MDAF0003603,普联软件,研发投入,30,2025年：研发人员年龄构成。,300996.SZ,20,报告页码,,表格行,300996.SZ_普联软件_2025_管理层讨论与分析.pdf
MDAF0003604,普联软件,研发投入,30,2025年：研发人员数量占比。,300996.SZ,20,报告页码,,表格行,300996.SZ_普联软件_2025_管理层讨论与分析.pdf
MDAF0003605,普联软件,研发投入,30,2025年：研发人员数量（人）。,300996.SZ,20,报告页码,,表格行,300996.SZ_普联软件_2025_管理层讨论与分析.pdf
MDAF0003606,普联软件,研发投入,30,2025年：硕士。,300996.SZ,20,报告页码,,表格行,300996.SZ_普联软件_2025_管理层讨论与分析.pdf
MDAF0003607,普联软件,研发投入,30,变动比例：-13.44%。,300996.SZ,20,报告页码,,表格行,300996.SZ_普联软件_2025_管理层讨论与分析.pdf
MDAF0003608,普联软件,研发投入,30,变动比例：-17.28%。,300996.SZ,20,报告页码,,表格行,300996.SZ_普联软件_2025_管理层讨论与分析.pdf
MDAF0003609,普联软件,研发投入,30,变动比例：-2.69%。,300996.SZ,20,报告页码,,表格行,300996.SZ_普联软件_2025_管理层讨论与分析.pdf
MDAF0003610,普联软件,研发投入,30,变动比例：-3.32%。,300996.SZ,20,报告页码,,表格行,300996.SZ_普联软件_2025_管理层讨论与分析.pdf
MDAF0003611,普联软件,研发投入,30,变动比例：-3.60%。,300996.SZ,20,报告页码,,表格行,300996.SZ_普联软件_2025_管理层讨论与分析.pdf
MDAF0003612,普联软件,研发投入,30,变动比例：10.61%。,300996.SZ,20,报告页码,,表格行,300996.SZ_普联软件_2025_管理层讨论与分析.pdf
MDAF0003613,普联软件,研发投入,30,变动比例：26.09%。,300996.SZ,20,报告页码,,表格行,300996.SZ_普联软件_2025_管理层讨论与分析.pdf
MDAF0003614,普联软件,研发投入,30,变动比例：29.55%。,300996.SZ,20,报告页码,,表格行,300996.SZ_普联软件_2025_管理层讨论与分析.pdf
MDAF0003615,湘财股份,业务概要,10,公司主营业务以证券服务业为主，其经营主体为公司全资子公司湘财证券，证券业务是为各类投资者提供专业证券服务和金融产品服务，经营范围包括：证券经纪；证券投资咨询；与证券交易、证券投资活动有关的财务顾问；证券承销与保荐；证券自营；证券资产管理；证券投资基金代销；融资融券业务；代销金融产品业务。,600095.SH,1,报告页码,,正文,600095.SH_湘财股份_2025_管理层讨论与分析.pdf
MDAF0003616,湘财股份,业务概要,10,公司其它业务板块包括食品加工、防水卷材、贸易等实业板块及投资板块。,600095.SH,1,报告页码,,正文,600095.SH_湘财股份_2025_管理层讨论与分析.pdf
MDAF0003617,湘财股份,业务概要,10,详见本节“三、经营情况讨论与分析”。,600095.SH,1,报告页码,,正文,600095.SH_湘财股份_2025_管理层讨论与分析.pdf
MDAF0003618,湘财股份,业务概要,10,不适用。,600095.SH,1,报告页码,,选项,600095.SH_湘财股份_2025_管理层讨论与分析.pdf
MDAF0003619,湘财股份,核心竞争力,14,2020年6月，公司完成重大资产重组，通过发行股份购买资产方式收购湘财证券股权，公司主营业务变更为证券服务业。,600095.SH,5,报告页码,,正文,600095.SH_湘财股份_2025_管理层讨论与分析.pdf
MDAF0003620,湘财股份,核心竞争力,14,公司全资子公司湘财证券经过多年发展，坚持以客户为中心的服务体系建设，强化各类业务的协同发展，突出金融科技在业务转型中的战略定位，加强信息技术发展的前瞻性和系统性规划。,600095.SH,5,报告页码,,正文,600095.SH_湘财股份_2025_管理层讨论与分析.pdf
MDAF0003621,湘财股份,核心竞争力,14,公司在市场中的竞争优势主要体现在：,600095.SH,5,报告页码,,正文,600095.SH_湘财股份_2025_管理层讨论与分析.pdf
MDAF0003622,湘财股份,核心竞争力,14,公司根据业务需要持续扩大对信息技术建设的投入和支持力度，在金融科技与业务协同发展方面有较好的基础。,600095.SH,5,报告页码,（三）具有金融科技基因和部分先发优势，与业务深度融合,正文,600095.SH_湘财股份_2025_管理层讨论与分析.pdf
MDAF0003623,湘财股份,核心竞争力,14,公司经纪业务条线分支机构经过多年布局，区域布局基本合理，获客能力较强，依托公司业务协同体系，湘财证券分支机构能够为客户提供全方位的综合金融服务，具备较高的客户资源开发能力以及专业综合服务能力。,600095.SH,5,报告页码,（二）财富管理客户基础扎实、网点布局相对合理,正文,600095.SH_湘财股份_2025_管理层讨论与分析.pdf
MDAF0003624,湘财股份,核心竞争力,14,另一方面，公司股东及实际控制人具有一定金融科技、银行期货等其他金融板块的资源优势，为湘财证券战略发展提供助力。,600095.SH,5,报告页码,（五）便捷利用资本市场，支持公司做大做强,正文,600095.SH_湘财股份_2025_管理层讨论与分析.pdf
MDAF0003625,湘财股份,核心竞争力,14,多年来，湘财证券一直将互联网金融和金融科技视作推动公司业务发展的重要引擎，并作为打造公司特色业务优势的重要手段。,600095.SH,5,报告页码,（三）具有金融科技基因和部分先发优势，与业务深度融合,正文,600095.SH_湘财股份_2025_管理层讨论与分析.pdf
MDAF0003626,湘财股份,核心竞争力,14,报告期内，湘财证券依靠市场化的运作方式，业务规模和竞争实力稳步提升，在市场中树立了有一定影响力的企业品牌，形成了具有自身特色和竞争力的业务发展模式。,600095.SH,5,报告页码,,正文,600095.SH_湘财股份_2025_管理层讨论与分析.pdf
MDAF0003627,湘财股份,核心竞争力,14,湘财股份于1997年在上海证券交易所上市。,600095.SH,5,报告页码,,正文,600095.SH_湘财股份_2025_管理层讨论与分析.pdf
MDAF0003628,湘财股份,核心竞争力,14,湘财股份作为湘财证券母公司，一方面湘财股份充分发挥上市公司平台优势增强资本实力，持续推动构建符合湘财证券实际需要的长效激励约束机制，并积极发挥上市公司平台便利引进优质战略合作伙伴、赋能证券业务。,600095.SH,5,报告页码,（五）便捷利用资本市场，支持公司做大做强,正文,600095.SH_湘财股份_2025_管理层讨论与分析.pdf
MDAF0003629,湘财股份,核心竞争力,14,湘财证券业务资质齐全，其中经纪、信用交易、财富管理、投资银行、资产管理等业务板块形成了较为成熟的经营思路和盈利模式；拥有如股权激励行权融资业务资格等牌照，并构建了包括证券、基金管理、另类投资等在内的综合性证券金融服务体系；各类业务的客户服务体系日益成熟，为打造全方位的综合金融服务平台奠定了良好基础。,600095.SH,5,报告页码,（一）业务资质齐全，具备综合金融服务能力和品牌积淀,正文,600095.SH_湘财股份_2025_管理层讨论与分析.pdf
MDAF0003630,湘财股份,核心竞争力,14,湘财证券于1999年获得中国证监会批准，成为首批全国性综合类证券公司，并创造了多项资本市场第一的纪录，在市场中树立了具有一定影响力的企业品牌。,600095.SH,5,报告页码,（一）业务资质齐全，具备综合金融服务能力和品牌积淀,正文,600095.SH_湘财股份_2025_管理层讨论与分析.pdf
MDAF0003631,湘财股份,核心竞争力,14,湘财证券作为民营券商，在符合监管要求前提下，设置了更为市场化、长短结合的高效激励机制和强有力的约束机制，树立奋发有为的文化氛围和优胜劣汰的竞争环境，提升对优秀团队和人才吸引力，保持队伍竞争力，从而推动业务健康发展；在内部管理上，湘财证券设置了更贴合市场的高效管理机制，更易形成业务导向的快速反应和灵活便捷的管理服务机制。,600095.SH,5,报告页码,（四）具有市场化、高效率的机制优势和创新条件,正文,600095.SH_湘财股份_2025_管理层讨论与分析.pdf
MDAF0003632,湘财股份,核心竞争力,14,经过三十多年的积累和沉淀，湘财证券经纪业务拥有庞大存量客户资源，为公司财富管理业务开展奠定了坚实基础，同时也是挖掘客户潜在多样需求、创新业务、提高服务能力的源动力。,600095.SH,5,报告页码,（二）财富管理客户基础扎实、网点布局相对合理,正文,600095.SH_湘财股份_2025_管理层讨论与分析.pdf
MDAF0003633,湘财股份,核心竞争力,14,随着客户结构的优化，也为公司探索开展各类新型业务提供了条件。,600095.SH,5,报告页码,（二）财富管理客户基础扎实、网点布局相对合理,正文,600095.SH_湘财股份_2025_管理层讨论与分析.pdf
MDAF0003634,湘财股份,核心竞争力,14,首先，湘财证券与互联网服务机构以及众多领先金融科技企业保持持续紧密的战略合作，积累了大量成功合作经验；其次，公司紧跟互联网金融前沿态势，积极寻求业务突破方向；同时，湘财证券建立了较为完善的信息技术治理体系，信息技术团队成熟稳定，科技能力不断提升，在基础设施建设、运维与保障、项目建设、数据治理、应用开发、测试管理、安全管理等方面能为公司战略转型和业务发展提供服务支撑；最后，湘财证券具有科技协同业务创新的历史传承，通过长期建设和运营实践，在关键技术应用、业务流程管理、客户市场开拓、团队文化建设等方面拥有丰厚积淀，通过各类信息技术项目的建设，提升了公司业务利用互联网平台与数据分析、智能化服务的能力。,600095.SH,5,报告页码,（三）具有金融科技基因和部分先发优势，与业务深度融合,正文,600095.SH_湘财股份_2025_管理层讨论与分析.pdf
MDAF0003635,湘财股份,核心竞争力,14,适用。,600095.SH,5,报告页码,,选项,600095.SH_湘财股份_2025_管理层讨论与分析.pdf
MDAF0003636,湘财股份,研发投入,22,适用。,600095.SH,13,报告页码,(1).研发投入情况表,选项,600095.SH_湘财股份_2025_管理层讨论与分析.pdf
MDAF0003637,湘财股份,研发投入,23,0.00：0.04。,600095.SH,14,报告页码,(1).研发投入情况表,表格行,600095.SH_湘财股份_2025_管理层讨论与分析.pdf
MDAF0003638,湘财股份,研发投入,23,"0.00：120,568.78。",600095.SH,14,报告页码,(1).研发投入情况表,表格行,600095.SH_湘财股份_2025_管理层讨论与分析.pdf
MDAF0003639,湘财股份,研发投入,23,本期资本化研发投入：研发投入合计。,600095.SH,14,报告页码,(1).研发投入情况表,表格行,600095.SH_湘财股份_2025_管理层讨论与分析.pdf
MDAF0003640,湘财股份,研发投入,23,本期资本化研发投入：研发投入总额占营业收入比例（%）。,600095.SH,14,报告页码,(1).研发投入情况表,表格行,600095.SH_湘财股份_2025_管理层讨论与分析.pdf
MDAF0003641,湘财股份,研发投入,23,本期资本化研发投入：研发投入资本化的比重（%）。,600095.SH,14,报告页码,(1).研发投入情况表,表格行,600095.SH_湘财股份_2025_管理层讨论与分析.pdf
MDAF0003642,金证股份,业务概要,11,2025年第四季度，公司连续中标头部券商新一代核心交易系统项目，产品获得市场认可。,600446.SH,1,报告页码,（一）新一代财富科技信创产品成功拓展多家客户，产品性能获得市场验证,正文,600446.SH_金证股份_2025_管理层讨论与分析.pdf
MDAF0003643,金证股份,业务概要,11,2025年，公司全力推进全栈信创的新一代核心交易产品落地。,600446.SH,1,报告页码,（一）新一代财富科技信创产品成功拓展多家客户，产品性能获得市场验证,正文,600446.SH_金证股份_2025_管理层讨论与分析.pdf
MDAF0003644,金证股份,业务概要,11,2025年，金融科技行业面临复杂的外部环境，尽管行业整体呈现信创需求增加，人工智能等创新技术驱动业务变革的发展态势，但由于受宏观环境影响，下游金融机构客户IT 投入仍趋于保守，金融IT 公司仍面临较大增长压力。,600446.SH,1,报告页码,,正文,600446.SH_金证股份_2025_管理层讨论与分析.pdf
MDAF0003645,金证股份,业务概要,11,在此背景下，公司主动调整战略，果断收缩并清理非金融科技业务，通过进一步聚焦主业，持续加大核心技术与产品研发投入，积极寻求突破与可持续发展。,600446.SH,1,报告页码,,正文,600446.SH_金证股份_2025_管理层讨论与分析.pdf
MDAF0003646,金证股份,业务概要,11,报告期内，公司实现营业收入24.19亿元，同比减少48.46%；实现归属于上市公司股东的净利润-1.68亿元，实现归属于上市公司股东的扣除非经常性损益的净利润-2.03亿元。,600446.SH,1,报告页码,,正文,600446.SH_金证股份_2025_管理层讨论与分析.pdf
MDAF0003647,金证股份,业务概要,11,报告期末，公司总资产54.59亿元，同比上年度末减少5.53%；归属于上市公司股东的净资产35.89亿元，同比上年度末减少1.63%。,600446.SH,1,报告页码,,正文,600446.SH_金证股份_2025_管理层讨论与分析.pdf
MDAF0003648,金证股份,业务概要,11,此外，在客户端实现部署的新一代核11 / 212心交易系统，正逐步完成营业部平稳切换，业务稳定运行，标志着金证新一代核心交易系统FS2.5具备规模化迁移能力，为后续全量客户迁移奠定坚实基础。,600446.SH,1,报告页码,（一）新一代财富科技信创产品成功拓展多家客户，产品性能获得市场验证,正文,600446.SH_金证股份_2025_管理层讨论与分析.pdf
MDAF0003649,金证股份,业务概要,11,金证基于全域金融积极响应行业信创改造，近年来已完成证券行业全产品、全领域的信创改造适配，为金融安全筑牢“压舱石”。,600446.SH,1,报告页码,（一）新一代财富科技信创产品成功拓展多家客户，产品性能获得市场验证,正文,600446.SH_金证股份_2025_管理层讨论与分析.pdf
MDAF0003650,金证股份,业务概要,11,金证自研开放云原生技术平台KOCA，打造开发、运行、运维三大支柱体系，具备云原生、微服务、低延时、低代码开发等一系列先进特性，广泛应用于交易类、清算类、管理类以及其他业务场景。,600446.SH,1,报告页码,（一）新一代财富科技信创产品成功拓展多家客户，产品性能获得市场验证,正文,600446.SH_金证股份_2025_管理层讨论与分析.pdf
MDAF0003651,金证股份,业务概要,12,2025年，投资科技产品领域的A8 新一代投资交易系统，已在客户端实现资管与自营业务的上线。,600446.SH,2,报告页码,（二）投资科技业务产品成熟度和竞争力得到提升,正文,600446.SH_金证股份_2025_管理层讨论与分析.pdf
MDAF0003652,金证股份,业务概要,12,公司从战略布局深入发展投资科技业务，包括产品研发、市场等体系建设，面向大资管全领域金融机构提供投资科技产品及解决方案。,600446.SH,2,报告页码,（二）投资科技业务产品成熟度和竞争力得到提升,正文,600446.SH_金证股份_2025_管理层讨论与分析.pdf
MDAF0003653,金证股份,业务概要,12,公司在AI 领域深入推进人工智能平台KOCA AI 的研发与应用，重点面向金融行业为投顾、营销、客服、风控等业务场景提供创新的智能产品及解决方案。,600446.SH,2,报告页码,（三）进一步实现AI 产品在应用端布局,正文,600446.SH_金证股份_2025_管理层讨论与分析.pdf
MDAF0003654,金证股份,业务概要,12,公司通过整合投资管理、投资研究及投资风控产品，强化了公司在投资管理领域的核心能力。,600446.SH,2,报告页码,（二）投资科技业务产品成熟度和竞争力得到提升,正文,600446.SH_金证股份_2025_管理层讨论与分析.pdf
MDAF0003655,金证股份,业务概要,12,同时，公司在AI Coding 领域开展实质性探索与实践，希望未来进一步提升产品研发效率和质量。,600446.SH,2,报告页码,（三）进一步实现AI 产品在应用端布局,正文,600446.SH_金证股份_2025_管理层讨论与分析.pdf
MDAF0003656,金证股份,业务概要,12,在机构运营领域，产品线深度融合金证AI 生态，依托大模型应用平台KOCA AI 中枢构建智能体矩阵，通过任务规划引擎、多模态识别等技术，大幅提升开户、审核、数据分析等业务的效率。,600446.SH,2,报告页码,（三）进一步实现AI 产品在应用端布局,正文,600446.SH_金证股份_2025_管理层讨论与分析.pdf
MDAF0003657,金证股份,业务概要,12,在财富管理领域，公司围绕FS2.5新一代核心交易系统，打造了业务百事通、智能领航员等多个智能体，通过检索专业知识库，大幅提升业务办理速度。,600446.SH,2,报告页码,（三）进一步实现AI 产品在应用端布局,正文,600446.SH_金证股份_2025_管理层讨论与分析.pdf
MDAF0003658,金证股份,业务概要,12,在资产管理领域，金证基于A8 新一代投资交易系统，构建了智能交易、智能风控等多个应用场景。,600446.SH,2,报告页码,（三）进一步实现AI 产品在应用端布局,正文,600446.SH_金证股份_2025_管理层讨论与分析.pdf
MDAF0003659,金证股份,业务概要,12,整体来看，公司已形成涵盖投资交易、数据治理、智能策略、运营管理及信创升级的完整资管科技能力矩阵，有力支撑金融机构数字化转型向纵深发展。,600446.SH,2,报告页码,（二）投资科技业务产品成熟度和竞争力得到提升,正文,600446.SH_金证股份_2025_管理层讨论与分析.pdf
MDAF0003660,金证股份,业务概要,12,金证通过自主研发与生态合作，开发了代码大模型K-CODE，根据内部试用反馈，该模型能有效提升全场景下的开发效率。,600446.SH,2,报告页码,（三）进一步实现AI 产品在应用端布局,正文,600446.SH_金证股份_2025_管理层讨论与分析.pdf
MDAF0003661,金证股份,业务概要,12,不适用。,600446.SH,2,报告页码,（三）进一步实现AI 产品在应用端布局,选项,600446.SH_金证股份_2025_管理层讨论与分析.pdf
MDAF0003662,金证股份,核心竞争力,15,2025年全年研发投入5.00亿元，2023年至2025年公司累计研发投入16.28亿元。,600446.SH,5,报告页码,,正文,600446.SH_金证股份_2025_管理层讨论与分析.pdf
MDAF0003663,金证股份,核心竞争力,15,依托二十余年行业深耕，公司已拥有行业领先的金融科技专家团队以及研发管理机制，并持续沉淀大量行业案例与业务认知。,600446.SH,5,报告页码,,正文,600446.SH_金证股份_2025_管理层讨论与分析.pdf
MDAF0003664,金证股份,核心竞争力,15,公司是国家规划布局内重点软件企业、深圳市高新技术企业，是行业内首家通过CMMI5 最高级别认证企业，在过程组织能力、软件研发能力、质量管理能力等方面保持在较高水平。,600446.SH,5,报告页码,,正文,600446.SH_金证股份_2025_管理层讨论与分析.pdf
MDAF0003665,金证股份,核心竞争力,15,公司构建起完整的基础技术平台生态链，在技术产品成熟度、高性能、高可靠和高可用方面均达到国内领先水平，金证开放云原生技术平台（KOCA）成为公司得以保证科技先进性的统一技术平台。,600446.SH,5,报告页码,,正文,600446.SH_金证股份_2025_管理层讨论与分析.pdf
MDAF0003666,金证股份,核心竞争力,15,公司连续多年跻身中国软件百强行列，先后获得国家火炬计划软件产业基地骨干企业、中国软件自主品牌20 强等荣誉称号，在金融等领域信息化建设中卓有建树。,600446.SH,5,报告页码,,正文,600446.SH_金证股份_2025_管理层讨论与分析.pdf
MDAF0003667,金证股份,核心竞争力,15,在人工智能领域，公司自主研发金融领域特定场景大语言模型K-GPT、代码大模型K-CODE 及开发应用平台，推动技术创新和业务创新的双向赋能。,600446.SH,5,报告页码,,正文,600446.SH_金证股份_2025_管理层讨论与分析.pdf
MDAF0003668,金证股份,核心竞争力,15,"在技术上，公司享有1,300 余项已登记软件著作权，研发人员占公司总人数比例超过70%，公司拥有众多行业资深、经验丰富的专家人才，核心技术团队稳定。",600446.SH,5,报告页码,,正文,600446.SH_金证股份_2025_管理层讨论与分析.pdf
MDAF0003669,金证股份,核心竞争力,15,通过自主知识产权积累及对创新技术的深度应用，公司已经在技术、产品、品牌等多个方面在行业中建立了领先优势。,600446.SH,5,报告页码,,正文,600446.SH_金证股份_2025_管理层讨论与分析.pdf
MDAF0003670,金证股份,核心竞争力,15,适用。,600446.SH,5,报告页码,,选项,600446.SH_金证股份_2025_管理层讨论与分析.pdf
MDAF0003671,金证股份,核心竞争力,16,公司具有20 余年金融领域的业务系统开发及服务工作经验，专注金融领域自主知识产权技术研发，对市场情况、客户需求理解深刻。,600446.SH,6,报告页码,,正文,600446.SH_金证股份_2025_管理层讨论与分析.pdf
MDAF0003672,金证股份,核心竞争力,16,同时公司产品稳定、质控严格、开发流程规范，有大量成功的服务案例，让公司在业内获得了良好的品牌声誉及广泛的市场认可度。,600446.SH,6,报告页码,,正文,600446.SH_金证股份_2025_管理层讨论与分析.pdf
MDAF0003673,金证股份,核心竞争力,16,在产品上，公司能够为金融机构客户提供全流程、前中后台兼备的整体解决方案，并提供售前、售中、售后全流程跟进服务；公司的核心交易系统、投资管理系统、TA 系统等核心软件产品在行业内有深厚的客户基础。,600446.SH,6,报告页码,,正文,600446.SH_金证股份_2025_管理层讨论与分析.pdf
MDAF0003674,金证股份,核心竞争力,16,在品牌上，金融科技行业具备较高行业壁垒，其业务处理复杂度高，容错率低，对IT 系统要求严苛。,600446.SH,6,报告页码,,正文,600446.SH_金证股份_2025_管理层讨论与分析.pdf
MDAF0003675,金证股份,研发投入,21,"484,102,285.64：16,112,541.14。",600446.SH,11,报告页码,(1).研发投入情况表,表格行,600446.SH_金证股份_2025_管理层讨论与分析.pdf
MDAF0003676,金证股份,研发投入,21,"484,102,285.64：20.68。",600446.SH,11,报告页码,(1).研发投入情况表,表格行,600446.SH_金证股份_2025_管理层讨论与分析.pdf
MDAF0003677,金证股份,研发投入,21,"484,102,285.64：3.22。",600446.SH,11,报告页码,(1).研发投入情况表,表格行,600446.SH_金证股份_2025_管理层讨论与分析.pdf
MDAF0003678,金证股份,研发投入,21,"484,102,285.64：500,214,826.78。",600446.SH,11,报告页码,(1).研发投入情况表,表格行,600446.SH_金证股份_2025_管理层讨论与分析.pdf
MDAF0003679,金证股份,研发投入,21,本期费用化研发投入：本期资本化研发投入。,600446.SH,11,报告页码,(1).研发投入情况表,表格行,600446.SH_金证股份_2025_管理层讨论与分析.pdf
MDAF0003680,金证股份,研发投入,21,本期费用化研发投入：研发投入合计。,600446.SH,11,报告页码,(1).研发投入情况表,表格行,600446.SH_金证股份_2025_管理层讨论与分析.pdf
MDAF0003681,金证股份,研发投入,21,本期费用化研发投入：研发投入总额占营业收入比例（%）。,600446.SH,11,报告页码,(1).研发投入情况表,表格行,600446.SH_金证股份_2025_管理层讨论与分析.pdf
MDAF0003682,金证股份,研发投入,21,本期费用化研发投入：研发投入资本化的比重（%）。,600446.SH,11,报告页码,(1).研发投入情况表,表格行,600446.SH_金证股份_2025_管理层讨论与分析.pdf
MDAF0003683,金证股份,研发投入,21,适用。,600446.SH,11,报告页码,(1).研发投入情况表,选项,600446.SH_金证股份_2025_管理层讨论与分析.pdf
MDAF0003684,恒生电子,业务概要,9,Risk5 产品新增签约客户24家，业务场景拓展至保险资产配置、托管业绩分析等领域。,600570.SH,1,报告页码,2.资管科技服务板块主要为证券、基金、保险、银行、信托等机构的投资管理、投资交易业,正文,600570.SH_恒生电子_2025_管理层讨论与分析.pdf
MDAF0003685,恒生电子,业务概要,9,业务进展方面：投资交易领域，公司新一代投资交易系统O45 在全行业持续保持较高中标率，已成功在保险资管、证券、基金等行业实现多家客户自主创新版本上线落地。,600570.SH,1,报告页码,2.资管科技服务板块主要为证券、基金、保险、银行、信托等机构的投资管理、投资交易业,正文,600570.SH_恒生电子_2025_管理层讨论与分析.pdf
MDAF0003686,恒生电子,业务概要,9,业务进展方面：经纪业务方面，新一代核心业务系统UF3.0 市场拓展成效显著，2025年签约客户已达20 余家。,600570.SH,1,报告页码,1.财富科技服务板块主要为银行、证券、基金、信托、保险的财富管理业务提供科技服务，,正文,600570.SH_恒生电子_2025_管理层讨论与分析.pdf
MDAF0003687,恒生电子,业务概要,9,产品研发以“全栈适配、架构重构、核心替代”为核心开展自主化产品工程，取得系列实质性突破，并顺利完成自主化适配首家标杆客户项目交付竣工，实现系统单轨稳定运行，助力银行客户实现数字化平稳转型。,600570.SH,1,报告页码,2.资管科技服务板块主要为证券、基金、保险、银行、信托等机构的投资管理、投资交易业,正文,600570.SH_恒生电子_2025_管理层讨论与分析.pdf
MDAF0003688,恒生电子,业务概要,9,公司将以UF3.0 为核心底座，深化自主可控与分布式技术落地，持续打磨高可用、低时延、易扩展的新一代交易体系，助力券商客户实现核心系统自主可控与数字化转型，为经纪业务高质量发展提供坚实技术支撑。,600570.SH,1,报告页码,1.财富科技服务板块主要为银行、证券、基金、信托、保险的财富管理业务提供科技服务，,正文,600570.SH_恒生电子_2025_管理层讨论与分析.pdf
MDAF0003689,恒生电子,业务概要,9,公司是国内领先的金融科技产品与服务提供商，聚焦金融行业，侧重资本市场业务，主要面向证券、基金、银行、期货、保险资管、信托、私募、企业金融、保险、金融基础等客户提供一站式金融科技解决方案。,600570.SH,1,报告页码,,正文,600570.SH_恒生电子_2025_管理层讨论与分析.pdf
MDAF0003690,恒生电子,业务概要,9,务提供科技服务，主要产品为投资交易系统O45/O32、银行资金管理系统Summit、投资管理系统FusionChina 等。,600570.SH,1,报告页码,2.资管科技服务板块主要为证券、基金、保险、银行、信托等机构的投资管理、投资交易业,正文,600570.SH_恒生电子_2025_管理层讨论与分析.pdf
MDAF0003691,恒生电子,业务概要,9,包括财富管理业务线、经纪业务线以及子公司商智、鲸腾相关产品。,600570.SH,1,报告页码,1.财富科技服务板块主要为银行、证券、基金、信托、保险的财富管理业务提供科技服务，,正文,600570.SH_恒生电子_2025_管理层讨论与分析.pdf
MDAF0003692,恒生电子,业务概要,9,同时，O45 智能交易终端、境外交易系统、合规中心、极速交易等创新子系统均完成战略客户签约及项目交付。,600570.SH,1,报告页码,2.资管科技服务板块主要为证券、基金、保险、银行、信托等机构的投资管理、投资交易业,正文,600570.SH_恒生电子_2025_管理层讨论与分析.pdf
MDAF0003693,恒生电子,业务概要,9,场外投资管理平台服务的2家合作客户荣获“金发奖”，产品市场影响力进一步增强。,600570.SH,1,报告页码,2.资管科技服务板块主要为证券、基金、保险、银行、信托等机构的投资管理、投资交易业,正文,600570.SH_恒生电子_2025_管理层讨论与分析.pdf
MDAF0003694,恒生电子,业务概要,9,客服大模型实现客户服务全生命周期服务链路赋能，形成“接入-服务-受理-检查-分析-改进”的完整解决方案，完成11家新客户签约。,600570.SH,1,报告页码,1.财富科技服务板块主要为银行、证券、基金、信托、保险的财富管理业务提供科技服务，,正文,600570.SH_恒生电子_2025_管理层讨论与分析.pdf
MDAF0003695,恒生电子,业务概要,9,投资管理领域，FusionChina 投资管理平台在银行理财客户成功上线，产品成熟度持续提升；债券柜台业务实现新增合作银行上线落地。,600570.SH,1,报告页码,2.资管科技服务板块主要为证券、基金、保险、银行、信托等机构的投资管理、投资交易业,正文,600570.SH_恒生电子_2025_管理层讨论与分析.pdf
MDAF0003696,恒生电子,业务概要,9,报告期内，财通证券UF3.0 账户运营系统全面上线，国金证券两融自主可控内存交易系统实现全客户切换，方正证券自主可控证券内存交易系统上线百万客户，山西证券UF3.0账户运营全面上线。,600570.SH,1,报告页码,1.财富科技服务板块主要为银行、证券、基金、信托、保险的财富管理业务提供科技服务，,正文,600570.SH_恒生电子_2025_管理层讨论与分析.pdf
MDAF0003697,恒生电子,业务概要,9,新一代架构在自主可控适配、高并发交易、账户运营等关键场景均通过规模化验证，系统稳定性、可靠性与可扩展性进一步夯实。,600570.SH,1,报告页码,1.财富科技服务板块主要为银行、证券、基金、信托、保险的财富管理业务提供科技服务，,正文,600570.SH_恒生电子_2025_管理层讨论与分析.pdf
MDAF0003698,恒生电子,业务概要,9,根据产品或服务的类型，公司将经营活动划分为如下几类业务板块：财富科技服务、资管科技服务、运营与机构科技服务、风险与平台科技服务、数据服务业务、创新业务、企金&保险核心与金融基础设施科技服务以及其他业务共8 大板块。,600570.SH,1,报告页码,,正文,600570.SH_恒生电子_2025_管理层讨论与分析.pdf
MDAF0003699,恒生电子,业务概要,9,理财销售平台完成大模型智能柜台的首家落地，全行业自主可控加速推进，全年完成26家自主可控新客户签约和18家客户上线。,600570.SH,1,报告页码,1.财富科技服务板块主要为银行、证券、基金、信托、保险的财富管理业务提供科技服务，,正文,600570.SH_恒生电子_2025_管理层讨论与分析.pdf
MDAF0003700,恒生电子,业务概要,9,综合理财平台V6.0 全年完成40家新客户签约，夯实了市场领先地位。,600570.SH,1,报告页码,1.财富科技服务板块主要为银行、证券、基金、信托、保险的财富管理业务提供科技服务，,正文,600570.SH_恒生电子_2025_管理层讨论与分析.pdf
MDAF0003701,恒生电子,业务概要,9,财富管理业务方面:综合理财平台在养老财富管理（个人养老金、商业养老金等）、财富账户、财富管理服务信托、积存金等解决方案方面持续发力，借助头部银行项目，进一步完善产品功能并提升竞争力。,600570.SH,1,报告页码,1.财富科技服务板块主要为银行、证券、基金、信托、保险的财富管理业务提供科技服务，,正文,600570.SH_恒生电子_2025_管理层讨论与分析.pdf
MDAF0003702,恒生电子,业务概要,9,财富管理业务线主要有综合理财系统、投顾交易、资产配置、营销服务、客户服务、家族信托等产品，经纪业务产品线主要为经纪核心业务运营平台UF 系列产品和投资赢家产品。,600570.SH,1,报告页码,1.财富科技服务板块主要为银行、证券、基金、信托、保险的财富管理业务提供科技服务，,正文,600570.SH_恒生电子_2025_管理层讨论与分析.pdf
MDAF0003703,恒生电子,业务概要,9,资产配置平台深度融合AI 大模型场景，推动财富管理向AI 智能驱动跨越，提供投研支持、智能配置、投后陪伴的全旅程财富规划服务，构建买方投顾整体解决方案，2025年资产配置平台完成20家新客户签约。,600570.SH,1,报告页码,1.财富科技服务板块主要为银行、证券、基金、信托、保险的财富管理业务提供科技服务，,正文,600570.SH_恒生电子_2025_管理层讨论与分析.pdf
MDAF0003704,恒生电子,业务概要,9,银行资金管理领域，Summit 业绩表现稳中有升，其中香港地区业务收入稳步增长。,600570.SH,1,报告页码,2.资管科技服务板块主要为证券、基金、保险、银行、信托等机构的投资管理、投资交易业,正文,600570.SH_恒生电子_2025_管理层讨论与分析.pdf
MDAF0003705,恒生电子,业务概要,9,非标3.0 产品市场拓展成效显著，完成13家保险及信托客户签约。,600570.SH,1,报告页码,2.资管科技服务板块主要为证券、基金、保险、银行、信托等机构的投资管理、投资交易业,正文,600570.SH_恒生电子_2025_管理层讨论与分析.pdf
MDAF0003706,恒生电子,业务概要,10,2025年恒云核心产品助力香港客户完成核心交易结算系统升级，打造了中资券商核心交易系统升级又一标杆案例。,600570.SH,2,报告页码,6.创新业务板块主要由恒生控股子公司云毅、恒云、云纪、金纳等为境内外基金、证券、信,正文,600570.SH_恒生电子_2025_管理层讨论与分析.pdf
MDAF0003707,恒生电子,业务概要,10,业务进展方面：2025年反洗钱5.0 完成多家客户自主可控上线；合规5.0 的风险监控、合规管理、员工合规监测三大核心模块，已助力多家标杆客户项目竣工，近半存量客户启动自主可控升级；全面风险产品拿下行业前10 券商中的3家净资本并表签约，完成国金证券、国海证券等多家竞品替换。,600570.SH,2,报告页码,4.风险与平台科技服务板块主要由风险管理科技服务以及平台技术科技服务组成。风险管理,正文,600570.SH_恒生电子_2025_管理层讨论与分析.pdf
MDAF0003708,恒生电子,业务概要,10,业务进展方面：一方面，聚源持续推进场景化智能应用升级，积极布局支撑各类AI 消费场景。,600570.SH,2,报告页码,5.数据服务业务板块主要由公司控股子公司恒生聚源为各类金融机构的数据智能化应用提供,正文,600570.SH_恒生电子_2025_管理层讨论与分析.pdf
MDAF0003709,恒生电子,业务概要,10,业务进展方面：云毅网络25年聚焦“一流产品，客户成功”，重点围绕行业云、机构理财、余额理财等业务领域展开，继续完善运营、运维、财富终端服务等平台，深入客户成功体系，提升整体服务和运营能力，同时加强新业务培育，年度经营节奏整体平稳，服务收入保持稳定。,600570.SH,2,报告页码,6.创新业务板块主要由恒生控股子公司云毅、恒云、云纪、金纳等为境内外基金、证券、信,正文,600570.SH_恒生电子_2025_管理层讨论与分析.pdf
MDAF0003710,恒生电子,业务概要,10,业务进展方面：运营管理业务方面，新一代TA、估值、运营管理等产品总计新签客户270 多家。,600570.SH,2,报告页码,3.运营与机构科技服务板块主要包括运营管理科技服务、机构服务科技服务。其中运营管理,正文,600570.SH_恒生电子_2025_管理层讨论与分析.pdf
MDAF0003711,恒生电子,业务概要,10,其中PB2.0 自主可控在多家头部券商完成竣工，产品竞争力进一步提升；程序化交易新规下，LDP 极速风控系统在多家券商上线，实现了合规性展业；量化算法服务客群进一步延伸至高净值用户，OPLUS 产品中标多家保险私募子公司。,600570.SH,2,报告页码,3.运营与机构科技服务板块主要包括运营管理科技服务、机构服务科技服务。其中运营管理,正文,600570.SH_恒生电子_2025_管理层讨论与分析.pdf
MDAF0003712,恒生电子,业务概要,10,另一方面，始终持续提升基础数据质量，塑造数据产品竞争力，推进战略客户深度精细运营，达成市占率稳步提升。,600570.SH,2,报告页码,5.数据服务业务板块主要由公司控股子公司恒生聚源为各类金融机构的数据智能化应用提供,正文,600570.SH_恒生电子_2025_管理层讨论与分析.pdf
MDAF0003713,恒生电子,业务概要,10,各类基础数据产品、智能投研产品。,600570.SH,2,报告页码,5.数据服务业务板块主要由公司控股子公司恒生聚源为各类金融机构的数据智能化应用提供,正文,600570.SH_恒生电子_2025_管理层讨论与分析.pdf
MDAF0003714,恒生电子,业务概要,10,基础数据产品涵盖金融数据(含权益数据、固收数据、大理财数据等）、投研数据、产业数据、行情数据、大模型数据服务、应用数据、数据运营服务。,600570.SH,2,报告页码,5.数据服务业务板块主要由公司控股子公司恒生聚源为各类金融机构的数据智能化应用提供,正文,600570.SH_恒生电子_2025_管理层讨论与分析.pdf
MDAF0003715,恒生电子,业务概要,10,平台技术科技服务主要为各类金融机构的IT 部门提供数智化底座的升级改造服务。,600570.SH,2,报告页码,4.风险与平台科技服务板块主要由风险管理科技服务以及平台技术科技服务组成。风险管理,正文,600570.SH_恒生电子_2025_管理层讨论与分析.pdf
MDAF0003716,恒生电子,业务概要,10,平台科技方面，高性能平台支持了内存网格、业务重演等特性，在性能、可靠性和可维护性方面进一步提升；敏捷业务交付平台已全面支撑财富CRM/信托CRM/综合理财等客户项目交付，并开始在资配、数据合规、经纪账户运营领域落地试点项目；数据处理平台沉淀大量金融业务算子，支撑绩效风控、业绩归因、合规反洗钱的业务开发和计算性能的大幅提升。,600570.SH,2,报告页码,4.风险与平台科技服务板块主要由风险管理科技服务以及平台技术科技服务组成。风险管理,正文,600570.SH_恒生电子_2025_管理层讨论与分析.pdf
MDAF0003717,恒生电子,业务概要,10,心业务及各类金融基础设施提供科技服务，主要产品为现金管理平台、票据业务系统、财险核心系统、寿险核心系统、各类金融基础设施系统等。,600570.SH,2,报告页码,7.企金、保险核心与金融基础设施科技服务板块主要为银行的企业金融业务、保险公司的核,正文,600570.SH_恒生电子_2025_管理层讨论与分析.pdf
MDAF0003718,恒生电子,业务概要,10,托、期货、保险资管、私募等各类金融机构提供一站式云服务解决方案，包括云纪证券投资管理系统Oplus、私募综合业务管理系统CBS、数据中心、恒云证券交易和结算系统AlphaBroker、金纳算法产品等。,600570.SH,2,报告页码,6.创新业务板块主要由恒生控股子公司云毅、恒云、云纪、金纳等为境内外基金、证券、信,正文,600570.SH_恒生电子_2025_管理层讨论与分析.pdf
MDAF0003719,恒生电子,业务概要,10,智能投研产品主要包括WarrenQ 智能投研平台、洞见一体化投研解决方案、智眸风险预警系统及小梵智能财富组件服务。,600570.SH,2,报告页码,5.数据服务业务板块主要由公司控股子公司恒生聚源为各类金融机构的数据智能化应用提供,正文,600570.SH_恒生电子_2025_管理层讨论与分析.pdf
MDAF0003720,恒生电子,业务概要,10,机构服务业务方面，PB2.0、LDP 极速交易与极速风控、FPGA 期货行情、算法服务、i 私募等多产品均有多家新签客户。,600570.SH,2,报告页码,3.运营与机构科技服务板块主要包括运营管理科技服务、机构服务科技服务。其中运营管理,正文,600570.SH_恒生电子_2025_管理层讨论与分析.pdf
MDAF0003721,恒生电子,业务概要,10,科技服务主要为各类金融机构的风险管理、合规管理提供科技服务，主要产品为各类风险管理监控、合规管理、反洗钱等系统。,600570.SH,2,报告页码,4.风险与平台科技服务板块主要由风险管理科技服务以及平台技术科技服务组成。风险管理,正文,600570.SH_恒生电子_2025_管理层讨论与分析.pdf
MDAF0003722,恒生电子,业务概要,10,科技服务主要为证券、基金、银行、信托、保险资管等行业机构的运营部门提供科技服务，主要产品为登记过户系统、估值核算与资金清算系统、资管运营管理平台等；机构服务科技服务主要为证券、期货等行业机构提供科技服务，主要产品为PB 系统、高性能交易系列产品。,600570.SH,2,报告页码,3.运营与机构科技服务板块主要包括运营管理科技服务、机构服务科技服务。其中运营管理,正文,600570.SH_恒生电子_2025_管理层讨论与分析.pdf
MDAF0003723,恒生电子,业务概要,10,过去，数据库的设计初衷是服务于人类，未来数据的“主要消费者”可能主要是AI，因此我们要构建AI 友好型的数据库、AI 友好的数据MCP 订阅服务，提升AI 直接进行数据消费的效率与性价比。,600570.SH,2,报告页码,5.数据服务业务板块主要由公司控股子公司恒生聚源为各类金融机构的数据智能化应用提供,正文,600570.SH_恒生电子_2025_管理层讨论与分析.pdf
MDAF0003724,恒生电子,业务概要,10,香港资本市场活跃，创新较多，2025年恒云新增订单量同比有所增长，受项目周期影响，但相应的收入增长会在2026年体现。,600570.SH,2,报告页码,6.创新业务板块主要由恒生控股子公司云毅、恒云、云纪、金纳等为境内外基金、证券、信,正文,600570.SH_恒生电子_2025_管理层讨论与分析.pdf
MDAF0003725,恒生电子,业务概要,11,业务进展方面：恒生启金继续聚焦交易银行和支付结算两大核心解决方案，财资和票据两大重点产品以及新重点方向产品新一代智能终端均取得积极进展。,600570.SH,3,报告页码,7.企金、保险核心与金融基础设施科技服务板块主要为银行的企业金融业务、保险公司的核,正文,600570.SH_恒生电子_2025_管理层讨论与分析.pdf
MDAF0003726,恒生电子,业务概要,11,企业财资产品全年新增10家银行客户，票据产品方面，全年新增2家银行客户。,600570.SH,3,报告页码,7.企金、保险核心与金融基础设施科技服务板块主要为银行的企业金融业务、保险公司的核,正文,600570.SH_恒生电子_2025_管理层讨论与分析.pdf
MDAF0003727,恒生电子,业务概要,11,新一代智能终端方面实现南京银行项目突破。,600570.SH,3,报告页码,7.企金、保险核心与金融基础设施科技服务板块主要为银行的企业金融业务、保险公司的核,正文,600570.SH_恒生电子_2025_管理层讨论与分析.pdf
MDAF0003728,恒生电子,业务概要,11,不适用。,600570.SH,3,报告页码,7.企金、保险核心与金融基础设施科技服务板块主要为银行的企业金融业务、保险公司的核,选项,600570.SH_恒生电子_2025_管理层讨论与分析.pdf
MDAF0003729,恒生电子,核心竞争力,13,以人才为核心，激发创新动力公司坚持“以人为本”，通过完善的人才培养体系、激励机制和企业文化，打造了一支高素质、专业化的团队。,600570.SH,5,报告页码,组织充满活力,正文,600570.SH_恒生电子_2025_管理层讨论与分析.pdf
MDAF0003730,恒生电子,核心竞争力,13,以客户为中心，深耕行业需求经过30年金融科技领域的深耕厚植，全面覆盖证券、基金、银行、保险、信托等多元化客户群体，形成了深厚的行业积淀和广泛的客户基础。,600570.SH,5,报告页码,客户满意度,正文,600570.SH_恒生电子_2025_管理层讨论与分析.pdf
MDAF0003731,恒生电子,核心竞争力,13,以技术为驱动，打造卓越产品公司的核心产品在业内处于领先地位，公司在证券经纪业务领域的核心交易系统、买方投资管理系统和TA 系统等均有较高的市场竞争力和市场份额，使得公司具备一定的规模效应，并拥有更良好的边际收益。,600570.SH,5,报告页码,产品竞争力,正文,600570.SH_恒生电子_2025_管理层讨论与分析.pdf
MDAF0003732,恒生电子,核心竞争力,13,公司不断引入高端人才，加强关键岗位人员布局，持续落地了长期股权激励计划，进一步增强了核心骨干人才的吸引力和凝聚力。,600570.SH,5,报告页码,组织充满活力,正文,600570.SH_恒生电子_2025_管理层讨论与分析.pdf
MDAF0003733,恒生电子,核心竞争力,13,公司不断调整优化组织架构，确保组织能够灵活响应市场变化和客户需求，积极打造具有自我进化能力的流程型组织，大幅提升研发和服务效能。,600570.SH,5,报告页码,组织充满活力,正文,600570.SH_恒生电子_2025_管理层讨论与分析.pdf
MDAF0003734,恒生电子,核心竞争力,13,公司持续优化客户服务体系，面向客户同时提供产品化和个性化服务，并依托专业的服务团队和完善的支持体系，通过专家1 对1 的服务和统一知识服务平台，沉淀经验，结合大模型技术应用，提升主动服务能力，确保客户在使用公司产品和服务时获得最佳体验。,600570.SH,5,报告页码,客户满意度,正文,600570.SH_恒生电子_2025_管理层讨论与分析.pdf
MDAF0003735,恒生电子,核心竞争力,13,"公司持续推进产品能力升级，围绕""客户成功、质量可靠、好用易用、生态开放、技术领先、成本优势""六大维度全面提升产品竞争力，尤其在产品研发方面，利用AI+Code不断提效。",600570.SH,5,报告页码,产品竞争力,正文,600570.SH_恒生电子_2025_管理层讨论与分析.pdf
MDAF0003736,恒生电子,核心竞争力,13,同时恒生已与众多客户结成战略合作伙伴，积累了敏锐洞察行业趋势和深刻理解客户需求的能力，形成开放合作互利共赢的伙伴关系。,600570.SH,5,报告页码,客户满意度,正文,600570.SH_恒生电子_2025_管理层讨论与分析.pdf
MDAF0003737,恒生电子,核心竞争力,13,除了在各个领域打造新一代核心产品外，公司也在持续推进产品数智化升级，布局未来发展。,600570.SH,5,报告页码,产品竞争力,正文,600570.SH_恒生电子_2025_管理层讨论与分析.pdf
MDAF0003738,恒生电子,核心竞争力,13,适用。,600570.SH,5,报告页码,,选项,600570.SH_恒生电子_2025_管理层讨论与分析.pdf
MDAF0003739,恒生电子,研发投入,17,"2,180,002,239.53：37.70。",600570.SH,9,报告页码,(1).研发投入情况表,表格行,600570.SH_恒生电子_2025_管理层讨论与分析.pdf
MDAF0003740,恒生电子,研发投入,17,本期费用化研发投入：本期资本化研发投入。,600570.SH,9,报告页码,(1).研发投入情况表,表格行,600570.SH_恒生电子_2025_管理层讨论与分析.pdf
MDAF0003741,恒生电子,研发投入,17,本期费用化研发投入：研发投入合计。,600570.SH,9,报告页码,(1).研发投入情况表,表格行,600570.SH_恒生电子_2025_管理层讨论与分析.pdf
MDAF0003742,恒生电子,研发投入,17,本期费用化研发投入：研发投入总额占营业收入比例（%）。,600570.SH,9,报告页码,(1).研发投入情况表,表格行,600570.SH_恒生电子_2025_管理层讨论与分析.pdf
MDAF0003743,恒生电子,研发投入,17,本期费用化研发投入：研发投入资本化的比重（%）。,600570.SH,9,报告页码,(1).研发投入情况表,表格行,600570.SH_恒生电子_2025_管理层讨论与分析.pdf
MDAF0003744,恒生电子,研发投入,17,适用。,600570.SH,9,报告页码,(1).研发投入情况表,选项,600570.SH_恒生电子_2025_管理层讨论与分析.pdf
MDAF0003745,ST复华,业务概要,10,2025年，在药品集中采购常态化、价格治理持续深化的行业背景下，药业公司经营团队与全体员工共同努力，通过多项针对性举措积极应对挑战，营业收入保持稳定。,600624.SH,1,报告页码,4.主要的业绩驱动因素,正文,600624.SH_ST复华_2025_管理层讨论与分析.pdf
MDAF0003746,ST复华,业务概要,10,主要竞争优势体现在：公司源自国内著名高校的研发背景，奠定了坚实的产学研基础；长期专注于“专科药、特色药”的差异化发展路径，在相关疾病领域形成了较强的品牌认知度和专业学术影响力。,600624.SH,1,报告页码,3.产品市场地位、竞争优势与劣势,正文,600624.SH_ST复华_2025_管理层讨论与分析.pdf
MDAF0003747,ST复华,业务概要,10,依托复旦大学医学、药学等优势学科，专注于做专科药、特色药，围绕消化系统、神经系统、抗肿瘤、循环系统等治疗领域，努力扩大注射用谷胱甘肽、双益平（石杉碱甲片）、氟他胺片、比卡鲁胺片、枸橼酸他莫昔芬片、硝酸异山梨酯片等重点产品的市场份额。,600624.SH,1,报告页码,1.主要业务,正文,600624.SH_ST复华_2025_管理层讨论与分析.pdf
MDAF0003748,ST复华,业务概要,10,公司从事医药业务的主要企业为上海复旦复华药业有限公司和江苏复旦复华药业有限公司。,600624.SH,1,报告页码,1.主要业务,正文,600624.SH_ST复华_2025_管理层讨论与分析.pdf
MDAF0003749,ST复华,业务概要,10,公司从事软件业务的主要企业为上海中和软件有限公司及其全资子公司、上海复华数智科技有限公司。,600624.SH,1,报告页码,1.主要业务,正文,600624.SH_ST复华_2025_管理层讨论与分析.pdf
MDAF0003750,ST复华,业务概要,10,公司医药板块主要从事药品的研发、生产和销售，业务涵盖化学原料药、化学药品制剂、中成药等。,600624.SH,1,报告页码,1.主要业务,正文,600624.SH_ST复华_2025_管理层讨论与分析.pdf
MDAF0003751,ST复华,业务概要,10,加强生产过程的管理及监控，按法规要求实施变更管理、偏差管理、验证管理等。,600624.SH,1,报告页码,（2）生产模式,正文,600624.SH_ST复华_2025_管理层讨论与分析.pdf
MDAF0003752,ST复华,业务概要,10,医药营销部门配置临床医学、市场分析、渠道管理等专业团队，依托大数据平台实时监测全国31个省级区域的终端挂网数据，及时跟进反馈价格调整的动态情况。,600624.SH,1,报告页码,（3）销售模式,正文,600624.SH_ST复华_2025_管理层讨论与分析.pdf
MDAF0003753,ST复华,业务概要,10,同时，持续深化客户合作关系，稳固并维护产品与品牌的市场影响力。,600624.SH,1,报告页码,4.主要的业绩驱动因素,正文,600624.SH_ST复华_2025_管理层讨论与分析.pdf
MDAF0003754,ST复华,业务概要,10,在渠道管理方面，建立严格的经销商准入机制，基于GSP 认证资质、资金信用等级、冷链物流能力等多项评估指标进行合作伙伴遴选，通过签订年度框架协议明确质量追溯条款与区域经销权。,600624.SH,1,报告页码,（3）销售模式,正文,600624.SH_ST复华_2025_管理层讨论与分析.pdf
MDAF0003755,ST复华,业务概要,10,在生产运营与供应链保障方面，加强产销协同与计划管理，优化生产流程，确保产品稳定、可靠供应，有效支撑了市场端的销售需求，为业绩达成提供了坚实基础。,600624.SH,1,报告页码,4.主要的业绩驱动因素,正文,600624.SH_ST复华_2025_管理层讨论与分析.pdf
MDAF0003756,ST复华,业务概要,10,在营销与市场准入方面，密切跟踪国家及地方集采政策动态，加强对招投标规则的研究与解读，全力保障重点产品在国采接续及省级采购中的市场准入资格。,600624.SH,1,报告页码,4.主要的业绩驱动因素,正文,600624.SH_ST复华_2025_管理层讨论与分析.pdf
MDAF0003757,ST复华,业务概要,10,复华数科依托高校资源，探索国内数字经济应用领域，积极开拓业务。,600624.SH,1,报告页码,1.主要业务,正文,600624.SH_ST复华_2025_管理层讨论与分析.pdf
MDAF0003758,ST复华,业务概要,10,实行全链条质量检测，对原辅材料、中间产品、成品进行检验，确保不合格中间产品不流入下一工序，保证产品的质量。,600624.SH,1,报告页码,（2）生产模式,正文,600624.SH_ST复华_2025_管理层讨论与分析.pdf
MDAF0003759,ST复华,业务概要,10,对应的重点产品有注射用谷胱甘肽、双益平（石杉碱甲片）、氟他胺片、硝酸异山梨酯片等，在各自细分的治疗领域占有较大的市场份额。,600624.SH,1,报告页码,3.产品市场地位、竞争优势与劣势,正文,600624.SH_ST复华_2025_管理层讨论与分析.pdf
MDAF0003760,ST复华,业务概要,10,报告期内公司所从事的主要业务包括医药、软件和园区三大业务板块，具体情况如下：,600624.SH,1,报告页码,,正文,600624.SH_ST复华_2025_管理层讨论与分析.pdf
MDAF0003761,ST复华,业务概要,10,报告期内，中和软件主要从事对日软件离岸开发业务，承接证券、银行、保险、产业、流通等领域的需求分析、软件开发、运营维护等业务。,600624.SH,1,报告页码,1.主要业务,正文,600624.SH_ST复华_2025_管理层讨论与分析.pdf
MDAF0003762,ST复华,业务概要,10,报告期内，主要从事化学药品制剂、中成药的研发、生产和销售。,600624.SH,1,报告页码,1.主要业务,正文,600624.SH_ST复华_2025_管理层讨论与分析.pdf
MDAF0003763,ST复华,业务概要,10,据米内网重点城市公立医院化学药数据（2025年前三季度）显示，药业公司重点产品注射用谷胱甘肽市场占有率29.61%，石杉碱甲片市场占有率21.43%，氟他胺片市场占有率36.56%，硝酸异山梨酯片市场占有率21.11%，在国内同类产品中均居于前列。,600624.SH,1,报告页码,3.产品市场地位、竞争优势与劣势,正文,600624.SH_ST复华_2025_管理层讨论与分析.pdf
MDAF0003764,ST复华,业务概要,10,构建以医药经销商为核心的多层级渠道网络体系，全面覆盖医院、零售药店及基层医疗机构等终端市场。,600624.SH,1,报告页码,（3）销售模式,正文,600624.SH_ST复华_2025_管理层讨论与分析.pdf
MDAF0003765,ST复华,业务概要,10,构建药品生产全生命周期质量管理体系，依据GMP 标准建立动态文件管理机制，定期修订相关管理文件及标准操作程序，确保体系文件与法规要求同步更新。,600624.SH,1,报告页码,（2）生产模式,正文,600624.SH_ST复华_2025_管理层讨论与分析.pdf
MDAF0003766,ST复华,业务概要,10,现阶段面临的主要挑战在于：研发管线相对薄弱，迭代速度有待加快；研发投入强度与行业领先公司相比存在差距；现有产品的新适应症拓展等深度开发工作较为滞后，未来增长动能亟待加强培育。,600624.SH,1,报告页码,3.产品市场地位、竞争优势与劣势,正文,600624.SH_ST复华_2025_管理层讨论与分析.pdf
MDAF0003767,ST复华,业务概要,10,由采购部门统筹管理对外采购工作，保障供应链稳定运行。,600624.SH,1,报告页码,（1）采购模式,正文,600624.SH_ST复华_2025_管理层讨论与分析.pdf
MDAF0003768,ST复华,业务概要,10,经过多年经营发展，公司医药板块构建了覆盖消化系统、神经系统、抗肿瘤及循环系统等专科治疗领域的产品矩阵。,600624.SH,1,报告页码,3.产品市场地位、竞争优势与劣势,正文,600624.SH_ST复华_2025_管理层讨论与分析.pdf
MDAF0003769,ST复华,业务概要,10,采购部门根据生产计划确定最佳原材料、包装材料等物料的采购计划，对库存实施动态监控，合理控制关键物料的库存，降低资金占用。,600624.SH,1,报告页码,（1）采购模式,正文,600624.SH_ST复华_2025_管理层讨论与分析.pdf
MDAF0003770,ST复华,业务概要,11,2025年，园区板块通过多项聚焦高质量发展的举措，在产业服务、空间运营等方面取得积极成效，为应对市场挑战提供了有力支撑。,600624.SH,2,报告页码,4.主要的业绩驱动因素,正文,600624.SH_ST复华_2025_管理层讨论与分析.pdf
MDAF0003771,ST复华,业务概要,11,中和软件拥有以高端系统工程师为主的一大批设计人才，具有较强的顶层设计能力，能够承接全流程的对日软件外包服务，具备超大规模软件项目的开发能力，在日本多家顶尖企业组成的客户群体中赢得良好口碑，具有品牌优势。,600624.SH,2,报告页码,3.产品市场地位、竞争优势与劣势,正文,600624.SH_ST复华_2025_管理层讨论与分析.pdf
MDAF0003772,ST复华,业务概要,11,以现有物业资产为基础，通过持续的优化改造与合理的空间规划，提升载体价值与运营效率。,600624.SH,2,报告页码,2.经营模式,正文,600624.SH_ST复华_2025_管理层讨论与分析.pdf
MDAF0003773,ST复华,业务概要,11,但中和软件客户结构比较单一，主要客户业务占比较高；国内业务起步较晚，项目规模偏小，仍需加大开拓力度。,600624.SH,2,报告页码,3.产品市场地位、竞争优势与劣势,正文,600624.SH_ST复华_2025_管理层讨论与分析.pdf
MDAF0003774,ST复华,业务概要,11,依托精准服务，园区持续开展“送政策进企业”、“专属服务员”等专项工作，同步推进停车设施改造、充电桩增配等硬件升级，显著提升了入驻企业的满意度与粘性。,600624.SH,2,报告页码,4.主要的业绩驱动因素,正文,600624.SH_ST复华_2025_管理层讨论与分析.pdf
MDAF0003775,ST复华,业务概要,11,公司从事园区业务的主要企业为上海复华高新技术园区发展有限公司、上海复华高科技产业开发有限公司、复旦复华高新技术园区（南通海门）发展有限公司、上海复旦软件园有限公司和海门复华房地产发展有限公司。,600624.SH,2,报告页码,1.主要业务,正文,600624.SH_ST复华_2025_管理层讨论与分析.pdf
MDAF0003776,ST复华,业务概要,11,公司客观评估自身处于行业中游偏上位置，并正通过“内联外引”策略积极破局：对内优化空间、深化服务；对外积极对接区域战略，吸引创新资源，旨在提升产业集聚度与综合竞争力。,600624.SH,2,报告页码,3.产品市场地位、竞争优势与劣势,正文,600624.SH_ST复华_2025_管理层讨论与分析.pdf
MDAF0003777,ST复华,业务概要,11,加之日元汇率持续波动，近两年处于历史低位，日元销售额折合人民币收入仍略有减少。,600624.SH,2,报告页码,4.主要的业绩驱动因素,正文,600624.SH_ST复华_2025_管理层讨论与分析.pdf
MDAF0003778,ST复华,业务概要,11,同时，园区主动对接上海市及各区产业规划，紧扣“嘉定工业互联网示范基地”定位，聚焦智能传感器等特色产业，通过科学规划与积极引进，为园区注入了新的创新活力与发展动能。,600624.SH,2,报告页码,4.主要的业绩驱动因素,正文,600624.SH_ST复华_2025_管理层讨论与分析.pdf
MDAF0003779,ST复华,业务概要,11,园区板块坚持“依托载体、滚动开发、稳健运营”的经营模式。,600624.SH,2,报告页码,2.经营模式,正文,600624.SH_ST复华_2025_管理层讨论与分析.pdf
MDAF0003780,ST复华,业务概要,11,园区板块持续深耕自有物业租赁、招商咨询、物业管理及配套服务四大基础板块，致力于成为企业成长全生命周期的“产业合伙人”。,600624.SH,2,报告页码,3.产品市场地位、竞争优势与劣势,正文,600624.SH_ST复华_2025_管理层讨论与分析.pdf
MDAF0003781,ST复华,业务概要,11,国内业务方面，日资企业国内子公司也同时受到日本政策的波及，导致国内业务收入较上年同期有一定幅度减少。,600624.SH,2,报告页码,4.主要的业绩驱动因素,正文,600624.SH_ST复华_2025_管理层讨论与分析.pdf
MDAF0003782,ST复华,业务概要,11,在产业园区细分领域，园区板块面临来自各类工业园、科技孵化器、加速器及大学科技园的竞争。,600624.SH,2,报告页码,3.产品市场地位、竞争优势与劣势,正文,600624.SH_ST复华_2025_管理层讨论与分析.pdf
MDAF0003783,ST复华,业务概要,11,在招商方面，园区构建“政策+资源”招商服务矩阵，成功举办多场项目推介与洽谈活动，产业集聚效应持续显现。,600624.SH,2,报告页码,4.主要的业绩驱动因素,正文,600624.SH_ST复华_2025_管理层讨论与分析.pdf
MDAF0003784,ST复华,业务概要,11,年内，园区企业新增多项知识产权（如发明专利、软件著作权），多家企业进入高新技术企业培育序列。,600624.SH,2,报告页码,4.主要的业绩驱动因素,正文,600624.SH_ST复华_2025_管理层讨论与分析.pdf
MDAF0003785,ST复华,业务概要,11,报告期内，公司园区板块专注于提供产业空间与综合服务，核心业务包括：自有房屋租赁，招商咨询，物业管理及配套服务，致力于构建全链条产业生态服务体系。,600624.SH,2,报告页码,1.主要业务,正文,600624.SH_ST复华_2025_管理层讨论与分析.pdf
MDAF0003786,ST复华,业务概要,11,报告期内，对日业务方面，中和软件克服国际形势复杂变化的影响，通过种种努力确保了现有日本主要客户的业务开发量，采取一系列措施维护巩固主要客户的业务合作，确保项目正常推进完成，但面对日本政策进一步的收紧，中和软件全年完成日元销售额，较上年同期仍略有小幅减少。,600624.SH,2,报告页码,4.主要的业绩驱动因素,正文,600624.SH_ST复华_2025_管理层讨论与分析.pdf
MDAF0003787,ST复华,业务概要,11,收益主要来源于物业租赁、销售以及增值服务，追求长期、稳定、可持续的增长。,600624.SH,2,报告页码,2.经营模式,正文,600624.SH_ST复华_2025_管理层讨论与分析.pdf
MDAF0003788,ST复华,业务概要,11,日本客户将其软件开发工作的部分或全部对外发包，中和软件通过在日本设立的分支机构直接参与日本国内市场的竞争承接外包业务，并依托企业拥有的一支力量强大的技术开发队伍，根据客户要求为其提供软件开发及运营维护等服务。,600624.SH,2,报告页码,2.经营模式,正文,600624.SH_ST复华_2025_管理层讨论与分析.pdf
MDAF0003789,ST复华,业务概要,11,核心优势：一是资产与成本优势，持有核心区位自有物业，运营成本相对可控，抗风险能力较强；二是产业协同优势，深度融入区域产业规划，尤其在嘉定等区域，具备较强的产业链上下游协同能力；三是品牌与经验优势，长期运营积累了丰富的企业服务经验与客户资源，品牌历史深厚。,600624.SH,2,报告页码,3.产品市场地位、竞争优势与劣势,正文,600624.SH_ST复华_2025_管理层讨论与分析.pdf
MDAF0003790,ST复华,业务概要,11,现存短板：一是服务体系深度，从基础物业迈向深度产业服务（如金融对接、专项政策咨询、技术转化支持）的一站式服务体系仍需完善与强化；二是载体规模限制，受既有物业结构制约，在总体空间规模和企业容纳数量上，与头部大型园区相比存在提升空间。,600624.SH,2,报告页码,3.产品市场地位、竞争优势与劣势,正文,600624.SH_ST复华_2025_管理层讨论与分析.pdf
MDAF0003791,ST复华,业务概要,11,经过三十余年的深耕，复华园区品牌在区域内积累了认知度与美誉度。,600624.SH,2,报告页码,3.产品市场地位、竞争优势与劣势,正文,600624.SH_ST复华_2025_管理层讨论与分析.pdf
MDAF0003792,ST复华,业务概要,11,综上所述，中和软件营业收入（折合人民币计算）总体小幅减少。,600624.SH,2,报告页码,4.主要的业绩驱动因素,正文,600624.SH_ST复华_2025_管理层讨论与分析.pdf
MDAF0003793,ST复华,业务概要,12,不适用。,600624.SH,3,报告页码,4.主要的业绩驱动因素,选项,600624.SH_ST复华_2025_管理层讨论与分析.pdf
MDAF0003794,ST复华,核心竞争力,15,作为奉贤区属国有控股企业，得到当地政府的大力支持，且公司主营业务板块与“东方美谷”“未来空间”“数字江海”等区域产业发展布局高度契合，有望依托区域发展优势资源，获得更多发展机遇。,600624.SH,6,报告页码,,正文,600624.SH_ST复华_2025_管理层讨论与分析.pdf
MDAF0003795,ST复华,核心竞争力,15,公司三大业务板块的核心竞争力分析如下：医药：依托复旦大学医学、药学、生命科学等优势学科以及六十多年制药业的经验积累，药业公司在激烈的市场竞争中保持了稳定的发展势头，在上海医药行业拥有良好的品牌形象。,600624.SH,6,报告页码,,正文,600624.SH_ST复华_2025_管理层讨论与分析.pdf
MDAF0003796,ST复华,核心竞争力,15,公司以复旦大学的品牌、学科、科研、人才等优势为依托，具有科技成果转化生产力的有利环境；公司上市三十多年，拥有良好的品牌形象和一定的市场知名度。,600624.SH,6,报告页码,,正文,600624.SH_ST复华_2025_管理层讨论与分析.pdf
MDAF0003797,ST复华,核心竞争力,15,双益牌枸橼酸他莫昔芬片、氟他胺片等五个重点产品连续多年入选“上海医药行业名优产品”。,600624.SH,6,报告页码,,正文,600624.SH_ST复华_2025_管理层讨论与分析.pdf
MDAF0003798,ST复华,核心竞争力,15,本报告期内，公司核心竞争力未发生重大变化。,600624.SH,6,报告页码,,正文,600624.SH_ST复华_2025_管理层讨论与分析.pdf
MDAF0003799,ST复华,核心竞争力,15,目前，公司主营业务结构清晰，医药、软件、园区等三大业务板块均为国家鼓励发展的重点产业，发展前景看好，主要板块在各自专注的细分市场能够提供富有自身特色的产品和服务，在相关领域拥有较高的知名度及一定的行业地位。,600624.SH,6,报告页码,,正文,600624.SH_ST复华_2025_管理层讨论与分析.pdf
MDAF0003800,ST复华,核心竞争力,15,紧紧围绕“双益”品牌，完善品牌形象，发展重点产品，进行品牌的宣传和推广。,600624.SH,6,报告页码,,正文,600624.SH_ST复华_2025_管理层讨论与分析.pdf
MDAF0003801,ST复华,核心竞争力,15,药业公司专注于做专科药、特色药，围绕消化系统、神经系统、抗肿瘤、循环系统等治疗领域，研发生产了注射用谷胱甘肽、双益平、卡马西平片、氟他胺片、比卡鲁胺片、枸橼酸他莫昔芬片、硝酸异山梨酯片、雷公藤多苷片、心脑舒通片等药品，注射用谷胱甘肽等多个重点产品的市场占有率在国内同类产品中居于前列。,600624.SH,6,报告页码,,正文,600624.SH_ST复华_2025_管理层讨论与分析.pdf
MDAF0003802,ST复华,核心竞争力,15,药业公司先后申请注册“双益”、“双益平”、“双益健”、“复华”等9个商标。,600624.SH,6,报告页码,,正文,600624.SH_ST复华_2025_管理层讨论与分析.pdf
MDAF0003803,ST复华,核心竞争力,15,适用。,600624.SH,6,报告页码,,选项,600624.SH_ST复华_2025_管理层讨论与分析.pdf
MDAF0003804,ST复华,核心竞争力,16,2025年中和软件在合肥、重庆、西安、无锡的子公司保持稳定。,600624.SH,7,报告页码,,正文,600624.SH_ST复华_2025_管理层讨论与分析.pdf
MDAF0003805,ST复华,核心竞争力,16,2025年，复华园区持续推进“硬环境”升级，完成主要停车场智能化改造，增配超快充电设备；在绿色低碳转型方面，积极响应国家“双碳”战略与上海市“产业绿色化”发展导向，正式启动园区分布式光伏发电项目建设，项目一期工程已并网发电。,600624.SH,7,报告页码,,正文,600624.SH_ST复华_2025_管理层讨论与分析.pdf
MDAF0003806,ST复华,核心竞争力,16,与此同时，复华园区地处张江高新区嘉定园核心区域，地理位置优越，交通网络发达，周边产业配套成熟。,600624.SH,7,报告页码,,正文,600624.SH_ST复华_2025_管理层讨论与分析.pdf
MDAF0003807,ST复华,核心竞争力,16,依靠训练有素的核心开发团队和800 多人的队伍规模，中和软件保持了在证券、银行、保险、产业、流通等高精度、高要求、高标准项目开发方面的高成功率，是国内少数几家能够承接从需求分析、软件开发到运营维护的对日软件外包企业。,600624.SH,7,报告页码,,正文,600624.SH_ST复华_2025_管理层讨论与分析.pdf
MDAF0003808,ST复华,核心竞争力,16,凭借强大的技术开发能力与一流的服务品质，赢得了包括株式会社野村综合研究所在内的一批日本顶尖企业的信赖，并获得行业内多项荣誉资质，成为上海对日软件外包行业的龙头企业之一。,600624.SH,7,报告页码,,正文,600624.SH_ST复华_2025_管理层讨论与分析.pdf
MDAF0003809,ST复华,核心竞争力,16,历经三十余年发展，园区已形成基础设施完备、空间布局合理、功能配套齐全的成熟物业体系。,600624.SH,7,报告页码,,正文,600624.SH_ST复华_2025_管理层讨论与分析.pdf
MDAF0003810,ST复华,核心竞争力,16,园区：复华园区紧扣“嘉定工业互联网示范基地”定位，聚焦智能传感器与工业互联网两大核心赛道，深度融入上海现代化产业体系。,600624.SH,7,报告页码,,正文,600624.SH_ST复华_2025_管理层讨论与分析.pdf
MDAF0003811,ST复华,核心竞争力,16,在近两年相继通过最新版CMMI4 软件能力成熟度评估、ISO/IEC 27001:2022 最新版信息安全管理体系认证的基础上，公司继续加强员工信息安全教育和技术培训，强化管理手段，来确保相关体系的有效实施。,600624.SH,7,报告页码,,正文,600624.SH_ST复华_2025_管理层讨论与分析.pdf
MDAF0003812,ST复华,核心竞争力,16,复华园区海门园结合自身实际需求，找准短板，通过投入和调整，实现软硬件升级，提升整体竞争力。,600624.SH,7,报告页码,,正文,600624.SH_ST复华_2025_管理层讨论与分析.pdf
MDAF0003813,ST复华,核心竞争力,16,软件：中和软件经过三十多年的发展，注重对高端人才的培养，形成了强大的系统工程师的团队优势，在对日软件外包市场上具有极强的竞争力。,600624.SH,7,报告页码,,正文,600624.SH_ST复华_2025_管理层讨论与分析.pdf
MDAF0003814,ST复华,研发投入,36,专业团队通过学术活动与品牌建设，深入传递产品价值。,600624.SH,27,报告页码,(1) 主要销售模式分析,正文,600624.SH_ST复华_2025_管理层讨论与分析.pdf
MDAF0003815,ST复华,研发投入,36,为应对集采带来的价格与落标风险，公司建立了从政策分析到投标策略的风险管理机制，并通过产品迭代、成本优化与组合策略降低对单一产品的依赖，确保业务整体稳定。,600624.SH,27,报告页码,(1) 主要销售模式分析,正文,600624.SH_ST复华_2025_管理层讨论与分析.pdf
MDAF0003816,ST复华,研发投入,36,产品定价严格遵循省级集采结果，销售团队紧密跟进招标，保障市场准入。,600624.SH,27,报告页码,(1) 主要销售模式分析,正文,600624.SH_ST复华_2025_管理层讨论与分析.pdf
MDAF0003817,ST复华,研发投入,36,依托大数据平台，公司实时监测全国招采挂网、价格与终端数据，为决策提供支持。,600624.SH,27,报告页码,(1) 主要销售模式分析,正文,600624.SH_ST复华_2025_管理层讨论与分析.pdf
MDAF0003818,ST复华,研发投入,36,公司已构建以专业化学术推广为核心的营销体系，建立了覆盖全国的渠道网络，确保产品直达各级终端。,600624.SH,27,报告页码,(1) 主要销售模式分析,正文,600624.SH_ST复华_2025_管理层讨论与分析.pdf
MDAF0003819,ST复华,研发投入,36,适用。,600624.SH,27,报告页码,(1) 主要销售模式分析,选项,600624.SH_ST复华_2025_管理层讨论与分析.pdf
MDAF0003820,ST复华,研发投入,37,公司对销售费用采用分类预算管理的办法，加强销售费用的计划管理与控制。,600624.SH,28,报告页码,(2) 销售费用情况分析,正文,600624.SH_ST复华_2025_管理层讨论与分析.pdf
MDAF0003821,ST复华,研发投入,37,医药板块销售费用下降主要系：报告期内医药板块产品的市场推广模式有所调整，终端市场的渠道费用减少。,600624.SH,28,报告页码,(2) 销售费用情况分析,正文,600624.SH_ST复华_2025_管理层讨论与分析.pdf
MDAF0003822,ST复华,研发投入,37,"报告期内医药板块的销售费用总额为11,100.84万元，与上年同期相比减少9.67%，销售费用占医药板块营业收入的36.67%，与上年同期相比减少3.20%，销售费用率与行业水平相比处于正常水平。",600624.SH,28,报告页码,(2) 销售费用情况分析,正文,600624.SH_ST复华_2025_管理层讨论与分析.pdf
MDAF0003823,ST复华,研发投入,37,具体项目名称：业务招待费。,600624.SH,28,报告页码,(2) 销售费用情况分析,表格行,600624.SH_ST复华_2025_管理层讨论与分析.pdf
MDAF0003824,ST复华,研发投入,37,具体项目名称：会务费。,600624.SH,28,报告页码,(2) 销售费用情况分析,表格行,600624.SH_ST复华_2025_管理层讨论与分析.pdf
MDAF0003825,ST复华,研发投入,37,具体项目名称：其他。,600624.SH,28,报告页码,(2) 销售费用情况分析,表格行,600624.SH_ST复华_2025_管理层讨论与分析.pdf
MDAF0003826,ST复华,研发投入,37,具体项目名称：合计。,600624.SH,28,报告页码,(2) 销售费用情况分析,表格行,600624.SH_ST复华_2025_管理层讨论与分析.pdf
MDAF0003827,ST复华,研发投入,37,具体项目名称：宣传调研费。,600624.SH,28,报告页码,(2) 销售费用情况分析,表格行,600624.SH_ST复华_2025_管理层讨论与分析.pdf
MDAF0003828,ST复华,研发投入,37,具体项目名称：差旅费。,600624.SH,28,报告页码,(2) 销售费用情况分析,表格行,600624.SH_ST复华_2025_管理层讨论与分析.pdf
MDAF0003829,ST复华,研发投入,37,具体项目名称：广告费。,600624.SH,28,报告页码,(2) 销售费用情况分析,表格行,600624.SH_ST复华_2025_管理层讨论与分析.pdf
MDAF0003830,ST复华,研发投入,37,具体项目名称：职工薪酬。,600624.SH,28,报告页码,(2) 销售费用情况分析,表格行,600624.SH_ST复华_2025_管理层讨论与分析.pdf
MDAF0003831,ST复华,研发投入,37,具体项目名称：运输装卸费。,600624.SH,28,报告页码,(2) 销售费用情况分析,表格行,600624.SH_ST复华_2025_管理层讨论与分析.pdf
MDAF0003832,ST复华,研发投入,37,具体项目名称：销售服务费。,600624.SH,28,报告页码,(2) 销售费用情况分析,表格行,600624.SH_ST复华_2025_管理层讨论与分析.pdf
MDAF0003833,ST复华,研发投入,37,同行业可比公司：中恒集团。,600624.SH,28,报告页码,(2) 销售费用情况分析,表格行,600624.SH_ST复华_2025_管理层讨论与分析.pdf
MDAF0003834,ST复华,研发投入,37,同行业可比公司：公司医药板块报告期内销售费用占营业收入比例（%）。,600624.SH,28,报告页码,(2) 销售费用情况分析,表格行,600624.SH_ST复华_2025_管理层讨论与分析.pdf
MDAF0003835,ST复华,研发投入,37,同行业可比公司：公司医药板块报告期内销售费用总额。,600624.SH,28,报告页码,(2) 销售费用情况分析,表格行,600624.SH_ST复华_2025_管理层讨论与分析.pdf
MDAF0003836,ST复华,研发投入,37,同行业可比公司：华润江中。,600624.SH,28,报告页码,(2) 销售费用情况分析,表格行,600624.SH_ST复华_2025_管理层讨论与分析.pdf
MDAF0003837,ST复华,研发投入,37,同行业可比公司：济川药业。,600624.SH,28,报告页码,(2) 销售费用情况分析,表格行,600624.SH_ST复华_2025_管理层讨论与分析.pdf
MDAF0003838,ST复华,研发投入,37,同行业可比公司：灵康药业。,600624.SH,28,报告页码,(2) 销售费用情况分析,表格行,600624.SH_ST复华_2025_管理层讨论与分析.pdf
MDAF0003839,ST复华,研发投入,37,同行业可比公司：福安药业。,600624.SH,28,报告页码,(2) 销售费用情况分析,表格行,600624.SH_ST复华_2025_管理层讨论与分析.pdf
MDAF0003840,ST复华,研发投入,37,本期发生额占销售费用总额比例（%）：-。,600624.SH,28,报告页码,(2) 销售费用情况分析,表格行,600624.SH_ST复华_2025_管理层讨论与分析.pdf
MDAF0003841,ST复华,研发投入,37,本期发生额占销售费用总额比例（%）：0.09。,600624.SH,28,报告页码,(2) 销售费用情况分析,表格行,600624.SH_ST复华_2025_管理层讨论与分析.pdf
MDAF0003842,ST复华,研发投入,37,本期发生额占销售费用总额比例（%）：0.18。,600624.SH,28,报告页码,(2) 销售费用情况分析,表格行,600624.SH_ST复华_2025_管理层讨论与分析.pdf
MDAF0003843,ST复华,研发投入,37,本期发生额占销售费用总额比例（%）：0.60。,600624.SH,28,报告页码,(2) 销售费用情况分析,表格行,600624.SH_ST复华_2025_管理层讨论与分析.pdf
MDAF0003844,ST复华,研发投入,37,本期发生额占销售费用总额比例（%）：1.22。,600624.SH,28,报告页码,(2) 销售费用情况分析,表格行,600624.SH_ST复华_2025_管理层讨论与分析.pdf
MDAF0003845,ST复华,研发投入,37,本期发生额占销售费用总额比例（%）：100.00。,600624.SH,28,报告页码,(2) 销售费用情况分析,表格行,600624.SH_ST复华_2025_管理层讨论与分析.pdf
MDAF0003846,ST复华,研发投入,37,本期发生额占销售费用总额比例（%）：15.92。,600624.SH,28,报告页码,(2) 销售费用情况分析,表格行,600624.SH_ST复华_2025_管理层讨论与分析.pdf
MDAF0003847,ST复华,研发投入,37,本期发生额占销售费用总额比例（%）：28.97。,600624.SH,28,报告页码,(2) 销售费用情况分析,表格行,600624.SH_ST复华_2025_管理层讨论与分析.pdf
MDAF0003848,ST复华,研发投入,37,本期发生额占销售费用总额比例（%）：52.93。,600624.SH,28,报告页码,(2) 销售费用情况分析,表格行,600624.SH_ST复华_2025_管理层讨论与分析.pdf
MDAF0003849,ST复华,研发投入,37,本期发生额：0.00。,600624.SH,28,报告页码,(2) 销售费用情况分析,表格行,600624.SH_ST复华_2025_管理层讨论与分析.pdf
MDAF0003850,ST复华,研发投入,37,"本期发生额：1,767.14。",600624.SH,28,报告页码,(2) 销售费用情况分析,表格行,600624.SH_ST复华_2025_管理层讨论与分析.pdf
MDAF0003851,ST复华,研发投入,37,"本期发生额：11,100.84。",600624.SH,28,报告页码,(2) 销售费用情况分析,表格行,600624.SH_ST复华_2025_管理层讨论与分析.pdf
MDAF0003852,ST复华,研发投入,37,本期发生额：135.54。,600624.SH,28,报告页码,(2) 销售费用情况分析,表格行,600624.SH_ST复华_2025_管理层讨论与分析.pdf
MDAF0003853,ST复华,研发投入,37,本期发生额：20.26。,600624.SH,28,报告页码,(2) 销售费用情况分析,表格行,600624.SH_ST复华_2025_管理层讨论与分析.pdf
MDAF0003854,ST复华,研发投入,37,"本期发生额：3,215.50。",600624.SH,28,报告页码,(2) 销售费用情况分析,表格行,600624.SH_ST复华_2025_管理层讨论与分析.pdf
MDAF0003855,ST复华,研发投入,37,"本期发生额：5,876.10。",600624.SH,28,报告页码,(2) 销售费用情况分析,表格行,600624.SH_ST复华_2025_管理层讨论与分析.pdf
MDAF0003856,ST复华,研发投入,37,本期发生额：66.65。,600624.SH,28,报告页码,(2) 销售费用情况分析,表格行,600624.SH_ST复华_2025_管理层讨论与分析.pdf
MDAF0003857,ST复华,研发投入,37,本期发生额：9.77。,600624.SH,28,报告页码,(2) 销售费用情况分析,表格行,600624.SH_ST复华_2025_管理层讨论与分析.pdf
MDAF0003858,ST复华,研发投入,37,本期发生额：9.87。,600624.SH,28,报告页码,(2) 销售费用情况分析,表格行,600624.SH_ST复华_2025_管理层讨论与分析.pdf
MDAF0003859,ST复华,研发投入,37,"销售费用占营业收入比例（%）：11,100.84。",600624.SH,28,报告页码,(2) 销售费用情况分析,表格行,600624.SH_ST复华_2025_管理层讨论与分析.pdf
MDAF0003860,ST复华,研发投入,37,销售费用占营业收入比例（%）：11.22。,600624.SH,28,报告页码,(2) 销售费用情况分析,表格行,600624.SH_ST复华_2025_管理层讨论与分析.pdf
MDAF0003861,ST复华,研发投入,37,销售费用占营业收入比例（%）：28.12。,600624.SH,28,报告页码,(2) 销售费用情况分析,表格行,600624.SH_ST复华_2025_管理层讨论与分析.pdf
MDAF0003862,ST复华,研发投入,37,销售费用占营业收入比例（%）：30.84。,600624.SH,28,报告页码,(2) 销售费用情况分析,表格行,600624.SH_ST复华_2025_管理层讨论与分析.pdf
MDAF0003863,ST复华,研发投入,37,销售费用占营业收入比例（%）：33.94。,600624.SH,28,报告页码,(2) 销售费用情况分析,表格行,600624.SH_ST复华_2025_管理层讨论与分析.pdf
MDAF0003864,ST复华,研发投入,37,销售费用占营业收入比例（%）：36.67。,600624.SH,28,报告页码,(2) 销售费用情况分析,表格行,600624.SH_ST复华_2025_管理层讨论与分析.pdf
MDAF0003865,ST复华,研发投入,37,销售费用占营业收入比例（%）：48.01。,600624.SH,28,报告页码,(2) 销售费用情况分析,表格行,600624.SH_ST复华_2025_管理层讨论与分析.pdf
MDAF0003866,ST复华,研发投入,37,"销售费用：130,144.00。",600624.SH,28,报告页码,(2) 销售费用情况分析,表格行,600624.SH_ST复华_2025_管理层讨论与分析.pdf
MDAF0003867,ST复华,研发投入,37,"销售费用：15,480.87。",600624.SH,28,报告页码,(2) 销售费用情况分析,表格行,600624.SH_ST复华_2025_管理层讨论与分析.pdf
MDAF0003868,ST复华,研发投入,37,"销售费用：19,509.38。",600624.SH,28,报告页码,(2) 销售费用情况分析,表格行,600624.SH_ST复华_2025_管理层讨论与分析.pdf
MDAF0003869,ST复华,研发投入,37,"销售费用：211,081.86。",600624.SH,28,报告页码,(2) 销售费用情况分析,表格行,600624.SH_ST复华_2025_管理层讨论与分析.pdf
MDAF0003870,ST复华,研发投入,37,"销售费用：49,161.99。",600624.SH,28,报告页码,(2) 销售费用情况分析,表格行,600624.SH_ST复华_2025_管理层讨论与分析.pdf
MDAF0003871,ST复华,研发投入,37,不适用。,600624.SH,28,报告页码,4、其他说明,选项,600624.SH_ST复华_2025_管理层讨论与分析.pdf
MDAF0003872,ST复华,研发投入,37,适用。,600624.SH,28,报告页码,(2) 销售费用情况分析,选项,600624.SH_ST复华_2025_管理层讨论与分析.pdf
MDAF0003873,建元信托,业务概要,10,2025年1-12月，公司固有业务实现利息收入0.70亿元，投资收益3.51亿元。,600816.SH,1,报告页码,（一）固有业务,正文,600816.SH_建元信托_2025_管理层讨论与分析.pdf
MDAF0003874,建元信托,业务概要,10,2025年，公司实现信托业务收入（手续费及佣金收入）9.77亿元。,600816.SH,1,报告页码,（二）信托业务,正文,600816.SH_建元信托_2025_管理层讨论与分析.pdf
MDAF0003875,建元信托,业务概要,10,2025年，公司新增信托项目243个，对应新增信托规模2894亿元，同比增长138%。,600816.SH,1,报告页码,（二）信托业务,正文,600816.SH_建元信托_2025_管理层讨论与分析.pdf
MDAF0003876,建元信托,业务概要,10,信托业务是指公司以营业为目的，以受托人身份承诺信托和处理信托事务的经营行为。,600816.SH,1,报告页码,（二）信托业务,正文,600816.SH_建元信托_2025_管理层讨论与分析.pdf
MDAF0003877,建元信托,业务概要,10,其中，针对一项2017年发行的历史存量信托计划，由于该信托计划涉诉，公司历经8年持续管理与主动清收，成功收回该项目底层资产，依据信托合同的约定提取超额信托报酬（计入手续费及佣金收入）8.40亿元。,600816.SH,1,报告页码,（二）信托业务,正文,600816.SH_建元信托_2025_管理层讨论与分析.pdf
MDAF0003878,建元信托,业务概要,10,固有业务是指信托公司运用自有资本开展的业务，主要包括但不限于贷款、租赁、投资、同业存放等。,600816.SH,1,报告页码,（一）固有业务,正文,600816.SH_建元信托_2025_管理层讨论与分析.pdf
MDAF0003879,建元信托,业务概要,10,截至2025年末，公司受托管理信托规模4796亿元。,600816.SH,1,报告页码,（二）信托业务,正文,600816.SH_建元信托_2025_管理层讨论与分析.pdf
MDAF0003880,建元信托,业务概要,10,经排查，公司其他历史存量项目预计不存在可形成同等规模收入的情形。,600816.SH,1,报告页码,（二）信托业务,正文,600816.SH_建元信托_2025_管理层讨论与分析.pdf
MDAF0003881,建元信托,业务概要,10,不适用。,600816.SH,1,报告页码,（二）信托业务,选项,600816.SH_建元信托_2025_管理层讨论与分析.pdf
MDAF0003882,建元信托,核心竞争力,12,公司为国有控股上市公司，上海砥安为公司控股股东，上海电气控股集团有限公司、上海国盛（集团）有限公司、上海机场（集团）有限公司、上海国际集团有限公司以及中国信托业保障基金有限责任公司为公司的直接或间接股东，多元化产业及国资背景股东为公司带来产业链金融、信银、信保等业务协同机遇。,600816.SH,3,报告页码,（二）多元化产业背景的股东优势,正文,600816.SH_建元信托_2025_管理层讨论与分析.pdf
MDAF0003883,建元信托,核心竞争力,12,公司注册资本98.44亿元，位于行业前列，资产规模和资本实力雄厚，有利于充分发挥上市公司金融牌照价值，提升资本运作空间。,600816.SH,3,报告页码,（一）资本实力雄厚,正文,600816.SH_建元信托_2025_管理层讨论与分析.pdf
MDAF0003884,建元信托,核心竞争力,12,适用。,600816.SH,3,报告页码,,选项,600816.SH_建元信托_2025_管理层讨论与分析.pdf
MDAF0003885,建元信托,核心竞争力,13,公司业务范围广泛：（一）信托业务，包括资产服务信托业务、资产管理信托业务、公益慈善信托业务。,600816.SH,4,报告页码,（三）资本平台优势,正文,600816.SH_建元信托_2025_管理层讨论与分析.pdf
MDAF0003886,建元信托,核心竞争力,13,公司为国内唯一在上海证券交易所上市的信托公司，具备独特的资本运作及资源整合优势。,600816.SH,4,报告页码,（三）资本平台优势,正文,600816.SH_建元信托_2025_管理层讨论与分析.pdf
MDAF0003887,建元信托,核心竞争力,13,公司坚持外引内育相结合的原则，通过市场化选聘、内部培养与选拔等方式，积极壮大干部职工队伍力量，厚培人才沃土，筑巢引凤，充实迭代各条线团队实力，吸引了一批具备丰富财经理论、管理及实践经验，熟悉和掌握国家有关政策、法律、法规的高级人才加入公司，团队凝聚力和竞争力不断巩固提升，为公司未来转型发展筑牢组织人才基础。,600816.SH,4,报告页码,（四）人才队伍优势,正文,600816.SH_建元信托_2025_管理层讨论与分析.pdf
MDAF0003888,建元信托,核心竞争力,13,公司将立足国际金融中心，发挥好资本平台优势，以“打造高质量成长的、特色创新的综合金融服务商”为企业愿景，加速业务回归信托本源，服务实体经济发展，坚定不移走高质量发展之路，推进业务布局与国家政策、行业及监管趋势协同，引领业务经营与内部管理转型变革。,600816.SH,4,报告页码,（三）资本平台优势,正文,600816.SH_建元信托_2025_管理层讨论与分析.pdf
MDAF0003889,建元信托,核心竞争力,13,（三）为金融机构及其管理的资产管理产品、资产服务信托、公益慈善信托等提供投资顾问、咨询、托管及其他技术服务，为企业发行直接融资工具提供财务顾问、受托管理人等服务，为资产管理产品提供代理销售服务。,600816.SH,4,报告页码,（三）资本平台优势,正文,600816.SH_建元信托_2025_管理层讨论与分析.pdf
MDAF0003890,建元信托,核心竞争力,13,（二）固有资产负债业务，包括存放同业、同业拆借、贷款、投资、债券卖出回购，向股东及股东关联方申请流动性支持借款、定向发债，向信托业保障基金公司申请流动性支持借款等。,600816.SH,4,报告页码,（三）资本平台优势,正文,600816.SH_建元信托_2025_管理层讨论与分析.pdf
MDAF0003891,建元信托,核心竞争力,13,（五）国家金融监督管理总局批准的其他业务。,600816.SH,4,报告页码,（三）资本平台优势,正文,600816.SH_建元信托_2025_管理层讨论与分析.pdf
MDAF0003892,建元信托,核心竞争力,13,（四）受托境外理财业务资格。,600816.SH,4,报告页码,（三）资本平台优势,正文,600816.SH_建元信托_2025_管理层讨论与分析.pdf
MDAF0003893,建元信托,研发投入,18,不适用。,600816.SH,9,报告页码,(4).研发人员构成发生重大变化的原因及对公司未来发展的影响,选项,600816.SH_建元信托_2025_管理层讨论与分析.pdf
MDAF0003894,哈投股份,业务概要,9,①分公司哈投热电厂：为纯热源生产单位，总厂4台130吨蒸汽锅炉配套3台12MW汽轮发电机组，采用热电联产模式运行，主要产品为电力与蒸汽。,600864.SH,1,报告页码,（1）主要业务、产品及用途,正文,600864.SH_哈投股份_2025_管理层讨论与分析.pdf
MDAF0003895,哈投股份,业务概要,9,②分公司哈投供热公司：是面向用户的供热单位。,600864.SH,1,报告页码,（1）主要业务、产品及用途,正文,600864.SH_哈投股份_2025_管理层讨论与分析.pdf
MDAF0003896,哈投股份,业务概要,9,③控股子公司黑龙江岁宝热电有限公司：有四个热源厂，其中总厂阿热与一分厂金京采用热电联产模式运行，生产电力、热力及工业蒸汽；一分厂城南车间和总厂城北车间为大型热水锅炉，生产热力用于集中供热。,600864.SH,1,报告页码,（1）主要业务、产品及用途,正文,600864.SH_哈投股份_2025_管理层讨论与分析.pdf
MDAF0003897,哈投股份,业务概要,9,④全资子公司哈尔滨太平供热有限责任公司：建有4台64MW和2台116MW热水锅炉，单纯生产热力用于供热；还建有6台14MW和4台29MW燃气热水锅炉，用于极寒天气时调峰供热安全保障。,600864.SH,1,报告页码,（1）主要业务、产品及用途,正文,600864.SH_哈投股份_2025_管理层讨论与分析.pdf
MDAF0003898,哈投股份,业务概要,9,⑤全资子公司哈尔滨正业热电有限责任公司：持有占地面积10.97万平方米的土地，已建成管径DN1400-DN1200的供热管网全长7.64公里。,600864.SH,1,报告页码,（1）主要业务、产品及用途,正文,600864.SH_哈投股份_2025_管理层讨论与分析.pdf
MDAF0003899,哈投股份,业务概要,9,主要业务是电力、热力生产和供应，主要产品是电力、热力、蒸汽。,600864.SH,1,报告页码,（1）主要业务、产品及用途,正文,600864.SH_哈投股份_2025_管理层讨论与分析.pdf
MDAF0003900,哈投股份,业务概要,9,公司主营业务是热电业务和证券业务。,600864.SH,1,报告页码,,正文,600864.SH_哈投股份_2025_管理层讨论与分析.pdf
MDAF0003901,哈投股份,业务概要,9,公司热电业务采用热电联产与热水锅炉相结合、辅以燃气调峰锅炉的供热模式，为热用户提供冬季集中供热服务。,600864.SH,1,报告页码,（2）经营模式,正文,600864.SH_哈投股份_2025_管理层讨论与分析.pdf
MDAF0003902,哈投股份,业务概要,9,其利润主要来源于供热热费收入、趸售热力收入、电力销售收入及工业蒸汽销售收入。,600864.SH,1,报告页码,（2）经营模式,正文,600864.SH_哈投股份_2025_管理层讨论与分析.pdf
MDAF0003903,哈投股份,业务概要,9,其土地与公司分公司哈投热电厂一分厂相邻，现用于哈投热电厂热源改造项目-配套储煤等附属设施项目建设用地。,600864.SH,1,报告页码,（1）主要业务、产品及用途,正文,600864.SH_哈投股份_2025_管理层讨论与分析.pdf
MDAF0003904,哈投股份,业务概要,9,同时通过供热管网和换热站向热用户提供集中供热服务。,600864.SH,1,报告页码,（1）主要业务、产品及用途,正文,600864.SH_哈投股份_2025_管理层讨论与分析.pdf
MDAF0003905,哈投股份,业务概要,9,夏季不生产电力和蒸汽；冬季生产的蒸汽少量供给蒸汽用户，大部分则通过汽-水换热器转化为高温热水，用于集中供热。,600864.SH,1,报告页码,（1）主要业务、产品及用途,正文,600864.SH_哈投股份_2025_管理层讨论与分析.pdf
MDAF0003906,哈投股份,业务概要,9,建成管网作为公司分公司哈投热电厂主热源的输出主干管线，满足哈投供热和太平供热的联网运行条件。,600864.SH,1,报告页码,（1）主要业务、产品及用途,正文,600864.SH_哈投股份_2025_管理层讨论与分析.pdf
MDAF0003907,哈投股份,业务概要,9,总厂4台70MW热水锅炉，一分厂5台116MW及3台168MW循环流化床热水锅炉，单纯生产高温热水用于供热。,600864.SH,1,报告页码,（1）主要业务、产品及用途,正文,600864.SH_哈投股份_2025_管理层讨论与分析.pdf
MDAF0003908,哈投股份,业务概要,9,此外，还有4台29MW燃气热水锅炉，作为极寒天气下的调峰供热安全保障设施。,600864.SH,1,报告页码,（1）主要业务、产品及用途,正文,600864.SH_哈投股份_2025_管理层讨论与分析.pdf
MDAF0003909,哈投股份,业务概要,9,热电厂生产的热力趸售给供热公司，再由供热公司通过供热管网与换热站向热用户提供集中供热服务。,600864.SH,1,报告页码,（1）主要业务、产品及用途,正文,600864.SH_哈投股份_2025_管理层讨论与分析.pdf
MDAF0003910,哈投股份,业务概要,9,现有热用户15.31万户，其规划供热范围为哈尔滨市区东起阿什河、西至马家沟、南起公滨路、北至先锋路的合围区域，涉及南岗区、香坊区、道外区等行政区。,600864.SH,1,报告页码,（1）主要业务、产品及用途,正文,600864.SH_哈投股份_2025_管理层讨论与分析.pdf
MDAF0003911,哈投股份,业务概要,9,现有热用户16.56万户，全部位于阿城区。,600864.SH,1,报告页码,（1）主要业务、产品及用途,正文,600864.SH_哈投股份_2025_管理层讨论与分析.pdf
MDAF0003912,哈投股份,业务概要,9,现有热用户7.69万户，规划供热范围大致为哈尔滨市区东起阿什河、西至宣化街，北起滨北铁路、南至先锋路所围合的区域，涉及道外区、南岗区等行政区。,600864.SH,1,报告页码,（1）主要业务、产品及用途,正文,600864.SH_哈投股份_2025_管理层讨论与分析.pdf
MDAF0003913,哈投股份,业务概要,9,电力一部分满足厂内自用需求，另一部分并入电网销售。,600864.SH,1,报告页码,（1）主要业务、产品及用途,正文,600864.SH_哈投股份_2025_管理层讨论与分析.pdf
MDAF0003914,哈投股份,业务概要,9,经营范围为实业投资，股权投资，投资咨询，电力、热力生产和供应。,600864.SH,1,报告页码,,正文,600864.SH_哈投股份_2025_管理层讨论与分析.pdf
MDAF0003915,哈投股份,业务概要,9,黑岁宝公司设立热力公司，通过供热管网与热力站向热用户提供集中供热服务。,600864.SH,1,报告页码,（1）主要业务、产品及用途,正文,600864.SH_哈投股份_2025_管理层讨论与分析.pdf
MDAF0003916,哈投股份,业务概要,10,公司热电业务以冬季集中供热为核心，在保障热用户供热质量与安全的前提下，遵循“以热定电”原则调整热电联产机组运行方式。,600864.SH,2,报告页码,（2）经营模式,正文,600864.SH_哈投股份_2025_管理层讨论与分析.pdf
MDAF0003917,哈投股份,业务概要,10,公司的供热区域由政府规划批准划定，集中供热行业因热源与热网相对固定而具有自然垄断属性，新增用户主要来自供热管网覆盖区域内及周边地带，因此面临的直接同业竞争压力较小。,600864.SH,2,报告页码,（3）公司产品市场地位,正文,600864.SH_哈投股份_2025_管理层讨论与分析.pdf
MDAF0003918,哈投股份,业务概要,10,公司秉持热电业务与证券业务双主业协同发展的理念，未来将持续推动热电业务做大、做强、做优，通过优化供热布局、整合供热资源，不断提升大型高效集中热源的供热保障能力。,600864.SH,2,报告页码,（3）公司产品市场地位,正文,600864.SH_哈投股份_2025_管理层讨论与分析.pdf
MDAF0003919,哈投股份,业务概要,10,受国家房地产调控政策与地方经济发展的双重影响，城市建设速度有所放缓，预计公司未来新增供热面积的增速也将相应趋缓。,600864.SH,2,报告页码,（3）公司产品市场地位,正文,600864.SH_哈投股份_2025_管理层讨论与分析.pdf
MDAF0003920,哈投股份,业务概要,10,在无供热负荷时，机组一般不单独发电上网，旨在实现公司经济效益最大化。,600864.SH,2,报告页码,（2）经营模式,正文,600864.SH_哈投股份_2025_管理层讨论与分析.pdf
MDAF0003921,哈投股份,业务概要,10,截至2025年年末，公司直接供热建筑面积达4692万平方米；综合评估管理水平与盈利能力，公司在哈尔滨市同行业中处于中上游水平。,600864.SH,2,报告页码,（3）公司产品市场地位,正文,600864.SH_哈投股份_2025_管理层讨论与分析.pdf
MDAF0003922,哈投股份,业务概要,10,数据来源：国家统计局月度数据及本公司情况。,600864.SH,2,报告页码,（3）公司产品市场地位,正文,600864.SH_哈投股份_2025_管理层讨论与分析.pdf
MDAF0003923,哈投股份,业务概要,11,三是公司充分发挥地域与规模优势，通过优化联网运行，提升大型高效热源的效能，最大限度减少低效燃煤锅炉和燃气锅炉的运行时间，进而有效降低整体供热成本。,600864.SH,3,报告页码,（4）竞争优劣势,正文,600864.SH_哈投股份_2025_管理层讨论与分析.pdf
MDAF0003924,哈投股份,业务概要,11,二是公司采用热电联产与大型热水锅炉相结合的供热模式，相较于单纯的热水锅炉供热模式，具备一定的经济效益优势。,600864.SH,3,报告页码,（4）竞争优劣势,正文,600864.SH_哈投股份_2025_管理层讨论与分析.pdf
MDAF0003925,哈投股份,业务概要,11,在供热温度、供热服务、用户满意度等方面，公司面临更高要求，需投入更多人力、物力等成本。,600864.SH,3,报告页码,（4）竞争优劣势,正文,600864.SH_哈投股份_2025_管理层讨论与分析.pdf
MDAF0003926,哈投股份,业务概要,11,在竞争优势方面，一是公司作为国有控股企业，国有控股股东及市国资委在履行监管职责的同时，能够为公司经营发展提供有力支持。,600864.SH,3,报告页码,（4）竞争优劣势,正文,600864.SH_哈投股份_2025_管理层讨论与分析.pdf
MDAF0003927,哈投股份,业务概要,11,数据来源：中国电力联合会数据统计及本公司全年数据。,600864.SH,3,报告页码,（3）公司产品市场地位,正文,600864.SH_哈投股份_2025_管理层讨论与分析.pdf
MDAF0003928,哈投股份,业务概要,11,竞争劣势方面，作为国有控股上市公司，公司需承担保障民生供热质量、供热安全的重要社会责任。,600864.SH,3,报告页码,（4）竞争优劣势,正文,600864.SH_哈投股份_2025_管理层讨论与分析.pdf
MDAF0003929,哈投股份,业务概要,12,②成本优化：实施精细化管理，降低生产单耗指标与运营成本；通过统筹联网运行与余热回收技术降低供热成本。,600864.SH,4,报告页码,（5）主要业绩驱动因素,正文,600864.SH_哈投股份_2025_管理层讨论与分析.pdf
MDAF0003930,哈投股份,业务概要,12,③财务增效：发挥公司融资优势，优化融资结构，从而节约财务费用。,600864.SH,4,报告页码,（5）主要业绩驱动因素,正文,600864.SH_哈投股份_2025_管理层讨论与分析.pdf
MDAF0003931,哈投股份,业务概要,12,④政策纾困：依托政府老旧管网改造补贴及供热期专项补贴，缓解经营压力。,600864.SH,4,报告页码,（5）主要业绩驱动因素,正文,600864.SH_哈投股份_2025_管理层讨论与分析.pdf
MDAF0003932,哈投股份,业务概要,12,作为国有控股上市公司，公司需兼顾民生保障责任与股东利益回报，通过以下路径驱动业绩：①开源增收：积极拓展供热覆盖面积，通过提升服务质量提高热费收缴率。,600864.SH,4,报告页码,（5）主要业绩驱动因素,正文,600864.SH_哈投股份_2025_管理层讨论与分析.pdf
MDAF0003933,哈投股份,业务概要,12,公司热电业务的盈利状况与行业整体趋势保持一致，是共性经营挑战下的常态化表现。,600864.SH,4,报告页码,（5）主要业绩驱动因素,正文,600864.SH_哈投股份_2025_管理层讨论与分析.pdf
MDAF0003934,哈投股份,业务概要,12,公司证券业务主要依托全资子公司江海证券开展。,600864.SH,4,报告页码,2.公司证券业务,正文,600864.SH_哈投股份_2025_管理层讨论与分析.pdf
MDAF0003935,哈投股份,业务概要,12,同时，公司在企业管理、用人机制及考核体系等方面灵活性不足，企业发展的内生动力未能得到充分激发。,600864.SH,4,报告页码,（4）竞争优劣势,正文,600864.SH_哈投股份_2025_管理层讨论与分析.pdf
MDAF0003936,哈投股份,业务概要,12,同时，江海证券围绕机构化、互联网化、精品化、差异化、特色化，整合内部资源，加强业务协同发展，探索新业务模式。,600864.SH,4,报告页码,（2）经营模式,正文,600864.SH_哈投股份_2025_管理层讨论与分析.pdf
MDAF0003937,哈投股份,业务概要,12,同时，江海证券还通过其全资子公司江海证券投资（上海）有限公司从事另类投资业务，通过其全资子公司江海证券创业投资（上海）有限公司从事私募基金业务，通过其参股子公司江海汇鑫期货有限公司从事IB业务。,600864.SH,4,报告页码,（1）主要业务,正文,600864.SH_哈投股份_2025_管理层讨论与分析.pdf
MDAF0003938,哈投股份,业务概要,12,政府制定的煤热价格联动机制因地方宏观经济承压而长期未实施，现行供热定价与成本倒挂，导致行业普遍处于亏损或微利状态。,600864.SH,4,报告页码,（5）主要业绩驱动因素,正文,600864.SH_哈投股份_2025_管理层讨论与分析.pdf
MDAF0003939,哈投股份,业务概要,12,江海证券经行业主管部门核准，拥有证券经纪、证券承销与保荐、证券投资咨询、证券自营、证券资产管理、融资融券、证券投资基金代销以及代销金融产品等业务资格，并根据公司业务发展需求开拓部分创新业务。,600864.SH,4,报告页码,（1）主要业务,正文,600864.SH_哈投股份_2025_管理层讨论与分析.pdf
MDAF0003940,哈投股份,业务概要,12,江海证券结合行业发展趋势，坚持“有所为有所不为”的业务发展理念和“担当、诚信、专业、合规”的企业文化，基于自身能力，量体裁衣，在“特色、强项、专长、精品”上下功夫，稳步推进各条线业务健康有序发展。,600864.SH,4,报告页码,（2）经营模式,正文,600864.SH_哈投股份_2025_管理层讨论与分析.pdf
MDAF0003941,哈投股份,业务概要,12,煤炭是供热行业的主要原材料，其价格自2018年起持续上涨并维持高位，大幅挤压了企业的利润空间。,600864.SH,4,报告页码,（5）主要业绩驱动因素,正文,600864.SH_哈投股份_2025_管理层讨论与分析.pdf
MDAF0003942,哈投股份,业务概要,12,经纪业务方面，夯实客户资源，提升专业收入比重，打造客户开发和服务新业态，推进财富管理转型和数字化赋能；自营业务方面，坚持大类资产配置，丰富和发展投资策略，提高自营业务收入的可预见性和稳定性；投行业务方面，以服务实体经济为中心，坚持“股权业务区域化、债券业务全国化”策略，团队整合优化，加强合规诚信文化建设，推动投行业务转型；资管业务方面，研究探索适合公司特质的资管主动管理模式，持续推进向主动管理转型；信用业务方面，聚焦客户多元化需求，以精细化管理与专业化服务为支撑，持续优化业务结构、完善客户服务体系，提升融资融券业务发展质效。,600864.SH,4,报告页码,（2）经营模式,正文,600864.SH_哈投股份_2025_管理层讨论与分析.pdf
MDAF0003943,哈投股份,业务概要,12,通过金融科技手段，突破地域限制，打造机构客户的资源服务平台，提升综合服务能力，为客户提供个性化、专业化的金融服务。,600864.SH,4,报告页码,（2）经营模式,正文,600864.SH_哈投股份_2025_管理层讨论与分析.pdf
MDAF0003944,哈投股份,业务概要,13,上述主营业务以外，公司还开展了多元投资业务。,600864.SH,5,报告页码,3.多元投资活动情况,正文,600864.SH_哈投股份_2025_管理层讨论与分析.pdf
MDAF0003945,哈投股份,业务概要,13,中国证券业协会公布2025年度全行业证券公司未经审计经营数据，证券行业实现营业收入同比上升19.95%，证券行业全年累计实现净利润同比上升31.14%，江海证券本年度营业收入和净利润均同比提升，公司经营业绩保持良好发展状况。,600864.SH,5,报告页码,（6）业绩变化,正文,600864.SH_哈投股份_2025_管理层讨论与分析.pdf
MDAF0003946,哈投股份,业务概要,13,但目前公司业务发展尚不平衡，差异化、特色化还不足，需进一步提升核心竞争力。,600864.SH,5,报告页码,（4）竞争优势与劣势,正文,600864.SH_哈投股份_2025_管理层讨论与分析.pdf
MDAF0003947,哈投股份,业务概要,13,公司围绕资本市场改革方向，坚持党建引领，顺应证券行业发展趋势，结合自身主营业务实际情况，致力于夯实专业，通过文化建设形成公司发展的“软实力”，以数智化转型为业务发展注入新动力，全面升级公司“四位一体”内控机制为业务发展提供坚实保障，聚焦主业，融入AI，促进经纪业务、投行业务、自营业务、资管业务和信用业务转型升级。,600864.SH,5,报告页码,（5）主要业绩驱动因素,正文,600864.SH_哈投股份_2025_管理层讨论与分析.pdf
MDAF0003948,哈投股份,业务概要,13,公司坚定践行“五要五不”中国特色金融文化，持续完善法人治理结构，得到股东的坚定支持，战略清晰且契合行业发展趋势，运行高效，合规风控意识较高，人才梯队建设提档升级，综合服务能力较强，专业化能力不断提升。,600864.SH,5,报告页码,（4）竞争优势与劣势,正文,600864.SH_哈投股份_2025_管理层讨论与分析.pdf
MDAF0003949,哈投股份,业务概要,13,公司适时推进新业务资格申请，丰富公司业务线，优化公司的收入结构和盈利模式，成本精准有效投入，锻造差异化竞争硬实力。,600864.SH,5,报告页码,（5）主要业绩驱动因素,正文,600864.SH_哈投股份_2025_管理层讨论与分析.pdf
MDAF0003950,哈投股份,业务概要,13,报告期末，江海证券拥有60家分支机构，包括21家分公司和39家营业部，其中28家营业部布局于黑龙江省内。,600864.SH,5,报告页码,（2）经营模式,正文,600864.SH_哈投股份_2025_管理层讨论与分析.pdf
MDAF0003951,哈投股份,业务概要,13,江海证券各项指标份额情况如下表（单位：亿元）。,600864.SH,5,报告页码,（3）公司产品市场地位,正文,600864.SH_哈投股份_2025_管理层讨论与分析.pdf
MDAF0003952,哈投股份,业务概要,13,该项业务以公司本部及全资子公司哈投嘉信为主体，围绕战略推进多元布局，依托深哈基金投资战略性新兴产业；布局碳交易与碳金融，培育绿色增长点；强化金融股权的精细化管理，完成处置低效资产；同时利用闲置资金开展低风险投资，增加收益。,600864.SH,5,报告页码,3.多元投资活动情况,正文,600864.SH_哈投股份_2025_管理层讨论与分析.pdf
MDAF0003953,哈投股份,业务概要,13,不适用。,600864.SH,5,报告页码,3.多元投资活动情况,选项,600864.SH_哈投股份_2025_管理层讨论与分析.pdf
MDAF0003954,哈投股份,核心竞争力,18,(3) 资源整合与协同增效。,600864.SH,10,报告页码,(2) 区域专营与规模壁垒。公司通过五家供热主体（分公司热电厂、供热公司；全资子公司太平,正文,600864.SH_哈投股份_2025_管理层讨论与分析.pdf
MDAF0003955,哈投股份,核心竞争力,18,2021年9月，公司收购太平供热100%股权，依托与之供热区域毗邻的优势，谋划热源与热网的联网运行；同时，借助公司热电厂大型热源的优势，降低供热运行综合成本，提升热源及管网的供热安全保障能力。,600864.SH,10,报告页码,(2) 区域专营与规模壁垒。公司通过五家供热主体（分公司热电厂、供热公司；全资子公司太平,正文,600864.SH_哈投股份_2025_管理层讨论与分析.pdf
MDAF0003956,哈投股份,核心竞争力,18,2022年起，在哈投集团的统筹部署下，公司实施智慧供热项目建设，通过搭建智慧供热平台，构建智能化管理系统与能效系统，进一步提升了数据采集及自动控制能力，有效推动了公司供热业务的数字化转型进程。,600864.SH,10,报告页码,(4) 技术积累与数字化转型。公司热电业务经过多年的运营与发展，持续积累经验、储备专业技,正文,600864.SH_哈投股份_2025_管理层讨论与分析.pdf
MDAF0003957,哈投股份,核心竞争力,18,2023年4月，公司收购哈尔滨正业热电有限责任公司100%股权，利用其土地及管网资产，建设哈投热电厂热源改造项目-配套储煤等附属设施项目和实施联网运行，以降低供热成本、提升供热安全性。,600864.SH,10,报告页码,(2) 区域专营与规模壁垒。公司通过五家供热主体（分公司热电厂、供热公司；全资子公司太平,正文,600864.SH_哈投股份_2025_管理层讨论与分析.pdf
MDAF0003958,哈投股份,核心竞争力,18,供热、正业热电；控股子公司黑岁宝）承担哈尔滨市南岗区、香坊区、道外区、阿城区规划区域内的集中供热任务，总供热面积在哈尔滨市主城区中占据较大比例。,600864.SH,10,报告页码,(2) 区域专营与规模壁垒。公司通过五家供热主体（分公司热电厂、供热公司；全资子公司太平,正文,600864.SH_哈投股份_2025_管理层讨论与分析.pdf
MDAF0003959,哈投股份,核心竞争力,18,充分发挥党的领导与现代公司治理双重优势。,600864.SH,10,报告页码,（1）江海证券坚持党建引领，夯实专班机制、优化组织架构、完善绩效体系、推动内控提升，,正文,600864.SH_哈投股份_2025_管理层讨论与分析.pdf
MDAF0003960,哈投股份,核心竞争力,18,公司作为国有控股企业，在开展经营活动、积极履行社会责任方面，能够获得控股股东哈投集团与地方政府的大力支持。,600864.SH,10,报告页码,(1) 国有资本与政策支持优势。公司控股股东哈尔滨投资集团有限责任公司隶属于哈尔滨市人民,正文,600864.SH_哈投股份_2025_管理层讨论与分析.pdf
MDAF0003961,哈投股份,核心竞争力,18,公司形成了科学的经营决策体系，严格按照规定的审核流程执行。,600864.SH,10,报告页码,（1）江海证券坚持党建引领，夯实专班机制、优化组织架构、完善绩效体系、推动内控提升，,正文,600864.SH_哈投股份_2025_管理层讨论与分析.pdf
MDAF0003962,哈投股份,核心竞争力,18,公司持续优化供热布局，加大供热资源整合力度，以推动长远发展。,600864.SH,10,报告页码,(2) 区域专营与规模壁垒。公司通过五家供热主体（分公司热电厂、供热公司；全资子公司太平,正文,600864.SH_哈投股份_2025_管理层讨论与分析.pdf
MDAF0003963,哈投股份,核心竞争力,18,在政府规划的供热区域内，公司热用户稳定且供热面积逐年小幅增长，形成显著的区域专营优势。,600864.SH,10,报告页码,(2) 区域专营与规模壁垒。公司通过五家供热主体（分公司热电厂、供热公司；全资子公司太平,正文,600864.SH_哈投股份_2025_管理层讨论与分析.pdf
MDAF0003964,哈投股份,核心竞争力,18,按照“健全、合理、制衡、独立”的原则，公司持续完善内部控制机制，能够有效保证公司规范经营、资产安全、财务报告及相关信息真实完整，不断提高公司经营效率和效果，促进公司发展战略的顺利实施。,600864.SH,10,报告页码,（1）江海证券坚持党建引领，夯实专班机制、优化组织架构、完善绩效体系、推动内控提升，,正文,600864.SH_哈投股份_2025_管理层讨论与分析.pdf
MDAF0003965,哈投股份,核心竞争力,18,按照现代企业制度的要求，江海证券建立了由股东、董事会、董事会审计委员会和经理层组成的治理结构，形成了权力机构、决策机构、监督机构和管理层之间权责明确、运作规范的相互协调和相互制衡的机制，保证了公司独立和持续稳定的发展。,600864.SH,10,报告页码,（1）江海证券坚持党建引领，夯实专班机制、优化组织架构、完善绩效体系、推动内控提升，,正文,600864.SH_哈投股份_2025_管理层讨论与分析.pdf
MDAF0003966,哈投股份,核心竞争力,18,政府国有资产监督管理委员会，是哈尔滨市重要的国有出资企业，在全市国有企业集团中具有较大影响力。,600864.SH,10,报告页码,(1) 国有资本与政策支持优势。公司控股股东哈尔滨投资集团有限责任公司隶属于哈尔滨市人民,正文,600864.SH_哈投股份_2025_管理层讨论与分析.pdf
MDAF0003967,哈投股份,核心竞争力,18,术人才，供热管理能力在行业内处于较为突出的水平。,600864.SH,10,报告页码,(4) 技术积累与数字化转型。公司热电业务经过多年的运营与发展，持续积累经验、储备专业技,正文,600864.SH_哈投股份_2025_管理层讨论与分析.pdf
MDAF0003968,哈投股份,核心竞争力,18,构建适应行业高质量发展新格局的公司治理体系。,600864.SH,10,报告页码,（1）江海证券坚持党建引领，夯实专班机制、优化组织架构、完善绩效体系、推动内控提升，,正文,600864.SH_哈投股份_2025_管理层讨论与分析.pdf
MDAF0003969,哈投股份,核心竞争力,18,秉承“党建为经营之基”的治理理念，持续优化“三重一大”机制体系，明确职责边界、权利范围，深入贯彻重大事项党委会前置讨论机制，将党的领导落实到决策、执行、监督各环节，充分发挥公司党委把方向、管大局、保落实的关键作用，深入实践党建引领与经营发展的深度融合。,600864.SH,10,报告页码,（1）江海证券坚持党建引领，夯实专班机制、优化组织架构、完善绩效体系、推动内控提升，,正文,600864.SH_哈投股份_2025_管理层讨论与分析.pdf
MDAF0003970,哈投股份,核心竞争力,18,适用。,600864.SH,10,报告页码,,选项,600864.SH_哈投股份_2025_管理层讨论与分析.pdf
MDAF0003971,哈投股份,核心竞争力,19,产管理、自营等多方面专业力量，加快公司业务协同转型发展步伐，公司内生发展能力得到提高。,600864.SH,11,报告页码,（3）综合服务能力不断增强，专业化能力不断提升。江海证券整合了经纪业务、投资银行、资,正文,600864.SH_哈投股份_2025_管理层讨论与分析.pdf
MDAF0003972,哈投股份,核心竞争力,19,加强员工培养，通过内部培训、外部交流等方式，进一步提高员工综合素养。,600864.SH,11,报告页码,（4）实施人才强司战略，通过外引内育，实现人才梯队提档升级。加快推进以高管团队为核心,正文,600864.SH_哈投股份_2025_管理层讨论与分析.pdf
MDAF0003973,哈投股份,核心竞争力,19,协同带动”的业务发展战略，强化数字赋能和内控赋能，紧跟市场形势，推动各项业务协同有序、稳步健康发展。,600864.SH,11,报告页码,（2）实施清晰的业务战略，践行灵活的经营机制，始终坚持“提升投研、聚焦长板、巩固基础、,正文,600864.SH_哈投股份_2025_管理层讨论与分析.pdf
MDAF0003974,哈投股份,核心竞争力,19,在原有管理序列基础上，融入行业内成熟先进的员工职级体系，打通员工的晋升通道，引导员工对自身的职业发展进行更明晰的规划，差异化、特色化发展格局的人才支撑体系更加坚实。,600864.SH,11,报告页码,（4）实施人才强司战略，通过外引内育，实现人才梯队提档升级。加快推进以高管团队为核心,正文,600864.SH_哈投股份_2025_管理层讨论与分析.pdf
MDAF0003975,哈投股份,核心竞争力,19,在此基础上，持续深耕细作，不断提升各项业务的专业化水准，在满足广大客户一般性服务需求的同时，深度挖掘个性化、差异化需求，全力打造全方位、多层次的优质服务体系，切实增强客户黏性。,600864.SH,11,报告页码,（3）综合服务能力不断增强，专业化能力不断提升。江海证券整合了经纪业务、投资银行、资,正文,600864.SH_哈投股份_2025_管理层讨论与分析.pdf
MDAF0003976,哈投股份,核心竞争力,19,深入开展“干部队伍能力提升专项行动”，以“干部领学、全员共进”为导向，全面提升干部履职能力，中层干部队伍大局意识、全局观念显著增强。,600864.SH,11,报告页码,（4）实施人才强司战略，通过外引内育，实现人才梯队提档升级。加快推进以高管团队为核心,正文,600864.SH_哈投股份_2025_管理层讨论与分析.pdf
MDAF0003977,哈投股份,核心竞争力,19,的干部队伍建设，严格执行绩效退出机制、干部轮岗制。,600864.SH,11,报告页码,（4）实施人才强司战略，通过外引内育，实现人才梯队提档升级。加快推进以高管团队为核心,正文,600864.SH_哈投股份_2025_管理层讨论与分析.pdf
MDAF0003978,哈投股份,核心竞争力,19,积极探索“以服务客户为中心、以业务及投研能力为平台、以专业产品为驱动”的综合服务模式。,600864.SH,11,报告页码,（3）综合服务能力不断增强，专业化能力不断提升。江海证券整合了经纪业务、投资银行、资,正文,600864.SH_哈投股份_2025_管理层讨论与分析.pdf
MDAF0003979,哈投股份,研发投入,27,不适用。,600864.SH,19,报告页码,(1). 研发投入情况表,选项,600864.SH_哈投股份_2025_管理层讨论与分析.pdf
MDAF0003980,哈投股份,研发投入,27,不适用。,600864.SH,19,报告页码,(2). 研发人员情况表,选项,600864.SH_哈投股份_2025_管理层讨论与分析.pdf
MDAF0003981,哈投股份,研发投入,28,不适用。,600864.SH,20,报告页码,(3). 情况说明,选项,600864.SH_哈投股份_2025_管理层讨论与分析.pdf
MDAF0003982,哈投股份,研发投入,28,不适用。,600864.SH,20,报告页码,(4). 研发人员构成发生重大变化的原因及对公司未来发展的影响,选项,600864.SH_哈投股份_2025_管理层讨论与分析.pdf
MDAF0003983,财达证券,业务概要,28,列品种以外的金融产品、股权等另类投资业务。,600906.SH,1,报告页码,7、另类投资业务：通过全资子公司财达鑫瑞投资开展《证券公司证券自营投资品种清单》所,正文,600906.SH_财达证券_2025_管理层讨论与分析.pdf
MDAF0003984,财达证券,业务概要,28,套利等多元化的投资交易策略，运用高效技术手段，以自有资金开展权益类证券、固定收益类证券、大宗商品以及衍生金融工具的交易，新三板做市业务，并做好参与碳排放权交易的准备。,600906.SH,1,报告页码,4、证券投资业务：依托先进的量化模型和智能交易系统，结合多因子选股、趋势跟踪、统计,正文,600906.SH_财达证券_2025_管理层讨论与分析.pdf
MDAF0003985,财达证券,业务概要,28,服务，赚取管理费和业绩报酬费用。,600906.SH,1,报告页码,3、资产管理业务：为客户提供集合资产管理、单一资产管理及中国证监会批准的其它业务等,正文,600906.SH_财达证券_2025_管理层讨论与分析.pdf
MDAF0003986,财达证券,业务概要,28,经过多年发展，公司业务范围不断拓宽，形成了包括财富管理与机构业务、投资银行业务、资产管理业务、证券投资业务等多元化业务板块，并通过子公司从事期货、私募股权投资基金、另类投资等业务，形成了相互配合、相互支撑的全链条金融服务体系。,600906.SH,1,报告页码,,正文,600906.SH_财达证券_2025_管理层讨论与分析.pdf
MDAF0003987,财达证券,业务概要,28,融资、结构化融资、新三板挂牌、财务顾问、ABS、非金融企业债务融资工具承销等服务，赚取承销费、保荐费以及财务顾问费收入。,600906.SH,1,报告页码,2、投资银行业务：为企业客户提供一站式的境内投资银行服务，包括境内的股权融资、债务,正文,600906.SH_财达证券_2025_管理层讨论与分析.pdf
MDAF0003988,财达证券,业务概要,28,融资产除外）、期货投资咨询业务，并通过其全资子公司财达投资开展基差交易、仓单服务等风险管理业务。,600906.SH,1,报告页码,5、期货业务：通过控股子公司财达期货从事商品期货经纪、金融期货经纪、资产管理业务（金,正文,600906.SH_财达证券_2025_管理层讨论与分析.pdf
MDAF0003989,财达证券,业务概要,28,资咨询、投资组合建议、产品销售、资产配置等增值服务，赚取手续费及佣金收入；向客户提供资本中介服务（包括融资融券业务、股票质押式回购等），赚取利息收入。,600906.SH,1,报告页码,1、财富管理与机构业务：为客户代理买卖股票、基金、债券、期货、衍生金融工具，提供投,正文,600906.SH_财达证券_2025_管理层讨论与分析.pdf
MDAF0003990,财达证券,业务概要,28,通过全资子公司财达资本从事股权投资以及与股权投资相关的财务顾问业务。,600906.SH,1,报告页码,6、私募股权投资基金业务,正文,600906.SH_财达证券_2025_管理层讨论与分析.pdf
MDAF0003991,财达证券,业务概要,28,通过动态资产配置策略和严格的风险对冲机制，构建多元化投资组合，实现资本长期稳健增值。,600906.SH,1,报告页码,4、证券投资业务：依托先进的量化模型和智能交易系统，结合多因子选股、趋势跟踪、统计,正文,600906.SH_财达证券_2025_管理层讨论与分析.pdf
MDAF0003992,财达证券,业务概要,28,不适用。,600906.SH,1,报告页码,7、另类投资业务：通过全资子公司财达鑫瑞投资开展《证券公司证券自营投资品种清单》所,选项,600906.SH_财达证券_2025_管理层讨论与分析.pdf
MDAF0003993,财达证券,核心竞争力,40,1、河北省实体经济与资本市场发展不均衡，为公司发展提供了机遇。,600906.SH,13,报告页码,（一）独特的区位优势，为公司长期稳健发展提供了良好的外部环境,正文,600906.SH_财达证券_2025_管理层讨论与分析.pdf
MDAF0003994,财达证券,核心竞争力,40,2025年，面对复杂严峻的内外市场环境与行业转型压力，公司坚持以习近平新时代中国特色社会主义思想为指导，深入学习贯彻党的二十大和党的二十届历次全会精神，紧扣中央金融工作会议关于金融人民性、功能性的核心部署，立足河北资源禀赋与产业特点，以破解行业同质化竞争、锻造本土专业优势为目标，制定差异化特色化发展方案，推动各业务板块协同发力、精耕细作，全力打造京津冀“小而美”特色券商，以专业金融服务深度赋能实体经济高质量发展。,600906.SH,13,报告页码,,正文,600906.SH_财达证券_2025_管理层讨论与分析.pdf
MDAF0003995,财达证券,核心竞争力,40,为此，河北省近年来陆续出台相关政策，加快推进资本市场发展，优化资本市场环境，为公司深耕本土、做大投行、做强财富管理、实现高质量发展的核心战略机遇。,600906.SH,13,报告页码,4.93万亿元，全国排名第13位，但河北省上市公司数量远低于经济规模相当省份，且体量偏小，,正文,600906.SH_财达证券_2025_管理层讨论与分析.pdf
MDAF0003996,财达证券,核心竞争力,40,京津冀协同发展，是新形势下提升和完善首都功能、打造新的首都经济圈、推进区域均衡发展体制机制创新的需要，是促进环渤海经济区发展的重大国家战略；设立雄安新区，是党中央深入推进京津冀协同发展的一项重大决策部署，是千年大计、国家大事，是河北千载难逢的重大历史机遇。,600906.SH,13,报告页码,2、推进京津冀协同发展和高标准高质量建设雄安新区，为公司发展创造了千载难逢的重大历,正文,600906.SH_财达证券_2025_管理层讨论与分析.pdf
MDAF0003997,财达证券,核心竞争力,40,作为河北省本土券商，财达证券具备“立足河北、熟悉河北”的地域资源优势，公司的主要业务、骨干团队、分支机构均位于京津冀区域内，长期深耕河北、服务河北资本市场，财富管理、投资银行等业务在省内市场占有率多年名列前茅，在服务京津冀协同发展和雄安新区建设方面，公司拥有得天独厚的区位优势。,600906.SH,13,报告页码,2、推进京津冀协同发展和高标准高质量建设雄安新区，为公司发展创造了千载难逢的重大历,正文,600906.SH_财达证券_2025_管理层讨论与分析.pdf
MDAF0003998,财达证券,核心竞争力,40,公司的核心竞争力主要体现在以下几方面：,600906.SH,13,报告页码,,正文,600906.SH_财达证券_2025_管理层讨论与分析.pdf
MDAF0003999,财达证券,核心竞争力,40,河北省经济体量大，具备雄厚的经济基础，但与经济体量相比，河北省资本市场发展相对滞后，与东南部发达省份及沿海省份相比差距明显，未来上升空间巨大。,600906.SH,13,报告页码,（一）独特的区位优势，为公司长期稳健发展提供了良好的外部环境,正文,600906.SH_财达证券_2025_管理层讨论与分析.pdf
MDAF0004000,财达证券,核心竞争力,40,直接融资能力较弱。,600906.SH,13,报告页码,4.93万亿元，全国排名第13位，但河北省上市公司数量远低于经济规模相当省份，且体量偏小，,正文,600906.SH_财达证券_2025_管理层讨论与分析.pdf
MDAF0004001,财达证券,核心竞争力,40,长期以来，财达证券始终坚守“金融服务实体经济”的初心，以“服务河北实体经济实现高质量发展”为出发点和落脚点，积极开拓河北市场，争做服务客户、服务企业、服务河北经济发展的深耕者和先遣兵。,600906.SH,13,报告页码,4.93万亿元，全国排名第13位，但河北省上市公司数量远低于经济规模相当省份，且体量偏小，,正文,600906.SH_财达证券_2025_管理层讨论与分析.pdf
MDAF0004002,财达证券,核心竞争力,40,适用。,600906.SH,13,报告页码,,选项,600906.SH_财达证券_2025_管理层讨论与分析.pdf
MDAF0004003,财达证券,核心竞争力,41,2026年，公司将认真学习贯彻习近平总书记在雄安新区考察时的重要讲话精神，主动对接雄安、服务雄安，以服务河北融入京津、促进经济转型升级大局为切入点，以全面落实京津冀协同发展、高质量建设雄安新区重大战略为服务重点，充分借助北京、天津在人才、信息、资金、资源和政策等方面的优势，矢志“金融报国”，苦干实干、奋力赶超，推动实体经济借助资本市场实现更好更快发展，为建设经济强省、美丽河北贡献力量。,600906.SH,14,报告页码,2、推进京津冀协同发展和高标准高质量建设雄安新区，为公司发展创造了千载难逢的重大历,正文,600906.SH_财达证券_2025_管理层讨论与分析.pdf
MDAF0004004,财达证券,核心竞争力,41,4月19日，公司联合河北雄安新区科学园管委会等单位，主办2025 雄安人工智能与产业创新发展交流会，聚焦人工智能技术前沿与产业变革趋势，为新区科技创新与产业升级搭建交流平台；5月29日，公司赴雄安新区开展“金融赋能区县行”系列活动暨企业上市培训交流会，就企业上市路径、资本运作、合规治理等开展专题授课，多维度、全方位对接新区企业发展需求，以专业金融服务助力雄安新区企业更好对接资本市场；11月14日，公司在北京市丰台区人民政府、河北省国资委和河北省金融委指导下，主办第九届雄安新区投融资发展论坛，搭建了政金企交流对接平台，就“‘十五五’展望：金融赋能与新质生产力培育”展开研讨，为新区投融资体系完善与产业发展汇聚智慧力量。,600906.SH,14,报告页码,2、推进京津冀协同发展和高标准高质量建设雄安新区，为公司发展创造了千载难逢的重大历,正文,600906.SH_财达证券_2025_管理层讨论与分析.pdf
MDAF0004005,财达证券,核心竞争力,41,了制度保障近年来，公司认真贯彻落实党中央、国务院战略部署，以开展国企改革三年行动、“双百行动”和“对标一流”为契机，以“活机制、强团队、提质量、增效益”为抓手，紧紧扭住“三项制度”改革的关键环节发力攻坚，激活“人才”这个关键变量，全面推进体制机制改革。,600906.SH,14,报告页码,（三）具有市场竞争力的改革举措落地见效，为深入推进核心业务转型升级高质量发展提供,正文,600906.SH_财达证券_2025_管理层讨论与分析.pdf
MDAF0004006,财达证券,核心竞争力,41,公司主要股东中，国控运营是河北省唯一一家省级国有资本运营公司试点单位，功能定位为“三平台一主体”，即国有资本运营平台、国有股权持有平台、国有资产经营平台、省级经营性国有资产集中统一监管实施主体；河北港口在全国沿海主要港口集团中排第三位，有港口运营、现代物流、投资运营、园区经济四个主营业务板块，致力于建立“立足京津冀、面向东北亚、联通全世界”的港口集疏运网络，打造多功能、综合性、现代化世界一流港口集团。,600906.SH,14,报告页码,（二）强大的股东背景，广泛的战略合作，为公司践行“金融服务实体经济”、拓展业务领域,正文,600906.SH_财达证券_2025_管理层讨论与分析.pdf
MDAF0004007,财达证券,核心竞争力,41,公司实际控制人河北省国资委，除持有财达证券股权的河钢集团、国控运营、河北港口、河北建设投资集团有限责任公司外，旗下还有开滦（集团）有限责任公司、冀中能源集团有限责任公司、唐山三友集团有限公司、河北交通投资集团公司等二十余家实力雄厚的国有企业。,600906.SH,14,报告页码,（二）强大的股东背景，广泛的战略合作，为公司践行“金融服务实体经济”、拓展业务领域,正文,600906.SH_财达证券_2025_管理层讨论与分析.pdf
MDAF0004008,财达证券,核心竞争力,41,和规模提供了有效支撑公司间接控股股东河钢集团，是一家具有世界品牌影响力，钢铁材料、新兴产业、海外事业与金融服务协同发展的跨国工业集团。,600906.SH,14,报告页码,（二）强大的股东背景，广泛的战略合作，为公司践行“金融服务实体经济”、拓展业务领域,正文,600906.SH_财达证券_2025_管理层讨论与分析.pdf
MDAF0004009,财达证券,核心竞争力,41,报告期内，公司立足自身专业优势、整合多方资源，多渠道服务雄安新区高标准高质量建设。,600906.SH,14,报告页码,2、推进京津冀协同发展和高标准高质量建设雄安新区，为公司发展创造了千载难逢的重大历,正文,600906.SH_财达证券_2025_管理层讨论与分析.pdf
MDAF0004010,财达证券,核心竞争力,41,财达证券作为河北省法人券商、首家上市地方金融机构，在二十多年的经营中，与上述企业建立了广泛的战略互动和业务合作，为公司业务发展提供了强大的支撑。,600906.SH,14,报告页码,（二）强大的股东背景，广泛的战略合作，为公司践行“金融服务实体经济”、拓展业务领域,正文,600906.SH_财达证券_2025_管理层讨论与分析.pdf
MDAF0004011,财达证券,核心竞争力,41,长期以来，河钢集团坚持“高端化、智能化、绿色化”发展，纵向推进钢铁产业链条向高端制造延伸，横向推进同类业务结构性重组，加快实现“钢铁向材料、制造向服务”转型，致力于建设最具竞争力钢铁企业。,600906.SH,14,报告页码,（二）强大的股东背景，广泛的战略合作，为公司践行“金融服务实体经济”、拓展业务领域,正文,600906.SH_财达证券_2025_管理层讨论与分析.pdf
MDAF0004012,财达证券,核心竞争力,42,2025年，公司以习近平文化思想为引领，积极践行“合规、诚信、专业、稳健”的行业文化理念，落实“十要素”及证券行业荣辱观要求；将行业文化理念与公司“诚朴”文化深度融合，进一步提升文化引领力、凝聚力，推动公司企业文化与发展战略有机融合；深化廉洁文化建设与风险防控，促进文化与业务实践的转化融合；通过通过数字化手段强化企业文化传播，大力宣传公司全面深化改革取得的丰硕成果、干部职工担当实干、拼搏进取的生动实践，以文化凝聚发展共识，赋能公司高质量可持续发展。,600906.SH,15,报告页码,（六）践行行业文化理念，以文化聚力共同发展,正文,600906.SH_财达证券_2025_管理层讨论与分析.pdf
MDAF0004013,财达证券,核心竞争力,42,2025年，公司荣获“2025年‘数据要素×’石家庄地方赛应用实践大奖”，慧智资管入选新华网“2025年度数字金融创新标杆案例”，股市通APP 荣获财联社“最佳财富管理品牌奖”等荣誉。,600906.SH,15,报告页码,（四）全方位赋能的金融科技水平,正文,600906.SH_财达证券_2025_管理层讨论与分析.pdf
MDAF0004014,财达证券,核心竞争力,42,一是不断创新并优化迭代股市通APP、理财师等产品，逐步将大模型能力融入业务场景，使投资者能够更便捷、高效地开展投资活动，构建全场景数字化服务矩阵以及数智化对客服务平台。,600906.SH,15,报告页码,（四）全方位赋能的金融科技水平,正文,600906.SH_财达证券_2025_管理层讨论与分析.pdf
MDAF0004015,财达证券,核心竞争力,42,三是持续完善资管、投行、证投等平台功能，有效提升项目质量评价与风险管控效率，提升运营管理水平。,600906.SH,15,报告页码,（四）全方位赋能的金融科技水平,正文,600906.SH_财达证券_2025_管理层讨论与分析.pdf
MDAF0004016,财达证券,核心竞争力,42,二是持续打造“看、管、办”一体化的智能风控平台，实现纵向穿透、横向互联的风控体系，有效提升风险管控能力。,600906.SH,15,报告页码,（四）全方位赋能的金融科技水平,正文,600906.SH_财达证券_2025_管理层讨论与分析.pdf
MDAF0004017,财达证券,核心竞争力,42,五是持续推进数据治理，实现数据治理全域化、数字资产标准化，夯实数字化底座，为数据资产入表做好准备。,600906.SH,15,报告页码,（四）全方位赋能的金融科技水平,正文,600906.SH_财达证券_2025_管理层讨论与分析.pdf
MDAF0004018,财达证券,核心竞争力,42,全面推行“职业经理人”制度，公开选聘包括总经理在内的多个领导岗位，经理层成员任期制和契约化管理签约率均达到100%；考核薪酬体系迭代升级，业务条线过程考核严格执行，“业绩、薪酬与市场双对标”考核指标启动实施，“阶梯式”薪酬规则及多元分配结构精准落地，考核的“指挥棒”作用充分释放；人才强企战略纵深推进，紧扣“存量”人才提质增效，坚持择优选拔、梯次储备，中层后备管理人员脱颖而出，成为公司行稳致远的宝贵财富；主动适应数字化转型叠加AI 浪潮，财达特色数字化运营格局初步成型，为公司业务发展、经营管理、客户服务加上了智慧引擎。,600906.SH,15,报告页码,（三）具有市场竞争力的改革举措落地见效，为深入推进核心业务转型升级高质量发展提供,正文,600906.SH_财达证券_2025_管理层讨论与分析.pdf
MDAF0004019,财达证券,核心竞争力,42,公司始终牢固树立“合规促发展、风控增效益”的理念，合规风控意识不断强化，合规风控管理体系不断完善，持续为股东创造稳定回报，主要体现在以下方面：一是树立全面合规的意识，通过建立和执行有效的合规管理运行机制，持续增强全员合规意识、规范业务操作行为、提升风险管控能力、培育良好的合规文化，有效履行合规管理的事前、事中审核职责，持续提升合规报告、合规监测、合规培训、合规检查等各项职责履行的质效，真正做到了从董事会、经理层到各部门、各分公司、各分支机构、再到一线员工，层层压实合规管理责任，以合规创造价值，助力公司高质量发展；二是持续加强全面风险管理体系建设，不断提高信用风险、市场风险、操作风险、流动性风险等领域的风险管理能力，加强重点领域的风险防控，持续做好重点领域的风险识别、计量、监控、处置和报告，保障公司持续稳健发展。,600906.SH,15,报告页码,（五）秉承扎实稳健经营风格，持续为股东创造中长期、稳健的投资回报,正文,600906.SH_财达证券_2025_管理层讨论与分析.pdf
MDAF0004020,财达证券,核心竞争力,42,四是持续推进RPA 在财务、存管等业务场景落地，大幅降低人工操作量、提升处理效率、减少操作风险。,600906.SH,15,报告页码,（四）全方位赋能的金融科技水平,正文,600906.SH_财达证券_2025_管理层讨论与分析.pdf
MDAF0004021,财达证券,核心竞争力,42,报告期内，公司紧扣国企改革深化提升行动要求，持续以改革赋能发展。,600906.SH,15,报告页码,（三）具有市场竞争力的改革举措落地见效，为深入推进核心业务转型升级高质量发展提供,正文,600906.SH_财达证券_2025_管理层讨论与分析.pdf
MDAF0004022,财达证券,核心竞争力,42,近年来，公司持续加大研发投入，增强核心业务系统功能，积极借助线上化、数字化、平台化、智能化、生态化的实施路径，以“技术赋能+ 数据驱动+ 智能迭代”作为支撑体系，全面推动公司数字化转型，持续改善客户体验、提升业务运营水准、强化风险管控。,600906.SH,15,报告页码,（四）全方位赋能的金融科技水平,正文,600906.SH_财达证券_2025_管理层讨论与分析.pdf
MDAF0004023,财达证券,核心竞争力,43,2025年，公司党委组织召开常委会52 次，审议议题357项，其中根据《“三重一大”事项清单》对年度风险控制指标情况报告、全面风险管理报告、年度业务授权规模等议题组织了前置研究，从领导机制和决策机制促进党的领导与公司治理的有效融合，在深化改革、转型升级、对标提升中起到把关定向作用。,600906.SH,16,报告页码,（七）以高质量党建和文化建设引领公司实现高质量发展,正文,600906.SH_财达证券_2025_管理层讨论与分析.pdf
MDAF0004024,财达证券,核心竞争力,43,深入贯彻落实党中央决策部署和习近平总书记关于国有企业改革发展和党的建设的重要论述，持续强化党的领导融入公司治理，党委聚焦把方向、管大局、保落实，支持董事会落实职权、依法决策，协调经理层履行职责、抓好落实，以高质量党建引领公司实现高质量发展。,600906.SH,16,报告页码,（七）以高质量党建和文化建设引领公司实现高质量发展,正文,600906.SH_财达证券_2025_管理层讨论与分析.pdf
MDAF0004025,财达证券,研发投入,45,不适用。,600906.SH,18,报告页码,(1).研发投入情况表,选项,600906.SH_财达证券_2025_管理层讨论与分析.pdf
MDAF0004026,财达证券,研发投入,45,不适用。,600906.SH,18,报告页码,(2).研发人员情况表,选项,600906.SH_财达证券_2025_管理层讨论与分析.pdf
MDAF0004027,财达证券,研发投入,45,不适用。,600906.SH,18,报告页码,(3).情况说明,选项,600906.SH_财达证券_2025_管理层讨论与分析.pdf
MDAF0004028,财达证券,研发投入,46,2025年公司现金及现金等价物的净增加额为20.78亿元，年末现金及现金等价物余额为221.70亿元。,600906.SH,19,报告页码,5、,正文,600906.SH_财达证券_2025_管理层讨论与分析.pdf
MDAF0004029,财达证券,研发投入,46,亿元、支付其他与筹资活动有关的现金0.43亿元。,600906.SH,19,报告页码,49.94亿元；流出项目为偿还债务支付的现金50亿元、分配股利、利润或偿付利息支付的现金7.44,正文,600906.SH_财达证券_2025_管理层讨论与分析.pdf
MDAF0004030,财达证券,研发投入,46,投资活动产生的现金净流出0.77亿元，流入项目是取得投资收益收到的现金0.02亿元、处置固定资产、无形资产和其他长期资产收回的现金净额0.002亿元；流出项目为购建固定资产、无形资产和其他长期资产支付的现金0.79亿元。,600906.SH,19,报告页码,5、,正文,600906.SH_财达证券_2025_管理层讨论与分析.pdf
MDAF0004031,财达证券,研发投入,46,经营活动产生的现金流量净流入额为29.49亿元，其中，经营活动现金流入78.96亿元，流入项目是为交易目的而持有的金融工具净减少额21.33亿元、收取利息、手续费及佣金的现金27.42亿元、代理买卖证券收到的现金净额27.06亿元、收到其他与经营活动有关的现金净额3.16亿元；经营活动现金流出49.48亿元，流出项目是支付利息、手续费及佣金的现金5.53亿元、回购业务资金净减少额9.11亿元、融出资金净增加额10.67亿元、支付给职工以及为职工支付的现金10.48亿元、支付的各项税费4.49亿元、支付的其他与经营活动有关的现金9.21亿元。,600906.SH,19,报告页码,5、,正文,600906.SH_财达证券_2025_管理层讨论与分析.pdf
MDAF0004032,财达证券,研发投入,46,不适用。,600906.SH,19,报告页码,(4).研发人员构成发生重大变化的原因及对公司未来发展的影响,选项,600906.SH_财达证券_2025_管理层讨论与分析.pdf
MDAF0004033,财达证券,研发投入,46,适用。,600906.SH,19,报告页码,5、,选项,600906.SH_财达证券_2025_管理层讨论与分析.pdf
MDAF0004034,华安证券,业务概要,22,产业客户业务：包括境内外证券承销与保荐、新三板挂牌、并购重组财务顾问、资产证券化等业务，通过私募股权基金、另类投资、股票质押等渠道提供融资服务，通过场外衍生品、基差贸易、仓单服务等模式提供风险管理服务。,600909.SH,2,报告页码,,正文,600909.SH_华安证券_2025_管理层讨论与分析.pdf
MDAF0004035,华安证券,业务概要,22,公司主要业务模块如下：零售客户业务：为客户代理买卖股票、基金、债券、期货和衍生品交易，向客户销售金融产品，提供融资融券、资产配置及投资顾问服务等。,600909.SH,2,报告页码,,正文,600909.SH_华安证券_2025_管理层讨论与分析.pdf
MDAF0004036,华安证券,业务概要,22,机构客户业务：向银行、公募基金、私募基金、信托等各类机构投资者提供综合化服务，包括代理交易、研究咨询、产品代销、融资融券、产品托管、交易结算等，向上市公司、股权基金提供专业化交易减持服务、股份回购及特定股份管理等。,600909.SH,2,报告页码,,正文,600909.SH_华安证券_2025_管理层讨论与分析.pdf
MDAF0004037,华安证券,业务概要,22,证券自营业务：以自有资金开展权益类证券、固定收益类证券、大宗商品以及相关证券衍生产品和基金产品的投资交易，开展场内证券做市业务，以交易商身份开展场外衍生品的创设和交易业务。,600909.SH,2,报告页码,,正文,600909.SH_华安证券_2025_管理层讨论与分析.pdf
MDAF0004038,华安证券,业务概要,22,不适用。,600909.SH,2,报告页码,,选项,600909.SH_华安证券_2025_管理层讨论与分析.pdf
MDAF0004039,华安证券,核心竞争力,23,2025年全省5.3万亿的GDP、中部第一的上市公司数量以及合肥在新能源汽车、集成电路、量子科技等产业集群的领先地位，为公司提供了源源不断的优质资产、客户资源和业务场景。,600909.SH,3,报告页码,（二）省属企业的区位优势,正文,600909.SH_华安证券_2025_管理层讨论与分析.pdf
MDAF0004040,华安证券,核心竞争力,23,作为国有企业，公司按照“两个一以贯之”要求建立了完善的中国特色现代企业制度，坚持以高质量党建引领高质量发展，探索“五个融合”党建模式，政治生态风清气正，改革发展方向清晰，干事创业氛围浓厚，国有企业政治优势与制度优势逐步转化为发展动能，为业务稳健发展提供坚实的组织保障与方向引领。,600909.SH,3,报告页码,（一）国有企业的治理优势,正文,600909.SH_华安证券_2025_管理层讨论与分析.pdf
MDAF0004041,华安证券,核心竞争力,23,作为省内国有重要骨干企业，公司不仅是安徽资本市场发展的受益者，更是建设者。,600909.SH,3,报告页码,（二）省属企业的区位优势,正文,600909.SH_华安证券_2025_管理层讨论与分析.pdf
MDAF0004042,华安证券,核心竞争力,23,公司不断深化体制机制改革，持续构建目标明确、边界清晰、权责对等、精简高效的组织体系，使机构设置和职能配置能够更加精准地匹配公司战略与中长期发展规划，更加灵活地应对市场变化；持续推进以能力为基础、以贡献为导向的全员MD职级管理，实施“十百千”人才工程，完善人才梯队建设和培养体系，干部队伍进一步年轻化，员工知识结构更加优化。,600909.SH,3,报告页码,（一）国有企业的治理优势,正文,600909.SH_华安证券_2025_管理层讨论与分析.pdf
MDAF0004043,华安证券,核心竞争力,23,公司具有较为齐全的业务资质，形成了集团化发展的架构，能够更好满足客户多元化的服务需求。,600909.SH,3,报告页码,（三）综合券商的功能优势,正文,600909.SH_华安证券_2025_管理层讨论与分析.pdf
MDAF0004044,华安证券,核心竞争力,23,公司实际控制人为安徽省国资委，控股股东安徽国控集团及其一致行动人作为安徽省国有资本运营的重要平台，不仅为公司带来了持续的资本补充和业务协同支持，也赋予了公司深度参与安徽省乃至长三角地区重大战略实施的“子弟兵”身份。,600909.SH,3,报告页码,（二）省属企业的区位优势,正文,600909.SH_华安证券_2025_管理层讨论与分析.pdf
MDAF0004045,华安证券,核心竞争力,23,公司将企业文化视作驱动高质量发展的核心“软实力”，系统性推动文化品牌深度融入战略规划，引领发展方向；融入公司治理，凝聚发展合力；融入发展方式，践行初心使命；融入队伍建设，涵养清风正气。,600909.SH,3,报告页码,（一）国有企业的治理优势,正文,600909.SH_华安证券_2025_管理层讨论与分析.pdf
MDAF0004046,华安证券,核心竞争力,23,公司形成了“扎根安徽、深耕长三角”的区域布局，超80%的分支机构布局于长三角及沿海经济带，能够第一时间触达中国经济最活跃区域的资本与信息，形成显著的本地化服务优势和区域辐射能力。,600909.SH,3,报告页码,（二）省属企业的区位优势,正文,600909.SH_华安证券_2025_管理层讨论与分析.pdf
MDAF0004047,华安证券,核心竞争力,23,公司经营业绩稳步增长，主要经营指标跻身行业前30位左右，部分业务指标进入行业前20，保持了连续争先进位的发展势头，为公司实现更高目标奠定了扎实基础。,600909.SH,3,报告页码,（三）综合券商的功能优势,正文,600909.SH_华安证券_2025_管理层讨论与分析.pdf
MDAF0004048,华安证券,核心竞争力,23,公司经过30多年的发展，沉淀了兼具行业特点和自身特色的企业文化，围绕“五要五不”中国特色金融文化理念打造了“同心、同向、同济、同行”的“四同”文化品牌，与时俱进丰富企业文化理念的内涵。,600909.SH,3,报告页码,（一）国有企业的治理优势,正文,600909.SH_华安证券_2025_管理层讨论与分析.pdf
MDAF0004049,华安证券,核心竞争力,23,公司通过设立“徽客厅”、产业研究中心、新能源汽车金融服务中心等平台，构建起服务科技创新和实体产业的生态圈，将区域红利转化为自身的业务增量，在服务“三地一区”建设中实现了与地方经济的共生共荣。,600909.SH,3,报告页码,（二）省属企业的区位优势,正文,600909.SH_华安证券_2025_管理层讨论与分析.pdf
MDAF0004050,华安证券,核心竞争力,23,安徽作为多重国家战略叠加的枢纽，经济活力与创新能力位居全国前列。,600909.SH,3,报告页码,（二）省属企业的区位优势,正文,600909.SH_华安证券_2025_管理层讨论与分析.pdf
MDAF0004051,华安证券,核心竞争力,23,截至2025年末，公司管理人员中45岁及以下年龄段占比超40%，全体员工中本科及以上学历占比93.3%。,600909.SH,3,报告页码,（一）国有企业的治理优势,正文,600909.SH_华安证券_2025_管理层讨论与分析.pdf
MDAF0004052,华安证券,核心竞争力,23,证券经纪业务加速打造财富管理“第二增长曲线”，在稳固代理买卖证券业务竞争力基础上，代销金融产品业务收入、投资咨询业务收入等保持较快增长；投资银行业务加速从项目投行向客户投行、产业投行、资本投行转变，在并购重组业务形成了一定优势，打造了部分债券融资业务特色项目；资产管理业务实现子公司运营，加速从通道向主动管理转型，打造“固收+”特色，收入排名达到行业前列；证券自营业务加速从方向型向交易型、多元化、策略化转型，固定收益投资收益率长期保持业内较高水平。,600909.SH,3,报告页码,（三）综合券商的功能优势,正文,600909.SH_华安证券_2025_管理层讨论与分析.pdf
MDAF0004053,华安证券,核心竞争力,23,近年来，公司坚持“综合化经营，差异化突破”的经营策略，不断完善业务协同机制，整合内部资源，提升零售、产业、机构三大业务集群作战能力。,600909.SH,3,报告页码,（三）综合券商的功能优势,正文,600909.SH_华安证券_2025_管理层讨论与分析.pdf
MDAF0004054,华安证券,核心竞争力,23,适用。,600909.SH,3,报告页码,,选项,600909.SH_华安证券_2025_管理层讨论与分析.pdf
MDAF0004055,华安证券,核心竞争力,24,公司在总结历史发展经验基础上，形成了“稳健偏进取”的风险偏好，处理好投入与产出、风险与收益、长期和短期的关系，树立长期思维、质量理念、效能意识，坚持内涵式增长和外延式发展，防止急功近利、风险冲动。,600909.SH,4,报告页码,（四）稳健务实的经营风格,正文,600909.SH_华安证券_2025_管理层讨论与分析.pdf
MDAF0004056,华安证券,核心竞争力,24,公司构建以净资本为主的风险监控体系，推进全面风险管理体系、全面监督体系向总部各部门、子公司和分支机构全覆盖，始终保持风险业务规模与净资本等主要风控指标相匹配，未发生重大合规风险事件，较好地统筹了发展与安全。,600909.SH,4,报告页码,（四）稳健务实的经营风格,正文,600909.SH_华安证券_2025_管理层讨论与分析.pdf
MDAF0004057,华安证券,研发投入,29,不适用。,600909.SH,9,报告页码,(1).研发投入情况表,选项,600909.SH_华安证券_2025_管理层讨论与分析.pdf
MDAF0004058,华安证券,研发投入,29,不适用。,600909.SH,9,报告页码,(2).研发人员情况表,选项,600909.SH_华安证券_2025_管理层讨论与分析.pdf
MDAF0004059,华安证券,研发投入,29,不适用。,600909.SH,9,报告页码,(3).情况说明,选项,600909.SH_华安证券_2025_管理层讨论与分析.pdf
MDAF0004060,华安证券,研发投入,29,不适用。,600909.SH,9,报告页码,(4).研发人员构成发生重大变化的原因及对公司未来发展的影响,选项,600909.SH_华安证券_2025_管理层讨论与分析.pdf
MDAF0004061,西安银行,业务概要,19,二是提升服务质效。,600928.SH,19,报告页码,1.扎根三秦，与地方经济共生共荣。一是坚守金融本源。紧密围绕陕西省深,正文,600928.SH_西安银行_2025_管理层讨论与分析.pdf
MDAF0004062,西安银行,业务概要,19,化“三个年”、打好“八场硬仗”和西安市“深化六个改革”重点工作，将产品与服务创新聚焦于区域发展战略的关键领域与重点项目，本年度新增发放重点项目及重点企业贷款超百亿元，持续加大对航空航天、光伏等先进制造业金融供给，全力服务陕西地方经济建设。,600928.SH,19,报告页码,1.扎根三秦，与地方经济共生共荣。一是坚守金融本源。紧密围绕陕西省深,正文,600928.SH_西安银行_2025_管理层讨论与分析.pdf
MDAF0004063,西安银行,业务概要,19,坚持“以客户为中心”，完善客户分层分类管理机制，构建专业化、定制化、精细化的对客服务模式，全年新增客群超万户；开展客户经理建设年，组建专业化、年轻化的客户经理团队，健全客户经理选拔、激励、培训和成长机制，让客户经理成为链接金融资源与实体经济的关键纽带，推动公司业务深耕区域、创新发展，打造核心竞争优势。,600928.SH,19,报告页码,1.扎根三秦，与地方经济共生共荣。一是坚守金融本源。紧密围绕陕西省深,正文,600928.SH_西安银行_2025_管理层讨论与分析.pdf
MDAF0004064,西安银行,业务概要,19,"截至报告期末，公司存款（含保证金）1,470.35亿元，较上年末增加60.27亿元，增幅4.27%；公司贷款（含票据贴现）2,237.25亿元，较上年末增长653.03亿元，增幅41.22%。",600928.SH,19,报告页码,（一）公司金融业务,正文,600928.SH_西安银行_2025_管理层讨论与分析.pdf
MDAF0004065,西安银行,业务概要,19,报告期内，本公司对公业务以“服务实体经济、助力区域发展”为核心，发挥公司业务部、机构客户部、科创金融部、投资银行部、交易银行部等五部门合力，构建“主线引领、多极支撑、全域覆盖”的“1+5+3”发展格局，以一体化经营全面提升金融服务实体质效。,600928.SH,19,报告页码,（一）公司金融业务,正文,600928.SH_西安银行_2025_管理层讨论与分析.pdf
MDAF0004066,西安银行,业务概要,20,与省市科技主管部门、创投机构及国家级产业园区建立战略合作，入围陕西省知识产权局首批“秦知贷”合作银行并率先实现业务落地；围绕区域科研成果转化项目，持续开展综合金融服务，通过多维联动，推动金融资源精准滴灌科技创新成果转化，促进区域新质生产力培育壮大。,600928.SH,20,报告页码,3.培育特色，完善科创金融服务机制。一是加快产品创新。聚焦优势产业推,正文,600928.SH_西安银行_2025_管理层讨论与分析.pdf
MDAF0004067,西安银行,业务概要,20,二是丰富投行产品矩阵。,600928.SH,20,报告页码,4.资质突破，推动投行业务提质增效。一是聚力提升债券承销业务。针对新,正文,600928.SH_西安银行_2025_管理层讨论与分析.pdf
MDAF0004068,西安银行,业务概要,20,二是推动公私联动。,600928.SH,20,报告页码,2.做强优势，打造政务金融服务标杆。一是紧抓资质拓展。深化财政、社保、,正文,600928.SH_西安银行_2025_管理层讨论与分析.pdf
MDAF0004069,西安银行,业务概要,20,二是深化科创金融生态圈建设。,600928.SH,20,报告页码,3.培育特色，完善科创金融服务机制。一是加快产品创新。聚焦优势产业推,正文,600928.SH_西安银行_2025_管理层讨论与分析.pdf
MDAF0004070,西安银行,业务概要,20,住建、政府机构等领域布局，全年新增财政类、住建类、社保类、政府机构类等业务资质超20项，带动机构客户业务增量拓面。,600928.SH,20,报告页码,2.做强优势，打造政务金融服务标杆。一是紧抓资质拓展。深化财政、社保、,正文,600928.SH_西安银行_2025_管理层讨论与分析.pdf
MDAF0004071,西安银行,业务概要,20,出“航科贷”等场景金融服务，实现“见单即贷”；针对科技型企业差异化需求，开发“科创研发贷”“专精特新专板贷”等产品，形成覆盖企业全生命周期的产品体系。,600928.SH,20,报告页码,3.培育特色，完善科创金融服务机制。一是加快产品创新。聚焦优势产业推,正文,600928.SH_西安银行_2025_管理层讨论与分析.pdf
MDAF0004072,西安银行,业务概要,20,在公积金、补贴发放、“智慧校园”等领域中紧密联动零售条线，将服务延伸至公积金个贷、资金结算、个人理财、财富管理等领域，推动政务服务、民生服务与个人金融服务紧密衔接、同向发力，持续拓宽金融服务覆盖面。,600928.SH,20,报告页码,2.做强优势，打造政务金融服务标杆。一是紧抓资质拓展。深化财政、社保、,正文,600928.SH_西安银行_2025_管理层讨论与分析.pdf
MDAF0004073,西安银行,业务概要,20,增的银行间市场债券主承销商资格，快速完成团队搭建开始展业，年内落地主承销项目41 单，总承销规模突破100亿元，跻身陕西地区银行类主承销商第三名，实现资质、规模、品牌三重跃升。,600928.SH,20,报告页码,4.资质突破，推动投行业务提质增效。一是聚力提升债券承销业务。针对新,正文,600928.SH_西安银行_2025_管理层讨论与分析.pdf
MDAF0004074,西安银行,业务概要,20,截至报告期末，机构客户存款规模超600亿元。,600928.SH,20,报告页码,2.做强优势，打造政务金融服务标杆。一是紧抓资质拓展。深化财政、社保、,正文,600928.SH_西安银行_2025_管理层讨论与分析.pdf
MDAF0004075,西安银行,业务概要,20,落地“科创并购贷”，持续深耕债券、银团、撮合等核心领域，为区域重点项目和优质企业提供多元化金融支持，全力服务地方经济发展大局。,600928.SH,20,报告页码,4.资质突破，推动投行业务提质增效。一是聚力提升债券承销业务。针对新,正文,600928.SH_西安银行_2025_管理层讨论与分析.pdf
MDAF0004076,西安银行,业务概要,21,一是坚持“存款立行”。,600928.SH,21,报告页码,1.精研产品，夯实财富管理服务根基。以客户多元化需求为导向，构建“基,正文,600928.SH_西安银行_2025_管理层讨论与分析.pdf
MDAF0004077,西安银行,业务概要,21,三是践行“金融为民”。,600928.SH,21,报告页码,1.精研产品，夯实财富管理服务根基。以客户多元化需求为导向，构建“基,正文,600928.SH_西安银行_2025_管理层讨论与分析.pdf
MDAF0004078,西安银行,业务概要,21,丰富代销理财、基金、保险、贵金属等多元产品，加速商业养老金业务布局，满足客户全生命周期资产配置需求，守护客户美好生活。,600928.SH,21,报告页码,1.精研产品，夯实财富管理服务根基。以客户多元化需求为导向，构建“基,正文,600928.SH_西安银行_2025_管理层讨论与分析.pdf
MDAF0004079,西安银行,业务概要,21,二是全面提升跨境金融服务质效。,600928.SH,21,报告页码,5.产融结合，加快交易银行转型步伐。一是推动交易银行战略转型。以“深,正文,600928.SH_西安银行_2025_管理层讨论与分析.pdf
MDAF0004080,西安银行,业务概要,21,二是深耕财富管理。,600928.SH,21,报告页码,1.精研产品，夯实财富管理服务根基。以客户多元化需求为导向，构建“基,正文,600928.SH_西安银行_2025_管理层讨论与分析.pdf
MDAF0004081,西安银行,业务概要,21,优化存款期限结构，开展存款产品创新，强化定价精细化管理，推动零售存款稳规模、优结构、降成本。,600928.SH,21,报告页码,1.精研产品，夯实财富管理服务根基。以客户多元化需求为导向，构建“基,正文,600928.SH_西安银行_2025_管理层讨论与分析.pdf
MDAF0004082,西安银行,业务概要,21,"截至报告期末，个人存款1,960.00亿元，较上年末增加149.77亿元，增幅8.27%；个人贷款741.51亿元，较上年末下降46.80亿元，降幅5.94%。",600928.SH,21,报告页码,（二）零售金融业务,正文,600928.SH_西安银行_2025_管理层讨论与分析.pdf
MDAF0004083,西安银行,业务概要,21,报告期内，本公司零售业务坚持“以客户为中心”的经营理念，以一体化经营为发展主线，深耕陕西本土市场，聚焦零售业务转型攻坚，在客群拓展、队伍建设、特色业务打造等方面形成差异化竞争优势，通过资源整合、协同赋能与模式创新，持续提升服务质效与客户价值，推动零售业务高质量发展。,600928.SH,21,报告页码,（二）零售金融业务,正文,600928.SH_西安银行_2025_管理层讨论与分析.pdf
MDAF0004084,西安银行,业务概要,21,础存款+财富管理+信贷服务+信用卡协同”的全链条产品服务体系，夯实零售业务发展底盘。,600928.SH,21,报告页码,1.精研产品，夯实财富管理服务根基。以客户多元化需求为导向，构建“基,正文,600928.SH_西安银行_2025_管理层讨论与分析.pdf
MDAF0004085,西安银行,业务概要,21,耕产业、场景融合、科技赋能”为核心发展思路，全面升级“票、证、函、链”业务产品矩阵与服务体系，聚焦商用车、建筑、医药、文旅等省内重点产业链，实施“一行一链”策略，推出“脱核贷”及线上保理等供应链金融产品，深化金融与场景的融合，持续夯实交易银行客户基础，核心业务交易量较上年度增长205%。,600928.SH,21,报告页码,5.产融结合，加快交易银行转型步伐。一是推动交易银行战略转型。以“深,正文,600928.SH_西安银行_2025_管理层讨论与分析.pdf
MDAF0004086,西安银行,业务概要,21,聚焦年轻客群首套及改善性住房需求，推出“人才安居贷”；优化“快E 贷”产品，围绕教育、医疗、装修等高频消费场景推出专属产品，让金融促消费、惠民生。,600928.SH,21,报告页码,1.精研产品，夯实财富管理服务根基。以客户多元化需求为导向，构建“基,正文,600928.SH_西安银行_2025_管理层讨论与分析.pdf
MDAF0004087,西安银行,业务概要,21,聚焦跨境贸易全链条痛点，推出“中欧班列铁路提单贷”产品，深度融入共建“一带一路”大格局，秉持本外币一体化发展策略，依托涉外贸易重点企业清单，建立“一对一”专属服务机制，加速推进跨境结算线上化转型及电子化审单流程优化，提升国际业务数字化服务能力，为企业提供更高效、安全、智能的跨境金融服务体验。,600928.SH,21,报告页码,5.产融结合，加快交易银行转型步伐。一是推动交易银行战略转型。以“深,正文,600928.SH_西安银行_2025_管理层讨论与分析.pdf
MDAF0004088,西安银行,业务概要,22,一是建立分层权益体系。,600928.SH,22,报告页码,4.场景赋能，提升客户黏性与品牌认知。聚焦客户高频生活场景，搭建“纵,正文,600928.SH_西安银行_2025_管理层讨论与分析.pdf
MDAF0004089,西安银行,业务概要,22,一是重塑网点定位。,600928.SH,22,报告页码,3.网点转型，激活零售业务发展引擎。以网点功能重塑、服务升级、效能提,正文,600928.SH_西安银行_2025_管理层讨论与分析.pdf
MDAF0004090,西安银行,业务概要,22,三是优化人才服务。,600928.SH,22,报告页码,34.24%。一是抓牢代发客群。以薪资代发为切入点，聚焦代发客户薪资管理、消,正文,600928.SH_西安银行_2025_管理层讨论与分析.pdf
MDAF0004091,西安银行,业务概要,22,二是优化网点布局。,600928.SH,22,报告页码,3.网点转型，激活零售业务发展引擎。以网点功能重塑、服务升级、效能提,正文,600928.SH_西安银行_2025_管理层讨论与分析.pdf
MDAF0004092,西安银行,业务概要,22,二是深耕“一老一小”。,600928.SH,22,报告页码,34.24%。一是抓牢代发客群。以薪资代发为切入点，聚焦代发客户薪资管理、消,正文,600928.SH_西安银行_2025_管理层讨论与分析.pdf
MDAF0004093,西安银行,业务概要,22,以“智能化、场景化、轻量化”为目标，优化网点功能，通过完善线上线下渠道、开展人员转岗、网点场景化设计等方式构建网点运营新模式，零售对客服务能力进一步增强。,600928.SH,22,报告页码,3.网点转型，激活零售业务发展引擎。以网点功能重塑、服务升级、效能提,正文,600928.SH_西安银行_2025_管理层讨论与分析.pdf
MDAF0004094,西安银行,业务概要,22,制定《西安银行网点布局优化与创设标准化规划》，推动网点向布局空白区域迁建，着力构建覆盖全面、布局合理、重点突出、特色鲜明的机构服务网络，为零售客户打造“便民金融服务圈”。,600928.SH,22,报告页码,3.网点转型，激活零售业务发展引擎。以网点功能重塑、服务升级、效能提,正文,600928.SH_西安银行_2025_管理层讨论与分析.pdf
MDAF0004095,西安银行,业务概要,22,升为抓手，全面推动网点从“营业型”向“营销型”转型，筑牢零售业务增长根基。,600928.SH,22,报告页码,3.网点转型，激活零售业务发展引擎。以网点功能重塑、服务升级、效能提,正文,600928.SH_西安银行_2025_管理层讨论与分析.pdf
MDAF0004096,西安银行,业务概要,22,对接人才金融需求，开展产品创新和服务升级，推出“精英贷”等人才专属产品；建设“西安人才小程序”“兴咸人才小程序”，搭建线上化、一站式人才综合服务平台，已服务用户超过12万人次。,600928.SH,22,报告页码,34.24%。一是抓牢代发客群。以薪资代发为切入点，聚焦代发客户薪资管理、消,正文,600928.SH_西安银行_2025_管理层讨论与分析.pdf
MDAF0004097,西安银行,业务概要,22,将权益服务深度渗透至健康、生活、出行、消费、金融五大领域。,600928.SH,22,报告页码,4.场景赋能，提升客户黏性与品牌认知。聚焦客户高频生活场景，搭建“纵,正文,600928.SH_西安银行_2025_管理层讨论与分析.pdf
MDAF0004098,西安银行,业务概要,22,开展网点适老化改造，试点落地多家“银发服务站”；深化“公证+金融”跨界融合服务模式，助力老年客户资产增值和财富传承；成为西安市育儿补贴指定发放银行，累计发放补贴超8万笔；以“四联党建进社区”为抓手，让金融服务深度嵌入老年客群与亲子家庭的高频生活场景，构建有温度的社区客群金融服务生态。,600928.SH,22,报告页码,34.24%。一是抓牢代发客群。以薪资代发为切入点，聚焦代发客户薪资管理、消,正文,600928.SH_西安银行_2025_管理层讨论与分析.pdf
MDAF0004099,西安银行,业务概要,22,横双轴”立体化场景权益生态，推动金融服务与民生消费深度融合。,600928.SH,22,报告页码,4.场景赋能，提升客户黏性与品牌认知。聚焦客户高频生活场景，搭建“纵,正文,600928.SH_西安银行_2025_管理层讨论与分析.pdf
MDAF0004100,西安银行,业务概要,22,费信贷、财富增值、便民服务等多元需求，以“产品+服务+权益”构建从获客到活客的全流程服务体系。,600928.SH,22,报告页码,34.24%。一是抓牢代发客群。以薪资代发为切入点，聚焦代发客户薪资管理、消,正文,600928.SH_西安银行_2025_管理层讨论与分析.pdf
MDAF0004101,西安银行,业务概要,23,"2025年新增商户超5,000 户，交易金额近150亿元。",600928.SH,23,报告页码,4.场景赋能，提升客户黏性与品牌认知。聚焦客户高频生活场景，搭建“纵,正文,600928.SH_西安银行_2025_管理层讨论与分析.pdf
MDAF0004102,西安银行,业务概要,23,2025年累计上线权益31项，全面焕新客户体验。,600928.SH,23,报告页码,4.场景赋能，提升客户黏性与品牌认知。聚焦客户高频生活场景，搭建“纵,正文,600928.SH_西安银行_2025_管理层讨论与分析.pdf
MDAF0004103,西安银行,业务概要,23,一是构建党建与业务深度融合的多元获客体系，坚持以“四联党建”为引领，完善“进园区、进社区、进商圈”机制，深入街头巷尾、园区商户，积极对接个体工商户等普惠客群金融需求，并为其打造一站式综合服务矩阵，夯实普惠业务发展的客户根基。,600928.SH,23,报告页码,2.服务下沉，拓宽普惠金融覆盖面。积极落实普惠金融高质量发展政策导,正文,600928.SH_西安银行_2025_管理层讨论与分析.pdf
MDAF0004104,西安银行,业务概要,23,一是深耕数字金融赋能。,600928.SH,23,报告页码,1.创新产品，提升普惠金融服务质效。立足客户需求，构建标准化产品为,正文,600928.SH_西安银行_2025_管理层讨论与分析.pdf
MDAF0004105,西安银行,业务概要,23,主、特色化产品为辅，线上线下全覆盖的一体化普惠金融产品体系。,600928.SH,23,报告页码,1.创新产品，提升普惠金融服务质效。立足客户需求，构建标准化产品为,正文,600928.SH_西安银行_2025_管理层讨论与分析.pdf
MDAF0004106,西安银行,业务概要,23,二是加大联动营销。,600928.SH,23,报告页码,4.场景赋能，提升客户黏性与品牌认知。聚焦客户高频生活场景，搭建“纵,正文,600928.SH_西安银行_2025_管理层讨论与分析.pdf
MDAF0004107,西安银行,业务概要,23,二是推动普惠金融与乡村振兴的融合发展，加大县域乡镇渠道布设力度，以“支行+站点”的模式在神木、府谷、阎良、鄠邑、蓝田等区域建成普惠金融综合服务站16家。,600928.SH,23,报告页码,2.服务下沉，拓宽普惠金融覆盖面。积极落实普惠金融高质量发展政策导,正文,600928.SH_西安银行_2025_管理层讨论与分析.pdf
MDAF0004108,西安银行,业务概要,23,二是深挖区域特色产业集群。,600928.SH,23,报告页码,1.创新产品，提升普惠金融服务质效。立足客户需求，构建标准化产品为,正文,600928.SH_西安银行_2025_管理层讨论与分析.pdf
MDAF0004109,西安银行,业务概要,23,以“惠民场景”为重要抓手，打造“1 分钱乘公交”“5元观影”“话费充值立减”等活动，同步推进收单业务场景化建设，深化数字人民币在交通、医疗、政务、智慧社区等民生领域应用，打通消费支付闭环，将金融服务嵌入客户日常生活，持续提升客户品牌认可度。,600928.SH,23,报告页码,4.场景赋能，提升客户黏性与品牌认知。聚焦客户高频生活场景，搭建“纵,正文,600928.SH_西安银行_2025_管理层讨论与分析.pdf
MDAF0004110,西安银行,业务概要,23,向，做实做细客群经营，不断延伸普惠金融服务触角。,600928.SH,23,报告页码,2.服务下沉，拓宽普惠金融覆盖面。积极落实普惠金融高质量发展政策导,正文,600928.SH_西安银行_2025_管理层讨论与分析.pdf
MDAF0004111,西安银行,业务概要,23,截至报告期末，小微企业贷款余额400.05亿元，新增普惠小微客户超5万户。,600928.SH,23,报告页码,（三）普惠金融条线,正文,600928.SH_西安银行_2025_管理层讨论与分析.pdf
MDAF0004112,西安银行,业务概要,23,报告期内，本公司始终坚守“金融为民”初心，紧紧围绕“做小额、做大数”的发展导向，在着力拓展区域内小微企业、个体工商户的同时，设立乡村振兴部，将普惠金融向乡村下沉、向农户延伸；并通过优化产品供给、深化客群经营、强化数字赋能等举措，夯实“总行统筹、条线协同、区域特色”的普惠金融发展格局，切实打通金融服务“最后一公里”，推动普惠金融扩面增量、提质增效。,600928.SH,23,报告页码,（三）普惠金融条线,正文,600928.SH_西安银行_2025_管理层讨论与分析.pdf
MDAF0004113,西安银行,业务概要,23,构建智能化授信与差异化定价体系，同步拓展“流水e 贷”“商超贷”等产品的客群覆盖范围，优化利率定价机制，切实降低中小微企业融资门槛与综合成本。,600928.SH,23,报告页码,1.创新产品，提升普惠金融服务质效。立足客户需求，构建标准化产品为,正文,600928.SH_西安银行_2025_管理层讨论与分析.pdf
MDAF0004114,西安银行,业务概要,23,深入践行“线上化、场景化、批量化”业务策略，扎实推进“一行一品”特色金融模式建设，已形成“技能培训贷”“政企快贷”“票易贷”等一批场景化产品，精准服务实体经济，推动普惠业务实现规模化、可持续发展。,600928.SH,23,报告页码,1.创新产品，提升普惠金融服务质效。立足客户需求，构建标准化产品为,正文,600928.SH_西安银行_2025_管理层讨论与分析.pdf
MDAF0004115,西安银行,业务概要,24,一是从源头严控准入风险，通过加强信贷准入审查、强化客户资质穿透式审核，夯实风险防控第一道关口。,600928.SH,24,报告页码,3.细化管理，严守资产质量生命线。秉持审慎经营理念，将全面风险管理,正文,600928.SH_西安银行_2025_管理层讨论与分析.pdf
MDAF0004116,西安银行,业务概要,24,二是强化贷后管理，迭代升级智能风控预警体系，实现对风险信号的早识别、早预警、早干预，全面提升风险管控精度与处置效率。,600928.SH,24,报告页码,3.细化管理，严守资产质量生命线。秉持审慎经营理念，将全面风险管理,正文,600928.SH_西安银行_2025_管理层讨论与分析.pdf
MDAF0004117,西安银行,业务概要,24,及大类资产表现，健全分析框架、交易纪律与决策机制，形成核心“投资原则”，制定短中长期结合的交易策略与配置方案，稳步推进从“配置型”向“交易型”转型。,600928.SH,24,报告页码,2.强化交易能力建设，提升资金运用效率。持续跟踪利率走势、市场波动,正文,600928.SH_西安银行_2025_管理层讨论与分析.pdf
MDAF0004118,西安银行,业务概要,24,同时，前瞻性开展市场研判，在风险限额体系内构建多元投资组合，匹配多类债券交易策略，优化营收规模与结构。,600928.SH,24,报告页码,2.强化交易能力建设，提升资金运用效率。持续跟踪利率走势、市场波动,正文,600928.SH_西安银行_2025_管理层讨论与分析.pdf
MDAF0004119,西安银行,业务概要,24,报告期内，金融市场业务聚焦构建集约高效的资金运营体系，以资本节约、交易提效、投研赋能、客群拓展为核心导向，全面优化资产配置，提升收益能力，深化同业生态建设，实现规模、效益与质量协同提升。,600928.SH,24,报告页码,（四）金融市场业务,正文,600928.SH_西安银行_2025_管理层讨论与分析.pdf
MDAF0004120,西安银行,业务概要,24,易策略，聚焦利率债与短久期信用债开展配置交易，积极把握市场机会，在资本节约框架下持续提升盈利能力。,600928.SH,24,报告页码,1.动态优化资产配置，增厚资本收益。紧盯市场变化，灵活调整投资与交,正文,600928.SH_西安银行_2025_管理层讨论与分析.pdf
MDAF0004121,西安银行,业务概要,24,贯穿普惠金融业务全流程，持续完善风控体系建设。,600928.SH,24,报告页码,3.细化管理，严守资产质量生命线。秉持审慎经营理念，将全面风险管理,正文,600928.SH_西安银行_2025_管理层讨论与分析.pdf
MDAF0004122,西安银行,业务概要,24,通过网格化推进、场景化深耕，累计为1.2万户农户建立档案，让金融资源更精准、更高效地直达田间地头，助力农村产业兴旺、农民生活富裕。,600928.SH,24,报告页码,2.服务下沉，拓宽普惠金融覆盖面。积极落实普惠金融高质量发展政策导,正文,600928.SH_西安银行_2025_管理层讨论与分析.pdf
MDAF0004123,西安银行,业务概要,25,同时，完善线上渠道，视频银行首次对客服务，投产远程集中作业授权平台，有效提升一线服务效率与数字化服务能力。,600928.SH,25,报告页码,1.服务升级，全力赋能业务。在对公领域，升级企业网银功能，实现电子,正文,600928.SH_西安银行_2025_管理层讨论与分析.pdf
MDAF0004124,西安银行,业务概要,25,国内信用证全流程跨行流转，推出科创金融“科E 贷”及供应链保理融资线上服务；在零售与财富管理领域，完善手机银行服务体系，上线商业养老金购买功能，优化权益专区，推动服务向个性化、精细化转型。,600928.SH,25,报告页码,1.服务升级，全力赋能业务。在对公领域，升级企业网银功能，实现电子,正文,600928.SH_西安银行_2025_管理层讨论与分析.pdf
MDAF0004125,西安银行,业务概要,25,报告期内，本公司以推进数字金融高质量发展、全面提升数字化转型核心竞争力为目标，全新绘制数字金融发展蓝图，以“客户体验全景化、业务运营智能化、风险管理实时化、科技架构敏捷化、数据资产价值化”五大核心支柱为方向，以“1+N+X”为指导，以新一代核心系统、新一代信贷系统建设为主线，推动数字金融技术、产品、服务和模式持续创新，加快“数智西银”建设。,600928.SH,25,报告页码,（五）数字金融建设,正文,600928.SH_西安银行_2025_管理层讨论与分析.pdf
MDAF0004126,西安银行,业务概要,25,构建客户全景视图，持续提升运营效能；建成集团客户统一额度管理、非零售内部评级与资本管理等系统，完善灾备与数据安全体系，保障重要信息系统稳定运行，筑牢风险防控防线。,600928.SH,25,报告页码,2.数智赋能，强化风险防控。通过精简手工报表、推广RPA 数字员工应用、,正文,600928.SH_西安银行_2025_管理层讨论与分析.pdf
MDAF0004127,西安银行,业务概要,25,缺口，强化主动负债管理，全年发行40亿元二级资本债、50亿元无固定期限资本债、30亿元金融债和10亿元科技创新金融债。,600928.SH,25,报告页码,4.统筹推进债券发行，拓展资金补充渠道。密切跟踪债券市场走势和资金,正文,600928.SH_西安银行_2025_管理层讨论与分析.pdf
MDAF0004128,西安银行,业务概要,25,联动，深化同业渠道建设与目标客群管理，构建一体化综合营销体系，实现同业客户的精细化管理和深度经营，持续扩大同业合作“朋友圈”。,600928.SH,25,报告页码,3.深化同业客群拓展，夯实资产负债基础。加强与公司、零售等业务板块,正文,600928.SH_西安银行_2025_管理层讨论与分析.pdf
MDAF0004129,西安银行,业务概要,25,通过多品种、多期限融资工具发行，有效优化负债结构，为服务实体经济高质量发展提供坚实资金支撑。,600928.SH,25,报告页码,4.统筹推进债券发行，拓展资金补充渠道。密切跟踪债券市场走势和资金,正文,600928.SH_西安银行_2025_管理层讨论与分析.pdf
MDAF0004130,西安银行,业务概要,26,入数字人民币的法人银行，持续完善数字人民币受理环境与功能，扩大数字人民币在补贴发放、代发、文旅消费等领域的覆盖范围；积极融入地方数字生态，推动“数字政务”“数字便民”“数字文旅”等场景全面落地；实现“数币西安通”与“i 西安”全平台对接，打通金融服务与城市治理、社会民生的链接渠道。,600928.SH,26,报告页码,3.政银合作，赋能城市发展。作为全国首批、省内首家以同业代理模式接,正文,600928.SH_西安银行_2025_管理层讨论与分析.pdf
MDAF0004131,西安银行,业务概要,26,相关成果获评省级金融数字化转型典型案例，以数字金融赋能城市高质量发展。,600928.SH,26,报告页码,3.政银合作，赋能城市发展。作为全国首批、省内首家以同业代理模式接,正文,600928.SH_西安银行_2025_管理层讨论与分析.pdf
MDAF0004132,西安银行,核心竞争力,27,同时，完成以《公司章程》为核心的治理制度修订完善，强化内部监督与风险管控，规范开展信息披露，重视投资者权益保护，以高质量治理推动高质量发展。,600928.SH,27,报告页码,（二）公司治理规范高效,正文,600928.SH_西安银行_2025_管理层讨论与分析.pdf
MDAF0004133,西安银行,核心竞争力,27,本公司秉承“独立运作、有效制衡、相互合作、协调运转”的原则，坚持党建引领，加强董事会建设，完成公司治理改革，优化制衡运行机制，形成“党委前置把关-董事会科学决策-经营层高效执行”的治理闭环。,600928.SH,27,报告页码,（二）公司治理规范高效,正文,600928.SH_西安银行_2025_管理层讨论与分析.pdf
MDAF0004134,西安银行,核心竞争力,27,陕西大力发展县域经济、民营经济、开放型经济与数字经济，因地制宜发展新质生产力；西安市加快转变特大城市发展方式，持续提升国家中心城市综合能级和核心竞争力，为本公司深耕特色金融、拓展业务领域、挖掘增量市场提供了丰富的场景与广阔的发展空间。,600928.SH,27,报告页码,（一）区域优势孕育新机,正文,600928.SH_西安银行_2025_管理层讨论与分析.pdf
MDAF0004135,西安银行,核心竞争力,27,随着“一带一路”倡议纵深推进，陕西“双极带动、多点支撑、三区协同”新发展格局加快构建，西安“双中心”建设、关中平原城市群发展等重大战略叠加，为银行业发展带来机遇。,600928.SH,27,报告页码,（一）区域优势孕育新机,正文,600928.SH_西安银行_2025_管理层讨论与分析.pdf
MDAF0004136,西安银行,核心竞争力,28,一方面，加强全面风险管理能力建设。,600928.SH,28,报告页码,（三）风险合规稳健审慎,正文,600928.SH_西安银行_2025_管理层讨论与分析.pdf
MDAF0004137,西安银行,核心竞争力,28,一是筑牢数字基座，构建统一的数据平台，夯实数据存储与计算能力，为业务发展与管理提升注入数字动能。,600928.SH,28,报告页码,（四）数智驱动业务提质,正文,600928.SH_西安银行_2025_管理层讨论与分析.pdf
MDAF0004138,西安银行,核心竞争力,28,二是深化业技融合，推动线上线下协同发展。,600928.SH,28,报告页码,（四）数智驱动业务提质,正文,600928.SH_西安银行_2025_管理层讨论与分析.pdf
MDAF0004139,西安银行,核心竞争力,28,修订相关管理制度，建立人员行为管理体系，加强法律合同审查机制建设，持续夯实合规管理基础，筑牢合规经营防线。,600928.SH,28,报告页码,（三）风险合规稳健审慎,正文,600928.SH_西安银行_2025_管理层讨论与分析.pdf
MDAF0004140,西安银行,核心竞争力,28,另一方面，加强内控合规管理建设。,600928.SH,28,报告页码,（三）风险合规稳健审慎,正文,600928.SH_西安银行_2025_管理层讨论与分析.pdf
MDAF0004141,西安银行,核心竞争力,28,持续完善风险识别、评估、计量、监测、处置的全流程管理体系，优化风险限额管理、授权审批机制，持续提升风险管理的准确性与精细化水平。,600928.SH,28,报告页码,（三）风险合规稳健审慎,正文,600928.SH_西安银行_2025_管理层讨论与分析.pdf
MDAF0004142,西安银行,核心竞争力,28,本公司以“打造特色鲜明的区域领先银行和投资价值卓越的上市银行”战略愿景为统领，坚守“以客户为中心”的经营理念，紧扣宏观经济金融形势与自身发展实际，持续优化战略实施路径，推动“5+4+3”三年行动计划，优化业务布局，深度拓展客群，确保战略方向与时俱进、实施路径清晰可控，全面提升经营质效，引领全行实现更具韧性、更有效率的高质量发展。,600928.SH,28,报告页码,（五）战略转型纵深推进,正文,600928.SH_西安银行_2025_管理层讨论与分析.pdf
MDAF0004143,西安银行,核心竞争力,28,本公司坚持稳健审慎的风险偏好与“合规创造价值”理念，持续加强风险合规能力建设。,600928.SH,28,报告页码,（三）风险合规稳健审慎,正文,600928.SH_西安银行_2025_管理层讨论与分析.pdf
MDAF0004144,西安银行,核心竞争力,28,本公司始终将人才作为发展的第一资源，不断完善人才选拔、培养及考核机制，制定并落实年轻干部培养三年行动计划，分层分类建立后备人才库，推行“项目经理制”，构建专业序列队伍，强化青年员工多岗位、跨条线实践历练，畅通人才发展通道。,600928.SH,28,报告页码,（六）人才队伍不断夯实,正文,600928.SH_西安银行_2025_管理层讨论与分析.pdf
MDAF0004145,西安银行,核心竞争力,28,本公司纵深推进数字化转型，以科技应用赋能业务升级与高质量发展。,600928.SH,28,报告页码,（四）数智驱动业务提质,正文,600928.SH_西安银行_2025_管理层讨论与分析.pdf
MDAF0004146,西安银行,核心竞争力,28,积极引进金融领域专业人才，开展“名校+”“名企+”专项培训，加强员工专业能力培养，持续激发人才队伍内生动力与创造活力，为高质量发展筑牢人才根基。,600928.SH,28,报告页码,（六）人才队伍不断夯实,正文,600928.SH_西安银行_2025_管理层讨论与分析.pdf
MDAF0004147,西安银行,核心竞争力,28,通过产品、营销、风控、合规线上化，提升业务运转效率；依托手机银行平台，聚焦客户高频需求，探索“千人千面”精准服务与智能AI 应用，打造“金融+生活”一体化的高粘性综合服务平台，实现业务增长与客户体验的双重提升。,600928.SH,28,报告页码,（四）数智驱动业务提质,正文,600928.SH_西安银行_2025_管理层讨论与分析.pdf
MDAF0004148,信达证券,业务概要,25,2025年是公司“三五”规划的收官之年，也是迈向高质量发展新征程的关键起点。,601059.SH,1,报告页码,,正文,601059.SH_信达证券_2025_管理层讨论与分析.pdf
MDAF0004149,信达证券,业务概要,25,依托中国信达的平台优势，公司始终秉持以客户为中心的理念，大力推进业务协同发展和管理创新转型。,601059.SH,1,报告页码,,正文,601059.SH_信达证券_2025_管理层讨论与分析.pdf
MDAF0004150,信达证券,业务概要,25,得益于这一系列扎实举措，经纪、资管、投行、投资等各项业务的核心竞争力稳中有升，全年交出了一份可圈可点的成绩单。,601059.SH,1,报告页码,,正文,601059.SH_信达证券_2025_管理层讨论与分析.pdf
MDAF0004151,信达证券,业务概要,25,经纪业务精准把握市场窗口期，聚焦增收增利，客户数量与资产规模双双刷新历史纪录；投行业务持续深化模式转型，紧抓北交所扩容带来的战略机遇，在重点项目上实现实质性突破；投资交易业务加大高股息股票配置力度，大力发展债券销售交易业务，收益水平显著提升；资管业务全面拥抱主动管理，在深耕传统债券投资的同时，积极布局可转债等多元化品种，受到了中低风险需求投资者的广泛欢迎。,601059.SH,1,报告页码,,正文,601059.SH_信达证券_2025_管理层讨论与分析.pdf
MDAF0004152,信达证券,业务概要,25,这一年，公司始终保持战略定力，聚焦主责主业，深入践行金融工作的政治性与人民性，坚持以提质增效与风险防范并重为发展导向，在夯实管理基础、强化风险管控、优化业务流程的同时，稳步推动市场化改革措施落地见效。,601059.SH,1,报告页码,,正文,601059.SH_信达证券_2025_管理层讨论与分析.pdf
MDAF0004153,信达证券,业务概要,26,这一年，公司在巩固既有优势的基础上，锐意创新、稳健前行，为“三五”规划画上了圆满句号，也为下一阶段高质量发展奠定了坚实基础。,601059.SH,2,报告页码,,正文,601059.SH_信达证券_2025_管理层讨论与分析.pdf
MDAF0004154,信达证券,核心竞争力,30,一是强化投研前置，全过程参与集团项目，通过估值论证和方案设计提升风控能力，并引入产业资源。,601059.SH,6,报告页码,（一）持续深化集团协同,正文,601059.SH_信达证券_2025_管理层讨论与分析.pdf
MDAF0004155,信达证券,核心竞争力,30,三是强化客户协同，将集团作为核心战略客户，加大营销与信息共享，拓展与政府、同业等外部平台合作。,601059.SH,6,报告页码,（一）持续深化集团协同,正文,601059.SH_信达证券_2025_管理层讨论与分析.pdf
MDAF0004156,信达证券,核心竞争力,30,二是强化协同平台，从被动服务转向主动服务，推动反向协同与整体协同，实现研究引导、投行驱动、资管赋能。,601059.SH,6,报告页码,（一）持续深化集团协同,正文,601059.SH_信达证券_2025_管理层讨论与分析.pdf
MDAF0004157,信达证券,核心竞争力,30,依托集团协同，公司以服务主业、塑造特色为核心目标，深化投研一体化、平台建设与客户协同。,601059.SH,6,报告页码,（一）持续深化集团协同,正文,601059.SH_信达证券_2025_管理层讨论与分析.pdf
MDAF0004158,信达证券,核心竞争力,30,公司持续强化合规检查、合规监测等管理手段，推进反洗钱、员工投资行为管理等系统的升级改造；推进风险管理系统建设，健全优化内部评级管理体系，持续推进业务覆盖范围，持续完善同一客户同一业务数据质量，风险管理水平不断提高。,601059.SH,6,报告页码,（四）合规风控夯实,正文,601059.SH_信达证券_2025_管理层讨论与分析.pdf
MDAF0004159,信达证券,核心竞争力,30,公司持续推进合规及风险管理能力建设，形成稳健的风险管理文化。,601059.SH,6,报告页码,（四）合规风控夯实,正文,601059.SH_信达证券_2025_管理层讨论与分析.pdf
MDAF0004160,信达证券,核心竞争力,30,公司研究业务持续深耕细分领域，研究实力得到市场的广泛认可，在多个行业和新兴赛道屡获大奖；秉持定制化服务理念，深耕中等规模机构客户，在中等规模客户群体中满意度较高；积极探索新的商业模式，坚持与公司其他业务板块协同发展，为内部投资决策提供有力支持，为客户提供全方位、一体化的综合金融服务。,601059.SH,6,报告页码,（三）深耕细分研究领域,正文,601059.SH_信达证券_2025_管理层讨论与分析.pdf
MDAF0004161,信达证券,核心竞争力,30,具有金融资产管理公司子公司的资源禀赋，汇集获客渠道、业务信息、商业机会等资源，利用公司业务资质和专业能力实现客户拓展，在并购重整、企业纾困等方面持续发力，积累了丰富的实操经验，形成了差异化的竞争优势，品牌形象不断提升。,601059.SH,6,报告页码,（二）差异化品牌初步建立,正文,601059.SH_信达证券_2025_管理层讨论与分析.pdf
MDAF0004162,信达证券,核心竞争力,30,四是提升专业能力，围绕集团不良资产经营主业，通过融资工具创设、价值挖掘等方式打造AMC 系券商核心竞争力。,601059.SH,6,报告页码,（一）持续深化集团协同,正文,601059.SH_信达证券_2025_管理层讨论与分析.pdf
MDAF0004163,信达证券,核心竞争力,30,投行业务具备操盘复杂交易的综合能力；公募基金持续巩固以主动权益投资为主的业务特色体系。,601059.SH,6,报告页码,（二）差异化品牌初步建立,正文,601059.SH_信达证券_2025_管理层讨论与分析.pdf
MDAF0004164,信达证券,核心竞争力,30,深耕辽宁区域市场，在辽宁区域已经形成品牌优势并取得客户的信赖，辽宁区域市占率与品牌优势保持第一。,601059.SH,6,报告页码,（二）差异化品牌初步建立,正文,601059.SH_信达证券_2025_管理层讨论与分析.pdf
MDAF0004165,信达证券,核心竞争力,30,经纪业务服务三线及以下城市的个人客户，构建了广泛布局的营业网点，为客户提供高效、全面的服务。,601059.SH,6,报告页码,（二）差异化品牌初步建立,正文,601059.SH_信达证券_2025_管理层讨论与分析.pdf
MDAF0004166,信达证券,核心竞争力,30,适用。,601059.SH,6,报告页码,,选项,601059.SH_信达证券_2025_管理层讨论与分析.pdf
MDAF0004167,信达证券,研发投入,33,适用。,601059.SH,9,报告页码,(1).研发投入情况表,选项,601059.SH_信达证券_2025_管理层讨论与分析.pdf
MDAF0004168,信达证券,研发投入,34,-：0.41。,601059.SH,10,报告页码,(1).研发投入情况表,表格行,601059.SH_信达证券_2025_管理层讨论与分析.pdf
MDAF0004169,信达证券,研发投入,34,"-：16,556,046.27。",601059.SH,10,报告页码,(1).研发投入情况表,表格行,601059.SH_信达证券_2025_管理层讨论与分析.pdf
MDAF0004170,信达证券,研发投入,34,"2024年：-13,533,256,599.66。",601059.SH,10,报告页码,5、,表格行,601059.SH_信达证券_2025_管理层讨论与分析.pdf
MDAF0004171,信达证券,研发投入,34,"2024年：10,285,064,057.63。",601059.SH,10,报告页码,5、,表格行,601059.SH_信达证券_2025_管理层讨论与分析.pdf
MDAF0004172,信达证券,研发投入,34,"2024年：10,717,287,672.79。",601059.SH,10,报告页码,5、,表格行,601059.SH_信达证券_2025_管理层讨论与分析.pdf
MDAF0004173,信达证券,研发投入,34,"2024年：21,002,351,730.42。",601059.SH,10,报告页码,5、,表格行,601059.SH_信达证券_2025_管理层讨论与分析.pdf
MDAF0004174,信达证券,研发投入,34,"2024年：25,629,635,709.80。",601059.SH,10,报告页码,5、,表格行,601059.SH_信达证券_2025_管理层讨论与分析.pdf
MDAF0004175,信达证券,研发投入,34,"2024年：30,134,812,552.67。",601059.SH,10,报告页码,5、,表格行,601059.SH_信达证券_2025_管理层讨论与分析.pdf
MDAF0004176,信达证券,研发投入,34,"2024年：43,668,069,152.33。",601059.SH,10,报告页码,5、,表格行,601059.SH_信达证券_2025_管理层讨论与分析.pdf
MDAF0004177,信达证券,研发投入,34,"2025年：-4,671,646,130.89。",601059.SH,10,报告页码,5、,表格行,601059.SH_信达证券_2025_管理层讨论与分析.pdf
MDAF0004178,信达证券,研发投入,34,"2025年：1,944,687,703.83。",601059.SH,10,报告页码,5、,表格行,601059.SH_信达证券_2025_管理层讨论与分析.pdf
MDAF0004179,信达证券,研发投入,34,"2025年：18,549,571,413.60。",601059.SH,10,报告页码,5、,表格行,601059.SH_信达证券_2025_管理层讨论与分析.pdf
MDAF0004180,信达证券,研发投入,34,"2025年：20,494,259,117.43。",601059.SH,10,报告页码,5、,表格行,601059.SH_信达证券_2025_管理层讨论与分析.pdf
MDAF0004181,信达证券,研发投入,34,"2025年：20,641,178,450.85。",601059.SH,10,报告页码,5、,表格行,601059.SH_信达证券_2025_管理层讨论与分析.pdf
MDAF0004182,信达证券,研发投入,34,"2025年：44,301,206,348.78。",601059.SH,10,报告页码,5、,表格行,601059.SH_信达证券_2025_管理层讨论与分析.pdf
MDAF0004183,信达证券,研发投入,34,"2025年：48,972,852,479.67。",601059.SH,10,报告页码,5、,表格行,601059.SH_信达证券_2025_管理层讨论与分析.pdf
MDAF0004184,信达证券,研发投入,34,44：-。,601059.SH,10,报告页码,(2).研发人员情况表,表格行,601059.SH_信达证券_2025_管理层讨论与分析.pdf
MDAF0004185,信达证券,研发投入,34,44：1.60。,601059.SH,10,报告页码,(2).研发人员情况表,表格行,601059.SH_信达证券_2025_管理层讨论与分析.pdf
MDAF0004186,信达证券,研发投入,34,44：10。,601059.SH,10,报告页码,(2).研发人员情况表,表格行,601059.SH_信达证券_2025_管理层讨论与分析.pdf
MDAF0004187,信达证券,研发投入,34,44：13。,601059.SH,10,报告页码,(2).研发人员情况表,表格行,601059.SH_信达证券_2025_管理层讨论与分析.pdf
MDAF0004188,信达证券,研发投入,34,44：1。,601059.SH,10,报告页码,(2).研发人员情况表,表格行,601059.SH_信达证券_2025_管理层讨论与分析.pdf
MDAF0004189,信达证券,研发投入,34,44：28。,601059.SH,10,报告页码,(2).研发人员情况表,表格行,601059.SH_信达证券_2025_管理层讨论与分析.pdf
MDAF0004190,信达证券,研发投入,34,44：29。,601059.SH,10,报告页码,(2).研发人员情况表,表格行,601059.SH_信达证券_2025_管理层讨论与分析.pdf
MDAF0004191,信达证券,研发投入,34,44：3。,601059.SH,10,报告页码,(2).研发人员情况表,表格行,601059.SH_信达证券_2025_管理层讨论与分析.pdf
MDAF0004192,信达证券,研发投入,34,44：4。,601059.SH,10,报告页码,(2).研发人员情况表,表格行,601059.SH_信达证券_2025_管理层讨论与分析.pdf
MDAF0004193,信达证券,研发投入,34,44：学历结构人数。,601059.SH,10,报告页码,(2).研发人员情况表,表格行,601059.SH_信达证券_2025_管理层讨论与分析.pdf
MDAF0004194,信达证券,研发投入,34,44：年龄结构人数。,601059.SH,10,报告页码,(2).研发人员情况表,表格行,601059.SH_信达证券_2025_管理层讨论与分析.pdf
MDAF0004195,信达证券,研发投入,34,公司研发人员的数量：30 岁以下（不含30 岁）。,601059.SH,10,报告页码,(2).研发人员情况表,表格行,601059.SH_信达证券_2025_管理层讨论与分析.pdf
MDAF0004196,信达证券,研发投入,34,公司研发人员的数量：30-40 岁（含30 岁，不含40 岁）。,601059.SH,10,报告页码,(2).研发人员情况表,表格行,601059.SH_信达证券_2025_管理层讨论与分析.pdf
MDAF0004197,信达证券,研发投入,34,公司研发人员的数量：40-50 岁（含40 岁，不含50 岁）。,601059.SH,10,报告页码,(2).研发人员情况表,表格行,601059.SH_信达证券_2025_管理层讨论与分析.pdf
MDAF0004198,信达证券,研发投入,34,公司研发人员的数量：50-60 岁（含50 岁，不含60 岁）。,601059.SH,10,报告页码,(2).研发人员情况表,表格行,601059.SH_信达证券_2025_管理层讨论与分析.pdf
MDAF0004199,信达证券,研发投入,34,公司研发人员的数量：60 岁及以上。,601059.SH,10,报告页码,(2).研发人员情况表,表格行,601059.SH_信达证券_2025_管理层讨论与分析.pdf
MDAF0004200,信达证券,研发投入,34,公司研发人员的数量：专科。,601059.SH,10,报告页码,(2).研发人员情况表,表格行,601059.SH_信达证券_2025_管理层讨论与分析.pdf
MDAF0004201,信达证券,研发投入,34,公司研发人员的数量：博士研究生。,601059.SH,10,报告页码,(2).研发人员情况表,表格行,601059.SH_信达证券_2025_管理层讨论与分析.pdf
MDAF0004202,信达证券,研发投入,34,公司研发人员的数量：学历结构类别。,601059.SH,10,报告页码,(2).研发人员情况表,表格行,601059.SH_信达证券_2025_管理层讨论与分析.pdf
MDAF0004203,信达证券,研发投入,34,公司研发人员的数量：年龄结构类别。,601059.SH,10,报告页码,(2).研发人员情况表,表格行,601059.SH_信达证券_2025_管理层讨论与分析.pdf
MDAF0004204,信达证券,研发投入,34,公司研发人员的数量：本科。,601059.SH,10,报告页码,(2).研发人员情况表,表格行,601059.SH_信达证券_2025_管理层讨论与分析.pdf
MDAF0004205,信达证券,研发投入,34,公司研发人员的数量：研发人员学历结构。,601059.SH,10,报告页码,(2).研发人员情况表,表格行,601059.SH_信达证券_2025_管理层讨论与分析.pdf
MDAF0004206,信达证券,研发投入,34,公司研发人员的数量：研发人员年龄结构。,601059.SH,10,报告页码,(2).研发人员情况表,表格行,601059.SH_信达证券_2025_管理层讨论与分析.pdf
MDAF0004207,信达证券,研发投入,34,公司研发人员的数量：研发人员数量占公司总人数的比例（%）。,601059.SH,10,报告页码,(2).研发人员情况表,表格行,601059.SH_信达证券_2025_管理层讨论与分析.pdf
MDAF0004208,信达证券,研发投入,34,公司研发人员的数量：硕士研究生。,601059.SH,10,报告页码,(2).研发人员情况表,表格行,601059.SH_信达证券_2025_管理层讨论与分析.pdf
MDAF0004209,信达证券,研发投入,34,公司研发人员的数量：高中及以下。,601059.SH,10,报告页码,(2).研发人员情况表,表格行,601059.SH_信达证券_2025_管理层讨论与分析.pdf
MDAF0004210,信达证券,研发投入,34,同比增减（%）：-19.46。,601059.SH,10,报告页码,5、,表格行,601059.SH_信达证券_2025_管理层讨论与分析.pdf
MDAF0004211,信达证券,研发投入,34,同比增减（%）：-2.42。,601059.SH,10,报告页码,5、,表格行,601059.SH_信达证券_2025_管理层讨论与分析.pdf
MDAF0004212,信达证券,研发投入,34,同比增减（%）：-81.09。,601059.SH,10,报告页码,5、,表格行,601059.SH_信达证券_2025_管理层讨论与分析.pdf
MDAF0004213,信达证券,研发投入,34,同比增减（%）：12.15。,601059.SH,10,报告页码,5、,表格行,601059.SH_信达证券_2025_管理层讨论与分析.pdf
MDAF0004214,信达证券,研发投入,34,同比增减（%）：47.01。,601059.SH,10,报告页码,5、,表格行,601059.SH_信达证券_2025_管理层讨论与分析.pdf
MDAF0004215,信达证券,研发投入,34,同比增减（%）：73.08。,601059.SH,10,报告页码,5、,表格行,601059.SH_信达证券_2025_管理层讨论与分析.pdf
MDAF0004216,信达证券,研发投入,34,同比增减（%）：不适用。,601059.SH,10,报告页码,5、,表格行,601059.SH_信达证券_2025_管理层讨论与分析.pdf
MDAF0004217,信达证券,研发投入,34,本期资本化研发投入：研发投入合计。,601059.SH,10,报告页码,(1).研发投入情况表,表格行,601059.SH_信达证券_2025_管理层讨论与分析.pdf
MDAF0004218,信达证券,研发投入,34,本期资本化研发投入：研发投入总额占营业收入比例（%）。,601059.SH,10,报告页码,(1).研发投入情况表,表格行,601059.SH_信达证券_2025_管理层讨论与分析.pdf
MDAF0004219,信达证券,研发投入,34,本期资本化研发投入：研发投入资本化的比重（%）。,601059.SH,10,报告页码,(1).研发投入情况表,表格行,601059.SH_信达证券_2025_管理层讨论与分析.pdf
MDAF0004220,信达证券,研发投入,34,项目：投资活动产生的现金流量净额。,601059.SH,10,报告页码,5、,表格行,601059.SH_信达证券_2025_管理层讨论与分析.pdf
MDAF0004221,信达证券,研发投入,34,项目：投资活动现金流入小计。,601059.SH,10,报告页码,5、,表格行,601059.SH_信达证券_2025_管理层讨论与分析.pdf
MDAF0004222,信达证券,研发投入,34,项目：投资活动现金流出小计。,601059.SH,10,报告页码,5、,表格行,601059.SH_信达证券_2025_管理层讨论与分析.pdf
MDAF0004223,信达证券,研发投入,34,项目：筹资活动现金流入小计。,601059.SH,10,报告页码,5、,表格行,601059.SH_信达证券_2025_管理层讨论与分析.pdf
MDAF0004224,信达证券,研发投入,34,项目：经营活动产生的现金流量净额。,601059.SH,10,报告页码,5、,表格行,601059.SH_信达证券_2025_管理层讨论与分析.pdf
MDAF0004225,信达证券,研发投入,34,项目：经营活动现金流入小计。,601059.SH,10,报告页码,5、,表格行,601059.SH_信达证券_2025_管理层讨论与分析.pdf
MDAF0004226,信达证券,研发投入,34,项目：经营活动现金流出小计。,601059.SH,10,报告页码,5、,表格行,601059.SH_信达证券_2025_管理层讨论与分析.pdf
MDAF0004227,信达证券,研发投入,34,不适用。,601059.SH,10,报告页码,(3).情况说明,选项,601059.SH_信达证券_2025_管理层讨论与分析.pdf
MDAF0004228,信达证券,研发投入,34,不适用。,601059.SH,10,报告页码,(4).研发人员构成发生重大变化的原因及对公司未来发展的影响,选项,601059.SH_信达证券_2025_管理层讨论与分析.pdf
MDAF0004229,信达证券,研发投入,34,适用。,601059.SH,10,报告页码,(2).研发人员情况表,选项,601059.SH_信达证券_2025_管理层讨论与分析.pdf
MDAF0004230,信达证券,研发投入,34,适用。,601059.SH,10,报告页码,5、,选项,601059.SH_信达证券_2025_管理层讨论与分析.pdf
MDAF0004231,太平洋,业务概要,21,信用业务包括融资融券业务、股票质押式回购业务。,601099.SH,1,报告页码,,正文,601099.SH_太平洋_2025_管理层讨论与分析.pdf
MDAF0004232,太平洋,业务概要,21,公司从事的主要业务具体情况详见本节“三、经营情况讨论与分析”。,601099.SH,1,报告页码,,正文,601099.SH_太平洋_2025_管理层讨论与分析.pdf
MDAF0004233,太平洋,业务概要,21,公司目前所从事的主要业务包括证券经纪业务、信用业务、证券投资业务、投资银行业务、资产管理业务、股权投资业务、证券研究业务。,601099.SH,1,报告页码,,正文,601099.SH_太平洋_2025_管理层讨论与分析.pdf
MDAF0004234,太平洋,业务概要,21,投资银行业务主要包括股权融资业务和债券融资业务。,601099.SH,1,报告页码,,正文,601099.SH_太平洋_2025_管理层讨论与分析.pdf
MDAF0004235,太平洋,业务概要,21,私募投资基金业务主要为发起设立及管理私募投资基金，收取管理费并获取超额业绩收益分成；另类投资业务主要为利用自有资金从事股权投资以及《证券公司证券自营投资品种清单》以外的金融产品投资。,601099.SH,1,报告页码,,正文,601099.SH_太平洋_2025_管理层讨论与分析.pdf
MDAF0004236,太平洋,业务概要,21,股权投资业务包括私募投资基金业务、另类投资业务。,601099.SH,1,报告页码,,正文,601099.SH_太平洋_2025_管理层讨论与分析.pdf
MDAF0004237,太平洋,业务概要,21,股权融资业务包括首次公开发行（IPO）、上市公司再融资等股票承销保荐业务；债券融资业务包括企业债、公司债、地方政府债等债券发行承销业务；其他还包括上市公司并购重组、企业改制等财务顾问业务，新三板挂牌、持续督导业务以及与上述业务相关的投资银行类业务。,601099.SH,1,报告页码,,正文,601099.SH_太平洋_2025_管理层讨论与分析.pdf
MDAF0004238,太平洋,业务概要,21,融资融券业务是指证券公司向交存担保物的客户出借资金供其买入证券或出借上市证券供其卖出，并获得利息收入的经营活动；股票质押式回购业务是指符合条件的资金融入方以所持有的股票或其他证券质押，向证券公司融入资金，约定在未来返还资金、解除质押，证券公司获得利息收入的经营活动。,601099.SH,1,报告页码,,正文,601099.SH_太平洋_2025_管理层讨论与分析.pdf
MDAF0004239,太平洋,业务概要,21,证券投资业务包括权益类投资业务、固定收益类投资业务，主要是以公司自有资金投资股票、债券、公募基金以及国债期货、股指期货等金融衍生品，获取买卖价差、股票分红及债券息差等收益。,601099.SH,1,报告页码,,正文,601099.SH_太平洋_2025_管理层讨论与分析.pdf
MDAF0004240,太平洋,业务概要,21,证券研究业务主要负责为公募基金、私募基金、保险机构、资管机构等机构投资者提供专业和深度的公司、行业、市场分析等证券研究服务，为其管理资产组合提出建议。,601099.SH,1,报告页码,,正文,601099.SH_太平洋_2025_管理层讨论与分析.pdf
MDAF0004241,太平洋,业务概要,21,证券经纪业务主要是向广大客户提供证券经纪、证券投资咨询、证券投资基金销售、代销金融产品、融资融券、IB 介绍业务以及与证券交易、证券投资活动有关的财务顾问等方面的服务。,601099.SH,1,报告页码,,正文,601099.SH_太平洋_2025_管理层讨论与分析.pdf
MDAF0004242,太平洋,业务概要,21,资产管理业务范围包括为多个客户服务的集合资产管理业务、为单一客户服务的单一（定向）资产管理业务、资产证券化以及投资顾问业务等。,601099.SH,1,报告页码,,正文,601099.SH_太平洋_2025_管理层讨论与分析.pdf
MDAF0004243,太平洋,业务概要,21,不适用。,601099.SH,1,报告页码,,选项,601099.SH_太平洋_2025_管理层讨论与分析.pdf
MDAF0004244,太平洋,核心竞争力,28,公司业务条线完备，构建了全牌照、全业务线的业务体系。,601099.SH,8,报告页码,,正文,601099.SH_太平洋_2025_管理层讨论与分析.pdf
MDAF0004245,太平洋,核心竞争力,28,区位优势显著：公司作为云南本土的上市券商，在云南深耕证券经纪业务、投行业务和资管业务，服务地方经济高质量发展。,601099.SH,8,报告页码,,正文,601099.SH_太平洋_2025_管理层讨论与分析.pdf
MDAF0004246,太平洋,核心竞争力,28,受益于共建“一带一路”倡议带来的机遇，公司业务范围逐步辐射至东南亚。,601099.SH,8,报告页码,,正文,601099.SH_太平洋_2025_管理层讨论与分析.pdf
MDAF0004247,太平洋,核心竞争力,28,截至报告期末，公司在全国设立94家分支机构，涵盖全国31个省、自治区、直辖市。,601099.SH,8,报告页码,,正文,601099.SH_太平洋_2025_管理层讨论与分析.pdf
MDAF0004248,太平洋,核心竞争力,28,运营机制市场化：公司建立了适于证券行业发展环境的制度体系、人才培养体系、考核问责体系、全面风险管理体系，为公司发展提供制度和机制保障。,601099.SH,8,报告页码,,正文,601099.SH_太平洋_2025_管理层讨论与分析.pdf
MDAF0004249,太平洋,核心竞争力,28,适用。,601099.SH,8,报告页码,,选项,601099.SH_太平洋_2025_管理层讨论与分析.pdf
MDAF0004250,太平洋,研发投入,32,不适用。,601099.SH,12,报告页码,(1) 研发投入情况表,选项,601099.SH_太平洋_2025_管理层讨论与分析.pdf
MDAF0004251,太平洋,研发投入,32,不适用。,601099.SH,12,报告页码,(2) 研发人员情况表,选项,601099.SH_太平洋_2025_管理层讨论与分析.pdf
MDAF0004252,太平洋,研发投入,32,不适用。,601099.SH,12,报告页码,(3) 情况说明,选项,601099.SH_太平洋_2025_管理层讨论与分析.pdf
MDAF0004253,太平洋,研发投入,32,不适用。,601099.SH,12,报告页码,(4) 研发人员构成发生重大变化的原因及对公司未来发展的影响,选项,601099.SH_太平洋_2025_管理层讨论与分析.pdf
MDAF0004254,首创证券,业务概要,31,2025年，面对国内外经济环境的复杂变化，国民经济运行顶压前行、向新向优，高质量发展取得新成效，经济社会发展主要目标任务圆满实现，“十四五”胜利收官。,601136.SH,28,报告页码,（二）报告期经营概况,正文,601136.SH_首创证券_2025_管理层讨论与分析.pdf
MDAF0004255,首创证券,业务概要,31,MANAGEMENT DISCUSSION报告期内，公司主营业务未发生变化。,601136.SH,28,报告页码,（一）公司主营业务,正文,601136.SH_首创证券_2025_管理层讨论与分析.pdf
MDAF0004256,首创证券,业务概要,31,公司主营业务范围包括：证券经纪；证券投资咨询；与证券交易、证券投资活动有关的财务顾问；证券承销与保荐；证券自营；证券投资基金销售；证券资产管理；融资融券；代销金融产品；为期货公司提供中间介绍业务。,601136.SH,28,报告页码,（一）公司主营业务,正文,601136.SH_首创证券_2025_管理层讨论与分析.pdf
MDAF0004257,首创证券,业务概要,31,公司作为具有全牌照经营资质的综合性证券公司，目前已形成资产管理类业务、投资类业务、投资与分析银行类业务、财富管理类业务等均衡发展的业务结构。,601136.SH,28,报告页码,（一）公司主营业务,正文,601136.SH_首创证券_2025_管理层讨论与分析.pdf
MDAF0004258,首创证券,业务概要,31,公司全资子公司首创京都期货主要从事商品期货经纪、金融期货经纪和资产管理业务；全资子公司管理层讨论首正德盛系私募投资基金子公司；全资子公司首正泽富系另类投资子公司。,601136.SH,28,报告页码,（一）公司主营业务,正文,601136.SH_首创证券_2025_管理层讨论与分析.pdf
MDAF0004259,首创证券,业务概要,31,截至报告期末，公司资产总额为523.79亿元，较上年末增长11.79%；归属于母公司所有者权益为137.56亿元，较上年末增长3.98%。,601136.SH,28,报告页码,（二）报告期经营概况,正文,601136.SH_首创证券_2025_管理层讨论与分析.pdf
MDAF0004260,首创证券,业务概要,31,"报告期内，公司实现营业收入252,840.08万元，同比增长4.58%；实现归属于母公司股东的净利润105,640.26万元，同比增长7.26%。",601136.SH,28,报告页码,（二）报告期经营概况,正文,601136.SH_首创证券_2025_管理层讨论与分析.pdf
MDAF0004261,首创证券,业务概要,31,报告期内，公司资产管理业务加速推进多资产、多策略业务布局，在固收+、权益、投顾等细分业务领域均实现突破，业务结构更加均衡，管理规模快速增长；固定收益投资交易业务完善“多渠道、多品种、多币种”的投资框架，在可转债、REITs 等“固收+”领域多点开花，在商品业务、衍生品业务等方面积极探索实践，继续保持了良好的投资业绩，充分发挥了业绩“压舱石”作用；权益类证券投资业务去方向化成效凸显，高股息策略稳健运行；债券承销与资产证券化业务规模大幅增长，部分细分领域跻身行业前列；财富管理类业务加大业务拓展力度，投顾业务转型发展成效明显。,601136.SH,28,报告页码,（二）报告期经营概况,正文,601136.SH_首创证券_2025_管理层讨论与分析.pdf
MDAF0004262,首创证券,业务概要,31,面对复杂变化的宏观新环境与深刻变革的行业新生态，公司积极把握市场机会，有效应对了市场利率历史性回落对各项业务带来的冲击与挑战，业绩保持平稳增长、资本实力稳步增强，实现了 “十四五”圆满收官。,601136.SH,28,报告页码,（二）报告期经营概况,正文,601136.SH_首创证券_2025_管理层讨论与分析.pdf
MDAF0004263,首创证券,核心竞争力,36,一是公司资产管理业务保持良好发展态势，多资产、多策略布局取得突破性进展，行业影响力持续提升。,601136.SH,33,报告页码,,正文,601136.SH_首创证券_2025_管理层讨论与分析.pdf
MDAF0004264,首创证券,核心竞争力,36,三是依托北京区位优势，充分把握北交所建设扩容带来的差异化发展机遇，加强服务“专精特新”中小企业及国家战略性新兴产业，加快推进“股债融合”，强化投行专业能力建设，公司投资银行业务取得创新突破。,601136.SH,33,报告页码,,正文,601136.SH_首创证券_2025_管理层讨论与分析.pdf
MDAF0004265,首创证券,核心竞争力,36,二是公司固定收益投资交易业务资产配置与综合交易能力不断增强，加快向“FICC”全面进阶，风险控制与盈利能力持续提升。,601136.SH,33,报告页码,,正文,601136.SH_首创证券_2025_管理层讨论与分析.pdf
MDAF0004266,首创证券,核心竞争力,36,五是大力促进内部协同，赋能业务发展。,601136.SH,33,报告页码,,正文,601136.SH_首创证券_2025_管理层讨论与分析.pdf
MDAF0004267,首创证券,核心竞争力,36,公司着力优化体制机制及业务管理架构，深度开展总部策略协同、总部与分支机构业务协同，强化全业务链协同互联，加强中后台对前台业务的支持服务，经营与管理效率显著提升。,601136.SH,33,报告页码,,正文,601136.SH_首创证券_2025_管理层讨论与分析.pdf
MDAF0004268,首创证券,核心竞争力,36,公司积极探索差异化发展道路，持续巩固特色化竞争优势。,601136.SH,33,报告页码,,正文,601136.SH_首创证券_2025_管理层讨论与分析.pdf
MDAF0004269,首创证券,核心竞争力,36,公司系北京市国资委控股的证券公司，截至本报告期末，公司股东首创集团、京投公司、京能集团均为北京市国资委下属的大型国有企业，合计持股比例达82.38%。,601136.SH,33,报告页码,,正文,601136.SH_首创证券_2025_管理层讨论与分析.pdf
MDAF0004270,首创证券,核心竞争力,36,六是公司人员结构不断优化，管理层和核心人员稳定，高素质的专业员工队伍为公司业务创新发展提供有力的人才保障；同时公司高度重视企业文化建设，不断厚植“自信，规矩，良知，专业”为核心价值观的优秀企业文化，既倡导与时俱进、拼搏进取、以创新打开发展局面和空间，又强调底线思维、规矩意识、以稳健应对变化、务实前行，为公司实现高质量可持续发展提供坚实保障。,601136.SH,33,报告页码,,正文,601136.SH_首创证券_2025_管理层讨论与分析.pdf
MDAF0004271,首创证券,核心竞争力,36,四是公司及子公司进一步加强在经济较发达地区的战略布局，分支机构网点布局不断优化，夯实市场拓展及客户服务基础。,601136.SH,33,报告页码,,正文,601136.SH_首创证券_2025_管理层讨论与分析.pdf
MDAF0004272,首创证券,核心竞争力,36,适用。,601136.SH,33,报告页码,,选项,601136.SH_首创证券_2025_管理层讨论与分析.pdf
MDAF0004273,首创证券,研发投入,39,不适用。,601136.SH,36,报告页码,(1) 研发投入情况表,选项,601136.SH_首创证券_2025_管理层讨论与分析.pdf
MDAF0004274,首创证券,研发投入,39,不适用。,601136.SH,36,报告页码,(2) 研发人员情况表,选项,601136.SH_首创证券_2025_管理层讨论与分析.pdf
MDAF0004275,首创证券,研发投入,39,不适用。,601136.SH,36,报告页码,(3) 情况说明,选项,601136.SH_首创证券_2025_管理层讨论与分析.pdf
MDAF0004276,首创证券,研发投入,39,不适用。,601136.SH,36,报告页码,(4) 研发人员构成发生重大变化的原因及对公司未来发展的影响,选项,601136.SH_首创证券_2025_管理层讨论与分析.pdf
MDAF0004277,兴业银行,核心竞争力,19,2021年，公司提出树牢擦亮绿色银行、财富银行、投资银行“三张名片”，加快数字化转型。,601166.SH,19,报告页码,,正文,601166.SH_兴业银行_2025_管理层讨论与分析.pdf
MDAF0004278,兴业银行,核心竞争力,19,2022年，提出“巩固基本盘，布局新赛道”，加快科创金融、普惠金融、能源金融、汽车金融、园区金融“五大新赛道”发展，加速构建“数字兴业”。,601166.SH,19,报告页码,,正文,601166.SH_兴业银行_2025_管理层讨论与分析.pdf
MDAF0004279,兴业银行,核心竞争力,19,“三张名片”“五大新赛道”“数公司基本信息管理层凝心聚力，作风务实。,601166.SH,19,报告页码,,正文,601166.SH_兴业银行_2025_管理层讨论与分析.pdf
MDAF0004280,兴业银行,核心竞争力,19,公司坚持“1234”战略久久为功，按照“轻资产、轻资本、高效率”转型方向，以“商行+投行”为抓手，不断增强“结算型、投资型、交易型”三型银行智慧内核，着力提升“重点分行、重点行业、重点客户、重点产品”价值贡献。,601166.SH,19,报告页码,,正文,601166.SH_兴业银行_2025_管理层讨论与分析.pdf
MDAF0004281,兴业银行,核心竞争力,19,公司持续健全完善“党委领导核业文化和核心价值观高度认同，具有丰富的金融管理经心、董事会战略决策、高管层执行落实”的公司治理机制。,601166.SH,19,报告页码,,正文,601166.SH_兴业银行_2025_管理层讨论与分析.pdf
MDAF0004282,兴业银行,核心竞争力,19,公司经营管理层对公司的企运作体系规范，专业高效。,601166.SH,19,报告页码,,正文,601166.SH_兴业银行_2025_管理层讨论与分析.pdf
MDAF0004283,兴业银行,核心竞争力,19,同时，因势而谋、顺势而为，不断丰富战略内涵。,601166.SH,19,报告页码,,正文,601166.SH_兴业银行_2025_管理层讨论与分析.pdf
MDAF0004284,兴业银行,核心竞争力,19,战略目标清晰，优势渐显。,601166.SH,19,报告页码,,正文,601166.SH_兴业银行_2025_管理层讨论与分析.pdf
MDAF0004285,兴业银行,核心竞争力,20,主动拥抱数字时代，加快数字化转型，重塑组织架构、业务流程和经营形态，经营特色鲜明，功能完备。,601166.SH,20,报告页码,,正文,601166.SH_兴业银行_2025_管理层讨论与分析.pdf
MDAF0004286,兴业银行,核心竞争力,20,传承入集团战略体系，聚焦主业、做精专业、功能互补、差异履职尽责的敬业文化、敢拼会赢的拼搏文化、务实担当的发展，形成横跨境内境外、融合线上线下，涵盖信托、金协作文化、协同奋进的家园文化，坚守稳健发展、合法合融租赁、基金、银行理财、消费金融、期货、资产管理、规、以客户为中心的银行文化，凝聚为全集团共同的价值金融资产投资、研究咨询、数字金融等在内的现代综合金取向和行为准则。,601166.SH,20,报告页码,,正文,601166.SH_兴业银行_2025_管理层讨论与分析.pdf
MDAF0004287,兴业银行,核心竞争力,20,公司坚持走市场化、差异化、加大科技资源投入，实施科技人才万人计划，深化科技、综合化经营发展道路，在多个细分业务领域打造新产品、数据、业务融合，统筹实施分布式核心建设工程，有序实施“新城建设”“旧城改造”，前瞻布局AI、云原生等前沿领新业务，开辟属于自己的蓝海，形成鲜明的经营特色。,601166.SH,20,报告页码,,正文,601166.SH_兴业银行_2025_管理层讨论与分析.pdf
MDAF0004288,兴业银行,核心竞争力,20,公司始终坚守真诚服务、共同FICC、投资银行、资产管理、资产托管等业务协同发展；兴业的使命，追求理性、创新、人本、共享的核心价值构建科技金融生态圈，完善科技企业全生命周期服务体观，弘扬中华优秀传统文化，培育中国特色金融文化，在系，将科技金融打造成为“第四张名片”。,601166.SH,20,报告页码,,正文,601166.SH_兴业银行_2025_管理层讨论与分析.pdf
MDAF0004289,兴业银行,核心竞争力,20,各子公司深度融长期发展过程中形成了具有兴业特色的文化底蕴。,601166.SH,20,报告页码,,正文,601166.SH_兴业银行_2025_管理层讨论与分析.pdf
MDAF0004290,兴业银行,核心竞争力,20,在公司经营管理层的带领下，全集赋能，形成穿越新的经济周期的核心能力。,601166.SH,20,报告页码,,正文,601166.SH_兴业银行_2025_管理层讨论与分析.pdf
MDAF0004291,兴业银行,核心竞争力,20,域，开展“人工智能+”行动，开启从“数字兴业”到“智慧兴坚定将绿色金融作为集团战略核心业务，并前瞻性升级为ESG理念，率先将可持续发展提升到企业战略和公司治业”的新征程。,601166.SH,20,报告页码,,正文,601166.SH_兴业银行_2025_管理层讨论与分析.pdf
MDAF0004292,兴业银行,核心竞争力,20,持续夯实公司基础管理和发展根基。,601166.SH,20,报告页码,,正文,601166.SH_兴业银行_2025_管理层讨论与分析.pdf
MDAF0004293,兴业银行,核心竞争力,20,深入开展支行团员工的积极性、主动性和创造性充分激发，凝聚力和向管理标准化、营销体系化和运营数字化“三化”建设，以及心力显著增强，展现出敢担当、善作为的良好精神风貌，以基层员工、基本制度、基础管理为核心的“三基”管理提各项战略、决策和措施落地生根、取得实效，为公司高质升活动，推进实现“为基层减负、向基层赋能”的目标，量发展奠定坚实基础。,601166.SH,20,报告页码,,正文,601166.SH_兴业银行_2025_管理层讨论与分析.pdf
MDAF0004294,兴业银行,核心竞争力,20,理层面，开创了“寓义于利”的社会责任实践模式；打造和贯通“投资银行－资产管理－财富管理”价值链，推动文化底蕴深厚，行稳致远。,601166.SH,20,报告页码,,正文,601166.SH_兴业银行_2025_管理层讨论与分析.pdf
MDAF0004295,兴业银行,核心竞争力,20,融服务体系。,601166.SH,20,报告页码,,正文,601166.SH_兴业银行_2025_管理层讨论与分析.pdf
MDAF0004296,兴业银行,核心竞争力,20,验，具备突出的形势研判、战略执行、策略制定、风险管坚持从严治行、合规经营，不断提升专业化、精细化风险理等专业能力，保持高度团结，作风务实高效，共同致力管理能力，在牢牢守住风险底线的同时，为业务发展有效于公司战略目标实现。,601166.SH,20,报告页码,,正文,601166.SH_兴业银行_2025_管理层讨论与分析.pdf
MDAF0004297,东兴证券,业务概要,1,全资子公司东兴基金从事的主要业务为：公开募集证券投资基金管理、基金销售和中国证监会许可的其他业务。,601198.SH,1,PDF页序,,正文,601198.SH_东兴证券_2025_管理层讨论与分析.pdf
MDAF0004298,东兴证券,业务概要,1,全资子公司东兴投资从事的主要业务为：对金融产品的投资、项目投资、股权投资。,601198.SH,1,PDF页序,,正文,601198.SH_东兴证券_2025_管理层讨论与分析.pdf
MDAF0004299,东兴证券,业务概要,1,全资子公司东兴期货从事的主要业务为：商品期货经纪、金融期货经纪、期货投资咨询、资产管理。,601198.SH,1,PDF页序,,正文,601198.SH_东兴证券_2025_管理层讨论与分析.pdf
MDAF0004300,东兴证券,业务概要,1,全资子公司东兴资本从事的主要业务为：投资管理；投资顾问；股权投资；受托管理股权投资基金；财务顾问服务。,601198.SH,1,PDF页序,,正文,601198.SH_东兴证券_2025_管理层讨论与分析.pdf
MDAF0004301,东兴证券,业务概要,1,全资子公司东兴香港及其子公司从事的主要业务为：投资控股；香港证监会核准的第1 类（证券交易）、第4 类（就证券提供意见）、第6 类（就机构融资提供意见）、第9 类（提供资产管理）；香港保险业监管局核准的保险经纪公司牌照。,601198.SH,1,PDF页序,,正文,601198.SH_东兴证券_2025_管理层讨论与分析.pdf
MDAF0004302,东兴证券,业务概要,1,经中国证监会批准，本公司从事的主要业务为：证券经纪；证券投资咨询；与证券交易、证券投资活动有关的财务顾问；证券承销与保荐；证券自营；证券资产管理；融资融券；证券投资基金销售；代销金融产品。,601198.SH,1,PDF页序,,正文,601198.SH_东兴证券_2025_管理层讨论与分析.pdf
MDAF0004303,东兴证券,业务概要,23,不适用。,601198.SH,2,报告页码,22 / 259,选项,601198.SH_东兴证券_2025_管理层讨论与分析.pdf
MDAF0004304,东兴证券,核心竞争力,24,适用。,601198.SH,3,报告页码,,选项,601198.SH_东兴证券_2025_管理层讨论与分析.pdf
MDAF0004305,东兴证券,核心竞争力,25,中国东方总资产逾万亿，在全国共设26家分公司，下辖9家一类子公司，业务涵盖不良资产经营、保险、银行、证券、基金、信托、信用评级和海外业务等。,601198.SH,4,报告页码,（一）股东背景雄厚，集团协同发展,正文,601198.SH_东兴证券_2025_管理层讨论与分析.pdf
MDAF0004306,东兴证券,核心竞争力,25,公司作为一家全牌照综合性证券公司，始终强化各业务板块综合协同发展：财富管理业务积极提高财富管理转型质效，加强数字化建设，建设产品中心，提升专业服务能力，大力发展买方投顾业务；投资银行业务以服务新质生产力为业务发展方向，持续加大对国家战略性新兴产业项目的承揽承做，聚焦各类产业并购及企业纾困、破产重整等特殊机遇业务，支持产业整合；资产管理业务渠道多管齐下，机构拓新业务多点开花，产品研发创新多元发展，创新协同助力集团主业；投资交易业务以扎实的投研能力为基础，不断提升大类资产的投资能力，并在此基础上积极探索新业务，丰富投资品类。,601198.SH,4,报告页码,（二）业务多元发展，推动转型升级,正文,601198.SH_东兴证券_2025_管理层讨论与分析.pdf
MDAF0004307,东兴证券,核心竞争力,25,公司作为中国东方旗下唯一的上市金融平台，在中国东方内部具有重要的战略地位。,601198.SH,4,报告页码,（一）股东背景雄厚，集团协同发展,正文,601198.SH_东兴证券_2025_管理层讨论与分析.pdf
MDAF0004308,东兴证券,核心竞争力,25,公司始终坚持依法合规、稳健经营的理念，恪守合规底线，厚植合规文化，强化合规风险主体责任，增强合规风险履职能力，不断夯实完善公司合规内控基础，持续奉行“稳健、审慎、合规”的风险偏好，持续完善风险管理体系、优化风险管理机制、提升风险管理水平，有效实现业务风险的早发现、早预警、早处置，为推动公司高质量发展提供了坚实保障。,601198.SH,4,报告页码,（三）合规稳健经营，风控体系完善,正文,601198.SH_东兴证券_2025_管理层讨论与分析.pdf
MDAF0004309,东兴证券,核心竞争力,25,公司已形成全国性的业务布局，并在福建地区具有多年的客户积累和渠道优势。,601198.SH,4,报告页码,（四）区位优势显著，奠定坚实基础,正文,601198.SH_东兴证券_2025_管理层讨论与分析.pdf
MDAF0004310,东兴证券,核心竞争力,25,公司延续并发扬东方基因，紧密围绕集团不良资产主业，发挥自身资源禀赋，深化集团协同，创新协同模式，不断强化公司在不良资产及特殊机会投资等领域的独特优势，推动公司与集团融合式高质量发展。,601198.SH,4,报告页码,（一）股东背景雄厚，集团协同发展,正文,601198.SH_东兴证券_2025_管理层讨论与分析.pdf
MDAF0004311,东兴证券,核心竞争力,25,公司控股股东中国东方是经国务院批准，由财政部、全国社会保障基金理事会共同发起设立的中央金融企业。,601198.SH,4,报告页码,（一）股东背景雄厚，集团协同发展,正文,601198.SH_东兴证券_2025_管理层讨论与分析.pdf
MDAF0004312,东兴证券,核心竞争力,25,目前公司39.56%的分支机构分布在福建地区，同时公司在福建地区分支机构的手续费收入、证券交易额等多项指标持续位于中国证监会福建监管局辖区（不含厦门）内证券公司前列。,601198.SH,4,报告页码,（四）区位优势显著，奠定坚实基础,正文,601198.SH_东兴证券_2025_管理层讨论与分析.pdf
MDAF0004313,东兴证券,核心竞争力,25,福建省是国内经济发达地区之一，区域经济的快速发展和高新技术产业的崛起为公司各项业务开展提供了良好机遇。,601198.SH,4,报告页码,（四）区位优势显著，奠定坚实基础,正文,601198.SH_东兴证券_2025_管理层讨论与分析.pdf
MDAF0004314,东兴证券,研发投入,36,不适用。,601198.SH,15,报告页码,（1）研发投入情况表,选项,601198.SH_东兴证券_2025_管理层讨论与分析.pdf
MDAF0004315,东兴证券,研发投入,36,不适用。,601198.SH,15,报告页码,（2）研发人员情况表,选项,601198.SH_东兴证券_2025_管理层讨论与分析.pdf
MDAF0004316,东兴证券,研发投入,36,不适用。,601198.SH,15,报告页码,（3）情况说明,选项,601198.SH_东兴证券_2025_管理层讨论与分析.pdf
MDAF0004317,东兴证券,研发投入,36,不适用。,601198.SH,15,报告页码,（4）研发人员构成发生重大变化的原因及对公司未来发展的影响,选项,601198.SH_东兴证券_2025_管理层讨论与分析.pdf
MDAF0004318,中原证券,业务概要,22,公司主要业务有财富管理业务、投资银行业务、投资管理业务、自营交易业务、信用业务、期货业务和境外业务。,601375.SH,1,报告页码,,正文,601375.SH_中原证券_2025_管理层讨论与分析.pdf
MDAF0004319,中原证券,业务概要,22,公司信用业务包括公司向客户提供融资融券、约定购回及股票质押等融资类业务服务。,601375.SH,1,报告页码,,正文,601375.SH_中原证券_2025_管理层讨论与分析.pdf
MDAF0004320,中原证券,业务概要,22,公司境外业务范围涵盖了证券经纪、就证券提供意见、孖展融资、投资银行、自营投资等资本市场服务。,601375.SH,1,报告页码,,正文,601375.SH_中原证券_2025_管理层讨论与分析.pdf
MDAF0004321,中原证券,业务概要,22,公司投资管理业务包括资产管理业务、私募基金管理业务以及另类投资业务。,601375.SH,1,报告页码,,正文,601375.SH_中原证券_2025_管理层讨论与分析.pdf
MDAF0004322,中原证券,业务概要,22,公司投资银行业务主要包括股权类承销与保荐业务、债券类承销业务、并购重组等财务顾问业务及新三板业务，通过向客户提供以上类型的金融服务取得对应的承销费、保荐费、财务顾问费等收入。,601375.SH,1,报告页码,,正文,601375.SH_中原证券_2025_管理层讨论与分析.pdf
MDAF0004323,中原证券,业务概要,22,公司期货业务涵盖了期货经纪业务及风险管理业务。,601375.SH,1,报告页码,,正文,601375.SH_中原证券_2025_管理层讨论与分析.pdf
MDAF0004324,中原证券,业务概要,22,公司自营交易业务投资范围包括依法公开发行的股票、债券、基金、衍生工具及中国证监会认可的其他金融产品，通过投资上述产品获得投资收益。,601375.SH,1,报告页码,,正文,601375.SH_中原证券_2025_管理层讨论与分析.pdf
MDAF0004325,中原证券,业务概要,22,公司财富管理业务包括证券经纪业务、投资顾问业务以及代销金融产品等业务。,601375.SH,1,报告页码,,正文,601375.SH_中原证券_2025_管理层讨论与分析.pdf
MDAF0004326,中原证券,业务概要,22,公司通过收取佣金及其他服务费用等获得收入。,601375.SH,1,报告页码,,正文,601375.SH_中原证券_2025_管理层讨论与分析.pdf
MDAF0004327,中原证券,业务概要,22,公司通过收取利息获得收入。,601375.SH,1,报告页码,,正文,601375.SH_中原证券_2025_管理层讨论与分析.pdf
MDAF0004328,中原证券,业务概要,22,公司通过期货经纪业务收取交易手续费、交割手续费等获得收入，并通过风险管理子公司做市业务取得相应收入。,601375.SH,1,报告页码,,正文,601375.SH_中原证券_2025_管理层讨论与分析.pdf
MDAF0004329,中原证券,业务概要,22,不适用。,601375.SH,1,报告页码,,选项,601375.SH_中原证券_2025_管理层讨论与分析.pdf
MDAF0004330,中原证券,核心竞争力,33,公司以“财富中原”零售服务品牌和“企航中原”机构服务品牌为牵引，发挥区域全链条资本市场服务的一体化优势，实施特色化发展、区域化深耕、一体化作战、数字化转型、补短板攻坚等“五大行动”，积极打造特色精准服务、差异发展的集约经营模式，推动高质量发展。,601375.SH,12,报告页码,（二）打造特色化、差异化发展优势,正文,601375.SH_中原证券_2025_管理层讨论与分析.pdf
MDAF0004331,中原证券,核心竞争力,33,公司发挥A+H 两地上市优势，积极打造区域经济在港对接国际资本市场的“窗口”和“中介”平台，统筹A 股和香港资本市场的功能，强化在港子公司聚焦河南市场的开拓力度，提升服务能力，在为客户提供“内地+香港”资本市场服务中，促进自身高质量发展。,601375.SH,12,报告页码,（三）A+H平台综合服务优势,正文,601375.SH_中原证券_2025_管理层讨论与分析.pdf
MDAF0004332,中原证券,核心竞争力,33,公司持续强化河南资本市场战略性载体的功能作用，主动融入河南发展大局，利用覆盖河南省最完整营业网络优势，积极对接河南作为经济大省、人口大省和区位地域优势等的发展资源，在服务区域资本市场发展中，推进自身高质量发展。,601375.SH,12,报告页码,（一）河南资本市场战略性载体优势,正文,601375.SH_中原证券_2025_管理层讨论与分析.pdf
MDAF0004333,中原证券,核心竞争力,33,适用。,601375.SH,12,报告页码,,选项,601375.SH_中原证券_2025_管理层讨论与分析.pdf
MDAF0004334,中原证券,研发投入,37,不适用。,601375.SH,16,报告页码,(1).研发投入情况表,选项,601375.SH_中原证券_2025_管理层讨论与分析.pdf
MDAF0004335,中原证券,研发投入,37,不适用。,601375.SH,16,报告页码,(2).研发人员情况表,选项,601375.SH_中原证券_2025_管理层讨论与分析.pdf
MDAF0004336,中原证券,研发投入,37,不适用。,601375.SH,16,报告页码,(3).情况说明,选项,601375.SH_中原证券_2025_管理层讨论与分析.pdf
MDAF0004337,中原证券,研发投入,37,不适用。,601375.SH,16,报告页码,(4).研发人员构成发生重大变化的原因及对公司未来发展的影响,选项,601375.SH_中原证券_2025_管理层讨论与分析.pdf
MDAF0004338,国联民生,业务概要,33,2026年，公司将持续深化财富管理转型，聚焦客户全生命周期需求，进一步完善产品与服务体系，持续推进线上获客体系升级。,601456.SH,1,报告页码,2026年展望,正文,601456.SH_国联民生_2025_管理层讨论与分析.pdf
MDAF0004339,国联民生,业务概要,33,产品销售与市场行情良性联动，一方面，引入持有期产品，引导长期投资，另一方面，构建多元化产品矩阵，强化组合配置，不断提升客户粘性。,601456.SH,1,报告页码,1、经纪及财富管理业务,正文,601456.SH_国联民生_2025_管理层讨论与分析.pdf
MDAF0004340,国联民生,业务概要,33,以服务类信托、资管FOF 为基础，为不同客户量身打造包含公募、私募产品在内的整体资产配置方案，形成“产品+投顾+服务”一体化模式，截至报告期末，基金投顾保有规模145.11亿元。,601456.SH,1,报告页码,1、经纪及财富管理业务,正文,601456.SH_国联民生_2025_管理层讨论与分析.pdf
MDAF0004341,国联民生,业务概要,33,其次，研究服务体系持续深化：着力完善产品体系，提升服务内外部客户的专业化与个性化能力，强化投资、投研、投行联动。,601456.SH,1,报告页码,2、研究业务,正文,601456.SH_国联民生_2025_管理层讨论与分析.pdf
MDAF0004342,国联民生,业务概要,33,同时，数字化与平台化建设成效显著：通过优化数字化平台，系统积累数据资源，提升智能运营水平，扩大了研究输出的覆盖广度与应用深度。,601456.SH,1,报告页码,2、研究业务,正文,601456.SH_国联民生_2025_管理层讨论与分析.pdf
MDAF0004343,国联民生,业务概要,33,同时，通过技术升级与策略优化提升业务竞争力，对冲市场波动与佣金率变化风险。,601456.SH,1,报告页码,2026年展望,正文,601456.SH_国联民生_2025_管理层讨论与分析.pdf
MDAF0004344,国联民生,业务概要,33,在产品端，持续优化“单品+组合”产品矩阵，提升定制开发产品的能力；在服务端，强化投顾专业能力建设，提升个性化策略配置服务效率，推动服务类信托与基金投顾业务深度协同，打造差异化综合财富管理服务优势；依托“好医生”服务体系深化获客渠道运营，提升线上线下渠道融合效能。,601456.SH,1,报告页码,2026年展望,正文,601456.SH_国联民生_2025_管理层讨论与分析.pdf
MDAF0004345,国联民生,业务概要,33,"市场环境2025年，国内证券市场整体活跃度较去年同期有明显上升，根据沪深北交易所数据，全年沪深北市场股票基金成交额 505.57万亿元， 日均股基成交额20,805.19亿元，同比上涨70.19%。",601456.SH,1,报告页码,1、经纪及财富管理业务,正文,601456.SH_国联民生_2025_管理层讨论与分析.pdf
MDAF0004346,国联民生,业务概要,33,报告期内，公司研究业务积极应对市场变化，完成了全面整合与能力升级。,601456.SH,1,报告页码,2、研究业务,正文,601456.SH_国联民生_2025_管理层讨论与分析.pdf
MDAF0004347,国联民生,业务概要,33,"报告期内，公司金融产品销售规模（除现金管理产品外）1,237.14亿元，期末金融产品保有量 328.78亿元。",601456.SH,1,报告页码,1、经纪及财富管理业务,正文,601456.SH_国联民生_2025_管理层讨论与分析.pdf
MDAF0004348,国联民生,业务概要,33,探索新的交易模式和工具，加强业务精细化运营，缓解佣金率下滑压力。,601456.SH,1,报告页码,1、经纪及财富管理业务,正文,601456.SH_国联民生_2025_管理层讨论与分析.pdf
MDAF0004349,国联民生,业务概要,33,构建自主与渠道获客协同体系，线上获客实现突破，为业务增长注入新动能，报告期内，客户基础持续稳定增长，新增客户数20.78万户，累计总客户数354.95万户。,601456.SH,1,报告页码,1、经纪及财富管理业务,正文,601456.SH_国联民生_2025_管理层讨论与分析.pdf
MDAF0004350,国联民生,业务概要,33,此外，公司将持续优化考核与激励机制，巩固财富管理转型成果，引导业务向高质量发展迈进，全力打造客户信赖、行业认可的财富管理品牌。,601456.SH,1,报告页码,2026年展望,正文,601456.SH_国联民生_2025_管理层讨论与分析.pdf
MDAF0004351,国联民生,业务概要,33,此外，机构销售精准施策，针对公募、保险、私募等不同客户类型，提供了差异化的研究服务策略，巩固了客户基础。,601456.SH,1,报告页码,2、研究业务,正文,601456.SH_国联民生_2025_管理层讨论与分析.pdf
MDAF0004352,国联民生,业务概要,33,经营举措及业绩报告期内，公司持续推动买方投顾向广义财富管理转型，业务规模与质量双提升。,601456.SH,1,报告页码,1、经纪及财富管理业务,正文,601456.SH_国联民生_2025_管理层讨论与分析.pdf
MDAF0004353,国联民生,业务概要,33,首先，组织架构与能力建设取得突破：公司研究所成功整合形成超过30支专业研究团队与多支销售团队的立体化架构，并设有“人工智能研究院”“人形机器人研究院”等前沿领域特色研究单元，实现了人员、专业与领域经验的互补优势。,601456.SH,1,报告页码,2、研究业务,正文,601456.SH_国联民生_2025_管理层讨论与分析.pdf
MDAF0004354,国联民生,业务概要,34,2025年，根据中国期货业协会统计，以单边计算，我国期货市场累计成交量为90.74亿手，累计成交额为766.25万亿元，同比分别增长17.40%和23.74%，全年交易规模保持稳健增长态势。,601456.SH,2,报告页码,市场环境,正文,601456.SH_国联民生_2025_管理层讨论与分析.pdf
MDAF0004355,国联民生,业务概要,34,2025年，资本市场改革纵深推进，一级市场延续回暖态势，中概股加速回流，证券市场政策红利密集释放，特别是新一轮科创板改革“1+6”政策重磅落地，为培育新质生产力、服务实体经济高质量发展注入强劲动能。,601456.SH,2,报告页码,市场环境,正文,601456.SH_国联民生_2025_管理层讨论与分析.pdf
MDAF0004356,国联民生,业务概要,34,2026年，公司期货业务将严守合规底线，在稳中求进的基调下，坚持合规为生命线，以服务实体经济为宗旨，以客户需求为中心，推动传统经纪业务转型与创新业务发展双轮驱动，增强盈利稳定性，打造核心竞争力，实现公司高质量、可持续发展。,601456.SH,2,报告页码,2026年展望,正文,601456.SH_国联民生_2025_管理层讨论与分析.pdf
MDAF0004357,国联民生,业务概要,34,2026年，在行业佣金费率改革推动发展模式深刻变革的背景下，公司研究所将坚定推进转型，紧密围绕公司战略，着力构建“集团协同、本土深耕、科技赋能、全球布局”的研究新生态。,601456.SH,2,报告页码,2、研究业务,正文,601456.SH_国联民生_2025_管理层讨论与分析.pdf
MDAF0004358,国联民生,业务概要,34,一是巩固市场地位，公司研究业务将继续提升研究能力、扩大研究覆盖和机构客户的双向覆盖。,601456.SH,2,报告页码,2、研究业务,正文,601456.SH_国联民生_2025_管理层讨论与分析.pdf
MDAF0004359,国联民生,业务概要,34,三是强化内部协同，与公司各业务条线建立常态化、定制化的响应与服务机制。,601456.SH,2,报告页码,2、研究业务,正文,601456.SH_国联民生_2025_管理层讨论与分析.pdf
MDAF0004360,国联民生,业务概要,34,二是深化产业赋能，聚焦无锡战略性新兴产业，通过前沿研究与跨团队协作提供高质量智库支持。,601456.SH,2,报告页码,2、研究业务,正文,601456.SH_国联民生_2025_管理层讨论与分析.pdf
MDAF0004361,国联民生,业务概要,34,五是科技赋能研究创新，将人工智能技术全面融入研究全流程，大幅提升研究效率与决策支持能力，塑造面向未来的核心竞争力。,601456.SH,2,报告页码,2、研究业务,正文,601456.SH_国联民生_2025_管理层讨论与分析.pdf
MDAF0004362,国联民生,业务概要,34,全年公司期货经纪业务日均客户权益58亿元，市场成交额占比6.76‰。,601456.SH,2,报告页码,经营举措和业绩,正文,601456.SH_国联民生_2025_管理层讨论与分析.pdf
MDAF0004363,国联民生,业务概要,34,"其中，A 股市场IPO 承销保荐项目落地112 单,同比增加10 单，同比增长9.80%；IPO 实现募集资金1,308.35亿元，同比增加645.55亿元，同比增长97.40%；A 股再融资发行217单，同比增加47 单，同比增长27.65%；再融资规模9,457.85亿元，同比增加6,997.10亿元，同比增长284.35%。",601456.SH,2,报告页码,市场环境,正文,601456.SH_国联民生_2025_管理层讨论与分析.pdf
MDAF0004364,国联民生,业务概要,34,再融资规模大幅增长主要由于财政部主导的特别国债资本补充计划，直接推升A 股市场的整体融资规模。,601456.SH,2,报告页码,市场环境,正文,601456.SH_国联民生_2025_管理层讨论与分析.pdf
MDAF0004365,国联民生,业务概要,34,四是拓展海外业务，深入研究海外市场与政策环境，开发适配国际需求的研究产品，稳步推动研究能力与成果的全球化输出。,601456.SH,2,报告页码,2、研究业务,正文,601456.SH_国联民生_2025_管理层讨论与分析.pdf
MDAF0004366,国联民生,业务概要,34,截至2025年12月末，我国期货市场上市期货及期权品种达164个，产业客户持仓占比升至七成左右，金融期货成交额占比显著提升。,601456.SH,2,报告页码,市场环境,正文,601456.SH_国联民生_2025_管理层讨论与分析.pdf
MDAF0004367,国联民生,业务概要,34,报告期内，公司期货业务持续优化经纪业务结构，深耕产业客户和机构客户，同时加大互联网投入支持，提升经营管理效能，同比增长速度领先行业，实现了合规稳健发展。,601456.SH,2,报告页码,经营举措和业绩,正文,601456.SH_国联民生_2025_管理层讨论与分析.pdf
MDAF0004368,国联民生,业务概要,34,期货公司层面，行业分化态势进一步加剧，头部机构形成差异化竞争优势，中小机构仍面临同质竞争、盈利承压等问题，头部效应持续凸显。,601456.SH,2,报告页码,市场环境,正文,601456.SH_国联民生_2025_管理层讨论与分析.pdf
MDAF0004369,国联民生,业务概要,34,期货市场与现货产业链联动深度加强，为实体企业提供全链条风险管理服务，服务实体经济的精准性与效能全面提升。,601456.SH,2,报告页码,市场环境,正文,601456.SH_国联民生_2025_管理层讨论与分析.pdf
MDAF0004370,国联民生,业务概要,34,期货行业政策制度持续完善，监管与自律协同增强使市场运行效率显著提升，为服务新发展格局筑牢制度保障。,601456.SH,2,报告页码,市场环境,正文,601456.SH_国联民生_2025_管理层讨论与分析.pdf
MDAF0004371,国联民生,业务概要,34,"根据Wind 数据统计，2025年，A 股市场完成股权融资项目329 单，同比增加57 单，同比增长20.96%；实现募集资金10,766.20亿元，同比增加7,642.65亿元，同比增长244.68%。",601456.SH,2,报告页码,市场环境,正文,601456.SH_国联民生_2025_管理层讨论与分析.pdf
MDAF0004372,国联民生,业务概要,34,"若剔除前述政策性因素影响，2025年A 股市场股权融资项目合计规模调整至5,566.20亿元，同比增长78.20%；再融资募资总规模为4,257.85亿元，同比增长73.03%。",601456.SH,2,报告页码,市场环境,正文,601456.SH_国联民生_2025_管理层讨论与分析.pdf
MDAF0004373,国联民生,业务概要,35,2025年股权承销保荐业务详细情况如下表所示：,601456.SH,3,报告页码,市场环境,正文,601456.SH_国联民生_2025_管理层讨论与分析.pdf
MDAF0004374,国联民生,业务概要,35,2025年，公司股权融资业务表现优异，完成股权融资项目10 单，其中IPO 项目 5 单（含1 单联合主承销）、再融资项目3 单及并购重组配套融资2 单。,601456.SH,3,报告页码,市场环境,正文,601456.SH_国联民生_2025_管理层讨论与分析.pdf
MDAF0004375,国联民生,业务概要,35,2026年，公司股权融资业务将统筹资源，深化“投行+投资+投研”三投联动机制，坚定践行产业投行、科技投行、财富投行战略定位，提质增效，推动已过会IPO 项目完成发行、在审项目审核过会，在严守执业质量与合规风控的前提下有序推进项目申报；深度挖掘无锡等重点区域的市场潜能，积极参与无锡产业集群建设与发展，以无锡为核心战略支点，稳步拓展全国市场，持续扩大品牌影响力；创新业务举措，深化股债业务协同，积极探索业务模式转型，加大对高成长潜力行业项目的开发、拓展力度，积极布局未来产业、科技创新和新质生产力，积极服务国家战略，持续提升核心竞争力。,601456.SH,3,报告页码,2026年展望,正文,601456.SH_国联民生_2025_管理层讨论与分析.pdf
MDAF0004376,国联民生,业务概要,35,6合计注：上述股权项目包括主承销、联合主承销和分销。,601456.SH,3,报告页码,26.50,正文,601456.SH_国联民生_2025_管理层讨论与分析.pdf
MDAF0004377,国联民生,业务概要,35,IPO 业务方面，公司成功完成兴福电子、太力科技、优优绿能、宏远股份、超颖电子5 单项目，合计承销金额26.98亿元。,601456.SH,3,报告页码,市场环境,正文,601456.SH_国联民生_2025_管理层讨论与分析.pdf
MDAF0004378,国联民生,业务概要,35,再融资业务方面，公司完成南山智尚、移远通信、上海雅仕3 单项目，以及并购重组配套融资项目2 单，合计承销金额36.30亿元。,601456.SH,3,报告页码,市场环境,正文,601456.SH_国联民生_2025_管理层讨论与分析.pdf
MDAF0004379,国联民生,业务概要,35,截至2025年末，公司有过会待发行项目1 单，在审项目6 单。,601456.SH,3,报告页码,市场环境,正文,601456.SH_国联民生_2025_管理层讨论与分析.pdf
MDAF0004380,国联民生,业务概要,35,截至2025年末，公司有过会待发行项目3 单，在审项目10 单。,601456.SH,3,报告页码,市场环境,正文,601456.SH_国联民生_2025_管理层讨论与分析.pdf
MDAF0004381,国联民生,业务概要,35,报告期内，公司凭借专业实力和品牌影响力，斩获新财富“最佳股权承销投行”“最佳IPO投行”“最佳再融资投行”“科技与智能制造产业最佳投行”等8项市场大奖，进一步提升“产业投行、科技投行、财富投行”市场影响力。,601456.SH,3,报告页码,市场环境,正文,601456.SH_国联民生_2025_管理层讨论与分析.pdf
MDAF0004382,国联民生,业务概要,35,根据Wind 数据统计，公司IPO 保荐家数和承销保荐收入均位居行业第7位，在审IPO 项目数量和本年申报IPO 数量均位列行业第6位。,601456.SH,3,报告页码,市场环境,正文,601456.SH_国联民生_2025_管理层讨论与分析.pdf
MDAF0004383,国联民生,业务概要,35,根据Wind 数据统计，公司在审再融资项目数量位列行业第6位。,601456.SH,3,报告页码,市场环境,正文,601456.SH_国联民生_2025_管理层讨论与分析.pdf
MDAF0004384,国联民生,业务概要,35,经营举措及业绩公司股权融资业务坚持以专业金融服务赋能实体经济，通过精准对接资本市场，切实为实体经济注入发展动能，助力更多新质生产力实现高质量发展。,601456.SH,3,报告页码,市场环境,正文,601456.SH_国联民生_2025_管理层讨论与分析.pdf
MDAF0004385,国联民生,业务概要,36,2025年中国债券市场在创新、治理与开放中行稳致远。,601456.SH,4,报告页码,市场环境,正文,601456.SH_国联民生_2025_管理层讨论与分析.pdf
MDAF0004386,国联民生,业务概要,36,2025年债券承销业务详细情况如下表所示：,601456.SH,4,报告页码,经营举措及业绩,正文,601456.SH_国联民生_2025_管理层讨论与分析.pdf
MDAF0004387,国联民生,业务概要,36,债券承销金额位居行业第21位，公司债承销金额排名行业第17位。,601456.SH,4,报告页码,经营举措及业绩,正文,601456.SH_国联民生_2025_管理层讨论与分析.pdf
MDAF0004388,国联民生,业务概要,36,"公司债券融资业务全年完成债券承销项目579单，承销金额1,398.43亿元。",601456.SH,4,报告页码,经营举措及业绩,正文,601456.SH_国联民生_2025_管理层讨论与分析.pdf
MDAF0004389,国联民生,业务概要,36,公司在科技创新、绿色金融、普惠金融等领域实现多项首创性突破，彰显“特色化、专业化”服务能力。,601456.SH,4,报告页码,经营举措及业绩,正文,601456.SH_国联民生_2025_管理层讨论与分析.pdf
MDAF0004390,国联民生,业务概要,36,其中，“25新YK2”为全国首单专项用于新一代信息技术领域的公司债券，“25象云K2”为全国首单专项助力空天科技的公司债券，“25神YK01”为全国首单交易型增信可续期公司债创新品种，为科技创新注入强劲资本动力。,601456.SH,4,报告页码,经营举措及业绩,正文,601456.SH_国联民生_2025_管理层讨论与分析.pdf
MDAF0004391,国联民生,业务概要,36,其中，“25济康01”高成长产业债，为重要产业投资运营平台提供稳定资金支持；“25复星02”高成长产业债，助力客户实现产业升级与业务拓展。,601456.SH,4,报告页码,经营举措及业绩,正文,601456.SH_国联民生_2025_管理层讨论与分析.pdf
MDAF0004392,国联民生,业务概要,36,其中，“25濩泽V1”乡村振兴债，为山西省历史首单非公开发行乡村振兴公司债券；同时完成“25阳泰01”“25咸阳02”等6单低碳转型挂钩公司债发行。,601456.SH,4,报告页码,经营举措及业绩,正文,601456.SH_国联民生_2025_管理层讨论与分析.pdf
MDAF0004393,国联民生,业务概要,36,在普惠金融领域，公司发行中小微企业债2单，民营企业债5单，精准赋能民营及中小微企业发展，充分彰显金融国企的责任担当。,601456.SH,4,报告页码,经营举措及业绩,正文,601456.SH_国联民生_2025_管理层讨论与分析.pdf
MDAF0004394,国联民生,业务概要,36,在科技创新债领域，公司全年完成20单项目发行，多项创新品种扩容升级落地实施，实现全国“首单”突破。,601456.SH,4,报告页码,经营举措及业绩,正文,601456.SH_国联民生_2025_管理层讨论与分析.pdf
MDAF0004395,国联民生,业务概要,36,在绿色与乡村振兴金融领域，公司发行乡村振兴债5单。,601456.SH,4,报告页码,经营举措及业绩,正文,601456.SH_国联民生_2025_管理层讨论与分析.pdf
MDAF0004396,国联民生,业务概要,36,在高成长产业债领域，公司完成7单项目发行，重点赋能区域优质产业主体。,601456.SH,4,报告页码,经营举措及业绩,正文,601456.SH_国联民生_2025_管理层讨论与分析.pdf
MDAF0004397,国联民生,业务概要,36,截至报告期末，公司另有已取得批文待发行债券项目62单，在审债券项目33单。,601456.SH,4,报告页码,经营举措及业绩,正文,601456.SH_国联民生_2025_管理层讨论与分析.pdf
MDAF0004398,国联民生,业务概要,36,报告期内，公司债券融资业务延续良好发展态势，在严守风险底线的基础上，聚焦产品深耕，谋求创新突破，努力运用债券产品融资专业能力支持实体经济发展。,601456.SH,4,报告页码,经营举措及业绩,正文,601456.SH_国联民生_2025_管理层讨论与分析.pdf
MDAF0004399,国联民生,业务概要,36,根据中国人民银行发布数据显示，2025年债券市场共发行各类债券88.98万亿元，同比增长11.76%，其中金融债券发行46.89万亿元，信用类债券发行15.63万亿元，其他品种发行26.46万亿元。,601456.SH,4,报告页码,市场环境,正文,601456.SH_国联民生_2025_管理层讨论与分析.pdf
MDAF0004400,国联民生,业务概要,37,2025年并购市场政策驱动效应显著，市场结构优化升级，整体呈现质效提升的态势。,601456.SH,5,报告页码,市场环境,正文,601456.SH_国联民生_2025_管理层讨论与分析.pdf
MDAF0004401,国联民生,业务概要,37,2025年，在金融供给侧改革深化、资本市场体系日益完善、监管制度持续优化的背景下，中国资产管理行业迎来高质量发展的重要转型窗口。,601456.SH,5,报告页码,市场环境,正文,601456.SH_国联民生_2025_管理层讨论与分析.pdf
MDAF0004402,国联民生,业务概要,37,2026年，公司债券融资业务将从多维度夯实基础，提升业务质效。,601456.SH,5,报告页码,2026年展望,正文,601456.SH_国联民生_2025_管理层讨论与分析.pdf
MDAF0004403,国联民生,业务概要,37,2026年，公司财务顾问业务将坚持服务实体经济，进一步提升综合服务能力。,601456.SH,5,报告页码,2026年展望,正文,601456.SH_国联民生_2025_管理层讨论与分析.pdf
MDAF0004404,国联民生,业务概要,37,一是以无锡地区为核心战略发力点，加大无锡地区资源投入力度，组建专项服务团队，推动无锡地区业务市占率稳步攀升。,601456.SH,5,报告页码,2026年展望,正文,601456.SH_国联民生_2025_管理层讨论与分析.pdf
MDAF0004405,国联民生,业务概要,37,三是优化客户结构，充分利用协同资源，聚焦江苏区域内优质信用主体客户，积极争取央企债券承销团参团机会，全面提升优质客户占比。,601456.SH,5,报告页码,2026年展望,正文,601456.SH_国联民生_2025_管理层讨论与分析.pdf
MDAF0004406,国联民生,业务概要,37,二是丰富债券品种，响应监管号召，加强专项品种债券的政策解读和宣导，积极参与承销科技创新债、碳中和债、乡村振兴债、高成长产业债等国家重点支持品种。,601456.SH,5,报告页码,2026年展望,正文,601456.SH_国联民生_2025_管理层讨论与分析.pdf
MDAF0004407,国联民生,业务概要,37,在低利率环境延续、全球配置需求旺盛的格局下，投资者对差异化、多策略配置的需求日益增长，推动行业进一步回归“受人之托、代客理财”的本源，加快产品结构和业务模式创新。,601456.SH,5,报告页码,市场环境,正文,601456.SH_国联民生_2025_管理层讨论与分析.pdf
MDAF0004408,国联民生,业务概要,37,并购重组业务方面，公司完成宁波精达发行股份购买资产等6 单项目，另有在审项目2 单，助力优质资产与资本市场“双向奔赴”。,601456.SH,5,报告页码,经营举措及业绩,正文,601456.SH_国联民生_2025_管理层讨论与分析.pdf
MDAF0004409,国联民生,业务概要,37,并购重组业务方面，公司将积极把握政策红利，紧抓并购重组市场回暖窗口，致力于将并购重组业务培育为新的利润增长点；新三板业务方面，公司将结合现有项目储备，加快客户培育与转化，增强多层次资本市场协同效应。,601456.SH,5,报告页码,2026年展望,正文,601456.SH_国联民生_2025_管理层讨论与分析.pdf
MDAF0004410,国联民生,业务概要,37,报告期内，公司财务顾问业务整体成效显著。,601456.SH,5,报告页码,经营举措及业绩,正文,601456.SH_国联民生_2025_管理层讨论与分析.pdf
MDAF0004411,国联民生,业务概要,37,新三板业务方面，公司完成新三板挂牌项目26 单，服务客户涵盖国家级专精特新企业，覆盖智能制造、生物医药、新材料等高成长赛道，充分契合新三板服务中小微企业的市场定位；持续督导203家，为北交所储备优质项目奠定基础。,601456.SH,5,报告页码,经营举措及业绩,正文,601456.SH_国联民生_2025_管理层讨论与分析.pdf
MDAF0004412,国联民生,业务概要,37,根据 Wind 数据统计，公司新三板挂牌家数市场排名第一。,601456.SH,5,报告页码,经营举措及业绩,正文,601456.SH_国联民生_2025_管理层讨论与分析.pdf
MDAF0004413,国联民生,业务概要,37,"根据Wind数据统计，我国2025年并购重组市场（不含境外并购）公告的交易数量为8,389个，交易金额为25,564.98亿元，完成的交易数量为3,919个，交易金额为9,421.37亿元。",601456.SH,5,报告页码,市场环境,正文,601456.SH_国联民生_2025_管理层讨论与分析.pdf
MDAF0004414,国联民生,业务概要,37,行业整体运行稳健，朝着精细化、规范化方向持续升级。,601456.SH,5,报告页码,市场环境,正文,601456.SH_国联民生_2025_管理层讨论与分析.pdf
MDAF0004415,国联民生,业务概要,37,这既是应对当前复杂挑战的关键举措，也是行业迈向一流、实现可持续发展的必然路径。,601456.SH,5,报告页码,市场环境,正文,601456.SH_国联民生_2025_管理层讨论与分析.pdf
MDAF0004416,国联民生,业务概要,37,金融科技与人工智能等前沿技术深度融合，全面赋能投研、风控及客户服务等核心环节，驱动行业向更高效、智能、数字化方向演进。,601456.SH,5,报告页码,市场环境,正文,601456.SH_国联民生_2025_管理层讨论与分析.pdf
MDAF0004417,国联民生,业务概要,37,面对深刻变革的市场环境，资产管理机构应坚持以投资者需求为中心，持续提升主动管理能力与投研核心竞争力，加强风险管理效能，构建多层次、特色化的产品体系，优化投资策略与服务体验，系统塑造差异化竞争优势。,601456.SH,5,报告页码,市场环境,正文,601456.SH_国联民生_2025_管理层讨论与分析.pdf
MDAF0004418,国联民生,业务概要,38,2025年，随着《推动公募基金高质量发展行动方案》出台和相关政策的落地与推行，公募基金行业经历从规模扩张向质量提升的深刻转型，总规模持续攀升突破37万亿。,601456.SH,6,报告页码,市场环境,正文,601456.SH_国联民生_2025_管理层讨论与分析.pdf
MDAF0004419,国联民生,业务概要,38,2026年，公司证券资产管理业务将秉持专业精神，践行社会责任，深度融入国家经济发展战略。,601456.SH,6,报告页码,2026年展望,正文,601456.SH_国联民生_2025_管理层讨论与分析.pdf
MDAF0004420,国联民生,业务概要,38,A 股市场在政策利好、流动性宽松和基本面改善的推动之下，呈现震荡上行趋势，交易活跃度显著提升。,601456.SH,6,报告页码,市场环境,正文,601456.SH_国联民生_2025_管理层讨论与分析.pdf
MDAF0004421,国联民生,业务概要,38,产品形态发生深刻的结构性变革，从“固收主导”转向“股债均衡”，股票型基金（尤其是ETF）占比显著提升，权益类基金强势崛起，指数化工具产品成为主流，行业在激烈竞争中加速向高质量发展转型。,601456.SH,6,报告页码,市场环境,正文,601456.SH_国联民生_2025_管理层讨论与分析.pdf
MDAF0004422,国联民生,业务概要,38,依托数智化平台建设，公司全面提升主动管理能力和综合服务效能，推动资产管理规模实现稳健增长，成功跻身中型资管机构行列，为投资者创造持续稳健的价值回报。,601456.SH,6,报告页码,经营举措及业绩,正文,601456.SH_国联民生_2025_管理层讨论与分析.pdf
MDAF0004423,国联民生,业务概要,38,全面推动从“产品供应商”向“以客户为中心的解决方案服务商”的战略转型，在“系统化、工程化、数智化”的发展框架下，以客户需求为导向，持续优化动态资产配置，构建多层次、精细化的产品体系，打造智能化、陪伴式的服务体系，强化投研协同与全面风险管理，塑造差异化竞争优势，提升投研能力与价值创造水平。,601456.SH,6,报告页码,2026年展望,正文,601456.SH_国联民生_2025_管理层讨论与分析.pdf
MDAF0004424,国联民生,业务概要,38,同时，公司证券资产管理业务将着力提升信息系统智能化水平和内控管理效能，全面提升核心竞争力与价值创造能力，迈向高质量发展新阶段。,601456.SH,6,报告页码,2026年展望,正文,601456.SH_国联民生_2025_管理层讨论与分析.pdf
MDAF0004425,国联民生,业务概要,38,"截至报告期末，公司证券资产管理业务受托资金1,960.45亿元，管理的资产管理计划共计611个，其中公募基金（含大集合）产品1个，资产管理规模84.46亿元；集合资产管理计划327个，资产管理规模984.36亿元；单一资产管理计划186个，资产管理规模387.75亿元；专项资产管理计划97个，资产管理规模503.87亿元。",601456.SH,6,报告页码,经营举措及业绩,正文,601456.SH_国联民生_2025_管理层讨论与分析.pdf
MDAF0004426,国联民生,业务概要,38,报告期内，公司证券资产管理业务积极顺应市场与监管变化，秉持“专业创造价值，陪伴铸就成长”的理念，专注客户需求，致力交付投资确定性，深化投研专业化与精细化建设，打造特色产品谱系，优化业务布局，实现固收、权益、多元配置及ABS 业务的协同发展。,601456.SH,6,报告页码,经营举措及业绩,正文,601456.SH_国联民生_2025_管理层讨论与分析.pdf
MDAF0004427,国联民生,业务概要,39,2025年，中国一级市场延续复苏基调，募投市场呈结构性回暖，活跃度持续提升，迈向高质量发展。,601456.SH,7,报告页码,市场环境,正文,601456.SH_国联民生_2025_管理层讨论与分析.pdf
MDAF0004428,国联民生,业务概要,39,2026年是“十五五”规划的开局之年，资本市场正处于深化改革、提质增效的关键阶段，立足这一战略机遇期，国联基金将锚定行业发展大势，坚定不移走高质量发展之路，以《推动公募基金高质量发展行动方案》为指引，积极把握市场机会，持续践行特色化、精品化发展路径。,601456.SH,7,报告页码,2026年展望,正文,601456.SH_国联民生_2025_管理层讨论与分析.pdf
MDAF0004429,国联民生,业务概要,39,2026年，公司私募股权投资业务将以价值创造为核心，不断提升基金运作质量核心竞争力，建立价值贡献导向考核体系，持续推动业务发展提质增效。,601456.SH,7,报告页码,2026年展望,正文,601456.SH_国联民生_2025_管理层讨论与分析.pdf
MDAF0004430,国联民生,业务概要,39,LP 出资结构多元优化，国资平台仍居核心，产业与金融资本协同发力。,601456.SH,7,报告页码,市场环境,正文,601456.SH_国联民生_2025_管理层讨论与分析.pdf
MDAF0004431,国联民生,业务概要,39,募资端实现止跌回升，新设基金数量及规模同比大增，机构募资信心修复。,601456.SH,7,报告页码,市场环境,正文,601456.SH_国联民生_2025_管理层讨论与分析.pdf
MDAF0004432,国联民生,业务概要,39,同时，公司私募股权品牌影响力持续攀升，先后荣获中国证券报“股权投资精英金牛奖”、中国基金报“中国私募股权创投英华奖综合实力50 强”等荣誉。,601456.SH,7,报告页码,经营举措及业绩,正文,601456.SH_国联民生_2025_管理层讨论与分析.pdf
MDAF0004433,国联民生,业务概要,39,同时，聚焦能源材料、装备及军工、汽车装备、高科技、医疗健康、大消费核心领域，打造专业化投资团队，提升行业洞察与前瞻能力。,601456.SH,7,报告页码,2026年展望,正文,601456.SH_国联民生_2025_管理层讨论与分析.pdf
MDAF0004434,国联民生,业务概要,39,国家人工智能产业基金、创业投资引导基金等国家级大基金密集落地，撬动社会资本聚焦硬科技领域。,601456.SH,7,报告页码,市场环境,正文,601456.SH_国联民生_2025_管理层讨论与分析.pdf
MDAF0004435,国联民生,业务概要,39,国联基金将以实现投资者财富长期保值增值为目标，立足更高标准深化投研能力建设，优化产品结构和业务布局，用专业实力锻造核心竞争力，全面推进各项业务高质量发展。,601456.SH,7,报告页码,2026年展望,正文,601456.SH_国联民生_2025_管理层讨论与分析.pdf
MDAF0004436,国联民生,业务概要,39,"截至2025年末，国联基金资产管理总规模稳步增长突破1,993亿元，管理公募基金92 只，累计服务投资者数量超965万。",601456.SH,7,报告页码,经营举措及业绩,正文,601456.SH_国联民生_2025_管理层讨论与分析.pdf
MDAF0004437,国联民生,业务概要,39,投资端聚焦硬科技，头部赛道虹吸效应凸显，电子信息、先进制造、医疗健康为核心赛道，其中电子信息领域领跑市场，半导体、新材料、高端医疗设备等细分赛道也备受青睐。,601456.SH,7,报告页码,市场环境,正文,601456.SH_国联民生_2025_管理层讨论与分析.pdf
MDAF0004438,国联民生,业务概要,39,报告期内，公司私募股权投资业务积极推进新设基金及股权投资业务开展，顺利完成无锡益通医疗基金、无锡数智消费基金、济南产发基金等13 只基金的募集与设立，存续备案基金达60 只，存续基金认缴规模228.70亿元，在投项目85个。,601456.SH,7,报告页码,经营举措及业绩,正文,601456.SH_国联民生_2025_管理层讨论与分析.pdf
MDAF0004439,国联民生,业务概要,39,报告期内，国联基金聚焦主业，持续优化业务结构和产品布局，积极拓展ETF、指数增强、固收+等产品，为投资者提供丰富的投资工具，并持续提升投研能力、客户服务水平、合规风控水平和人才队伍等建设，全面推进业务高质量发展。,601456.SH,7,报告页码,经营举措及业绩,正文,601456.SH_国联民生_2025_管理层讨论与分析.pdf
MDAF0004440,国联民生,业务概要,39,根据中国银河证券基金研究中心数据显示，国联基金过去三年主动股票管理能力在124家公司中排名第77位，过去三年主动债券管理能力在127家公司中排名第37位。,601456.SH,7,报告页码,经营举措及业绩,正文,601456.SH_国联民生_2025_管理层讨论与分析.pdf
MDAF0004441,国联民生,业务概要,39,"根据投中研究院数据，2025年中国VC/PE 市场新成立基金6,127 只，同比增长27%，募资规模合计30,860亿元，同比增长26%，结束阶段性放缓态势，机构参与积极性显著提升。",601456.SH,7,报告页码,市场环境,正文,601456.SH_国联民生_2025_管理层讨论与分析.pdf
MDAF0004442,国联民生,业务概要,39,此外，强化全流程风险管理，完善投前尽调与投后跟踪机制，动态开展风险分级评估，保障资金安全退出。,601456.SH,7,报告页码,2026年展望,正文,601456.SH_国联民生_2025_管理层讨论与分析.pdf
MDAF0004443,国联民生,业务概要,39,通过深化与LP 战略合作，重点培育产业并购基金与另类资产基金，联动产业方、上市公司，挖掘产业链并购机会，通过布局资产持有与跨境投资等领域，对接多元资金需求，打造新增长极，从而构建多元化产品矩阵，实现产业赋能与收益提升，助力全面夯实业务根基、提升综合竞争力，在一级市场高质量发展浪潮中实现稳健成长。,601456.SH,7,报告页码,2026年展望,正文,601456.SH_国联民生_2025_管理层讨论与分析.pdf
MDAF0004444,国联民生,业务概要,40,2025年末，公司融资融券余额为233.71亿元，市占率9.199‰，增长幅度高于市场平均水平。,601456.SH,8,报告页码,经营举措及业绩,正文,601456.SH_国联民生_2025_管理层讨论与分析.pdf
MDAF0004445,国联民生,业务概要,40,2025年，国内融资融券市场随着经济回稳向好、资本市场改革深化以及投资者信心逐步修复，全市场两融余额屡创历史新高。,601456.SH,8,报告页码,市场环境,正文,601456.SH_国联民生_2025_管理层讨论与分析.pdf
MDAF0004446,国联民生,业务概要,40,2025年，整体股票质押式回购业务市场规模依旧呈保守及下降态势，主要为存量融资需求的置换。,601456.SH,8,报告页码,市场环境,正文,601456.SH_国联民生_2025_管理层讨论与分析.pdf
MDAF0004447,国联民生,业务概要,40,2026年，公司融资融券业务将进一步聚焦客户需求，整合内外部资源，推动业务向高质量发展转型。,601456.SH,8,报告页码,2026年展望,正文,601456.SH_国联民生_2025_管理层讨论与分析.pdf
MDAF0004448,国联民生,业务概要,40,公司融资融券业务紧抓市场机遇，优化业务结构，强化风险管理，业务规模与市占率均实现显著提升。,601456.SH,8,报告页码,经营举措及业绩,正文,601456.SH_国联民生_2025_管理层讨论与分析.pdf
MDAF0004449,国联民生,业务概要,40,同时，将持续深化金融科技应用，优化智能服务工具，推进担保品管理系统的动态升级，提升风险防控的数字化水平。,601456.SH,8,报告页码,2026年展望,正文,601456.SH_国联民生_2025_管理层讨论与分析.pdf
MDAF0004450,国联民生,业务概要,40,国内货币政策保持稳健偏宽松，市场利率在低位运行，存量业务竞争加剧。,601456.SH,8,报告页码,市场环境,正文,601456.SH_国联民生_2025_管理层讨论与分析.pdf
MDAF0004451,国联民生,业务概要,40,客户新增融资需求依旧保持谨慎，主要投资于新质生产力产业。,601456.SH,8,报告页码,市场环境,正文,601456.SH_国联民生_2025_管理层讨论与分析.pdf
MDAF0004452,国联民生,业务概要,40,强化与投行、研究等机构的协同联动，提升服务能力，为客户提供全方位、一体化的金融解决方案，推动业务在行业竞争中形成特色化优势。,601456.SH,8,报告页码,2026年展望,正文,601456.SH_国联民生_2025_管理层讨论与分析.pdf
MDAF0004453,国联民生,业务概要,40,"截至报告期末，全市场融资融券余额达到25,406.82亿元，其中融资余额为25,241.56亿元，融券余额为165.26亿元，与2024年末全市场融资融券余额18,645.83亿元相比，增长36.26%。",601456.SH,8,报告页码,市场环境,正文,601456.SH_国联民生_2025_管理层讨论与分析.pdf
MDAF0004454,国联民生,业务概要,40,报告期内，公司融资融券业务围绕“客户分层经营、差异化发展、数字服务支持”三大核心模式，持续优化客户分类与价值体系，在稳固存量客户的基础上，加强新客户拓展工作。,601456.SH,8,报告页码,经营举措及业绩,正文,601456.SH_国联民生_2025_管理层讨论与分析.pdf
MDAF0004455,国联民生,业务概要,40,通过创新业务应用场景，推动融资融券服务与客户综合金融需求的深度融合，构建差异化、综合化的业务体系。,601456.SH,8,报告页码,2026年展望,正文,601456.SH_国联民生_2025_管理层讨论与分析.pdf
MDAF0004456,国联民生,业务概要,40,通过差异化的拓客策略精准对标高净值客群，新开客户大幅增长；同步加强投教赋能、担保品分层、集中度管控与黑名单管理，确保业务稳健运行；深化科技应用，推进融资融券资讯服务支持产品的开发以提升交易体验，推动业务高质量发展。,601456.SH,8,报告页码,经营举措及业绩,正文,601456.SH_国联民生_2025_管理层讨论与分析.pdf
MDAF0004457,国联民生,业务概要,40,通过持续深化差异化业务发展策略，完善以客户价值和风险评级为核心的分层体系，增强业务的市场竞争力。,601456.SH,8,报告页码,2026年展望,正文,601456.SH_国联民生_2025_管理层讨论与分析.pdf
MDAF0004458,国联民生,业务概要,41,2025年股票交易市场整体呈现前低后高、稳步攀升走势。,601456.SH,9,报告页码,市场环境,正文,601456.SH_国联民生_2025_管理层讨论与分析.pdf
MDAF0004459,国联民生,业务概要,41,2025年，我国经济展现出强劲韧性，内外需同步改善，科技创新驱动产业升级，带动股票交易市场显著上涨，风险偏好整体回暖。,601456.SH,9,报告页码,市场环境,正文,601456.SH_国联民生_2025_管理层讨论与分析.pdf
MDAF0004460,国联民生,业务概要,41,2025年，证券投资业务继续围绕杠铃策略，以红利价值股配置为盾，稳步扩大成长股投资规模，充分抓住市场二、三季度整体的上涨行情，重点配置有色金属、国防军工等行业，实现了较高的投资收益，收益率大幅跑赢沪深300 指数。,601456.SH,9,报告页码,经营举措及业绩,正文,601456.SH_国联民生_2025_管理层讨论与分析.pdf
MDAF0004461,国联民生,业务概要,41,2026年，公司股票质押式回购业务将坚持严控风险，审慎开展相关业务，依托公司股份管理平台，深化内部业务协同，构建综合金融服务生态，切实服务实体经济，推进业务高质量发展。,601456.SH,9,报告页码,2026年展望,正文,601456.SH_国联民生_2025_管理层讨论与分析.pdf
MDAF0004462,国联民生,业务概要,41,二季度之后，随着美国贸易政策的缓和以及美联储降息的逐步落地，市场风险偏好逐步回升，指数稳步上行，Wind全A 指数全年上涨27.65%。,601456.SH,9,报告页码,市场环境,正文,601456.SH_国联民生_2025_管理层讨论与分析.pdf
MDAF0004463,国联民生,业务概要,41,债券交易市场面临宏观环境、政策调整及供需格局的多重挑战。,601456.SH,9,报告页码,市场环境,正文,601456.SH_国联民生_2025_管理层讨论与分析.pdf
MDAF0004464,国联民生,业务概要,41,做市交易业务的核心优势持续巩固，交易活跃度和市场影响力进一步提升；债券承销业务继续保持行业领先水平；业务创新与资质拓展取得关键突破，为未来FICC 业务布局奠定了坚实基础。,601456.SH,9,报告页码,经营举措及业绩,正文,601456.SH_国联民生_2025_管理层讨论与分析.pdf
MDAF0004465,国联民生,业务概要,41,其中，投资类（表内） 股票质押式回购业务余额9.00亿元，较2024年末规模13.30亿元下降4.30亿元，平均履约保障比例397.17%；管理类（表外）股票质押式回购业务余额2.27亿元，较2024年末规模1.91亿元增加0.36亿元，平均履约保障比例261.67%。,601456.SH,9,报告页码,经营举措及业绩,正文,601456.SH_国联民生_2025_管理层讨论与分析.pdf
MDAF0004466,国联民生,业务概要,41,受此影响，债券交易市场经历了近年来较为显著的调整，10年期和30年期国债收益率大幅上行，市场基准中债系列指数全年收益率为-1.95%，创下近五年最大跌幅。,601456.SH,9,报告页码,市场环境,正文,601456.SH_国联民生_2025_管理层讨论与分析.pdf
MDAF0004467,国联民生,业务概要,41,固定收益业务方面，公司秉持稳健经营的理念，通过前瞻性的策略布局和精细化的组合管理，有效抵御了系统性风险，在市场波动中表现出良好的稳定性，实现了优秀的超额投资回报和风险调整后收益。,601456.SH,9,报告页码,经营举措及业绩,正文,601456.SH_国联民生_2025_管理层讨论与分析.pdf
MDAF0004468,国联民生,业务概要,41,市场在春节前有所回升，节后受美国贸易政策预期影响，指数出现快速调整。,601456.SH,9,报告页码,市场环境,正文,601456.SH_国联民生_2025_管理层讨论与分析.pdf
MDAF0004469,国联民生,业务概要,41,截至报告期末，公司股票质押式回购业务本金余额11.27亿元，较2024年末规模15.21亿元下降3.94亿元。,601456.SH,9,报告页码,经营举措及业绩,正文,601456.SH_国联民生_2025_管理层讨论与分析.pdf
MDAF0004470,国联民生,业务概要,41,报告期内，公司股票质押式回购业务严格遵循稳健、审慎的经营原则，优化业务结构，持续压降存量风险规模。,601456.SH,9,报告页码,经营举措及业绩,正文,601456.SH_国联民生_2025_管理层讨论与分析.pdf
MDAF0004471,国联民生,业务概要,41,权益类证券投资业务方面，公司始终以绝对收益为目标，坚持价值投资理念，以基本面研究为抓手，在兼顾风险和收益的同时稳健开展业务。,601456.SH,9,报告页码,经营举措及业绩,正文,601456.SH_国联民生_2025_管理层讨论与分析.pdf
MDAF0004472,国联民生,业务概要,41,积极的财政政策推动政府债券供给大幅放量，而货币政策宽松幅度不及预期，同时债市需求端因股市分流与存款增速走弱而持续弱化，供需矛盾加剧了市场下跌压力。,601456.SH,9,报告页码,市场环境,正文,601456.SH_国联民生_2025_管理层讨论与分析.pdf
MDAF0004473,国联民生,业务概要,41,行业上来看，总体呈现普涨格局，其中以产品涨价为特点的有色金属和以AIDC（人工智能数据中心）建设推动的通信、电子等板块涨幅显著，而红利板块如公用事业、煤炭等板块整体表现较弱。,601456.SH,9,报告页码,市场环境,正文,601456.SH_国联民生_2025_管理层讨论与分析.pdf
MDAF0004474,国联民生,业务概要,42,2025年，中国VC/PE 市场热门行业主要聚集于电子信息、先进制造和医疗健康行业等，细分领域下，半导体、人工智能占据市场主要地位。,601456.SH,10,报告页码,市场环境,正文,601456.SH_国联民生_2025_管理层讨论与分析.pdf
MDAF0004475,国联民生,业务概要,42,2026年是“十五五”规划的开局之年，国内宏观基本面在政策推动以及反内卷背景下将会有所企稳，美联储降息步伐进一步推进，偏宽松的内外部流动性格局和政策环境总体仍将有利于国内股票交易市场。,601456.SH,10,报告页码,2026年展望,正文,601456.SH_国联民生_2025_管理层讨论与分析.pdf
MDAF0004476,国联民生,业务概要,42,2026年，公司另类投资业务将持续稳步推进投资业务的高质量开展，聚焦半导体、航空航天、具身智能、量子科技等硬科技核心领域，扎实做好行研工作，着力挖掘技术领先、成长潜力显著的优质项目，践行“长期投资、价值投资、理性投资”理念，积极服务实体经济。,601456.SH,10,报告页码,2026年展望,正文,601456.SH_国联民生_2025_管理层讨论与分析.pdf
MDAF0004477,国联民生,业务概要,42,2026年，公司权益类证券投资业务将进一步精选成长行业和个股，重点配置具备反转或者长期成长空间的行业标的，辅以定增、可转债、量化中性等多策略投资模式来实现风险与收益的平衡，稳健开展权益类证券投资业务。,601456.SH,10,报告页码,2026年展望,正文,601456.SH_国联民生_2025_管理层讨论与分析.pdf
MDAF0004478,国联民生,业务概要,42,做市业务成功获批“股票期权做市业务资格”，并积极推进“上市证券做市交易业务资格”申请，为市场提供优质流动性。,601456.SH,10,报告页码,经营举措及业绩,正文,601456.SH_国联民生_2025_管理层讨论与分析.pdf
MDAF0004479,国联民生,业务概要,42,同时，持续做好存续项目的管理和退出，提高资金使用效率。,601456.SH,10,报告页码,2026年展望,正文,601456.SH_国联民生_2025_管理层讨论与分析.pdf
MDAF0004480,国联民生,业务概要,42,固定收益业务方面，公司将继续强化以做市交易为核心的优势，完善多品种做市模型；积极推动策略多元化，布局宏观对冲策略；全力拓展场外衍生品业务，构建FICC 综合服务能力；依托新获资质拓展承销业务，推动销售团队为客户提供一站式综合服务；推动固收业务系统升级，深化AI（人工智能）技术应用，加强金融科技对固收业务的赋能，持续提升做市交易和客户服务能力。,601456.SH,10,报告页码,2026年展望,正文,601456.SH_国联民生_2025_管理层讨论与分析.pdf
MDAF0004481,国联民生,业务概要,42,在存续项目管理上，优化退出机制，促进投资良性循环，通过二级市场减持、回购、并购等多种方式积极推动项目退出。,601456.SH,10,报告页码,经营举措及业绩,正文,601456.SH_国联民生_2025_管理层讨论与分析.pdf
MDAF0004482,国联民生,业务概要,42,投资均值1.22亿元，较去年小幅回落。,601456.SH,10,报告页码,市场环境,正文,601456.SH_国联民生_2025_管理层讨论与分析.pdf
MDAF0004483,国联民生,业务概要,42,报告期内，公司另类投资业务紧跟政策导向与市场形势，审慎开展投资工作，以支持实体经济发展为出发点，拓展硬科技领域内的投资布局。,601456.SH,10,报告页码,经营举措及业绩,正文,601456.SH_国联民生_2025_管理层讨论与分析.pdf
MDAF0004484,国联民生,业务概要,42,本期投资交易数量及金额均接近近十年投资平均线。,601456.SH,10,报告页码,市场环境,正文,601456.SH_国联民生_2025_管理层讨论与分析.pdf
MDAF0004485,国联民生,业务概要,42,权益类证券投资业务方面，公司将继续加强宏观及市场研判，加大基本面研究力度，强化投研和风控体系建设，稳健开展股票投资业务。,601456.SH,10,报告页码,2026年展望,正文,601456.SH_国联民生_2025_管理层讨论与分析.pdf
MDAF0004486,国联民生,业务概要,42,"根据投中数据，2025年，中国VC/PE 市场投资端回暖，同期共发生11,015 起投资事件，同比增长30.6%；投资规模13,396.8亿元，同比上升23.43%。",601456.SH,10,报告页码,市场环境,正文,601456.SH_国联民生_2025_管理层讨论与分析.pdf
MDAF0004487,国联民生,业务概要,42,股权衍生品业务方面，公司围绕金融“五篇大文章”，通过设计并推广挂钩科技创新、绿色低碳主题的衍生工具，引导投资者关注并配置相关优质资产，助力新质生产力发展；聚焦居民养老财富管理需求，持续优化产品供给与服务体系。,601456.SH,10,报告页码,经营举措及业绩,正文,601456.SH_国联民生_2025_管理层讨论与分析.pdf
MDAF0004488,国联民生,业务概要,42,股权衍生品业务方面，公司将继续紧扣金融“五篇大文章”战略部署，坚持稳中求进工作总基调：一是强化全面风险管理能力，有效防范和控制持仓风险；二是优化金融产品与服务供给，围绕金融“五篇大文章”，丰富衍生工具体系，提升服务实体经济质效；三是稳步推进做市业务布局，以获批股票期权做市资格为契机，扎实迈出做市能力建设的关键一步，并持续推动细分业务牌照的申请与落地，夯实高质量发展基础。,601456.SH,10,报告页码,2026年展望,正文,601456.SH_国联民生_2025_管理层讨论与分析.pdf
MDAF0004489,国联民生,业务概要,43,不适用。,601456.SH,11,报告页码,2026年展望,选项,601456.SH_国联民生_2025_管理层讨论与分析.pdf
MDAF0004490,国联民生,核心竞争力,43,公司作为深耕长三角的本土券商，将充分发挥地缘优势：依托无锡集成电路、生物医药等产业集群，打造“投行+投资+投研”联动服务模式，助力战略新兴企业全生命周期融资；针对长三角高净值人群集中特点，构建特色财富管理服务体系，满足多元化资产配置需求。,601456.SH,11,报告页码,1、区位优势,正文,601456.SH_国联民生_2025_管理层讨论与分析.pdf
MDAF0004491,国联民生,核心竞争力,43,公司在报告期内已完成通过发行A 股股份的方式收购民生证券控制权，形成“深耕长三角+辐射全国”的区域布局。,601456.SH,11,报告页码,1、区位优势,正文,601456.SH_国联民生_2025_管理层讨论与分析.pdf
MDAF0004492,国联民生,核心竞争力,43,公司深耕长三角重点区域，民生证券分支机构则集中于豫鲁等地，区域布局互补性强。,601456.SH,11,报告页码,1、区位优势,正文,601456.SH_国联民生_2025_管理层讨论与分析.pdf
MDAF0004493,国联民生,核心竞争力,43,区域经济总量与金融需求为券商业务提供了广阔空间。,601456.SH,11,报告页码,1、区位优势,正文,601456.SH_国联民生_2025_管理层讨论与分析.pdf
MDAF0004494,国联民生,核心竞争力,43,整合完成后的国联民生证券分支机构近180家，覆盖北上广深、香港、无锡、郑州等全国重点城市，具备更广泛的区域协同效应，服务区域经济升级，实现公司跨越式发展。,601456.SH,11,报告页码,1、区位优势,正文,601456.SH_国联民生_2025_管理层讨论与分析.pdf
MDAF0004495,国联民生,核心竞争力,43,无锡作为近代民族工业的主要发祥地，制造业基础雄厚，是国家先进制造业集群（物联网、集成电路）和生物医药产业高地，在长三角“双循环”格局中具备战略新兴产业先发优势。,601456.SH,11,报告页码,1、区位优势,正文,601456.SH_国联民生_2025_管理层讨论与分析.pdf
MDAF0004496,国联民生,核心竞争力,43,长三角区域是国内经济总量最大、最具活力、发展质量最高的地区之一，上市公司和高净值人群密度居全国前列。,601456.SH,11,报告页码,1、区位优势,正文,601456.SH_国联民生_2025_管理层讨论与分析.pdf
MDAF0004497,国联民生,核心竞争力,43,适用。,601456.SH,11,报告页码,,选项,601456.SH_国联民生_2025_管理层讨论与分析.pdf
MDAF0004498,国联民生,核心竞争力,44,公司H 股于2015年7月6日在香港联交所主板上市，A 股于 2020年7月31日在上交所主板上市，是国内证券行业第13家A+H 两地上市公司。,601456.SH,12,报告页码,2、A+H 股两地上市提高公司市场竞争力和抗风险能力,正文,601456.SH_国联民生_2025_管理层讨论与分析.pdf
MDAF0004499,国联民生,核心竞争力,44,公司严守合规底线，认真落实监管部门各项要求。,601456.SH,12,报告页码,4、稳健、高效的经营管理和审慎的风险管控,正文,601456.SH_国联民生_2025_管理层讨论与分析.pdf
MDAF0004500,国联民生,核心竞争力,44,公司坚持“风险可测、可控、可承受”的原则，审慎开展创新业务，严格限定高风险类型业务的风险敞口，并加强风险监测。,601456.SH,12,报告页码,4、稳健、高效的经营管理和审慎的风险管控,正文,601456.SH_国联民生_2025_管理层讨论与分析.pdf
MDAF0004501,国联民生,核心竞争力,44,公司多年来坚持稳健发展的经营理念，稳步推动经营模式转型升级，优化公司收入结构和利润来源，实现了连续多年盈利，是目前我国证券公司中成立以来（1999年至今）连续盈利的少数券商之一。,601456.SH,12,报告页码,4、稳健、高效的经营管理和审慎的风险管控,正文,601456.SH_国联民生_2025_管理层讨论与分析.pdf
MDAF0004502,国联民生,核心竞争力,44,公司的高级管理团队在证券和金融服务行业具备丰富的管理经验、卓越的管理能力和前瞻性的战略思考能力，能够深刻理解行业和市场的发展趋势，做出准确的商业判断，及时捕捉商机，并审慎科学地调整业务策略。,601456.SH,12,报告页码,3、行业经验丰富的管理团队,正文,601456.SH_国联民生_2025_管理层讨论与分析.pdf
MDAF0004503,国联民生,核心竞争力,44,公司通过A+H 两地上市，有效提升了资本实力，为业务规模的扩张和抵御市场风险夯实了基础，品牌影响力、市场竞争力大幅提升，打开了两地资本市场的长期融资渠道，有利于未来进一步引进战略投资者和降低公司综合融资成本。,601456.SH,12,报告页码,2、A+H 股两地上市提高公司市场竞争力和抗风险能力,正文,601456.SH_国联民生_2025_管理层讨论与分析.pdf
MDAF0004504,国联民生,核心竞争力,44,在团队的带领下，公司将对照市场最佳实践，打造业内领先的发展理念和管理流程，加速成为一家具有现代化管理机制的投资银行。,601456.SH,12,报告页码,3、行业经验丰富的管理团队,正文,601456.SH_国联民生_2025_管理层讨论与分析.pdf
MDAF0004505,国联民生,核心竞争力,44,报告期内，公司不断健全和完善合规管理和风险管理体系，确保公司规范经营和稳健发展。,601456.SH,12,报告页码,4、稳健、高效的经营管理和审慎的风险管控,正文,601456.SH_国联民生_2025_管理层讨论与分析.pdf
MDAF0004506,国联民生,核心竞争力,44,持续修订完善公司合规管理制度，落实各项控制措施，加强合规考核，确保合规管理责任落实到位；借鉴行业最佳实践经验，积极建设高标准、高质量的内部信评体系和风险管理系统，及时防范化解业务风险；同时，强化对合规风控人员的履职保障。,601456.SH,12,报告页码,4、稳健、高效的经营管理和审慎的风险管控,正文,601456.SH_国联民生_2025_管理层讨论与分析.pdf
MDAF0004507,国联民生,核心竞争力,44,特别是管理团队在境外和跨境业务领域的经历将有助于公司加快国际化发展步伐，开辟新的业务增长领域。,601456.SH,12,报告页码,3、行业经验丰富的管理团队,正文,601456.SH_国联民生_2025_管理层讨论与分析.pdf
MDAF0004508,国联民生,研发投入,47,"68,889,914.65：-。",601456.SH,15,报告页码,(1).研发投入情况表,表格行,601456.SH_国联民生_2025_管理层讨论与分析.pdf
MDAF0004509,国联民生,研发投入,47,"68,889,914.65：0.90。",601456.SH,15,报告页码,(1).研发投入情况表,表格行,601456.SH_国联民生_2025_管理层讨论与分析.pdf
MDAF0004510,国联民生,研发投入,47,本期费用化研发投入：本期资本化研发投入。,601456.SH,15,报告页码,(1).研发投入情况表,表格行,601456.SH_国联民生_2025_管理层讨论与分析.pdf
MDAF0004511,国联民生,研发投入,47,本期费用化研发投入：研发投入合计。,601456.SH,15,报告页码,(1).研发投入情况表,表格行,601456.SH_国联民生_2025_管理层讨论与分析.pdf
MDAF0004512,国联民生,研发投入,47,本期费用化研发投入：研发投入总额占营业收入比例（%）。,601456.SH,15,报告页码,(1).研发投入情况表,表格行,601456.SH_国联民生_2025_管理层讨论与分析.pdf
MDAF0004513,国联民生,研发投入,47,本期费用化研发投入：研发投入资本化的比重（%）。,601456.SH,15,报告页码,(1).研发投入情况表,表格行,601456.SH_国联民生_2025_管理层讨论与分析.pdf
MDAF0004514,国联民生,研发投入,47,适用。,601456.SH,15,报告页码,(1).研发投入情况表,选项,601456.SH_国联民生_2025_管理层讨论与分析.pdf
MDAF0004515,大智慧,业务概要,9,全资子公司财汇科技致力于建立中国及海内外最专业、最精准、最全面的金融数据中心，向银行、保险公司、基金公司、证券公司、信托公司等金融机构及高等院校提供金融数据以及数据管理、数据监控、数据挖掘等服务。,601519.SH,1,报告页码,,正文,601519.SH_大智慧_2025_管理层讨论与分析.pdf
MDAF0004516,大智慧,业务概要,9,公司在中国香港、新加坡和日本东京有主要服务于当地用户的金融信息服务商，通过本土化的团队运作和集团化的规范管理，有效打通了国际国内通道，建立了前瞻性的国际板块布局。,601519.SH,1,报告页码,,正文,601519.SH_大智慧_2025_管理层讨论与分析.pdf
MDAF0004517,大智慧,业务概要,9,公司是国内领先的互联网金融信息服务提供商，基于多年在金融信息和互联网领域取得的资源和技术积累，充分发挥大数据优势，打造了集资讯、服务、交易为一体的一站式、智能化互联网金融信息服务系统，向广大投资者提供各类基于互联网应用的金融信息产品和服务。,601519.SH,1,报告页码,,正文,601519.SH_大智慧_2025_管理层讨论与分析.pdf
MDAF0004518,大智慧,业务概要,9,公司的主要业务聚焦在证券信息服务、大数据及数据工程服务、境外业务三大板块。,601519.SH,1,报告页码,,正文,601519.SH_大智慧_2025_管理层讨论与分析.pdf
MDAF0004519,大智慧,业务概要,9,证券信息服务是以软件终端为载体，以移动APP、PC 版软件、云服务、互动直播以及TV 终端等方式向广大投资者提供及时、专业的证券信息和数据服务的综合性互联网系统。,601519.SH,1,报告页码,,正文,601519.SH_大智慧_2025_管理层讨论与分析.pdf
MDAF0004520,大智慧,业务概要,9,不适用。,601519.SH,1,报告页码,,选项,601519.SH_大智慧_2025_管理层讨论与分析.pdf
MDAF0004521,大智慧,核心竞争力,11,作为互联网金融信息服务综合提供商，公司拥有业内完整的产品组合，产品丰富、结构合理，可以为各层次的个人及机构客户，提供全面、准确、及时的互联网金融信息服务和增值服务。,601519.SH,3,报告页码,,正文,601519.SH_大智慧_2025_管理层讨论与分析.pdf
MDAF0004522,大智慧,核心竞争力,11,作为大数据及数据工程处理的专家，公司拥有海量的历史数据及丰富的数据生产技术经验，数据整合维度广，数据提供方式多样，能为客户快速提供各类型定制化的平台搭建与项目研发服务。,601519.SH,3,报告页码,,正文,601519.SH_大智慧_2025_管理层讨论与分析.pdf
MDAF0004523,大智慧,核心竞争力,11,作为高新技术型企业，公司十分重视金融信息服务领域的技术研发，多年来对研发一贯重视并不断投入，培养了一支稳定且技术过硬的研发团队。,601519.SH,3,报告页码,,正文,601519.SH_大智慧_2025_管理层讨论与分析.pdf
MDAF0004524,大智慧,核心竞争力,11,公司在金融信息服务行业深耕二十余年，累积了丰富的互联网平台运作经验和海量金融数据资源，创造了行业数个第一。,601519.SH,3,报告页码,,正文,601519.SH_大智慧_2025_管理层讨论与分析.pdf
MDAF0004525,大智慧,核心竞争力,11,公司长期稳定的客户基本包括所有具有托管业务资格的托管行，所有保险资产管理公司在内的90%以上的保险机构，95%以上的基金公司，70%以上的证券公司以及众多的信托公司、投资公司、金融高校等。,601519.SH,3,报告页码,,正文,601519.SH_大智慧_2025_管理层讨论与分析.pdf
MDAF0004526,大智慧,核心竞争力,11,公司高层管理人员及核心团队均拥有10年以上行业经验，在科技金融技术服务、投资决策数据服务、用户共享联合运营等多方面拥有深厚的实力。,601519.SH,3,报告页码,,正文,601519.SH_大智慧_2025_管理层讨论与分析.pdf
MDAF0004527,大智慧,核心竞争力,11,报告期内，公司研发费用占营业收入的比重为22.40%。,601519.SH,3,报告页码,,正文,601519.SH_大智慧_2025_管理层讨论与分析.pdf
MDAF0004528,大智慧,核心竞争力,11,经过多年发展，公司向广大用户提供丰富的金融信息产品和服务，客户覆盖银行、券商、基金、保险、资管和普通投资者等金融市场的各层次参与主体。,601519.SH,3,报告页码,,正文,601519.SH_大智慧_2025_管理层讨论与分析.pdf
MDAF0004529,大智慧,核心竞争力,11,经过多年的发展，公司已成为中国领先的互联网金融信息服务提供商之一，在所处行业的市场地位、核心技术、核心团队、企业资质、业务协同等方面已取得一定的领先优势，公司的品牌也得到了行业和社会的认可。,601519.SH,3,报告页码,,正文,601519.SH_大智慧_2025_管理层讨论与分析.pdf
MDAF0004530,大智慧,核心竞争力,11,经过多年积累发展，公司境外金融信息服务已辐射至东亚及东南亚多个国家，在亚洲三大金融中心中国香港、新加坡和日本东京都设立有子公司，业务涵盖金融终端与数据、交易及结算系统、广告投放及市场活动推广等领域，通过本土化的团队运作和集团化的规范管理，有效打通了国际国内通道，进行了前瞻性的国际板块布局。,601519.SH,3,报告页码,,正文,601519.SH_大智慧_2025_管理层讨论与分析.pdf
MDAF0004531,大智慧,核心竞争力,11,（一）公司拥有领先的行业地位和品牌知名度优势。,601519.SH,3,报告页码,,正文,601519.SH_大智慧_2025_管理层讨论与分析.pdf
MDAF0004532,大智慧,核心竞争力,11,（三）公司拥有海量的金融数据资源和丰富的行业经验。,601519.SH,3,报告页码,,正文,601519.SH_大智慧_2025_管理层讨论与分析.pdf
MDAF0004533,大智慧,核心竞争力,11,（二）公司拥有行业领先的技术与研发实力、以及完整的产品线。,601519.SH,3,报告页码,,正文,601519.SH_大智慧_2025_管理层讨论与分析.pdf
MDAF0004534,大智慧,核心竞争力,11,（五）公司拥有前瞻性的国际板块布局。,601519.SH,3,报告页码,,正文,601519.SH_大智慧_2025_管理层讨论与分析.pdf
MDAF0004535,大智慧,核心竞争力,11,（四）公司拥有广泛的用户基础。,601519.SH,3,报告页码,,正文,601519.SH_大智慧_2025_管理层讨论与分析.pdf
MDAF0004536,大智慧,核心竞争力,11,适用。,601519.SH,3,报告页码,,选项,601519.SH_大智慧_2025_管理层讨论与分析.pdf
MDAF0004537,大智慧,研发投入,16,"185,114,548.64：0。",601519.SH,8,报告页码,(1) 研发投入情况表,表格行,601519.SH_大智慧_2025_管理层讨论与分析.pdf
MDAF0004538,大智慧,研发投入,16,"185,114,548.64：22.40。",601519.SH,8,报告页码,(1) 研发投入情况表,表格行,601519.SH_大智慧_2025_管理层讨论与分析.pdf
MDAF0004539,大智慧,研发投入,16,本期费用化研发投入：本期资本化研发投入。,601519.SH,8,报告页码,(1) 研发投入情况表,表格行,601519.SH_大智慧_2025_管理层讨论与分析.pdf
MDAF0004540,大智慧,研发投入,16,本期费用化研发投入：研发投入合计。,601519.SH,8,报告页码,(1) 研发投入情况表,表格行,601519.SH_大智慧_2025_管理层讨论与分析.pdf
MDAF0004541,大智慧,研发投入,16,本期费用化研发投入：研发投入总额占营业收入比例（%）。,601519.SH,8,报告页码,(1) 研发投入情况表,表格行,601519.SH_大智慧_2025_管理层讨论与分析.pdf
MDAF0004542,大智慧,研发投入,16,本期费用化研发投入：研发投入资本化的比重（%）。,601519.SH,8,报告页码,(1) 研发投入情况表,表格行,601519.SH_大智慧_2025_管理层讨论与分析.pdf
MDAF0004543,大智慧,研发投入,16,适用。,601519.SH,8,报告页码,(1) 研发投入情况表,选项,601519.SH_大智慧_2025_管理层讨论与分析.pdf
MDAF0004544,光大证券,业务概要,16,企业融资业务集群：为企业客户、政府客户提供股权融资、债务融资、并购融资、新三板与结构融资、资产证券化、财务顾问等一站式直接融资服务赚取手续费及佣金。,601788.SH,1,报告页码,,正文,601788.SH_光大证券_2025_管理层讨论与分析.pdf
MDAF0004545,光大证券,业务概要,16,投资交易业务集群：在价值投资、稳健经营的前提下，从事股票、债券、衍生品等多品种投资和交易，赚取投资收入。,601788.SH,1,报告页码,,正文,601788.SH_光大证券_2025_管理层讨论与分析.pdf
MDAF0004546,光大证券,业务概要,16,机构客户业务集群：为各类机构客户提供投资研究、托管、定制化金融产品和一揽子解决方案、债券分销等综合化服务，赚取手续费及佣金。,601788.SH,1,报告页码,,正文,601788.SH_光大证券_2025_管理层讨论与分析.pdf
MDAF0004547,光大证券,业务概要,16,股权投资业务集群：从私募股权投资融资和另类投资业务获得收入。,601788.SH,1,报告页码,,正文,601788.SH_光大证券_2025_管理层讨论与分析.pdf
MDAF0004548,光大证券,业务概要,16,财富管理业务集群：向零售客户提供经纪和投资顾问服务赚取手续费及佣金，代客户持有现金赚取利息收入，及代销公司及其他金融机构开发的金融产品赚取手续费；从融资融券业务、股票质押式回购交易、约定购回式交易和上市公司股权激励行权融资业务赚取利息收入。,601788.SH,1,报告页码,,正文,601788.SH_光大证券_2025_管理层讨论与分析.pdf
MDAF0004549,光大证券,业务概要,16,资产管理业务集群：为机构和个人客户提供各类券商资产管理服务、基金资产管理服务，赚取管理及顾问费。,601788.SH,1,报告页码,,正文,601788.SH_光大证券_2025_管理层讨论与分析.pdf
MDAF0004550,光大证券,业务概要,16,不适用。,601788.SH,1,报告页码,,选项,601788.SH_光大证券_2025_管理层讨论与分析.pdf
MDAF0004551,光大证券,核心竞争力,25,作为集团唯一具有证券牌照的核心子公司，公司始终坚持金融工作的政治性、人民性，持续强化“一个光大”品牌合力，确保公司发展始终沿着正确的政治方向稳步前行，为服务国家战略和实体经济提供坚强保障。,601788.SH,10,报告页码,（一）坚持党建引领，筑牢高质量发展根基,正文,601788.SH_光大证券_2025_管理层讨论与分析.pdf
MDAF0004552,光大证券,核心竞争力,25,公司充分发挥光大集团平台优势，落实“资源共享、优势互补”，积极构建一体化协同服务模式。,601788.SH,10,报告页码,（三）强化协同发展，构建综合金融服务生态,正文,601788.SH_光大证券_2025_管理层讨论与分析.pdf
MDAF0004553,光大证券,核心竞争力,25,公司坚持将“五要五不”要求全面嵌入经营管理、业务流程与员工行为规范等各方面，旗帜鲜明地弘扬合规、诚信、专业、稳健的行业文化。,601788.SH,10,报告页码,（四）培育特色文化，践行金融报国价值使命,正文,601788.SH_光大证券_2025_管理层讨论与分析.pdf
MDAF0004554,光大证券,核心竞争力,25,公司坚持把服务实体经济作为工作的出发点和落脚点，紧密围绕国家重大战略部署和产业升级方向，制定并实施公司推进金融“五篇大文章”行动方案，立足“证券所能”，不断提升直接融资服务质效。,601788.SH,10,报告页码,（二）聚焦主责主业，服务实体经济成效显著,正文,601788.SH_光大证券_2025_管理层讨论与分析.pdf
MDAF0004555,光大证券,核心竞争力,25,公司始终坚持党中央对金融工作的集中统一领导，将党建工作与公司治理、业务发展深度融合，切实把党的政治优势、组织优势转化为公司的治理效能和竞争优势。,601788.SH,10,报告页码,（一）坚持党建引领，筑牢高质量发展根基,正文,601788.SH_光大证券_2025_管理层讨论与分析.pdf
MDAF0004556,光大证券,核心竞争力,25,公司持续深化协同机制建设，打造特色协同场景，深挖内外部协同资源，为各项业务高质量发展注入强劲动力。,601788.SH,10,报告页码,（三）强化协同发展，构建综合金融服务生态,正文,601788.SH_光大证券_2025_管理层讨论与分析.pdf
MDAF0004557,光大证券,核心竞争力,25,公司控股股东光大集团由财政部和汇金公司发起设立，拥有金融全牌照和特色民生实业，具有综合金融、产融协同、跨境经营特色优势。,601788.SH,10,报告页码,（一）坚持党建引领，筑牢高质量发展根基,正文,601788.SH_光大证券_2025_管理层讨论与分析.pdf
MDAF0004558,光大证券,核心竞争力,25,公司积极培育与弘扬中国特色金融文化，充分汲取中华优秀传统文化精髓，将其融入经营管理血脉，致力于打造支撑长期可持续发展的核心软实力。,601788.SH,10,报告页码,（四）培育特色文化，践行金融报国价值使命,正文,601788.SH_光大证券_2025_管理层讨论与分析.pdf
MDAF0004559,光大证券,核心竞争力,25,公司紧抓数字经济战略机遇，加快推进自主创新与融合应用。,601788.SH,10,报告页码,（五）科技赋能驱动，构筑数字金融新优势,正文,601788.SH_光大证券_2025_管理层讨论与分析.pdf
MDAF0004560,光大证券,核心竞争力,25,公司财富管理、资产管理等业务条线依托科技支撑加速转型，不断提高产品研创能力，完善产品服务链条，迭代产品服务体系，更精准满足客户多元化、个性化的综合金融需求，不断塑造差异化竞争力。,601788.SH,10,报告页码,（五）科技赋能驱动，构筑数字金融新优势,正文,601788.SH_光大证券_2025_管理层讨论与分析.pdf
MDAF0004561,光大证券,核心竞争力,25,强化协同合作，助力光大集团成功举办2025年金融街论坛绿色金融平行论坛、光大集团养老金融发布会，协助光大银行举办金融助力民营企业高质量发展政金企对接会。,601788.SH,10,报告页码,（三）强化协同发展，构建综合金融服务生态,正文,601788.SH_光大证券_2025_管理层讨论与分析.pdf
MDAF0004562,光大证券,核心竞争力,25,报告期内，公司积极把握市场机遇，精准服务科技创新、绿色低碳等领域，成功保荐泰禾股份、南特科技完成IPO，助力华智数媒、国机精工实现再融资；积极响应政策导向，落地发行科技创新债券新规后的首批科创债，助力奇瑞汽金完成单期最大规模绿色金融债发行，协助京东发行市场首单绿色个人消费金融ABS，以实际行动推动服务实体经济和国家重大战略落实落细。,601788.SH,10,报告页码,（二）聚焦主责主业，服务实体经济成效显著,正文,601788.SH_光大证券_2025_管理层讨论与分析.pdf
MDAF0004563,光大证券,核心竞争力,25,报告期内，助力光大集团发行全市场20年期最低利率信用债，服务光大水务发行中期票据、创全市场熊猫永续债券发行利率历史新低。,601788.SH,10,报告页码,（三）强化协同发展，构建综合金融服务生态,正文,601788.SH_光大证券_2025_管理层讨论与分析.pdf
MDAF0004564,光大证券,核心竞争力,25,持续开展文化宣导、典型选树与警示教育，引导全体员工树立正确的价值观、风险观与发展观，营造风清气正、干事创业的良好氛围，为公司行稳致远奠定坚实的文化和思想基础。,601788.SH,10,报告页码,（四）培育特色文化，践行金融报国价值使命,正文,601788.SH_光大证券_2025_管理层讨论与分析.pdf
MDAF0004565,光大证券,核心竞争力,25,致力于构建以用户和场景为中心的一体化数字金融服务体系，深化大数据、人工智能等技术与业务融合，积极探索AI 与大模型在客户服务、运营优化等领域的应用，持续加强网络与信息安全体系建设，夯实数字化发展的稳固基石。,601788.SH,10,报告页码,（五）科技赋能驱动，构筑数字金融新优势,正文,601788.SH_光大证券_2025_管理层讨论与分析.pdf
MDAF0004566,光大证券,核心竞争力,25,适用。,601788.SH,10,报告页码,,选项,601788.SH_光大证券_2025_管理层讨论与分析.pdf
MDAF0004567,光大证券,研发投入,29,"其中本期费用化研发投入包含IT 费用48,008.61万元和IT 人员薪酬25,690.40万元。",601788.SH,14,报告页码,(1).研发投入情况表,正文,601788.SH_光大证券_2025_管理层讨论与分析.pdf
MDAF0004568,光大证券,研发投入,29,注：研发投入按照中国证券业协会《关于新增信息系统建设投入指标审计事项的通知》（中证协发[2018]51 号）的要求编制。,601788.SH,14,报告页码,(1).研发投入情况表,正文,601788.SH_光大证券_2025_管理层讨论与分析.pdf
MDAF0004569,光大证券,研发投入,29,请参见本节五、（一）1、利润表及现金流量表相关科目变动分析。,601788.SH,14,报告页码,5、,正文,601788.SH_光大证券_2025_管理层讨论与分析.pdf
MDAF0004570,光大证券,研发投入,29,456：142。,601788.SH,14,报告页码,(2).研发人员情况表,表格行,601788.SH_光大证券_2025_管理层讨论与分析.pdf
MDAF0004571,光大证券,研发投入,29,456：15。,601788.SH,14,报告页码,(2).研发人员情况表,表格行,601788.SH_光大证券_2025_管理层讨论与分析.pdf
MDAF0004572,光大证券,研发投入,29,456：191。,601788.SH,14,报告页码,(2).研发人员情况表,表格行,601788.SH_光大证券_2025_管理层讨论与分析.pdf
MDAF0004573,光大证券,研发投入,29,456：1。,601788.SH,14,报告页码,(2).研发人员情况表,表格行,601788.SH_光大证券_2025_管理层讨论与分析.pdf
MDAF0004574,光大证券,研发投入,29,456：243。,601788.SH,14,报告页码,(2).研发人员情况表,表格行,601788.SH_光大证券_2025_管理层讨论与分析.pdf
MDAF0004575,光大证券,研发投入,29,456：249。,601788.SH,14,报告页码,(2).研发人员情况表,表格行,601788.SH_光大证券_2025_管理层讨论与分析.pdf
MDAF0004576,光大证券,研发投入,29,456：28。,601788.SH,14,报告页码,(2).研发人员情况表,表格行,601788.SH_光大证券_2025_管理层讨论与分析.pdf
MDAF0004577,光大证券,研发投入,29,456：3。,601788.SH,14,报告页码,(2).研发人员情况表,表格行,601788.SH_光大证券_2025_管理层讨论与分析.pdf
MDAF0004578,光大证券,研发投入,29,456：40。,601788.SH,14,报告页码,(2).研发人员情况表,表格行,601788.SH_光大证券_2025_管理层讨论与分析.pdf
MDAF0004579,光大证券,研发投入,29,456：5.87。,601788.SH,14,报告页码,(2).研发人员情况表,表格行,601788.SH_光大证券_2025_管理层讨论与分析.pdf
MDAF0004580,光大证券,研发投入,29,456：学历结构人数。,601788.SH,14,报告页码,(2).研发人员情况表,表格行,601788.SH_光大证券_2025_管理层讨论与分析.pdf
MDAF0004581,光大证券,研发投入,29,456：年龄结构人数。,601788.SH,14,报告页码,(2).研发人员情况表,表格行,601788.SH_光大证券_2025_管理层讨论与分析.pdf
MDAF0004582,光大证券,研发投入,29,"73,699.02：25,914.16。",601788.SH,14,报告页码,(1).研发投入情况表,表格行,601788.SH_光大证券_2025_管理层讨论与分析.pdf
MDAF0004583,光大证券,研发投入,29,"73,699.02：26.01。",601788.SH,14,报告页码,(1).研发投入情况表,表格行,601788.SH_光大证券_2025_管理层讨论与分析.pdf
MDAF0004584,光大证券,研发投入,29,"73,699.02：9.18。",601788.SH,14,报告页码,(1).研发投入情况表,表格行,601788.SH_光大证券_2025_管理层讨论与分析.pdf
MDAF0004585,光大证券,研发投入,29,"73,699.02：99,613.18。",601788.SH,14,报告页码,(1).研发投入情况表,表格行,601788.SH_光大证券_2025_管理层讨论与分析.pdf
MDAF0004586,光大证券,研发投入,29,公司研发人员的数量：30 岁以下（不含30 岁）。,601788.SH,14,报告页码,(2).研发人员情况表,表格行,601788.SH_光大证券_2025_管理层讨论与分析.pdf
MDAF0004587,光大证券,研发投入,29,公司研发人员的数量：30-40 岁（含30 岁，不含40 岁）。,601788.SH,14,报告页码,(2).研发人员情况表,表格行,601788.SH_光大证券_2025_管理层讨论与分析.pdf
MDAF0004588,光大证券,研发投入,29,公司研发人员的数量：40-50 岁（含40 岁，不含50 岁）。,601788.SH,14,报告页码,(2).研发人员情况表,表格行,601788.SH_光大证券_2025_管理层讨论与分析.pdf
MDAF0004589,光大证券,研发投入,29,公司研发人员的数量：50-60 岁（含50 岁，不含60 岁）。,601788.SH,14,报告页码,(2).研发人员情况表,表格行,601788.SH_光大证券_2025_管理层讨论与分析.pdf
MDAF0004590,光大证券,研发投入,29,公司研发人员的数量：60 岁及以上。,601788.SH,14,报告页码,(2).研发人员情况表,表格行,601788.SH_光大证券_2025_管理层讨论与分析.pdf
MDAF0004591,光大证券,研发投入,29,公司研发人员的数量：其他。,601788.SH,14,报告页码,(2).研发人员情况表,表格行,601788.SH_光大证券_2025_管理层讨论与分析.pdf
MDAF0004592,光大证券,研发投入,29,公司研发人员的数量：博士研究生。,601788.SH,14,报告页码,(2).研发人员情况表,表格行,601788.SH_光大证券_2025_管理层讨论与分析.pdf
MDAF0004593,光大证券,研发投入,29,公司研发人员的数量：学历结构类别。,601788.SH,14,报告页码,(2).研发人员情况表,表格行,601788.SH_光大证券_2025_管理层讨论与分析.pdf
MDAF0004594,光大证券,研发投入,29,公司研发人员的数量：年龄结构类别。,601788.SH,14,报告页码,(2).研发人员情况表,表格行,601788.SH_光大证券_2025_管理层讨论与分析.pdf
MDAF0004595,光大证券,研发投入,29,公司研发人员的数量：本科。,601788.SH,14,报告页码,(2).研发人员情况表,表格行,601788.SH_光大证券_2025_管理层讨论与分析.pdf
MDAF0004596,光大证券,研发投入,29,公司研发人员的数量：研发人员学历结构。,601788.SH,14,报告页码,(2).研发人员情况表,表格行,601788.SH_光大证券_2025_管理层讨论与分析.pdf
MDAF0004597,光大证券,研发投入,29,公司研发人员的数量：研发人员年龄结构。,601788.SH,14,报告页码,(2).研发人员情况表,表格行,601788.SH_光大证券_2025_管理层讨论与分析.pdf
MDAF0004598,光大证券,研发投入,29,公司研发人员的数量：研发人员数量占公司总人数的比例（%）。,601788.SH,14,报告页码,(2).研发人员情况表,表格行,601788.SH_光大证券_2025_管理层讨论与分析.pdf
MDAF0004599,光大证券,研发投入,29,公司研发人员的数量：硕士研究生。,601788.SH,14,报告页码,(2).研发人员情况表,表格行,601788.SH_光大证券_2025_管理层讨论与分析.pdf
MDAF0004600,光大证券,研发投入,29,本期费用化研发投入：本期资本化研发投入。,601788.SH,14,报告页码,(1).研发投入情况表,表格行,601788.SH_光大证券_2025_管理层讨论与分析.pdf
MDAF0004601,光大证券,研发投入,29,本期费用化研发投入：研发投入合计。,601788.SH,14,报告页码,(1).研发投入情况表,表格行,601788.SH_光大证券_2025_管理层讨论与分析.pdf
MDAF0004602,光大证券,研发投入,29,本期费用化研发投入：研发投入总额占营业收入比例（%）。,601788.SH,14,报告页码,(1).研发投入情况表,表格行,601788.SH_光大证券_2025_管理层讨论与分析.pdf
MDAF0004603,光大证券,研发投入,29,本期费用化研发投入：研发投入资本化的比重（%）。,601788.SH,14,报告页码,(1).研发投入情况表,表格行,601788.SH_光大证券_2025_管理层讨论与分析.pdf
MDAF0004604,光大证券,研发投入,29,不适用。,601788.SH,14,报告页码,(3).情况说明,选项,601788.SH_光大证券_2025_管理层讨论与分析.pdf
MDAF0004605,光大证券,研发投入,29,不适用。,601788.SH,14,报告页码,(4).研发人员构成发生重大变化的原因及对公司未来发展的影响,选项,601788.SH_光大证券_2025_管理层讨论与分析.pdf
MDAF0004606,光大证券,研发投入,29,适用。,601788.SH,14,报告页码,(1).研发投入情况表,选项,601788.SH_光大证券_2025_管理层讨论与分析.pdf
MDAF0004607,光大证券,研发投入,29,适用。,601788.SH,14,报告页码,(2).研发人员情况表,选项,601788.SH_光大证券_2025_管理层讨论与分析.pdf
MDAF0004608,光大证券,研发投入,29,适用。,601788.SH,14,报告页码,5、,选项,601788.SH_光大证券_2025_管理层讨论与分析.pdf
MDAF0004609,光大银行,核心竞争力,26,一是具有较强的资本实力和经营基础。,601818.SH,26,报告页码,,正文,601818.SH_光大银行_2025_管理层讨论与分析.pdf
MDAF0004610,光大银行,核心竞争力,26,三是具有一批有市场影响力的特色产品。,601818.SH,26,报告页码,,正文,601818.SH_光大银行_2025_管理层讨论与分析.pdf
MDAF0004611,光大银行,核心竞争力,26,二是具有强大的股东背景。,601818.SH,26,报告页码,,正文,601818.SH_光大银行_2025_管理层讨论与分析.pdf
MDAF0004612,光大银行,核心竞争力,26,五是具有稳健的经营风格。,601818.SH,26,报告页码,,正文,601818.SH_光大银行_2025_管理层讨论与分析.pdf
MDAF0004613,光大银行,核心竞争力,26,光大理财、云缴费、债券承销、金融市场投资、阳光财政等业务在市场上形成一定的影响力。,601818.SH,26,报告页码,,正文,601818.SH_光大银行_2025_管理层讨论与分析.pdf
MDAF0004614,光大银行,核心竞争力,26,光大集团是由财政部和汇金公司发起设立的国有大型金融控股集团，拥有金融全牌照和环保、文旅、康养等特色实业，具有综合金融、产融协同、跨境经营优势，为本行开展综合金融服务和产融协同提供坚实可靠的支撑。,601818.SH,26,报告页码,,正文,601818.SH_光大银行_2025_管理层讨论与分析.pdf
MDAF0004615,光大银行,核心竞争力,26,四是具有较好的境外网络体系。,601818.SH,26,报告页码,,正文,601818.SH_光大银行_2025_管理层讨论与分析.pdf
MDAF0004616,光大银行,核心竞争力,26,本行作为一家全国性股份制银行，始终坚守初心、回归本源、做强主业、错位发展，加强精细化管理和市场趋势研究，集中力量发掘拓展适合自身资源禀赋的目标客户，努力增强竞争力和服务能力。,601818.SH,26,报告页码,,正文,601818.SH_光大银行_2025_管理层讨论与分析.pdf
MDAF0004617,光大银行,核心竞争力,26,本行坚持审慎的风险管理理念、稳健的业务发展策略和依法合规的经营管理原则，全面风险管理策略和手段不断丰富，风险管理主动性、前瞻性持续提高，为长期可持续发展奠定基础。,601818.SH,26,报告页码,,正文,601818.SH_光大银行_2025_管理层讨论与分析.pdf
MDAF0004618,光大银行,核心竞争力,26,本行设立香港、首尔、卢森堡、悉尼、澳门、墨尔本六家分行，光银国际、光银欧洲两家子公司，以及东京代表处共九家境外机构，基本形成商行、投行、分行、子行（公司）全覆盖的境外综合经营网络。,601818.SH,26,报告页码,,正文,601818.SH_光大银行_2025_管理层讨论与分析.pdf
MDAF0004619,光大银行,核心竞争力,26,本行资本充足率、核心一级资本充足率等指标持续满足监管要求，长期形成的文化底蕴、科学完善的公司治理体系、经验丰富的专业人才队伍为业务发展和风险抵御提供坚实保障。,601818.SH,26,报告页码,,正文,601818.SH_光大银行_2025_管理层讨论与分析.pdf
MDAF0004620,光大银行,核心竞争力,27,六是具有较强的科技发展基础。,601818.SH,27,报告页码,,正文,601818.SH_光大银行_2025_管理层讨论与分析.pdf
MDAF0004621,光大银行,核心竞争力,27,本行持续推进业务与科技深度融合，倾力打造具有光大特色的“科技引领、数据驱动”科技发展体系，加速推进全行数字化转型，科技基础和科技赋能业务能力不断提升，“薪悦通”“阳光普惠云”“阳光融e 链”“物流通”“光速贷”等科技名品得到市场认可。,601818.SH,27,报告页码,,正文,601818.SH_光大银行_2025_管理层讨论与分析.pdf
MDAF0004622,沪农商行,业务概要,1,本公司于2021年8月19日成功登陆A 股资本市场，成为上海证券交易所主板上市公司（股票简称：沪农商行，股票代码：601825）。,601825.SH,14,报告页码,,正文,601825.SH_沪农商行_2025_管理层讨论与分析.pdf
MDAF0004623,沪农商行,业务概要,1,本公司以“普惠金融助力百姓美好生活”为使命，传承上海农信七十余载历史，扎根大都会、携手千百业、贴近老百姓，面向企业和个人提供全面综合金融服务，着力在助力普惠金融、科创金融、乡村振兴、养老金融、绿色金融、长三角一体化发展等领域培育和塑造经营特色，以金融诚善守护生活本真，以专业进取回应市场期待，实现银行商业价值和社会功能的有机统一。,601825.SH,14,报告页码,,正文,601825.SH_沪农商行_2025_管理层讨论与分析.pdf
MDAF0004624,沪农商行,业务概要,1,本公司成立于2005年8月25日，是由国资控股、总部设在上海的法人银行，也是全国首家在农信基础上改制成立的省级股份制商业银行。,601825.SH,14,报告页码,,正文,601825.SH_沪农商行_2025_管理层讨论与分析.pdf
MDAF0004625,沪农商行,核心竞争力,1,普惠金融助力百姓美好生活使命打造稳健发展的品质银行打造为客户创造价值的服务型银行ESG 管理的示范银行建设具有最佳体验和卓越品牌的普惠金融的先锋银行区域综合金融服务集团战略目标战略愿景经营理念上突出客户优先经营定位上突出小散优先坚持客户中心业务布局上突出零售优先坚守普惠金融核心战略经营策略管理进阶上突出数字优先坚定数字转型战略布局打造以财富管理为引擎的零售金融服务体系以交易银行为引擎的综合金融服务体系以“三农”金融为本色的普惠金融服务体系以科创金融为特色的科技金融服务体系以绿色金融为底色的可持续发展金融服务体系投资价值及核心竞争力得天独厚的区位优势。,601825.SH,14,报告页码,,正文,601825.SH_沪农商行_2025_管理层讨论与分析.pdf
MDAF0004626,沪农商行,核心竞争力,1,本公司总部设在上海这一国内最发达的经济与金融中心，上海雄厚的经济基础、合理的产业结构、蓬勃的和“五个市场活力和开放的社会文化为本公司业绩的持续提升奠定了坚实基础，“长三角一体化”国家战略、上海“五个中心”建设机遇更为本公司提供了广阔的发展空间。,601825.SH,14,报告页码,,正文,601825.SH_沪农商行_2025_管理层讨论与分析.pdf
MDAF0004627,沪农商行,核心竞争力,2025,“五个中心”是指国际经济、金融、贸易、航运、科技创新五个中心。,601825.SH,15,报告页码,,正文,601825.SH_沪农商行_2025_管理层讨论与分析.pdf
MDAF0004628,沪农商行,核心竞争力,2025,“五个新城”是指上海市嘉定、青浦、松江、奉贤、南汇五个新城。,601825.SH,15,报告页码,,正文,601825.SH_沪农商行_2025_管理层讨论与分析.pdf
MDAF0004629,沪农商行,核心竞争力,2025,优势突出的综合服务。,601825.SH,15,报告页码,,正文,601825.SH_沪农商行_2025_管理层讨论与分析.pdf
MDAF0004630,沪农商行,核心竞争力,2025,在上海市108个乡镇中，本公司布设网点的乡镇基本实现全覆盖。,601825.SH,15,报告页码,,正文,601825.SH_沪农商行_2025_管理层讨论与分析.pdf
MDAF0004631,沪农商行,核心竞争力,2025,成熟完善的公司治理。,601825.SH,15,报告页码,,正文,601825.SH_沪农商行_2025_管理层讨论与分析.pdf
MDAF0004632,沪农商行,核心竞争力,2025,持续发展的零售业务。,601825.SH,15,报告页码,,正文,601825.SH_沪农商行_2025_管理层讨论与分析.pdf
MDAF0004633,沪农商行,核心竞争力,2025,新城”广泛扎实的客户基础。,601825.SH,15,报告页码,,正文,601825.SH_沪农商行_2025_管理层讨论与分析.pdf
MDAF0004634,沪农商行,核心竞争力,2025,本公司与当地政府和企业保持着紧密的合作关系，同时，依托面向上海市的工会服务卡，零售客户范围覆盖了上海市主要大中型企业（集团）及事业单位职工。,601825.SH,15,报告页码,,正文,601825.SH_沪农商行_2025_管理层讨论与分析.pdf
MDAF0004635,沪农商行,核心竞争力,2025,本公司始终坚持“诚信、责任、创新、共赢”的核心价值观，“尚德尚善、惠城惠民、至精至勤、共愿共美”的企业文化核心精神，培育形成了优秀的企业文化，员工队伍的凝聚力和向心力不断增强。,601825.SH,15,报告页码,,正文,601825.SH_沪农商行_2025_管理层讨论与分析.pdf
MDAF0004636,沪农商行,核心竞争力,2025,本公司始终坚持稳健的风险管理原则，建立起较为完备的、多层次的全面风险管理体系，具有清晰的风险策略、风险偏好和风险限额，不断提升数字驱动风控水平，不良贷款率保持在行业较低水平。,601825.SH,15,报告页码,,正文,601825.SH_沪农商行_2025_管理层讨论与分析.pdf
MDAF0004637,沪农商行,核心竞争力,2025,本公司扎根上海逾70年，尤其是在市郊地区，网点覆盖面广，客户沉淀率和忠诚度高，有较强的竞争优势。,601825.SH,15,报告页码,,正文,601825.SH_沪农商行_2025_管理层讨论与分析.pdf
MDAF0004638,沪农商行,核心竞争力,2025,本公司明确将零售金融作为战略“主战场”，举全行之力优先发展零售业务，深耕目标客群，发力财富管理和个人信贷两大重点业务，积极推进专业化经营和网点转型，发挥人才和科技两个支撑能力，实现零售业务贡献的较快增长。,601825.SH,15,报告页码,,正文,601825.SH_沪农商行_2025_管理层讨论与分析.pdf
MDAF0004639,沪农商行,核心竞争力,2025,本公司是全国农金系统中最早开展金融市场、投资银行和跨境业务的机构之一，业务资格较为齐全，交易活跃度始终保持市场前列，使本公司具备向客户提供高效的投融资综合金融服务的能力。,601825.SH,15,报告页码,,正文,601825.SH_沪农商行_2025_管理层讨论与分析.pdf
MDAF0004640,沪农商行,核心竞争力,2025,本公司积极响应国家号召，以“服务三农、服务小微、服务科创、服务社区居民”作为立行之本，依托自身的经营属地化、客户普惠化、服务专业化等优势，坚持“定位向下、服务向细”，全力做好普惠金融赋能社会治理，健全普惠金融服务体制机制，创新特色服务产品与服务模式，扎实推进普惠金融服务。,601825.SH,15,报告页码,,正文,601825.SH_沪农商行_2025_管理层讨论与分析.pdf
MDAF0004641,沪农商行,核心竞争力,2025,本公司股权结构清晰均衡，拥有央企、地方国有企业、民营企业、自然人等“利益多元、有效制衡、协调运转”的股权结构，建立了较为完善的公司治理架构，坚持市场化的选人用人和激励机制，完成高级管理层职业经理人改革，为本公司的长远发展奠定了坚实、稳固的基础。,601825.SH,15,报告页码,,正文,601825.SH_沪农商行_2025_管理层讨论与分析.pdf
MDAF0004642,沪农商行,核心竞争力,2025,深厚优秀的企业文化。,601825.SH,15,报告页码,,正文,601825.SH_沪农商行_2025_管理层讨论与分析.pdf
MDAF0004643,沪农商行,核心竞争力,2025,特色鲜明的普惠金融。,601825.SH,15,报告页码,,正文,601825.SH_沪农商行_2025_管理层讨论与分析.pdf
MDAF0004644,沪农商行,核心竞争力,2025,稳健优质的资产质量。,601825.SH,15,报告页码,,正文,601825.SH_沪农商行_2025_管理层讨论与分析.pdf
MDAF0004645,紫金银行,核心竞争力,14,不断完善公司治理机制建设，强化股东股权管理，规范关联交易，严格信息披露，积极维护投资者关系，建立和完善ESG 管理体系，提升公司治理质效。,601860.SH,2,报告页码,（二）公司治理规范有序。公司坚持党建引领，推动党的领导和公司治理有机融合，有效发,正文,601860.SH_紫金银行_2025_管理层讨论与分析.pdf
MDAF0004646,紫金银行,核心竞争力,14,依托大数据风控技术不断探索智能风控，重点就信用风险、市场风险、流动性风险、操作风险等风险领域防范力量进行强化巩固，进一步完善全面风险管理机制。,601860.SH,2,报告页码,（四）强化全面风险管理。公司已建成全面风险控制体系，制定风险偏好、风险限额体系，,正文,601860.SH_紫金银行_2025_管理层讨论与分析.pdf
MDAF0004647,紫金银行,核心竞争力,14,公司坚持人本关怀的责任意识，弘扬倡导“家文化”，努力为年轻员工创造学习提高的平台，畅通转岗晋升的通道，为困难员工提供尽心负责的帮扶，为退休员工提供节日年关的慰问，让全体员工都能享受到大家庭的温馨。,601860.SH,2,报告页码,（六）企业文化深耕厚植。公司坚持“能者上、平者让、庸者下”的用人理念，常态化组织,正文,601860.SH_紫金银行_2025_管理层讨论与分析.pdf
MDAF0004648,紫金银行,核心竞争力,14,公开竞聘，让优秀人才走上前，为提高干部队伍人岗适配度，调动全员干事创业积极性构筑机制基础。,601860.SH,2,报告页码,（六）企业文化深耕厚植。公司坚持“能者上、平者让、庸者下”的用人理念，常态化组织,正文,601860.SH_紫金银行_2025_管理层讨论与分析.pdf
MDAF0004649,紫金银行,核心竞争力,14,务，持续深入研发、数据与运维三大领域，开展技术赋能、业务创新与系统保障。,601860.SH,2,报告页码,（五）金融科技持续赋能。公司积极推进数字化转型，坚持以数据驱动营销，以技术提升服,正文,601860.SH_紫金银行_2025_管理层讨论与分析.pdf
MDAF0004650,紫金银行,核心竞争力,14,同时，坚持制度约束与合规文化培育相结合的长效合规管理理念，落实“依规治行，从严治行”要求，发挥金融科技系统对案防工作的有效支撑作用，风险管理基础不断夯实。,601860.SH,2,报告页码,（四）强化全面风险管理。公司已建成全面风险控制体系，制定风险偏好、风险限额体系，,正文,601860.SH_紫金银行_2025_管理层讨论与分析.pdf
MDAF0004651,紫金银行,核心竞争力,14,固树立以人民为中心的发展思想，深耕区域本土，服务城乡居民，聚焦主责主业，持续优化普惠金融产品与服务，加大重点领域信贷支持，增强金融服务实体经济能力，不断强化区域农村金融市场主力军作用。,601860.SH,2,报告页码,（三）坚守金融服务定位。公司始终坚守“服务三农、服务中小、服务城乡”市场定位，牢,正文,601860.SH_紫金银行_2025_管理层讨论与分析.pdf
MDAF0004652,紫金银行,核心竞争力,14,开展“两优一先、巾帼榜样、青年标兵”等评选，持续加大对典型标杆的选树和宣传。,601860.SH,2,报告页码,（六）企业文化深耕厚植。公司坚持“能者上、平者让、庸者下”的用人理念，常态化组织,正文,601860.SH_紫金银行_2025_管理层讨论与分析.pdf
MDAF0004653,紫金银行,核心竞争力,14,挥党委把方向、管大局、保落实作用。,601860.SH,2,报告页码,（二）公司治理规范有序。公司坚持党建引领，推动党的领导和公司治理有机融合，有效发,正文,601860.SH_紫金银行_2025_管理层讨论与分析.pdf
MDAF0004654,紫金银行,核心竞争力,14,聚焦营销展业、合规风控与内部运营的数字化转型，通过数据治理、数据共享、数据可视化应用释放数据要素潜能，通过数据中台、营销中台、风控中台激发数字化经营动能，通过线上渠道创新与智慧厅堂实现渠道融合发展，通过人工智能与RPA 技术提升内部管理运营效率。,601860.SH,2,报告页码,（五）金融科技持续赋能。公司积极推进数字化转型，坚持以数据驱动营销，以技术提升服,正文,601860.SH_紫金银行_2025_管理层讨论与分析.pdf
MDAF0004655,紫金银行,核心竞争力,14,量发展新形势，较好实现与地方经济同频共振，发展成果更多惠及本地居民。,601860.SH,2,报告页码,（一）区域经济稳定发展。公司总部位于江苏南京，作为地方法人银行，主动融入地方高质,正文,601860.SH_紫金银行_2025_管理层讨论与分析.pdf
MDAF0004656,中金公司,核心竞争力,38,公司与客户建立长期合作，并致力为其提供全面的产品和服务。,601995.SH,4,报告页码,（二） 高质量的客户基础,正文,601995.SH_中金公司_2025_管理层讨论与分析.pdf
MDAF0004657,中金公司,核心竞争力,38,公司凭借优良的服务质量和专业的服务能力，形成了深厚的客户积累，广泛覆盖了国民经济和资本市场中发挥重要作用的大型企业、优秀的成长企业、专业的机构客户与持续增长的财富客户。,601995.SH,4,报告页码,（二） 高质量的客户基础,正文,601995.SH_中金公司_2025_管理层讨论与分析.pdf
MDAF0004658,中金公司,核心竞争力,38,公司凭借对全球资本市场发展动态的敏锐洞察，前瞻性地布局各项业务。,601995.SH,4,报告页码,（三） 发展均衡的业务布局,正文,601995.SH_中金公司_2025_管理层讨论与分析.pdf
MDAF0004659,中金公司,核心竞争力,38,公司在金融服务行业树立了优良的品牌形象。,601995.SH,4,报告页码,（一） 优良的品牌形象,正文,601995.SH_中金公司_2025_管理层讨论与分析.pdf
MDAF0004660,中金公司,核心竞争力,38,公司境内外业务无缝衔接，团队同时具备境内和境外业务经验，拥有境内及境外若干地区的从业资格。,601995.SH,4,报告页码,（四） 突出的跨境业务能力,正文,601995.SH_中金公司_2025_管理层讨论与分析.pdf
MDAF0004661,中金公司,核心竞争力,38,公司拥有高质量、广泛深厚的客户基础。,601995.SH,4,报告页码,（二） 高质量的客户基础,正文,601995.SH_中金公司_2025_管理层讨论与分析.pdf
MDAF0004662,中金公司,核心竞争力,38,公司良好的品牌声誉和专业进取、精益求精的核心价值观，使得公司在保持现有员工和客户稳定的基础上，能够不断汇聚优秀人才、吸引新客户，拓展业务范围并赢得重要商机。,601995.SH,4,报告页码,（一） 优良的品牌形象,正文,601995.SH_中金公司_2025_管理层讨论与分析.pdf
MDAF0004663,中金公司,核心竞争力,38,公司通过提供综合、优质的境内外服务，满足客户复杂多样的业务需求。,601995.SH,4,报告页码,（二） 高质量的客户基础,正文,601995.SH_中金公司_2025_管理层讨论与分析.pdf
MDAF0004664,中金公司,核心竞争力,38,凭借较早的国际化布局，公司形成了突出的跨境业务能力，具有领先的跨境业务市场地位，较好发挥了服务跨境资本往来、推动金融市场双向开放的积极作用。,601995.SH,4,报告页码,（四） 突出的跨境业务能力,正文,601995.SH_中金公司_2025_管理层讨论与分析.pdf
MDAF0004665,中金公司,核心竞争力,38,品牌培育和文化建设是公司持续强化市场领先地位的重要举措。,601995.SH,4,报告页码,（一） 优良的品牌形象,正文,601995.SH_中金公司_2025_管理层讨论与分析.pdf
MDAF0004666,中金公司,核心竞争力,38,国际布局方面，公司建立了覆盖中国香港、纽约、伦敦、新加坡、法兰克福、东京、越南、迪拜在内的国际网络，并充分调动境内外的研究、团队、产品等资源，为客户提供一站式的跨境服务。,601995.SH,4,报告页码,（四） 突出的跨境业务能力,正文,601995.SH_中金公司_2025_管理层讨论与分析.pdf
MDAF0004667,中金公司,核心竞争力,38,在此背景下，中金公司紧密围绕科技创新、绿色发展等国家重点部署领域，持续巩固投资银行、股票业务、固定收益等传统业务优势；同时，提早布局新赛道，推动以资产管理、私募股权及财富管理为代表的新兴业务稳步发展。,601995.SH,4,报告页码,（三） 发展均衡的业务布局,正文,601995.SH_中金公司_2025_管理层讨论与分析.pdf
MDAF0004668,中金公司,核心竞争力,38,多年来，公司在维持高标准执业的同时，积极参与资本市场改革和制度建设，激发业务创新活力，多项业务连续多年处于领先地位。,601995.SH,4,报告页码,（一） 优良的品牌形象,正文,601995.SH_中金公司_2025_管理层讨论与分析.pdf
MDAF0004669,中金公司,核心竞争力,38,自设立之初，公司即借鉴市场最佳实践，秉承“植根中国、融通世界”的经营理念，在境内外赢得了稳固的市场声誉。,601995.SH,4,报告页码,（一） 优良的品牌形象,正文,601995.SH_中金公司_2025_管理层讨论与分析.pdf
MDAF0004670,中金公司,核心竞争力,38,跨境业务方面，公司长期服务于中资企业的“走出去”，产业资本、金融资本的“引进来”，在中资企业境外IPO、境外债发行、跨境并购等领域取得了一定优势地位，在跨境交易、互联互通等新兴领域保持良好发展势头，为巩固提升香港国际金融中心地位、推动高质量共建“一带一路”贡献力量，在国际资本市场赢得更多话语权和定价权。,601995.SH,4,报告页码,（四） 突出的跨境业务能力,正文,601995.SH_中金公司_2025_管理层讨论与分析.pdf
MDAF0004671,中金公司,核心竞争力,38,近年来资本市场持续加大高水平对外开放，国际化、机构化、财富管理转型持续加速。,601995.SH,4,报告页码,（三） 发展均衡的业务布局,正文,601995.SH_中金公司_2025_管理层讨论与分析.pdf
MDAF0004672,中金公司,核心竞争力,39,中金研究院与研究部双轮驱动，为促进经济发展和社会发展提供全方位的研究支持。,601995.SH,5,报告页码,（五） 领先和具有影响力的研究,正文,601995.SH_中金公司_2025_管理层讨论与分析.pdf
MDAF0004673,中金公司,核心竞争力,39,公司于2020年设立了中金研究院，专注于公共政策研究，致力于打造新时代的新型智库。,601995.SH,5,报告页码,（五） 领先和具有影响力的研究,正文,601995.SH_中金公司_2025_管理层讨论与分析.pdf
MDAF0004674,中金公司,核心竞争力,39,公司充分抓住中国金融科技蓬勃发展的优势条件，积极与中国领先的科技企业开展战略合作，以数据和技术拓展新产品、新业务、新模式。,601995.SH,5,报告页码,（八） 先进的信息技术能力,正文,601995.SH_中金公司_2025_管理层讨论与分析.pdf
MDAF0004675,中金公司,核心竞争力,39,公司具有完善的信息技术管理架构和业界领先的自主研发能力。,601995.SH,5,报告页码,（八） 先进的信息技术能力,正文,601995.SH_中金公司_2025_管理层讨论与分析.pdf
MDAF0004676,中金公司,核心竞争力,39,公司坚持“两个一以贯之”，逐步完善中国特色现代国有企业制度，并结合国际成熟市场经验建立起相应的业务模式和管理流程，确保管理的高效、合理。,601995.SH,5,报告页码,（七） 高效的管理模式和审慎的风险管理机制,正文,601995.SH_中金公司_2025_管理层讨论与分析.pdf
MDAF0004677,中金公司,核心竞争力,39,公司将以信息技术为基础持续推动业务发展。,601995.SH,5,报告页码,（八） 先进的信息技术能力,正文,601995.SH_中金公司_2025_管理层讨论与分析.pdf
MDAF0004678,中金公司,核心竞争力,39,公司拥有一支国际化、富有才干和经验丰富的研究团队，通过覆盖全球市场的研究平台为境内外客户提供客观、独立、严谨和专业的研究服务。,601995.SH,5,报告页码,（五） 领先和具有影响力的研究,正文,601995.SH_中金公司_2025_管理层讨论与分析.pdf
MDAF0004679,中金公司,核心竞争力,39,公司拥有具备全球视角、勇于开拓的高级管理团队，拥有遍布境内外、具备全牌照执业能力的优质员工队伍。,601995.SH,5,报告页码,（六） 优秀的管理层和高素质的员工队伍,正文,601995.SH_中金公司_2025_管理层讨论与分析.pdf
MDAF0004680,中金公司,核心竞争力,39,公司拥有高效、合理的管理模式和全面、审慎的风险管理机制。,601995.SH,5,报告页码,（七） 高效的管理模式和审慎的风险管理机制,正文,601995.SH_中金公司_2025_管理层讨论与分析.pdf
MDAF0004681,中金公司,核心竞争力,39,公司构建的基础交易、产品和服务、风控和运营管理三大基础技术体系，能够为客户提供全流程、端到端的复杂金融产品服务，以及全球范围内全方位的业务运营和管理能力支持。,601995.SH,5,报告页码,（八） 先进的信息技术能力,正文,601995.SH_中金公司_2025_管理层讨论与分析.pdf
MDAF0004682,中金公司,核心竞争力,39,公司的研究能力获得了具有国际影响力机构的广泛认可，连续多年被《亚洲货币》评为“中国研究（第一名）”、被《Extel》（原《机构投资者》）授予“大中华区最佳分析师团队奖（第一名）”。,601995.SH,5,报告页码,（五） 领先和具有影响力的研究,正文,601995.SH_中金公司_2025_管理层讨论与分析.pdf
MDAF0004683,中金公司,核心竞争力,39,公司研究团队对中国企业和各行各业深入的了解、透彻的分析和独特的见解为公司赢得了“中国专家”的声誉。,601995.SH,5,报告页码,（五） 领先和具有影响力的研究,正文,601995.SH_中金公司_2025_管理层讨论与分析.pdf
MDAF0004684,中金公司,核心竞争力,39,公司视信息技术为公司竞争力的核心组成部分。,601995.SH,5,报告页码,（八） 先进的信息技术能力,正文,601995.SH_中金公司_2025_管理层讨论与分析.pdf
MDAF0004685,中金公司,核心竞争力,39,公司采用先进技术自主研发的核心业务系统及平台，稳健运营、业内领先。,601995.SH,5,报告页码,（八） 先进的信息技术能力,正文,601995.SH_中金公司_2025_管理层讨论与分析.pdf
MDAF0004686,中金公司,核心竞争力,39,公司高级管理团队始终秉承“植根中国，融通世界”的理念，不断将先进的管理经验与我国的金融改革实践相结合，勇于率先开发新产品，敢于大力开拓新市场。,601995.SH,5,报告页码,（六） 优秀的管理层和高素质的员工队伍,正文,601995.SH_中金公司_2025_管理层讨论与分析.pdf
MDAF0004687,中金公司,核心竞争力,39,公司高级管理团队成员大多来自于知名的境内外金融机构，具备全球化的视角；同时，公司高级管理团队成员均经历了我国证券行业发展的主要阶段和多个周期，对于境内外资本市场及证券行业有着丰富的经验和深刻的理解。,601995.SH,5,报告页码,（六） 优秀的管理层和高素质的员工队伍,正文,601995.SH_中金公司_2025_管理层讨论与分析.pdf
MDAF0004688,中金公司,核心竞争力,39,凭借着卓越的品牌和优质的平台带来的号召力，公司吸引了来自境内外知名大学的优秀毕业生，为公司境内外的分支机构源源不断地补充优质人才。,601995.SH,5,报告页码,（六） 优秀的管理层和高素质的员工队伍,正文,601995.SH_中金公司_2025_管理层讨论与分析.pdf
MDAF0004689,中金公司,核心竞争力,39,凭借着完善的员工培养和培训体系，公司为不同层级、不同岗位的员工提供全方位、系统性的培训，能够持续提升员工专业能力，赋予员工全牌照执业能力。,601995.SH,5,报告页码,（六） 优秀的管理层和高素质的员工队伍,正文,601995.SH_中金公司_2025_管理层讨论与分析.pdf
MDAF0004690,中金公司,核心竞争力,39,同时，公司始终坚持并不断夯实“全员、全程、全覆盖、穿透式”的风控合规体系和运行机制，实现了母公司对境内外子公司及分支机构的一体化穿透管理，以及对集团内同一业务、同一客户的统一风险管控，确保公司可形成集中、有效的业务管理和风控支持效应，统一决策、管理和调度资源，保障了业务的平稳有序开展和风控体系的稳健运行。,601995.SH,5,报告页码,（七） 高效的管理模式和审慎的风险管理机制,正文,601995.SH_中金公司_2025_管理层讨论与分析.pdf
MDAF0004691,中金公司,核心竞争力,39,研究是公司业务的重要基础。,601995.SH,5,报告页码,（五） 领先和具有影响力的研究,正文,601995.SH_中金公司_2025_管理层讨论与分析.pdf
MDAF0004692,中金公司,核心竞争力,39,近年来，随着信息技术的不断进步，公司亦加大资本投入、重视人才培养和能力建设，持续优化组织架构和运作模式，积极研究并探索新技术在投资银行各业务领域的应用，促进业务和技术融合。,601995.SH,5,报告页码,（八） 先进的信息技术能力,正文,601995.SH_中金公司_2025_管理层讨论与分析.pdf
MDAF0004693,中金公司,核心竞争力,39,通过上述措施打造的优质员工队伍，是公司保持快速、健康、稳健发展的基础保障。,601995.SH,5,报告页码,（六） 优秀的管理层和高素质的员工队伍,正文,601995.SH_中金公司_2025_管理层讨论与分析.pdf
MDAF0004694,南华期货,业务概要,21,公司从事的主要业务为：期货经纪业务、财富管理业务、风险管理业务、境外金融服务业务及期货投资咨询业务等。,603093.SH,1,报告页码,,正文,603093.SH_南华期货_2025_管理层讨论与分析.pdf
MDAF0004695,南华期货,业务概要,21,公司开展场外衍生品业务是指与客户进行场外期权、互换等场外衍生品交易的同时，在场内期货、期权市场进行对冲，并获得相应投资收益的业务；基差贸易是指南华资本在购入或者销售现货的同时，在期货、场外衍生品市场进行方向相反的操作以对冲风险，从而获取风险较低的期现结合收益的业务；做市业务是指南华资本按照交易所相关规则，为特定的期货、期权等衍生品合约提供连续报价或者回应报价等服务。,603093.SH,1,报告页码,,正文,603093.SH_南华期货_2025_管理层讨论与分析.pdf
MDAF0004696,南华期货,业务概要,21,公司期货经纪业务分为商品期货经纪业务及金融期货经纪业务。,603093.SH,1,报告页码,,正文,603093.SH_南华期货_2025_管理层讨论与分析.pdf
MDAF0004697,南华期货,业务概要,21,公司根据做市业务模型，在场内市场向市场提供连续报价，在做市合约成交的同时在其他合约上进行对冲，并获得交易所补贴等收入，通过不同的交易实现一定的投资收益。,603093.SH,1,报告页码,,正文,603093.SH_南华期货_2025_管理层讨论与分析.pdf
MDAF0004698,南华期货,业务概要,21,商品期货是指标的物为实物商品的期货合约。,603093.SH,1,报告页码,,正文,603093.SH_南华期货_2025_管理层讨论与分析.pdf
MDAF0004699,南华期货,业务概要,21,商品期货经纪是指期货公司接受客户要求，代理客户进行商品期货交易的业务。,603093.SH,1,报告页码,,正文,603093.SH_南华期货_2025_管理层讨论与分析.pdf
MDAF0004700,南华期货,业务概要,21,期货经纪业务：期货经纪业务是指公司接受客户委托，以自己的名义为客户进行期货交易，交易结果由客户承担的业务。,603093.SH,1,报告页码,,正文,603093.SH_南华期货_2025_管理层讨论与分析.pdf
MDAF0004701,南华期货,业务概要,21,财富管理业务：公司财富管理业务主要分为资产管理业务、公募基金业务及证券投资基金代销业务三部分。,603093.SH,1,报告页码,,正文,603093.SH_南华期货_2025_管理层讨论与分析.pdf
MDAF0004702,南华期货,业务概要,21,资产管理业务主要从事接受单一客户或者特定多个客户的书面委托，根据相关规定和合同约定，运用客户委托资产进行投资，并按照合同约定收取费用或者报酬的业务活动；证券投资基金代销业务是指公司通过公开与非公开方式向投资者推荐、销售由相关机构依法发行的金融产品业务；公募基金业务是指公司通过南华基金开展公募基金募集、销售、资产管理、特定客户资产管理以及中国证监会许可的其他业务。,603093.SH,1,报告页码,,正文,603093.SH_南华期货_2025_管理层讨论与分析.pdf
MDAF0004703,南华期货,业务概要,21,金融期货是指以金融工具为标的物的期货合约。,603093.SH,1,报告页码,,正文,603093.SH_南华期货_2025_管理层讨论与分析.pdf
MDAF0004704,南华期货,业务概要,21,金融期货经纪是指代理客户进行金融期货交易的业务。,603093.SH,1,报告页码,,正文,603093.SH_南华期货_2025_管理层讨论与分析.pdf
MDAF0004705,南华期货,业务概要,21,风险管理业务：指公司通过南华资本及其子公司提供的场外衍生品业务、基差贸易、做市业务等风险管理服务以及其他与风险管理相关的服务。,603093.SH,1,报告页码,,正文,603093.SH_南华期货_2025_管理层讨论与分析.pdf
MDAF0004706,南华期货,业务概要,22,境外金融服务业务：指公司通过横华国际及其子公司开展境外金融服务，涵盖期货经纪业务、资产管理业务、证券经纪、杠杆式外汇交易、期货投资咨询业务、金融培训、证券投资咨询业务等多个领域。,603093.SH,2,报告页码,,正文,603093.SH_南华期货_2025_管理层讨论与分析.pdf
MDAF0004707,南华期货,业务概要,22,此外，公司还从事为客户投资交易决策提供帮助与支持的期货投资咨询业务等其他业务。,603093.SH,2,报告页码,,正文,603093.SH_南华期货_2025_管理层讨论与分析.pdf
MDAF0004708,南华期货,业务概要,22,不适用。,603093.SH,2,报告页码,,选项,603093.SH_南华期货_2025_管理层讨论与分析.pdf
MDAF0004709,南华期货,核心竞争力,25,2025年，公司紧扣期货行业高质量发展导向，坚守“以衍生品业务为核心的金融服务公司”发展定位，进一步优化业务布局，依托母公司、南华资本、横华国际、南华基金四大核心主体，构建起期货现货、场内场外、公募私募、境内境外、线上线下深度协同的综合金融服务平台。,603093.SH,5,报告页码,（一）业务布局优化协同，综合服务能力持续提升,正文,603093.SH_南华期货_2025_管理层讨论与分析.pdf
MDAF0004710,南华期货,核心竞争力,25,作为上海期货交易所、大连商品交易所、郑州商品交易所、中国金融期货交易所、上海国际能源交易中心、广州期货交易所会员单位，以及上海证券交易所和深圳证券交易所交易参与人，公司依托数字化服务升级，为机构客户、产业客户及零售客户提供全方位、专业化经纪服务。,603093.SH,5,报告页码,（一）业务布局优化协同，综合服务能力持续提升,正文,603093.SH_南华期货_2025_管理层讨论与分析.pdf
MDAF0004711,南华期货,核心竞争力,25,其中，母公司聚焦期货经纪、资产管理、证券投资基金代销等核心主业，夯实业务基础；南华资本及其子公司深耕风险管理领域，契合实体经济精细化风险管理需求；横华国际及其子公司发力境外金融服务，抢抓市场双向开放机遇；南华基金发挥期货系公募特色，完善财富管理布局，有效提升公司整体竞争能力与抗风险能力。,603093.SH,5,报告页码,（一）业务布局优化协同，综合服务能力持续提升,正文,603093.SH_南华期货_2025_管理层讨论与分析.pdf
MDAF0004712,南华期货,核心竞争力,25,期货经纪业务板块，2025年公司结合行业新规与机构客户占比提升的趋势，进一步优化网点布局与资源分配，强化核心区域布局，在全国拥有合理分布的分公司和营业部网点。,603093.SH,5,报告页码,（一）业务布局优化协同，综合服务能力持续提升,正文,603093.SH_南华期货_2025_管理层讨论与分析.pdf
MDAF0004713,南华期货,核心竞争力,25,适用。,603093.SH,5,报告页码,,选项,603093.SH_南华期货_2025_管理层讨论与分析.pdf
MDAF0004714,南华期货,核心竞争力,26,以清算会员资质为核心的境外布局，夯实了公司境外期货业务的长期发展基础，构筑了行业内的差异化竞争壁垒。,603093.SH,6,报告页码,（二）全球化资质业务升级，筑造境外业务竞争优势,正文,603093.SH_南华期货_2025_管理层讨论与分析.pdf
MDAF0004715,南华期货,核心竞争力,26,作为期货行业上市公司，2025年公司各项业务牌照布局持续完善，通过不同业务之间的资源整合与协作发展，形成“境内筑基、境外突破”的双轮驱动格局，有效提升公司整体竞争能力和抗风险能力，实现盈利规模与质量同步提升。,603093.SH,6,报告页码,（一）业务布局优化协同，综合服务能力持续提升,正文,603093.SH_南华期货_2025_管理层讨论与分析.pdf
MDAF0004716,南华期货,核心竞争力,26,作为较早完成全球核心市场清算会员资质布局的中资期货机构，公司率先在境外市场形成了较为完善的期货服务网络，能够及时捕捉全球衍生品市场的业务机会，更好地适应不同地区的监管要求与市场特点。,603093.SH,6,报告页码,（二）全球化资质业务升级，筑造境外业务竞争优势,正文,603093.SH_南华期货_2025_管理层讨论与分析.pdf
MDAF0004717,南华期货,核心竞争力,26,依托亚、美、欧核心金融市场的清算会员资质，公司可覆盖不同时区的期货交易市场，满足客户全天候的跨境交易与资产配置需求，进一步拓宽了境外客群覆盖范围，尤其为“走出去” 的中国产业客户、金融机构提供了适配的跨境期货服务。,603093.SH,6,报告页码,（二）全球化资质业务升级，筑造境外业务竞争优势,正文,603093.SH_南华期货_2025_管理层讨论与分析.pdf
MDAF0004718,南华期货,核心竞争力,26,其中，南华基金作为国内首家由期货公司全资控股的公募基金管理公司，充分发挥公司在期货及衍生品方面的专业优势，稳步推进相关业务拓展，逐步发展成为公司在财富管理领域的重要抓手；资产管理业务与经纪业务、证券投资基金代销业务逐步形成业务协同，紧跟市场创新趋势，通过优化策略布局，为客户提供多元化财富管理服务。,603093.SH,6,报告页码,（一）业务布局优化协同，综合服务能力持续提升,正文,603093.SH_南华期货_2025_管理层讨论与分析.pdf
MDAF0004719,南华期货,核心竞争力,26,同时，清算会员资质对应的交易所核心资源对接能力，让公司在跨境期货业务的专业度与服务深度上形成优势，不仅提升了公司在国际衍生品市场的参与度，也为后续境外业务的持续拓展与创新注入发展动能，保障了境外期货业务发展的持续性与稳定性。,603093.SH,6,报告页码,（二）全球化资质业务升级，筑造境外业务竞争优势,正文,603093.SH_南华期货_2025_管理层讨论与分析.pdf
MDAF0004720,南华期货,核心竞争力,26,同时，清算会员资质的持有，也让公司在风险管控、资金管理等环节能够更好地匹配境外客户的跨境风险管理需求，形成差异化的服务能力。,603093.SH,6,报告页码,（二）全球化资质业务升级，筑造境外业务竞争优势,正文,603093.SH_南华期货_2025_管理层讨论与分析.pdf
MDAF0004721,南华期货,核心竞争力,26,基差贸易深度贴合产业链上下游需求，精准赋能实体企业风险管理；场外衍生品业务通过“产品创新+场景拓展”驱动规模增长，可精准提供差异化风险管理服务方案，满足各类机构和投资者的多元需求；持续深化“保险+期货”创新服务模式，助力乡村振兴，践行社会责任；同时持续拓展做市业务广度，积极履行做市义务，助力提升市场流动性。,603093.SH,6,报告页码,（一）业务布局优化协同，综合服务能力持续提升,正文,603093.SH_南华期货_2025_管理层讨论与分析.pdf
MDAF0004722,南华期货,核心竞争力,26,境外清算会员资质的系统性布局，为公司境外期货业务形成一定的先发优势，核心推动跨境服务能力的全方位升级。,603093.SH,6,报告页码,（二）全球化资质业务升级，筑造境外业务竞争优势,正文,603093.SH_南华期货_2025_管理层讨论与分析.pdf
MDAF0004723,南华期货,核心竞争力,26,境外金融服务业务板块，横华国际进一步巩固了在中国香港、芝加哥、新加坡、伦敦四大国际化金融中心布局，覆盖亚洲、北美、欧洲三大时区，具备期货、证券、资管、外汇等牌照，可开展经纪、结算、资产管理等业务。,603093.SH,6,报告页码,（一）业务布局优化协同，综合服务能力持续提升,正文,603093.SH_南华期货_2025_管理层讨论与分析.pdf
MDAF0004724,南华期货,核心竞争力,26,此外，清算业务与经纪、资管等境外业务的协同，有效提升了客户服务的综合性与粘性，助力境外期货业务实现高质量稳定发展。,603093.SH,6,报告页码,（二）全球化资质业务升级，筑造境外业务竞争优势,正文,603093.SH_南华期货_2025_管理层讨论与分析.pdf
MDAF0004725,南华期货,核心竞争力,26,清算会员资质的全球化覆盖，为公司境外期货业务的规模拓展与结构优化奠定基础。,603093.SH,6,报告页码,（二）全球化资质业务升级，筑造境外业务竞争优势,正文,603093.SH_南华期货_2025_管理层讨论与分析.pdf
MDAF0004726,南华期货,核心竞争力,26,目前，公司全球主流期货交易所清算会员覆盖面远超同行业多数机构，不断强化为“走出去”中国企业提供跨境风险管理与资产配置服务的能力。,603093.SH,6,报告页码,（一）业务布局优化协同，综合服务能力持续提升,正文,603093.SH_南华期货_2025_管理层讨论与分析.pdf
MDAF0004727,南华期货,核心竞争力,26,财富管理业务方面，公司已具备公募基金、资产管理、证券投资基金代销业务牌照，构建了完善的财富管理业务体系。,603093.SH,6,报告页码,（一）业务布局优化协同，综合服务能力持续提升,正文,603093.SH_南华期货_2025_管理层讨论与分析.pdf
MDAF0004728,南华期货,核心竞争力,26,通过获取全球主流交易所的清算会员资质，公司实现了交易与清算业务的一体化运作，可直接对接交易所清算体系，为客户提供从交易委托到资金结算的全流程服务，有效减少中间环节，提升跨境交易的效率与稳定性。,603093.SH,6,报告页码,（二）全球化资质业务升级，筑造境外业务竞争优势,正文,603093.SH_南华期货_2025_管理层讨论与分析.pdf
MDAF0004729,南华期货,核心竞争力,26,风险管理业务板块，2025年南华资本紧扣《期货和衍生品法》配套法规及中期协相关业务规则要求，重点开展基差贸易、场外衍生品和做市业务，持续深化业务创新。,603093.SH,6,报告页码,（一）业务布局优化协同，综合服务能力持续提升,正文,603093.SH_南华期货_2025_管理层讨论与分析.pdf
MDAF0004730,南华期货,核心竞争力,27,2025年，公司作为期货行业首家A 股上市公司，于12月22日正式在香港联合交易所主板挂牌上市，成功实现“A+H”双资本平台落地，成为行业内具备境内外双重资本市场布局的企业之一。,603093.SH,7,报告页码,（三）双资本平台落地，行业影响力持续提升,正文,603093.SH_南华期货_2025_管理层讨论与分析.pdf
MDAF0004731,南华期货,核心竞争力,27,2025年，公司持续依托稳定的核心管理团队，应对行业强监管、高竞争的市场环境，引领公司实现稳步发展。,603093.SH,7,报告页码,（四）核心管理团队稳固，夯实公司稳健发展根基,正文,603093.SH_南华期货_2025_管理层讨论与分析.pdf
MDAF0004732,南华期货,核心竞争力,27,2025年，公司持续深化科技与业务的深度融合，依托十余年技术沉淀构建起行业领先的金融科技体系，成为支撑公司多元业务协同发展、提升核心竞争力的重要引擎。,603093.SH,7,报告页码,（五）金融科技深度赋能，驱动业务高效创新发展,正文,603093.SH_南华期货_2025_管理层讨论与分析.pdf
MDAF0004733,南华期货,核心竞争力,27,为配合业务发展及客户需求升级，公司围绕各核心业务线，持续迭代优化产品与系统，推动科技与业务深度融合、协同发展，多个项目获得行业权威奖项及优秀实践案例。,603093.SH,7,报告页码,（五）金融科技深度赋能，驱动业务高效创新发展,正文,603093.SH_南华期货_2025_管理层讨论与分析.pdf
MDAF0004734,南华期货,核心竞争力,27,依托在数据、技术及业务系统数字化等领域的长期积累，以及兼具金融专业素养与科技研发能力的复合型专业技术团队，公司在行业竞争中不断强化技术优势。,603093.SH,7,报告页码,（五）金融科技深度赋能，驱动业务高效创新发展,正文,603093.SH_南华期货_2025_管理层讨论与分析.pdf
MDAF0004735,南华期货,核心竞争力,27,全年公司通过及时、准确、全面的信息披露，依托投资者关系互动平台、业绩说明会、调研交流会等多种渠道，深化与境内外资本市场的沟通对接，充分展示公司整体实力、业务布局及发展潜力，有效提升公司整体品牌形象与行业影响力。,603093.SH,7,报告页码,（三）双资本平台落地，行业影响力持续提升,正文,603093.SH_南华期货_2025_管理层讨论与分析.pdf
MDAF0004736,南华期货,核心竞争力,27,公司推出南华投研通、南华研究小程序等服务载体，上线NHTD5 系统，有效支撑相关业务高效开展；同时，打造新一代智能化数据底座与AI 大模型底座，实现数据治理、开发与应用的良性循环，推动大模型在多个业务场景落地应用。,603093.SH,7,报告页码,（五）金融科技深度赋能，驱动业务高效创新发展,正文,603093.SH_南华期货_2025_管理层讨论与分析.pdf
MDAF0004737,南华期货,核心竞争力,27,公司高管团队延续从业时间长、管理经验丰富、人员稳定、业务能力强的核心优势，拥有深厚的行业资历，精准把握2025年期货行业规范化、专业化、国际化的发展趋势，深刻理解市场波动、监管政策变化及各类客户的核心需求，结合公司“A+H”双平台布局与境外业务增长态势，制定贴合行业趋势与公司实际的发展战略，推动业务结构优化、创新能力提升与国际化布局深化。,603093.SH,7,报告页码,（四）核心管理团队稳固，夯实公司稳健发展根基,正文,603093.SH_南华期货_2025_管理层讨论与分析.pdf
MDAF0004738,南华期货,核心竞争力,27,同时也为巩固境外业务优势、拓展全球合作网络提供了坚实支撑，助力公司抢抓期货市场高水平对外开放机遇，契合行业高质量发展的政策导向与市场趋势。,603093.SH,7,报告页码,（三）双资本平台落地，行业影响力持续提升,正文,603093.SH_南华期货_2025_管理层讨论与分析.pdf
MDAF0004739,南华期货,核心竞争力,27,同时，管理团队始终坚持合规经营、稳健发展理念，有效防范各类业务风险，确保公司在复杂市场环境中平稳、快速成长，为公司核心业务突破与可持续发展提供了坚实保障。,603093.SH,7,报告页码,（四）核心管理团队稳固，夯实公司稳健发展根基,正文,603093.SH_南华期货_2025_管理层讨论与分析.pdf
MDAF0004740,南华期货,核心竞争力,27,本次港股上市募资全部用于强化横华国际及其境外子公司资本基础，为境外业务拓展提供坚实资金支撑。,603093.SH,7,报告页码,（三）双资本平台落地，行业影响力持续提升,正文,603093.SH_南华期货_2025_管理层讨论与分析.pdf
MDAF0004741,南华期货,核心竞争力,27,结合2025年期货行业数字化转型趋势，公司优化升级金融科技发展战略，坚守“以云计算为基础、以数据治理为抓手、以自研创新为主要手段、以智能化为目标”的核心导向，持续推进业务创新与技术创新双轮驱动，将科技赋能贯穿各业务全流程，助力提升服务效率与产品竞争力，更好满足境内外多元客户的差异化需求。,603093.SH,7,报告页码,（五）金融科技深度赋能，驱动业务高效创新发展,正文,603093.SH_南华期货_2025_管理层讨论与分析.pdf
MDAF0004742,南华期货,核心竞争力,27,自2011年成立软件部以来，经过多年的培育与发展，公司已打造一支技术领先、经验丰富、队伍稳定的专业化科技团队，形成完善的研发、运维与创新体系。,603093.SH,7,报告页码,（五）金融科技深度赋能，驱动业务高效创新发展,正文,603093.SH_南华期货_2025_管理层讨论与分析.pdf
MDAF0004743,南华期货,核心竞争力,28,公司始终坚持合规经营，规范发展的基本原则，在行业内树立了良好的品牌形象，品牌价值不断提升。,603093.SH,8,报告页码,（六）专业服务积淀深厚，市场口碑稳步夯实,正文,603093.SH_南华期货_2025_管理层讨论与分析.pdf
MDAF0004744,南华期货,研发投入,31,"20,958,514.99：-。",603093.SH,11,报告页码,(1).研发投入情况表,表格行,603093.SH_南华期货_2025_管理层讨论与分析.pdf
MDAF0004745,南华期货,研发投入,31,"20,958,514.99：1.51。",603093.SH,11,报告页码,(1).研发投入情况表,表格行,603093.SH_南华期货_2025_管理层讨论与分析.pdf
MDAF0004746,南华期货,研发投入,31,38：12。,603093.SH,11,报告页码,(2).研发人员情况表,表格行,603093.SH_南华期货_2025_管理层讨论与分析.pdf
MDAF0004747,南华期货,研发投入,31,38：26。,603093.SH,11,报告页码,(2).研发人员情况表,表格行,603093.SH_南华期货_2025_管理层讨论与分析.pdf
MDAF0004748,南华期货,研发投入,31,38：3.64。,603093.SH,11,报告页码,(2).研发人员情况表,表格行,603093.SH_南华期货_2025_管理层讨论与分析.pdf
MDAF0004749,南华期货,研发投入,31,38：学历结构人数。,603093.SH,11,报告页码,(2).研发人员情况表,表格行,603093.SH_南华期货_2025_管理层讨论与分析.pdf
MDAF0004750,南华期货,研发投入,31,公司研发人员的数量：学历结构类别。,603093.SH,11,报告页码,(2).研发人员情况表,表格行,603093.SH_南华期货_2025_管理层讨论与分析.pdf
MDAF0004751,南华期货,研发投入,31,公司研发人员的数量：本科。,603093.SH,11,报告页码,(2).研发人员情况表,表格行,603093.SH_南华期货_2025_管理层讨论与分析.pdf
MDAF0004752,南华期货,研发投入,31,公司研发人员的数量：研发人员学历结构。,603093.SH,11,报告页码,(2).研发人员情况表,表格行,603093.SH_南华期货_2025_管理层讨论与分析.pdf
MDAF0004753,南华期货,研发投入,31,公司研发人员的数量：研发人员数量占公司总人数的比例（%）。,603093.SH,11,报告页码,(2).研发人员情况表,表格行,603093.SH_南华期货_2025_管理层讨论与分析.pdf
MDAF0004754,南华期货,研发投入,31,公司研发人员的数量：硕士研究生。,603093.SH,11,报告页码,(2).研发人员情况表,表格行,603093.SH_南华期货_2025_管理层讨论与分析.pdf
MDAF0004755,南华期货,研发投入,31,本期费用化研发投入：本期资本化研发投入。,603093.SH,11,报告页码,(1).研发投入情况表,表格行,603093.SH_南华期货_2025_管理层讨论与分析.pdf
MDAF0004756,南华期货,研发投入,31,本期费用化研发投入：研发投入合计。,603093.SH,11,报告页码,(1).研发投入情况表,表格行,603093.SH_南华期货_2025_管理层讨论与分析.pdf
MDAF0004757,南华期货,研发投入,31,本期费用化研发投入：研发投入总额占营业收入比例（%）。,603093.SH,11,报告页码,(1).研发投入情况表,表格行,603093.SH_南华期货_2025_管理层讨论与分析.pdf
MDAF0004758,南华期货,研发投入,31,本期费用化研发投入：研发投入资本化的比重（%）。,603093.SH,11,报告页码,(1).研发投入情况表,表格行,603093.SH_南华期货_2025_管理层讨论与分析.pdf
MDAF0004759,南华期货,研发投入,31,适用。,603093.SH,11,报告页码,(1).研发投入情况表,选项,603093.SH_南华期货_2025_管理层讨论与分析.pdf
MDAF0004760,南华期货,研发投入,31,适用。,603093.SH,11,报告页码,(2).研发人员情况表,选项,603093.SH_南华期货_2025_管理层讨论与分析.pdf
MDAF0004761,南华期货,研发投入,32,2025年投资活动产生的现金流量净额为-44.02亿元，2024年同期为11.05亿元，较去年同期减少55.07亿元，主要系本年存入定期和购买金融产品增加。,603093.SH,12,报告页码,5、,正文,603093.SH_南华期货_2025_管理层讨论与分析.pdf
MDAF0004762,南华期货,研发投入,32,2025年筹资活动产生的现金流量净额为12.45亿元，2024年同期为-3.82亿元，较去年同期增加16.27亿元，主要系本年H 股首次公开发售募集资金增加。,603093.SH,12,报告页码,5、,正文,603093.SH_南华期货_2025_管理层讨论与分析.pdf
MDAF0004763,南华期货,研发投入,32,2025年，本公司现金及现金等价物的净增加额为37.77亿元，同比减少88.37亿元。,603093.SH,12,报告页码,5、,正文,603093.SH_南华期货_2025_管理层讨论与分析.pdf
MDAF0004764,南华期货,研发投入,32,从结构上看，2025年经营活动产生的现金流量净额为70.03亿元，2024年同期为118.62亿元，较去年同期减少48.59亿元，主要系本期客户交易规模增加导致存放在交易所的资金增加。,603093.SH,12,报告页码,5、,正文,603093.SH_南华期货_2025_管理层讨论与分析.pdf
MDAF0004765,南华期货,研发投入,32,1：19。,603093.SH,12,报告页码,(2).研发人员情况表,表格行,603093.SH_南华期货_2025_管理层讨论与分析.pdf
MDAF0004766,南华期货,研发投入,32,1：年龄结构人数。,603093.SH,12,报告页码,(2).研发人员情况表,表格行,603093.SH_南华期货_2025_管理层讨论与分析.pdf
MDAF0004767,南华期货,研发投入,32,专科：30 岁以下（不含30 岁）。,603093.SH,12,报告页码,(2).研发人员情况表,表格行,603093.SH_南华期货_2025_管理层讨论与分析.pdf
MDAF0004768,南华期货,研发投入,32,专科：30-40 岁（含30 岁，不含40 岁）。,603093.SH,12,报告页码,(2).研发人员情况表,表格行,603093.SH_南华期货_2025_管理层讨论与分析.pdf
MDAF0004769,南华期货,研发投入,32,专科：40-50 岁（含40 岁，不含50 岁）。,603093.SH,12,报告页码,(2).研发人员情况表,表格行,603093.SH_南华期货_2025_管理层讨论与分析.pdf
MDAF0004770,南华期货,研发投入,32,专科：50-60 岁（含50 岁，不含60 岁）。,603093.SH,12,报告页码,(2).研发人员情况表,表格行,603093.SH_南华期货_2025_管理层讨论与分析.pdf
MDAF0004771,南华期货,研发投入,32,专科：年龄结构类别。,603093.SH,12,报告页码,(2).研发人员情况表,表格行,603093.SH_南华期货_2025_管理层讨论与分析.pdf
MDAF0004772,南华期货,研发投入,32,专科：研发人员年龄结构。,603093.SH,12,报告页码,(2).研发人员情况表,表格行,603093.SH_南华期货_2025_管理层讨论与分析.pdf
MDAF0004773,南华期货,研发投入,32,不适用。,603093.SH,12,报告页码,(3).情况说明,选项,603093.SH_南华期货_2025_管理层讨论与分析.pdf
MDAF0004774,南华期货,研发投入,32,不适用。,603093.SH,12,报告页码,(4).研发人员构成发生重大变化的原因及对公司未来发展的影响,选项,603093.SH_南华期货_2025_管理层讨论与分析.pdf
MDAF0004775,南华期货,研发投入,32,适用。,603093.SH,12,报告页码,5、,选项,603093.SH_南华期货_2025_管理层讨论与分析.pdf
MDAF0004776,翠微股份,业务概要,12,业务覆盖传统收单业务、数字支付业务、国际业务、生态场景业务、新兴领域收单业务，可以为银行、金融机构、行业客户及中小微商户提供收单服务的基础上，开展电子发票、营销推广、SAAS 服务等增值服务。,603123.SH,1,报告页码,,正文,603123.SH_翠微股份_2025_管理层讨论与分析.pdf
MDAF0004777,翠微股份,业务概要,12,主要硬件产品聚焦线下支付场景，推出多类收款设备，支持刷卡、二维码、人脸、数字人民币等不同支付方式，满足不同场景收款需求，包含传统POS、电签POS、智能POS、刷脸设备、收银插件、聚合码系列及收银一体机等。,603123.SH,1,报告页码,,正文,603123.SH_翠微股份_2025_管理层讨论与分析.pdf
MDAF0004778,翠微股份,业务概要,12,公司持续调整优化商品与服务业态结构，打造数智化零售新场景，推动商业与支付业务的协同，拓展线上渠道运营，全力推进转型增效与高质量发展。,603123.SH,1,报告页码,,正文,603123.SH_翠微股份_2025_管理层讨论与分析.pdf
MDAF0004779,翠微股份,业务概要,12,公司贯彻北京市加快建设国际消费中心城市建设的战略布局，持续推进旗下商业门店的经营调整和更新改造进程。,603123.SH,1,报告页码,,正文,603123.SH_翠微股份_2025_管理层讨论与分析.pdf
MDAF0004780,翠微股份,业务概要,12,受整体消费和区域市场环境等因素影响，公司商品零售业务总体呈现下降状态，2025年公司实现商品销售额22.39亿元，同比下降10.31%。,603123.SH,1,报告页码,,正文,603123.SH_翠微股份_2025_管理层讨论与分析.pdf
MDAF0004781,翠微股份,业务概要,12,商业零售业务：公司商业零售业务以百货和超市业态为主、综合经营业态为补充，在北京拥有翠微百货翠微店（A、B 座）、牡丹园店、龙德店、大成路店、当代商城中关村店、鼎城店和甘家口百货7家门店，建筑面积共计40.23万平方米。,603123.SH,1,报告页码,,正文,603123.SH_翠微股份_2025_管理层讨论与分析.pdf
MDAF0004782,翠微股份,业务概要,12,按照时尚生活中心和社区生活中心的“双中心”定位，2025年重点推动了翠微店、牡丹园店等门店的升级调整。,603123.SH,1,报告页码,,正文,603123.SH_翠微股份_2025_管理层讨论与分析.pdf
MDAF0004783,翠微股份,业务概要,12,按照海淀区委、区政府的决策部署，2023年起推进实施当代商城中关村店城市更新项目，打造国际化、科技化、时尚化、生活化为主线的新型商业综合体，截至2025年末累计完成固定资产投资2亿元。,603123.SH,1,报告页码,,正文,603123.SH_翠微股份_2025_管理层讨论与分析.pdf
MDAF0004784,翠微股份,业务概要,12,海科融通主营业务为支付业务及科技服务，在收单业务产业链中处于中游，与支付清算机构、发卡行共同保障支付交易的顺利完成，为商户提供支付收单服务和数字化经营服务。,603123.SH,1,报告页码,,正文,603123.SH_翠微股份_2025_管理层讨论与分析.pdf
MDAF0004785,翠微股份,业务概要,12,海科融通的收单业务遍布国内，目前总部设在北京，全国共有35家分公司，主要为餐饮、零售、居民服务、休闲娱乐、商业服务等中小微商户及行业商户提供金融支付终端产品、支付综合解决方案和数字化经营服务，海科融通与中国银联、美国运通、万事达卡等卡组织、以及中国银行、招商银行、支付宝、微信支付、苏宁金融等商业银行、金融科技公司达成了良好合作。,603123.SH,1,报告页码,,正文,603123.SH_翠微股份_2025_管理层讨论与分析.pdf
MDAF0004786,翠微股份,业务概要,12,海科融通致力于为商户提供多种收单产品和移动支付产品，以及刷脸支付的生物智能识别支付产品。,603123.SH,1,报告页码,,正文,603123.SH_翠微股份_2025_管理层讨论与分析.pdf
MDAF0004787,翠微股份,业务概要,12,第三方支付：公司控股子公司海科融通主要从事第三方支付业务，2011年获得中国人民银行颁发的《支付业务许可证》[支付交易处理Ⅰ类（全国范围）]，拥有全国范围内经营第三方支付业务的从业资质，是一家专业面向中小微商户、为行业提供完整支付解决方案及综合金融服务的高新技术企业。,603123.SH,1,报告页码,,正文,603123.SH_翠微股份_2025_管理层讨论与分析.pdf
MDAF0004788,翠微股份,业务概要,12,软件平台聚焦线下支付场景，搭建配套软件平台，实现线下收单、店铺管理、账本管理、经营分析等功能，助力门店高效运营，提升商户经营收益，拥有自有业务平台“码钱”，并与头部四方机构及SAAS 公司合作，深度开发、数字化运营SAAS 开放平台，从入网、交易、终端、增值服务方面实现赋能。,603123.SH,1,报告页码,,正文,603123.SH_翠微股份_2025_管理层讨论与分析.pdf
MDAF0004789,翠微股份,业务概要,12,零售业务经营模式包括联营、自营及租赁，以百货联营为主，营业收入主要来自于商品销售和租赁业务收入。,603123.SH,1,报告页码,,正文,603123.SH_翠微股份_2025_管理层讨论与分析.pdf
MDAF0004790,翠微股份,业务概要,13,2025年海科融通总体实现收单交易额1.16万亿元，同比去年增长23%。,603123.SH,2,报告页码,,正文,603123.SH_翠微股份_2025_管理层讨论与分析.pdf
MDAF0004791,翠微股份,业务概要,13,"其中传统收单业务对现有渠道业务进行精细划分，优化营销渠道结构，提升整体渠道效能及头部渠道交易贡献度，优化资源配置，发展核心渠道，强化业务把控能力，通过年度营销政策的发布、营销渠道的优化、业务运营中台建设完善、精准的市场营销与存量商户挖掘，传统收单业务累计交易额达9,772亿元，同比增长13%。",603123.SH,2,报告页码,,正文,603123.SH_翠微股份_2025_管理层讨论与分析.pdf
MDAF0004792,翠微股份,业务概要,13,国际业务方面推进外卡收单落地，上线微信海外钱包，助力卡组织推广境内交易网络与人民币卡使用。,603123.SH,2,报告页码,,正文,603123.SH_翠微股份_2025_管理层讨论与分析.pdf
MDAF0004793,翠微股份,业务概要,13,数字支付业务实现快速增长，交易额同比增长141%，与超50家重点银行省市分行保持合作关系，业务覆盖多个省市区域，重点拓展机构合作，与收钱吧、趣街等多家头部四方机构及SAAS 软件商达成合作，联动SaaS 软件商，将支付嵌入经营场景，实现场景化获客。,603123.SH,2,报告页码,,正文,603123.SH_翠微股份_2025_管理层讨论与分析.pdf
MDAF0004794,翠微股份,业务概要,13,智慧生态场景业务取得积极进展，智慧充电和自动售货机业务初步完成阶段性网络布局。,603123.SH,2,报告页码,,正文,603123.SH_翠微股份_2025_管理层讨论与分析.pdf
MDAF0004795,翠微股份,业务概要,13,不适用。,603123.SH,2,报告页码,,选项,603123.SH_翠微股份_2025_管理层讨论与分析.pdf
MDAF0004796,翠微股份,核心竞争力,15,公司将以当代商城城市更新项目和门店转型调改为契机，打造海淀区新型商业空间和地标项目。,603123.SH,4,报告页码,2、区位优势。公司所属七家经营门店基本位于北京市核心商圈或核心社区地带，具有与海淀,正文,603123.SH_翠微股份_2025_管理层讨论与分析.pdf
MDAF0004797,翠微股份,核心竞争力,15,城、甘家口百货三大知名商业品牌，区域零售市场占有率位居前列，品牌影响力持续巩固。,603123.SH,4,报告页码,1、品牌优势。公司在北京具有较高的品牌知名度和市场影响力，旗下拥有翠微百货、当代商,正文,603123.SH_翠微股份_2025_管理层讨论与分析.pdf
MDAF0004798,翠微股份,核心竞争力,15,店A 座、当代商城中关村店、甘家口百货及大成路店四家主要门店为自有物业，较高的自有物业比重使得公司具有较好的成本优势和抗风险能力。,603123.SH,4,报告页码,3、物业优势。公司拥有自有物业建筑面积约19.4万平方米，自有物业占比达48.22%，翠微,正文,603123.SH_翠微股份_2025_管理层讨论与分析.pdf
MDAF0004799,翠微股份,核心竞争力,15,当代商城中关村店已按照海淀区规划以城市更新方式进行更新重建。,603123.SH,4,报告页码,3、物业优势。公司拥有自有物业建筑面积约19.4万平方米，自有物业占比达48.22%，翠微,正文,603123.SH_翠微股份_2025_管理层讨论与分析.pdf
MDAF0004800,翠微股份,核心竞争力,15,海科融通拥有全国范围内第三方支付业务经营资质，是国内第三方支付业务的领先机构，收单业务量位居行业前列。,603123.SH,4,报告页码,1、品牌优势。公司在北京具有较高的品牌知名度和市场影响力，旗下拥有翠微百货、当代商,正文,603123.SH_翠微股份_2025_管理层讨论与分析.pdf
MDAF0004801,翠微股份,核心竞争力,15,科技创新核心区及“两区”建设融合发展的优势。,603123.SH,4,报告页码,2、区位优势。公司所属七家经营门店基本位于北京市核心商圈或核心社区地带，具有与海淀,正文,603123.SH_翠微股份_2025_管理层讨论与分析.pdf
MDAF0004802,翠微股份,核心竞争力,15,适用。,603123.SH,4,报告页码,,选项,603123.SH_翠微股份_2025_管理层讨论与分析.pdf
MDAF0004803,翠微股份,核心竞争力,16,基于较强的大数据治理能力，海科融通前瞻性布局AI 技术研发，通过“智能支付+”创新服务体系构建行业生态：以人工智能为核心驱动力，深度整合AI 大模型技术能力，全面赋能公司业务向数字支付领域转型。,603123.SH,5,报告页码,5、技术优势。海科融通核心技术拥有完全自主知识产权，有159项软件著作权和6项专利授,正文,603123.SH_翠微股份_2025_管理层讨论与分析.pdf
MDAF0004804,翠微股份,核心竞争力,16,拥有较完善的公司治理制度体系和风险防控机制，保障企业合规高效发展。,603123.SH,5,报告页码,4、管理优势。公司在百货零售领域积累了丰富的经验，拥有为经营管理和创新发展提供有力,正文,603123.SH_翠微股份_2025_管理层讨论与分析.pdf
MDAF0004805,翠微股份,核心竞争力,16,支撑的信息化系统，拥有强大的品牌集合能力和稳定的供应商渠道，拥有较高顾客满意度和忠诚度的服务优势。,603123.SH,5,报告页码,4、管理优势。公司在百货零售领域积累了丰富的经验，拥有为经营管理和创新发展提供有力,正文,603123.SH_翠微股份_2025_管理层讨论与分析.pdf
MDAF0004806,翠微股份,核心竞争力,16,权，技术路线处于行业领先地位。,603123.SH,5,报告页码,5、技术优势。海科融通核心技术拥有完全自主知识产权，有159项软件著作权和6项专利授,正文,603123.SH_翠微股份_2025_管理层讨论与分析.pdf
MDAF0004807,翠微股份,研发投入,19,"54,275,804.57：2.34。",603123.SH,8,报告页码,(1).研发投入情况表,表格行,603123.SH_翠微股份_2025_管理层讨论与分析.pdf
MDAF0004808,翠微股份,研发投入,19,本期费用化研发投入：本期资本化研发投入。,603123.SH,8,报告页码,(1).研发投入情况表,表格行,603123.SH_翠微股份_2025_管理层讨论与分析.pdf
MDAF0004809,翠微股份,研发投入,19,本期费用化研发投入：研发投入合计。,603123.SH,8,报告页码,(1).研发投入情况表,表格行,603123.SH_翠微股份_2025_管理层讨论与分析.pdf
MDAF0004810,翠微股份,研发投入,19,本期费用化研发投入：研发投入总额占营业收入比例（%）。,603123.SH,8,报告页码,(1).研发投入情况表,表格行,603123.SH_翠微股份_2025_管理层讨论与分析.pdf
MDAF0004811,翠微股份,研发投入,19,本期费用化研发投入：研发投入资本化的比重（%）。,603123.SH,8,报告页码,(1).研发投入情况表,表格行,603123.SH_翠微股份_2025_管理层讨论与分析.pdf
MDAF0004812,翠微股份,研发投入,19,适用。,603123.SH,8,报告页码,(1).研发投入情况表,选项,603123.SH_翠微股份_2025_管理层讨论与分析.pdf
MDAF0004813,税友股份,业务概要,12,2025年度，公司实现营业总收入20.54亿元，较上年同期增长6%；实现归母净利润1.36亿元，较上年同期增长21%；实现归属于上市公司股东的扣非净利润0.89亿元，较上年同期增长8%。,603171.SH,1,报告页码,,正文,603171.SH_税友股份_2025_管理层讨论与分析.pdf
MDAF0004814,税友股份,业务概要,12,AI 原生技术及产品创新上，公司依托“犀友”垂直大模型推出财赢Agentic数智工场，以“人机协同”的形式重新定义财税实务、合规税优及财经管理三层价值体系结果交付机制，帮助财税从业者由传统财税作业执行者，转变为风险管控、客户运营与高价值服务转化的核心专业角色，实现职业价值与服务定位的双重升维。,603171.SH,1,报告页码,,正文,603171.SH_税友股份_2025_管理层讨论与分析.pdf
MDAF0004815,税友股份,业务概要,12,依托AI 业务商业化落地，公司在报告期内实现经营业绩稳健增长、盈利能力持续改善，整体经营呈现高质量发展态势。,603171.SH,1,报告页码,,正文,603171.SH_税友股份_2025_管理层讨论与分析.pdf
MDAF0004816,税友股份,业务概要,12,公司以“亿企赢”为品牌，深耕国内中小微企业财税服务市场，是国内领先的数智财税服务生态平台，为企业提供全生命周期、全场景覆盖的数智财税解决方案，并涵盖人资管理数字解决方案、业财税大数据商业服务等业务。,603171.SH,1,报告页码,1、数智财税业务,正文,603171.SH_税友股份_2025_管理层讨论与分析.pdf
MDAF0004817,税友股份,业务概要,12,在数字中国战略推进下，我国企业财税服务需求正从基础财税流程作业转向财税专业进行风险防范及经营赋能等高价值需求全面升级。,603171.SH,1,报告页码,（1）数智财税服务平台,正文,603171.SH_税友股份_2025_管理层讨论与分析.pdf
MDAF0004818,税友股份,业务概要,12,在数字政务业务方面，公司致力于由传统的软件研发与运维服务商向财税大模型数智服务商转型，依托“人工智能+数据服务”帮助政务领域客户实现从“管理”到“治理”的智能化升级。,603171.SH,1,报告页码,,正文,603171.SH_税友股份_2025_管理层讨论与分析.pdf
MDAF0004819,税友股份,业务概要,12,在数智财税业务方面，亿企赢依托财税AIBM 生态平台构建与原生AI 产品创新，推动行业服务价值升维，为平台与行业打开长期成长空间。,603171.SH,1,报告页码,,正文,603171.SH_税友股份_2025_管理层讨论与分析.pdf
MDAF0004820,税友股份,业务概要,12,报告期内，亿企赢平台进一步巩固了竞争壁垒与生态用户黏性，AI 业务驱动收入结构向高价值服务升级，公司数智财税业务实现营业收入13.2亿元，较上年同期增长12%，其中AI 产品及业务实现回款4.21亿元，占数智财税业务2025年度回款28%，较上年同期增长60%；报告期末，数智财税业务合同负债8.05亿元，较上年期末增长21%，未来收入可持续性持续提升。,603171.SH,1,报告页码,,正文,603171.SH_税友股份_2025_管理层讨论与分析.pdf
MDAF0004821,税友股份,业务概要,12,报告期内，公司具体业务经营发展情况如下：,603171.SH,1,报告页码,,正文,603171.SH_税友股份_2025_管理层讨论与分析.pdf
MDAF0004822,税友股份,业务概要,12,报告期内，公司数字政务基于AI 驱动经营策略从“规模导向”转向“战略与效益导向”，聚焦高价值项目、强化全流程闭环管理，持续推动经营质效提升，业务盈利指标显著改善、核心壁垒持续加固，实现营业收入7.3亿元，毛利率较上年提升7%。,603171.SH,1,报告页码,,正文,603171.SH_税友股份_2025_管理层讨论与分析.pdf
MDAF0004823,税友股份,业务概要,12,报告期内，公司紧扣“开创数智化高价值财税服务新时代”发展愿景，以“人工智能+场景落地+生态协同”为发展路径，坚定推进AIBM （数智化商业管理）战略落地实施。,603171.SH,1,报告页码,,正文,603171.SH_税友股份_2025_管理层讨论与分析.pdf
MDAF0004824,税友股份,业务概要,12,生态化商业模式创新上，公司基于标准化作业体系和高价值服务经营标杆打造，为财税服务行业输出可规模化复制的高效经营范式，破解同质化高、价格竞争、服务非标、价值升级困难等长期痛点，助力财税服务机构实现专业升维、盈利改善与可持续增长。,603171.SH,1,报告页码,,正文,603171.SH_税友股份_2025_管理层讨论与分析.pdf
MDAF0004825,税友股份,业务概要,12,财政部上线“全国代理记账行业监管服务平台”，国家税务总局施行《涉税专业服务管理办法》，也要求财税服务机构向专业化合规化服务转型。,603171.SH,1,报告页码,（1）数智财税服务平台,正文,603171.SH_税友股份_2025_管理层讨论与分析.pdf
MDAF0004826,税友股份,业务概要,13,以财税原生AI 技术创新为财税服务行业提供实现全链路数智化提效与价值升级，同时为终端企业提供合规、高效、可感知的一站式财税解决方案，成为行业价值重构的核心引擎。,603171.SH,2,报告页码,（1）数智财税服务平台,正文,603171.SH_税友股份_2025_管理层讨论与分析.pdf
MDAF0004827,税友股份,业务概要,13,报告期内，亿企赢以重构“财税实务+合规税优+财经管理”三层价值体系的交付机制为核心，发布财赢Agentic 数智工场。,603171.SH,2,报告页码,（1）数智财税服务平台,正文,603171.SH_税友股份_2025_管理层讨论与分析.pdf
MDAF0004828,税友股份,业务概要,13,数智工场AI 产品不仅致力于提升行业效率，更旨在重构从服务内容、交付方式到商业模式的完整价值链，引领行业迈向“专业驱动、生态共赢”的新时代。,603171.SH,2,报告页码,（1）数智财税服务平台,正文,603171.SH_税友股份_2025_管理层讨论与分析.pdf
MDAF0004829,税友股份,业务概要,13,顺应财税服务行业变化趋势，推动亿企赢产业定位从“数字化赋能”向“产业生态赋能”转型升级，构建亿企赢财税AIBM 生态服务平台，整合行业服务资源，搭建标准化、高质量协同发展的财税服务体系。,603171.SH,2,报告页码,（1）数智财税服务平台,正文,603171.SH_税友股份_2025_管理层讨论与分析.pdf
MDAF0004830,税友股份,业务概要,14,28%，较上年增长60%。,603171.SH,3,报告页码,本报告期，亿企赢平台AI 产品及业务实现回款4.21亿元，占数智财税业务2025年度回款,正文,603171.SH_税友股份_2025_管理层讨论与分析.pdf
MDAF0004831,税友股份,业务概要,14,②亿企兆睿（业财税大数据商业服务）：公司积极布局业财税大数据商业服务业务，探索财税数据要素的多场景应用、多主体复用，重点布局“数据要素×金融服务”“数据要素×商贸流通”等场景的新产品和新服务。,603171.SH,3,报告页码,①亿企薪福（PTS-人资薪税服务平台）：为大型人资机构、集团企业、灵工平台、政府及事,正文,603171.SH_税友股份_2025_管理层讨论与分析.pdf
MDAF0004832,税友股份,业务概要,14,业单位提供专业的薪酬福利数字化综合解决方案，赋能底层基础技术能力，同时打造多元、全方位的薪酬、财务、涉税服务全国生态网络。,603171.SH,3,报告页码,①亿企薪福（PTS-人资薪税服务平台）：为大型人资机构、集团企业、灵工平台、政府及事,正文,603171.SH_税友股份_2025_管理层讨论与分析.pdf
MDAF0004833,税友股份,业务概要,14,公司创新业务客群以大型集团企业员工薪资个税社保集中管理、财税统筹管理等需求为切入点，打造涉税及非税SaaS 平台。,603171.SH,3,报告页码,（2）创新业务,正文,603171.SH_税友股份_2025_管理层讨论与分析.pdf
MDAF0004834,税友股份,业务概要,14,公司基于高质量数据底座，利用数据、算法的结合，将数据及数据模型服务运用于交易撮合、风险评估等场景，以提高客户营销及服务场景的效率和准确性，并有效降低交易风险。,603171.SH,3,报告页码,①亿企薪福（PTS-人资薪税服务平台）：为大型人资机构、集团企业、灵工平台、政府及事,正文,603171.SH_税友股份_2025_管理层讨论与分析.pdf
MDAF0004835,税友股份,业务概要,14,公司深耕税务数字化领域20 余年，通过对业务变革的研究，凭借领先的技术优势和成熟的应用经验，先后承接了国家个税税制改革服务项目、大数据税收风险管理、全国电子发票、全国统一规范电子税务局等重大改革项目的开发与运维等服务，支撑税务部门提高税收征管效率，减少税源流失，实现智慧征管和决策。,603171.SH,3,报告页码,2、数字政务业务,正文,603171.SH_税友股份_2025_管理层讨论与分析.pdf
MDAF0004836,税友股份,业务概要,14,同时，公司凭借丰富的前瞻性业务研究拓展能力、领先的税费数据要素价值开发能力，积极向人社、财政等政府部门展开业务延伸，实现数字政务业务从“项目服务模式”向“数智化高价值服务模式”转型升级。,603171.SH,3,报告页码,2、数字政务业务,正文,603171.SH_税友股份_2025_管理层讨论与分析.pdf
MDAF0004837,税友股份,业务概要,14,报告期内，亿企薪福平台实现营收、利润双增长，并在人资、银行、科技、零售等行业实现多家大型标杆客户数字化转型赋能，助力上海外服、中智等头部人资巨头社保申报效率提升75%，区域经办效率提升33.9%。,603171.SH,3,报告页码,①亿企薪福（PTS-人资薪税服务平台）：为大型人资机构、集团企业、灵工平台、政府及事,正文,603171.SH_税友股份_2025_管理层讨论与分析.pdf
MDAF0004838,税友股份,业务概要,14,目前，公司亿企薪福平台已服务客户超过20万家，月服务人次超过1.5亿，标杆客户包括上海外服、中智、招商银行等头部企业。,603171.SH,3,报告页码,①亿企薪福（PTS-人资薪税服务平台）：为大型人资机构、集团企业、灵工平台、政府及事,正文,603171.SH_税友股份_2025_管理层讨论与分析.pdf
MDAF0004839,税友股份,业务概要,15,"①自然人电子税务局：支撑个税税制改革，服务全国7亿多自然人、5,000 多万扣缴企事业单位；②社保费管理子系统：支撑税务系统全面接管社保费征收和管理工作，服务全国10 多亿自然人和2,000 多万企事业单位。",603171.SH,4,报告页码,2）自然人税费治理,正文,603171.SH_税友股份_2025_管理层讨论与分析.pdf
MDAF0004840,税友股份,业务概要,15,①金税三期：决策二包、10 余个省级大数据分析平台；②金税四期：电子发票服务平台二期（简称：新电局项目）：建设全国统一规范电子税务局，提升办税效率；应用支撑平台（简称：税智撑项目）：作为智慧大脑，支撑新电局和电票平台业务，构建新型税收监管体系；税务人端项目：实现税务工作数字化、智能化升级。,603171.SH,4,报告页码,1）法人税费治理,正文,603171.SH_税友股份_2025_管理层讨论与分析.pdf
MDAF0004841,税友股份,业务概要,15,公司依托“犀友”人工智能平台，构建垂域大模型、垂域知识中心、垂域AI 产品生态，更好地为客户提供数据价值服务，提升政府治理效率。,603171.SH,4,报告页码,（2）数据价值服务开拓,正文,603171.SH_税友股份_2025_管理层讨论与分析.pdf
MDAF0004842,税友股份,业务概要,15,同时深挖省市区域客户数据服务需求，提供以数据驱动的数智化高价值服务。,603171.SH,4,报告页码,2、数字政务业务,正文,603171.SH_税友股份_2025_管理层讨论与分析.pdf
MDAF0004843,税友股份,业务概要,15,国家税费治理现代化、数智化是数字中国建设的重要组成部分，税费治理包括两大对象：一是面向法人群体，主要以“金税工程”项目建设实现信息化、数智化治理；二是面向自然人群体，主要以个人税收及社保费征收管理为治理范畴。,603171.SH,4,报告页码,（1）税费治理关键项目数字化建设,正文,603171.SH_税友股份_2025_管理层讨论与分析.pdf
MDAF0004844,税友股份,业务概要,15,在报告期内，公司自觉承担金税四期项目攻坚任务，充分发挥数字政务效能推动者的竞争优势，加速推动税费治理关键项目数字化建设。,603171.SH,4,报告页码,2、数字政务业务,正文,603171.SH_税友股份_2025_管理层讨论与分析.pdf
MDAF0004845,税友股份,业务概要,15,在法人税费治理项目方面，报告期内公司支撑金税四期新电局、税智撑项目和税务人端项目全国推广上线，并协助省局层面完成新电局的推广实施和业务持续创新。,603171.SH,4,报告页码,1）法人税费治理,正文,603171.SH_税友股份_2025_管理层讨论与分析.pdf
MDAF0004846,税友股份,业务概要,15,在自然人税费治理方面，报告期内公司不断完善优化自然人电子税务局系统，帮助税务机关全面提升自然人税费治理的数字化、智慧化管理服务水平；在项目开发方面实现股权转让服务在多个省市得以推广使用；通过升级优化社保费管理子系统，进一步帮助有关部门实现信息共享、数据传递，有效地支撑了税务部门与人社、医保部门的协作配合；社保费智治服务在多个省市得以推广使用，市场价值得到认可；落实减费降负政策，确保政策红利直达快享，发挥税务部门在国家治理和民生保障中的重要作用。,603171.SH,4,报告页码,2）自然人税费治理,正文,603171.SH_税友股份_2025_管理层讨论与分析.pdf
MDAF0004847,税友股份,业务概要,15,税费数据要素为全量数据，体量巨大、质量优质、覆盖全面，是政务大数据重要组成部分。,603171.SH,4,报告页码,（2）数据价值服务开拓,正文,603171.SH_税友股份_2025_管理层讨论与分析.pdf
MDAF0004848,税友股份,业务概要,15,随着我国新经济业态持续创新，以数据驱动的综合治理、公共服务、税费治理等模式同样需要迭代创新。,603171.SH,4,报告页码,（2）数据价值服务开拓,正文,603171.SH_税友股份_2025_管理层讨论与分析.pdf
MDAF0004849,税友股份,业务概要,16,①在税务客户市场：目前公司已形成风险、稽查、信用、征管和基础数据服务等5 条主营产品线，并实现快速推广。,603171.SH,5,报告页码,（2）数据价值服务开拓,正文,603171.SH_税友股份_2025_管理层讨论与分析.pdf
MDAF0004850,税友股份,业务概要,16,①税务智能体应用开发中办、国办《关于进一步深化税收征管改革的意见》要求充分运用大数据、云计算、人工智能、移动互联网等现代信息技术，加快推进智慧税务建设，2025年实现税务执法、服务、监管与大数据智能化应用深度融合、高效联动、全面升级。,603171.SH,5,报告页码,（3）数字政务大模型应用及信创化建设,正文,603171.SH_税友股份_2025_管理层讨论与分析.pdf
MDAF0004851,税友股份,业务概要,16,②在非税客户市场：公司积极拓展非税业务，通过持续的业务研究和数据服务，入围人社部数据治理服务项目，在辅助人社部门提升数字化水平上逐步发挥专业能力价值；为地方财政组织收入提供高价值的数据服务产品，在综合治税和成品油分析监控方面的数字政府市场开拓上取得突破，与云南、新疆、广西、浙江、上海等多个区域落地项目合作。,603171.SH,5,报告页码,（2）数据价值服务开拓,正文,603171.SH_税友股份_2025_管理层讨论与分析.pdf
MDAF0004852,税友股份,业务概要,16,一方面，公司构建垂直领域的“Harness”（约束反馈系统）持续对“犀友”人工智能平台底层的财税垂域大模型进行迭代升级，以满足财税领域知识专业性强、确定性推理要求高等需求。,603171.SH,5,报告页码,（3）数字政务大模型应用及信创化建设,正文,603171.SH_税友股份_2025_管理层讨论与分析.pdf
MDAF0004853,税友股份,业务概要,16,公司通过打造“犀友”人工智能平台，围绕垂域模型建设和智能体应用两方面持续进行升级开发，通过“大模型矩阵+智能体矩阵”的深度积累与政策理解能力，构建垂直场景人工智能应用的护城河。,603171.SH,5,报告页码,（3）数字政务大模型应用及信创化建设,正文,603171.SH_税友股份_2025_管理层讨论与分析.pdf
MDAF0004854,税友股份,业务概要,16,其核心是在通用大模型的基础上，解决以下三大难题：一是通用大模型缺乏高质量的财税实务及行业认知知识，容易导致答非所问；二是通用大模型存在幻觉、推理能力不足等问题，与依法治税对确定性推理的刚性要求存在重大矛盾，导致回答不可用；三是通用大模型迭代更新速度快，财税大模型需具备快速适配的能力。,603171.SH,5,报告页码,（3）数字政务大模型应用及信创化建设,正文,603171.SH_税友股份_2025_管理层讨论与分析.pdf
MDAF0004855,税友股份,业务概要,16,目前公司已凭借数据治理、数据资产管理以及税收风险类应用等方面的积累，成为我国税费数据要素应用的领先企业。,603171.SH,5,报告页码,（2）数据价值服务开拓,正文,603171.SH_税友股份_2025_管理层讨论与分析.pdf
MDAF0004856,税友股份,业务概要,16,目前已经全面覆盖不同层级税务局及政府机关的大部分办公类应用场景，以取数、问数、智能报告、智能座席语音助手等功能解决客户痛点问题。,603171.SH,5,报告页码,（3）数字政务大模型应用及信创化建设,正文,603171.SH_税友股份_2025_管理层讨论与分析.pdf
MDAF0004857,税友股份,业务概要,16,目前，公司财税垂域大模型已积累大量高精度的财税专业知识图谱，有力支撑数智财税专家咨询业务，显著提升了专家的工作质效。,603171.SH,5,报告页码,（3）数字政务大模型应用及信创化建设,正文,603171.SH_税友股份_2025_管理层讨论与分析.pdf
MDAF0004858,税友股份,业务概要,17,②数字政务产品信创化建设公司积极参与数字政务产品信创建设工作，基于国产化软硬件，自主研发国产化规则引擎中间件、机器学习平台和分布式计算平台。,603171.SH,6,报告页码,（3）数字政务大模型应用及信创化建设,正文,603171.SH_税友股份_2025_管理层讨论与分析.pdf
MDAF0004859,税友股份,业务概要,17,公司继续拓展建设多个信创项目，并在多个数字政务项目中落地应用，实现国产化替代和技术突破。,603171.SH,6,报告页码,（3）数字政务大模型应用及信创化建设,正文,603171.SH_税友股份_2025_管理层讨论与分析.pdf
MDAF0004860,税友股份,业务概要,17,凭借在财税数字化领域的卓越创新能力与行业实践，正式获颁华为“优选级解决方案开发伙伴”称号及“联合方案孵化奖”两项殊荣。,603171.SH,6,报告页码,（3）数字政务大模型应用及信创化建设,正文,603171.SH_税友股份_2025_管理层讨论与分析.pdf
MDAF0004861,税友股份,业务概要,17,另一方面，“犀友”智能体中心以大模型为主干、小模型为辅助，构建基础算法能力；同时，融合多模态AI 与传统小模型技术，打造出垂直领域能力更强、场景适应性更优的智能体。,603171.SH,6,报告页码,（3）数字政务大模型应用及信创化建设,正文,603171.SH_税友股份_2025_管理层讨论与分析.pdf
MDAF0004862,税友股份,业务概要,17,同时，公司大数据标准产品和中间件技术产品已经全面适配信创国产化环境，包括麒麟、欧拉等国产化操作系统，以及达梦、高斯等国产化数据库。,603171.SH,6,报告页码,（3）数字政务大模型应用及信创化建设,正文,603171.SH_税友股份_2025_管理层讨论与分析.pdf
MDAF0004863,税友股份,业务概要,17,该智能体支持自动化申报、智能合规审查、数据分析等20 余项功能，全面推动税务流程智能化。,603171.SH,6,报告页码,（3）数字政务大模型应用及信创化建设,正文,603171.SH_税友股份_2025_管理层讨论与分析.pdf
MDAF0004864,税友股份,业务概要,17,不适用。,603171.SH,6,报告页码,（3）数字政务大模型应用及信创化建设,选项,603171.SH_税友股份_2025_管理层讨论与分析.pdf
MDAF0004865,税友股份,核心竞争力,20,公司是国内较早从事财税数字化行业的企业，面向中小微财税服务行业，公司自2016年投资设立“亿企赢”品牌，致力于打造面向中小微企业与财税服务行业的AIBM 生态平台。,603171.SH,9,报告页码,1、品牌与客户联结优势,正文,603171.SH_税友股份_2025_管理层讨论与分析.pdf
MDAF0004866,税友股份,核心竞争力,20,同时，为数千万企业提供从合规风控到经营赋能的全程数智化服务，最终实现“企业健康成长、行业价值升级、平台繁荣共生”的生态共赢。,603171.SH,9,报告页码,1、品牌与客户联结优势,正文,603171.SH_税友股份_2025_管理层讨论与分析.pdf
MDAF0004867,税友股份,核心竞争力,20,基于AI原生技术，深度赋能财税服务行业，助力其实现数智化高价值转型升级。,603171.SH,9,报告页码,1、品牌与客户联结优势,正文,603171.SH_税友股份_2025_管理层讨论与分析.pdf
MDAF0004868,税友股份,核心竞争力,20,适用。,603171.SH,9,报告页码,,选项,603171.SH_税友股份_2025_管理层讨论与分析.pdf
MDAF0004869,税友股份,核心竞争力,21,为了提高对广大企业的服务能力，快速响应客户的诉求，并持续开发出符合广大客户需求的产品与服务，公司建立了覆盖广泛的服务销售网络与完善规范的线上、线下相互融合的生态平台服务体系，充分发挥线上的便捷性、易扩展性与线下的专业性互补优势。,603171.SH,10,报告页码,4、线上线下融合的生态化平台服务体系优势,正文,603171.SH_税友股份_2025_管理层讨论与分析.pdf
MDAF0004870,税友股份,核心竞争力,21,依托垂直领域Harness 约束反馈系统与深度强化学习、逻辑验证机制，公司持续迭代财税垂域大模型，有效解决通用大模型知识缺失、AI 幻觉、推理不确定等核心问题，实现财税服务判断精准推演、全流程可追溯与结论零风险，保障在财税严肃场景下的稳定可靠应用，全面支撑数智工场智能体产品高效落地，显著提升服务质效与客户体验，构筑财税AI 应用领域独有的技术护城河。,603171.SH,10,报告页码,2、数据与垂域大模型护城河,正文,603171.SH_税友股份_2025_管理层讨论与分析.pdf
MDAF0004871,税友股份,核心竞争力,21,公司在财税领域具备行业领先的数据核心优势，依托海量用户服务实践案例、全场景结构化数据资产及深度政策理解能力，构建起难以复制的数据与技术壁垒。,603171.SH,10,报告页码,2、数据与垂域大模型护城河,正文,603171.SH_税友股份_2025_管理层讨论与分析.pdf
MDAF0004872,税友股份,核心竞争力,21,公司深耕税务信息化领域20 余年，凭借承建金税三期、金税四期决策支持、个税系统、社保费管理子系统及全国统一规范电子税务局等国家级核心系统的深厚积累，深度理解税费治理底层逻辑与征管改革方向，形成覆盖“税收实体法+程序法”“税种业务+征管业务”“对象管理+应用场景”的全栈业务认知；同时依托300 多人的专业研究团队，持续对税制改革、税费治理智慧化开展前瞻性研究，并参与制定16项行业技术标准、荣获国家科学技术进步奖二等奖，将业务洞察转化为技术实现与标准定义能力，构建起从政策预判、服务标准化到垂域模型训练的完整数智化服务实践闭环，成为数智化财税服务与国家税费治理服务的中坚力量与行业创新引领者。,603171.SH,10,报告页码,3、政策规则与前瞻性研究优势,正文,603171.SH_税友股份_2025_管理层讨论与分析.pdf
MDAF0004873,税友股份,核心竞争力,21,公司长期服务千万级中小微企业，沉淀覆盖全行业、全税种、全流程的真实服务案例与合规脱敏实务数据，形成高颗粒度、强时效性、高专业性的财税数据底座；同时构建以财税费政策法规、实务操作规则、行业案例、实务问答为核心的高精度财税专业知识图谱，为“犀友”人工智能平台提供高质量训练与推理支撑。,603171.SH,10,报告页码,2、数据与垂域大模型护城河,正文,603171.SH_税友股份_2025_管理层讨论与分析.pdf
MDAF0004874,税友股份,核心竞争力,21,凭借前瞻性的业务研究及深厚的技术实力，公司承建了由国家税务总局组织建设的决策支持、个税系统、社保费管理子系统、全国统一规范电子税务局等多个核心系统并完成了全国的部署与上线，助力国家税务机关提高税收征管效率，减少税源流失，实现智慧征管和决策，已成为国家税费治理服务的中坚力量和优秀品牌，市场优势明显。,603171.SH,10,报告页码,1、品牌与客户联结优势,正文,603171.SH_税友股份_2025_管理层讨论与分析.pdf
MDAF0004875,税友股份,核心竞争力,21,在税务数字化建设服务与管理方面，公司深耕税务信息化领域20 余年，在国家税务信息化建设方面沉淀了扎实的品牌基础。,603171.SH,10,报告页码,1、品牌与客户联结优势,正文,603171.SH_税友股份_2025_管理层讨论与分析.pdf
MDAF0004876,税友股份,核心竞争力,21,"在线下服务方面，公司设立了20 多家省级分支机构、200 余个服务网点，配备了1,000 余名服务人员，为超过1,000万用户提供数智财税服务，形成了一套完整、高效的综合服务体系。",603171.SH,10,报告页码,4、线上线下融合的生态化平台服务体系优势,正文,603171.SH_税友股份_2025_管理层讨论与分析.pdf
MDAF0004877,税友股份,核心竞争力,21,线上服务方面，公司设立了两大远程服务中心，可以向所有客户提供全天候服务，快速、低成本地解决客户使用公司软件产品过程中的大部分问题。,603171.SH,10,报告页码,4、线上线下融合的生态化平台服务体系优势,正文,603171.SH_税友股份_2025_管理层讨论与分析.pdf
MDAF0004878,税友股份,研发投入,25,"461,669,464.99：24.89。",603171.SH,14,报告页码,(1).研发投入情况表,表格行,603171.SH_税友股份_2025_管理层讨论与分析.pdf
MDAF0004879,税友股份,研发投入,25,"461,669,464.99：49,419,078.83。",603171.SH,14,报告页码,(1).研发投入情况表,表格行,603171.SH_税友股份_2025_管理层讨论与分析.pdf
MDAF0004880,税友股份,研发投入,25,"461,669,464.99：511,088,543.82。",603171.SH,14,报告页码,(1).研发投入情况表,表格行,603171.SH_税友股份_2025_管理层讨论与分析.pdf
MDAF0004881,税友股份,研发投入,25,"461,669,464.99：9.67。",603171.SH,14,报告页码,(1).研发投入情况表,表格行,603171.SH_税友股份_2025_管理层讨论与分析.pdf
MDAF0004882,税友股份,研发投入,25,本期费用化研发投入：本期资本化研发投入。,603171.SH,14,报告页码,(1).研发投入情况表,表格行,603171.SH_税友股份_2025_管理层讨论与分析.pdf
MDAF0004883,税友股份,研发投入,25,本期费用化研发投入：研发投入合计。,603171.SH,14,报告页码,(1).研发投入情况表,表格行,603171.SH_税友股份_2025_管理层讨论与分析.pdf
MDAF0004884,税友股份,研发投入,25,本期费用化研发投入：研发投入总额占营业收入比例（%）。,603171.SH,14,报告页码,(1).研发投入情况表,表格行,603171.SH_税友股份_2025_管理层讨论与分析.pdf
MDAF0004885,税友股份,研发投入,25,本期费用化研发投入：研发投入资本化的比重（%）。,603171.SH,14,报告页码,(1).研发投入情况表,表格行,603171.SH_税友股份_2025_管理层讨论与分析.pdf
MDAF0004886,税友股份,研发投入,25,适用。,603171.SH,14,报告页码,(1).研发投入情况表,选项,603171.SH_税友股份_2025_管理层讨论与分析.pdf
MDAF0004887,中科软,业务概要,7,2025年9月9日，全球权威科技市场研究机构IDC（国际数据公司）发布了2025年度全球金融科技排行榜（IDC FinTech Rankings），公司凭借综合实力与行业领先地位成功入选该榜单全球TOP 50，并已连续六年跻身该榜单。,603927.SH,1,报告页码,,正文,603927.SH_中科软_2025_管理层讨论与分析.pdf
MDAF0004888,中科软,业务概要,7,从传统的核心系统到当前对开源软件、人工智能的应用探索的每个技术发展阶段，公司都紧跟前沿技术。,603927.SH,1,报告页码,,正文,603927.SH_中科软_2025_管理层讨论与分析.pdf
MDAF0004889,中科软,业务概要,7,公司主要产品及服务包括软件产品销售、软件开发及服务、系统集成及其服务，公司主要通过产品化软件销售、定制化项目开发以及云服务三种模式向客户提供产品或服务。,603927.SH,1,报告页码,,正文,603927.SH_中科软_2025_管理层讨论与分析.pdf
MDAF0004890,中科软,业务概要,7,公司在保险IT 解决方案市场占有率长期处于领先地位，根据IDC 和CCID 的报告，公司已连续多年在中国保险行业IT 解决方案市场中稳居市场份额第一的位置。,603927.SH,1,报告页码,,正文,603927.SH_中科软_2025_管理层讨论与分析.pdf
MDAF0004891,中科软,业务概要,7,公司坚持以行业应用软件开发为核心，为客户提供涵盖应用软件、支撑软件、系统集成等多个层次的大型行业应用解决方案。,603927.SH,1,报告页码,,正文,603927.SH_中科软_2025_管理层讨论与分析.pdf
MDAF0004892,中科软,业务概要,7,公司客户涉及保险、非保险金融、政务、医疗卫生、教科文及其他等多个行业，具备丰富的领域知识和开发应用经验。,603927.SH,1,报告页码,,正文,603927.SH_中科软_2025_管理层讨论与分析.pdf
MDAF0004893,中科软,业务概要,7,公司的核心产品与解决方案经过长期的技术沉淀与持续优化，得到了大量客户的成功验证。,603927.SH,1,报告页码,,正文,603927.SH_中科软_2025_管理层讨论与分析.pdf
MDAF0004894,中科软,业务概要,7,在AI 应用落地端，公司帮助行业客户跨越垂直领域AI 与业务场景相结合的“最后一公里”，在高质量数据集建设、认知管理模型/本体、领域知识库建设、提示词工程、上下文工程、垂域模型训练等多项环节发力，实现AI 技术与业务流的融合，积极推进AI 在保险、医疗卫生、政务等重点行业的应用落地。,603927.SH,1,报告页码,,正文,603927.SH_中科软_2025_管理层讨论与分析.pdf
MDAF0004895,中科软,业务概要,7,在当前AI 加大应用的趋势下，公司持续展开围绕AIGC 相关技术的研发创新，全面展开以AI 为核心引擎的前中后端全栈式智能化升级。,603927.SH,1,报告页码,,正文,603927.SH_中科软_2025_管理层讨论与分析.pdf
MDAF0004896,中科软,业务概要,7,在生态建设层面，公司已与华为、腾讯、阿里等国内大型科技企业建立了稳固的行业生态合作关系。,603927.SH,1,报告页码,,正文,603927.SH_中科软_2025_管理层讨论与分析.pdf
MDAF0004897,中科软,业务概要,7,未来，公司将凭借自身在行业应用软件领域约30年的深厚积淀，以及在人工智能、大数据应用等技术的前瞻布局，力争成为行业客户实现数智化转型的重要合作伙伴。,603927.SH,1,报告页码,,正文,603927.SH_中科软_2025_管理层讨论与分析.pdf
MDAF0004898,中科软,业务概要,7,这一全球性的荣誉，是对公司金融IT 实力的国际认可。,603927.SH,1,报告页码,,正文,603927.SH_中科软_2025_管理层讨论与分析.pdf
MDAF0004899,中科软,业务概要,7,这种“强强联合”的模式，使公司能集成各方优势，为下游行业客户提供更全面、更底层的解决方案。,603927.SH,1,报告页码,,正文,603927.SH_中科软_2025_管理层讨论与分析.pdf
MDAF0004900,中科软,业务概要,7,不适用。,603927.SH,1,报告页码,,选项,603927.SH_中科软_2025_管理层讨论与分析.pdf
MDAF0004901,中科软,核心竞争力,23,中国科学院软件研究所成立于1985年3月1日，是致力于计算机科学理论和软件高新技术的研究与发展的综合性基地型研究所，具备以多个国家重点实验室、国家工程研究中心为龙头的基础前沿研究、软件高技术研究和软件应用研究三大科研体系，建立了计算机科学等重点学科领域和相关学科方向的学科布局。,603927.SH,17,报告页码,（二）实际控制人背景优势,正文,603927.SH_中科软_2025_管理层讨论与分析.pdf
MDAF0004902,中科软,核心竞争力,23,中科软紧扣这一战略机遇，凭借在保险等行业领域深耕约三十年的积累，将自身精准定位为AI 技术的应用方与整合方。,603927.SH,17,报告页码,（一）行业Know-how 优势,正文,603927.SH_中科软_2025_管理层讨论与分析.pdf
MDAF0004903,中科软,核心竞争力,23,作为头部ISV，公司的核心价值在于将熟练掌握的开源工具体系与深厚的专业领域知识、工程化实施经验深度融合，不再仅仅是提供记录工具类软件，而是与客户共同定义业务目标，利用AI 解决行业深层痛点，实现从“记录型软件”向“约束型软件”的跨越。,603927.SH,17,报告页码,（一）行业Know-how 优势,正文,603927.SH_中科软_2025_管理层讨论与分析.pdf
MDAF0004904,中科软,核心竞争力,23,依托以“蓝图数据结构”为纲的管理体系，公司能够高效提炼行业专识数据，为垂直领域模型提供精准“燃料”。,603927.SH,17,报告页码,（一）行业Know-how 优势,正文,603927.SH_中科软_2025_管理层讨论与分析.pdf
MDAF0004905,中科软,核心竞争力,23,公司在数据架构、系统功能集、组件平台及脚本规范等核心要素上形成的竞争壁垒，其本质是公司对行业领域知识的系统性沉淀。,603927.SH,17,报告页码,（一）行业Know-how 优势,正文,603927.SH_中科软_2025_管理层讨论与分析.pdf
MDAF0004906,中科软,核心竞争力,23,公司是由中国科学院软件研究所实际控制的大型行业应用软件与综合解决方案提供商。,603927.SH,17,报告页码,（二）实际控制人背景优势,正文,603927.SH_中科软_2025_管理层讨论与分析.pdf
MDAF0004907,中科软,核心竞争力,23,在B 端AI 落地的实战中，对数据的深刻理解与治理能力构成了中科软的核心护城河。,603927.SH,17,报告页码,（一）行业Know-how 优势,正文,603927.SH_中科软_2025_管理层讨论与分析.pdf
MDAF0004908,中科软,核心竞争力,23,在产品及服务层面，公司深度践行“相似复用”的开发模式，通过长期深耕构建了深厚的行业参考模型。,603927.SH,17,报告页码,（一）行业Know-how 优势,正文,603927.SH_中科软_2025_管理层讨论与分析.pdf
MDAF0004909,中科软,核心竞争力,23,在技术落地层面，公司以MaaS 平台为智能中枢，贯通算力调度、模型训练与推理。,603927.SH,17,报告页码,（一）行业Know-how 优势,正文,603927.SH_中科软_2025_管理层讨论与分析.pdf
MDAF0004910,中科软,核心竞争力,23,在数智化浪潮推动下，行业应用软件正从传统的“被动记录”向“主动约束与发现”转型。,603927.SH,17,报告页码,（一）行业Know-how 优势,正文,603927.SH_中科软_2025_管理层讨论与分析.pdf
MDAF0004911,中科软,核心竞争力,23,在此基础上，针对多个细分场景开发的智能体，正驱动业务流程从简单的信息化记录向高阶的主动管理与运筹调度迈进。,603927.SH,17,报告页码,（一）行业Know-how 优势,正文,603927.SH_中科软_2025_管理层讨论与分析.pdf
MDAF0004912,中科软,核心竞争力,23,报告期内，公司与中国科学院软件研究所在开源软件供应链、RISC-V 基础软件等领域产业化应用等方面进一步开展合作。,603927.SH,17,报告页码,（二）实际控制人背景优势,正文,603927.SH_中科软_2025_管理层讨论与分析.pdf
MDAF0004913,中科软,核心竞争力,23,这种从业务深处淬炼出的领域知识，正成为公司在数智化浪潮下，帮助客户实现AI 技术从“通用能力”向“行业场景”精准落地的核心资产与逻辑支撑。,603927.SH,17,报告页码,（一）行业Know-how 优势,正文,603927.SH_中科软_2025_管理层讨论与分析.pdf
MDAF0004914,中科软,核心竞争力,23,通过将海量项目实践中的样本程序、技术文档及业务逻辑转化为结构化的知识图谱与经验模型，公司不仅实现了软件开发的提质增效与快速迭代，更形成了一套完整的行业专识体系。,603927.SH,17,报告页码,（一）行业Know-how 优势,正文,603927.SH_中科软_2025_管理层讨论与分析.pdf
MDAF0004915,中科软,核心竞争力,23,适用。,603927.SH,17,报告页码,,选项,603927.SH_中科软_2025_管理层讨论与分析.pdf
MDAF0004916,中科软,核心竞争力,24,公司专注于为各行业客户提供信息化建设服务，主要客户包括金融保险、政府、教科文、医疗卫生等行业中的大中型企事业单位，主要客户所处行业产业规模大、信息化需求高、IT 投资能力较强。,603927.SH,18,报告页码,（四）核心客户资源优质,正文,603927.SH_中科软_2025_管理层讨论与分析.pdf
MDAF0004917,中科软,核心竞争力,24,公司始终注重对先进、主流软件开发技术、软件设计思想的研究与积累，对标国内、国际市场，以国际视角，通过对全球软件技术发展趋势的追踪以及内部研发创新，不断提升产品及技术的先进性，巩固公司在保险、公共卫生等领域的领先地位，增强在非保险金融、政务、医疗、教科文等领域的竞争力。,603927.SH,18,报告页码,（三）研发及技术创新优势,正文,603927.SH_中科软_2025_管理层讨论与分析.pdf
MDAF0004918,中科软,核心竞争力,24,公司实行事业群-子事业群-事业部的分层架构，采用阿米巴管理模式。,603927.SH,18,报告页码,（五）组织管理优势,正文,603927.SH_中科软_2025_管理层讨论与分析.pdf
MDAF0004919,中科软,核心竞争力,24,公司注重与行业一线技术人员的持续交流，由公司为软件技术人员提供思想与技术交流的平台“软件技术大会”已连续举办二十三届，每年主办软件技术大会，也是公司将自主研发与合作研发相结合的一项重要工作，随着基础软件技术与上层各领域应用之间的结合越来越紧密，中科软通过不断跟踪新技术发展动态，了解客户数字化转型中的痛点，既丰富了公司研发工作的技术积累，也为未来的技术研发工作指明了方向。,603927.SH,18,报告页码,（三）研发及技术创新优势,正文,603927.SH_中科软_2025_管理层讨论与分析.pdf
MDAF0004920,中科软,核心竞争力,24,在管理方面，公司注重通过各项规章制度规范事业部的日常运作；在考核方面，公司不断建立并完善以“集约化”为原则的考核体系，建立对基层事业部日常运行监督机制，以事业部作为基本考核单元，以“实现了现金流的净利润”为核心考核指标，明确以发展速度决定晋升及激励的人事调整规则，促进各事业部持续、稳定、快速发展；在协同方面，公司通过内部PMO、类NGO 等组织实践机制，强化各部门之间的协同作战；在组织发展方面，公司正在从依靠业绩达标的事业部的“孵化”及“裂变”，向不断提高事业群及事业部发展质量和竞争能力的方向转变，使事业部的孵化裂变或吸收合并机制充分与指标完成情况挂钩，从而充分发挥公司在组织管理方面的优势，既保证公司发展的长期稳定，又能保持公司组织内部的活力，充分调动员工积极性，提高组织生产效率。,603927.SH,18,报告页码,（五）组织管理优势,正文,603927.SH_中科软_2025_管理层讨论与分析.pdf
MDAF0004921,中科软,核心竞争力,24,经过多年发展，公司积累了包括中国人民保险集团、泰康保险集团、中国人寿保险集团、中国太平洋保险集团、中银保险、国家开发银行、新华人寿保险、建信人寿保险、国华人寿保险、民生人寿保险、阳光人寿保险等几百家金融机构，以及中宣部、中纪委、政法委、公安部、外交部、网信办、中疾控、卫健委、交通部、教育部等中央、国家部委及其下属单位客户。,603927.SH,18,报告页码,（四）核心客户资源优质,正文,603927.SH_中科软_2025_管理层讨论与分析.pdf
MDAF0004922,中科软,核心竞争力,24,随着公司内部管理制度的不断完善，在当前的较为复杂的宏观环境和下游客户处于转型阶段的背景下，公司可在保持经营稳定性的基础上，更好地进行新模式、新方向的延伸和推进，进一步提升公司的发展动能。,603927.SH,18,报告页码,（五）组织管理优势,正文,603927.SH_中科软_2025_管理层讨论与分析.pdf
MDAF0004923,中科软,核心竞争力,25,公司及下属子公司取得了软件和信息技术服务行业较为全面、较高等级的业务资质。,603927.SH,19,报告页码,（六）质量管理及资质优势,正文,603927.SH_中科软_2025_管理层讨论与分析.pdf
MDAF0004924,中科软,核心竞争力,25,公司通过ISO9001（质量管理体系）、ISO14001（环境管理体系）、ISO45001（职业健康安全管理体系）、ISO22301（业务连续性管理体系）、ISO/IEC20000-1（信息技术服务管理体系）、ISO/IEC27001（信息安全管理体系）、ISO28000（绿色供应链安全管理体系）、GB/T39604（企业社会责任管理体系）、GB/T29490（企业知识产权管理体系）、BS10012（个人信息管理体系）、ISO10002（客户投诉管理体系）、ISO37301（合规管理体系）等认证；通过TMMi（测试成熟度模型集成）五级认证；持续保持CMMI 5级（最高级）认证。,603927.SH,19,报告页码,（六）质量管理及资质优势,正文,603927.SH_中科软_2025_管理层讨论与分析.pdf
MDAF0004925,中科软,核心竞争力,25,获得信息系统建设和服务能力杰出级（CS5）、SDCA 软件服务商交付能力（一级）、CCID 信息系统服务交付能力（一级）、DCMM 数据管理能力成熟度稳健级（3 级）；ITSS 信息技术服务标准符合性运行维护一级、ITSS 云计算服务能力私有云IaaS 二级和SaaS 三级、信息安全服务资质安全工程类一级、CCRC 信息系统安全集成服务二级、电子与智能化工程专业承包一级、建筑智能化系统设计专项甲级资质、安防工程企业设计施工维护能力一级等重要资质。,603927.SH,19,报告页码,（六）质量管理及资质优势,正文,603927.SH_中科软_2025_管理层讨论与分析.pdf
MDAF0004926,中科软,研发投入,20,分行业领域看，在保险领域，公司的研发覆盖精算管理、营销销售、理赔风控、运营决策、渠道服务及监管合规等全业务价值链；在医疗卫生领域，涵盖医疗辅助诊断、医院公共卫生管理及健康保障服务；在政务领域，涉及智慧执法、交通政务及城市治理等场景。,603927.SH,14,报告页码,,正文,603927.SH_中科软_2025_管理层讨论与分析.pdf
MDAF0004927,中科软,研发投入,20,在前端业务赋能方面，通过展业助手、智能营销平台等项目重构获客与客户交互模式；在核心业务智能化方面，依托理赔、理算、风控类系统实现关键作业流程的智能决策；在中后台运营支撑方面，构建企业级知识管理与智能办公体系；在技术底座建设方面，持续夯实智能运维、代码质量保证及可观测性等技术平台。,603927.SH,14,报告页码,,正文,603927.SH_中科软_2025_管理层讨论与分析.pdf
MDAF0004928,中科软,研发投入,20,报告期内，公司持续围绕AIGC 及人工智能技术的系统性研发投入，重点聚焦以AI为核心引擎的全栈式智能化升级。,603927.SH,14,报告页码,,正文,603927.SH_中科软_2025_管理层讨论与分析.pdf
MDAF0004929,中科软,研发投入,20,未来，人工智能不仅是降本增效的使能工具，更是驱动业务模式重构、打造差异化竞争优势的核心支点。,603927.SH,14,报告页码,,正文,603927.SH_中科软_2025_管理层讨论与分析.pdf
MDAF0004930,中科软,研发投入,20,这表明，公司AI 研发布局已突破单点工具属性，正演进为贯穿业务前中后台的系统性战略能力。,603927.SH,14,报告页码,,正文,603927.SH_中科软_2025_管理层讨论与分析.pdf
MDAF0004931,中科软,研发投入,21,报告期内，公司重要研发项目如下：,603927.SH,15,报告页码,,正文,603927.SH_中科软_2025_管理层讨论与分析.pdf
MDAF0004932,中科软,研发投入,21,"除人工智能应用外，公司紧密结合技术发展趋势与行业数字化转型需求，持续深化行业参考模型平台、""保险+""生态平台以及数据治理与分析应用等方向的研发创新，构建支撑长期发展的多层次技术产品矩阵。",603927.SH,15,报告页码,,正文,603927.SH_中科软_2025_管理层讨论与分析.pdf
MDAF0004933,中科软,研发投入,21,"研发方向：""保险+""生态平台。",603927.SH,15,报告页码,,表格行,603927.SH_中科软_2025_管理层讨论与分析.pdf
MDAF0004934,中科软,研发投入,21,研发方向：人工智能应用。,603927.SH,15,报告页码,,表格行,603927.SH_中科软_2025_管理层讨论与分析.pdf
MDAF0004935,中科软,研发投入,21,研发方向：行业参考模型平台。,603927.SH,15,报告页码,,表格行,603927.SH_中科软_2025_管理层讨论与分析.pdf
MDAF0004936,中科软,研发投入,21,研发项目：多场景融合的跨域精准保险核心系统关键技术攻关、商业养老金清算平台、寿险核心一体化开发管理平台、智慧人力资源系统、产品管理平台辅助策略引擎、 平台经济综合监管系统、多平台软硬件全栈切换平台、存储系统测试平台研发、 基于地产行业的经营分析管理平台、车险理赔数智人伤管理平台、院内传染病医防融合大数据协同平台、智慧工会职工服务平台、智慧煤炭综合一体化平台、 基于Aviator 表达式引擎的高效规则引擎系统、医院智能公卫系统、省域旅游综合监管平台、城市智慧环境平台、媒体和文化阵地监管平台、智慧托育平台、 财产保险理赔全流程协同作业平台、企业应用协同平台、三级网信调度体系应急值守与应急研判指挥调度系统、中科软保险PaaS 云平台、保险中介业务一体化管理平台、产品全生命周期管理平台、门户信息管理平台、保险IFRS17 平台 V2.0、多元生物安全监测信息融合与早期预警平台、IFRS17 会计引擎、基于低代码平台的灵创办公系统、预算编报平台。,603927.SH,15,报告页码,,表格行,603927.SH_中科软_2025_管理层讨论与分析.pdf
MDAF0004937,中科软,研发投入,21,研发项目：智能销售门户系统、健康保障委托管理业务平台、一站式个代营销服务平台、 智慧社群领航系统、数字化客户服务与教育平台、基于图数据库的家族图谱与家庭保障分析系统、金融智能营销CRM 系统、财产保险风险减量服务平台、基。,603927.SH,15,报告页码,,表格行,603927.SH_中科软_2025_管理层讨论与分析.pdf
MDAF0004938,中科软,研发投入,21,研发项目：行业应用软件可观测AIOps 平台、智慧执法办案平台、企业级人工智能MES 系统、保险监管数据AIGC 知识辅助系统、智慧工坊、基于人工智能的自动化测试平台、智能化数字人寿险建议书系统、基于语义理解的团险特约理算助手、基于大模型的智能健康险理赔系统、基于垂域业务模型的保险公司投资项目管理系统、基于人工智能技术的证券公司代销保险业务智能双录系统、企业智能科技资源管理系统、基于AIGC 的业财数据分析平台、基于大数据应用及人工智能技术的金融审计智能平台研发、AI 寿险数字助理系统、保险AIOps 智能运维平台、证照智能化管理系统、Clog 决策引擎平台、基于AI 的能力模型测评系统、 产品条款智能管理系统、智能保单服务系统、大模型智能检索数据库管理系统、 基于AI 技术的规则解析平台、财险数智化运维平台、古籍数字化资源智能处理平台、基于多智能体的医疗辅助诊断系统、智能web 应用构建引擎平台、基于大模型的代理人智能展业助手项目、基于智能AI 精算管理平台、养殖保险智能识别平台、数字员工催收业务管理系统、基于知识图谱和多源数据融合的关联交易管理系统、行业应用软件AI 智能助手、基于AI 生成+决策的代码质量智能保证平台、MaaS 应用服务平台、基于deepseek 的物流智能控制塔平台、基于多维度特征提取的图像篡改识别系统、保险智慧经营决策管理平台V2.0、基于大模型的会议内容萃取系统、基于大模型的学生资助风险分析平台、融合AI 技术的交通政务管理平台、AIGC 垂直领域行业知识平台、知途平台（赋能保险数智营销）V1.0、医疗健康AI-MAAS 平台、低代码平台AI 助手、基于向量数据库的AIGC 模型即服务平台研究、基于AI 的智慧教育一体化服务平台。,603927.SH,15,报告页码,,表格行,603927.SH_中科软_2025_管理层讨论与分析.pdf
MDAF0004939,中科软,研发投入,22,于大数据和智能匹配的汽车后市场维修资源智能推送系统、意健险快速出单系统、保险中介风控出单平台：数据治理与分析应用。,603927.SH,16,报告页码,,表格行,603927.SH_中科软_2025_管理层讨论与分析.pdf
MDAF0004940,中科软,研发投入,22,"于大数据和智能匹配的汽车后市场维修资源智能推送系统、意健险快速出单系统、保险中介风控出单平台：智能风险管理平台-诉责险、风险保障缺口测评分析平台、企业数智督办平台、 ""合规智盾""数字化合规管理平台、寿险档案知识库系统、智能担保风险预警控制系统、业务精准度智控系统、智能观测平台、再保人身险业务明细数据存储系统、智慧园区安全生产数据质量管控平台、责任险风控平台、车辆风险管理平台、审查调查多维数据综合分析研判系统、反洗钱智能监测分析系统项目、 基于元数据的数据服务平台、数据切割管理平台、保险法人客户数字化管理。",603927.SH,16,报告页码,,表格行,603927.SH_中科软_2025_管理层讨论与分析.pdf
MDAF0004941,财富趋势,业务概要,10,10 / 223公司授权行情服务包括两方面：一是通过金融终端提供授权行情展示服务，即根据交易所或指数公司的行情经营许可业务相关规定，提供基于上交所、深交所、北交所、香港交易所、全球行情等的终端，二是面向具备交易所行情授权的机构提供数据转发服务。,688318.SH,1,报告页码,（3）证券信息服务,正文,688318.SH_财富趋势_2025_管理层讨论与分析.pdf
MDAF0004942,财富趋势,业务概要,10,公司向证券公司等机构客户提供的软件产品在软件安装调试完毕并经验收合格后，公司按照合同约定向客户提供一定期限的免费维护服务，免费维护期满后，公司按照软件合同款的一定比例向客户收取维护服务费，并长期提供软件维护服务，保障客户的使用体验。,688318.SH,1,报告页码,（2）维护服务,正文,688318.SH_财富趋势_2025_管理层讨论与分析.pdf
MDAF0004943,财富趋势,业务概要,10,公司是国内证券行情交易系统软件和证券信息服务的重要供应商，主要业务包括软件销售、维护服务和证券信息服务。,688318.SH,1,报告页码,(一) 主要业务、主要产品或服务情况,正文,688318.SH_财富趋势_2025_管理层讨论与分析.pdf
MDAF0004944,财富趋势,业务概要,10,公司的软件产品包括行情分析系统、证券交易系统、智能服务系统等；行情分析系统覆盖国内外证券交易所、期货交易所、外汇交易中心、指数公司等，并根据投资者需求持续支持更多市场的行情；证券交易系统覆盖国内绝大多数证券公司交易通道、港股市场通道，满足国内投资者交易需求；智能服务系统覆盖基于知识库、行情、资讯和金融数据库的客服系统、投顾服务系统、投研系统等。,688318.SH,1,报告页码,（1）软件产品,正文,688318.SH_财富趋势_2025_管理层讨论与分析.pdf
MDAF0004945,财富趋势,业务概要,10,公司的软件维护服务包括软件日常维护和升级、应急支持、不定期回访、技术咨询、技术培训等。,688318.SH,1,报告页码,（2）维护服务,正文,688318.SH_财富趋势_2025_管理层讨论与分析.pdf
MDAF0004946,财富趋势,业务概要,10,"客户端表现形式包含PC 终端（Windows 终端、Mac 终端、信创桌面终端）、移动终端（Android、iOS、Harmony OS 等系统）和Web 终端等多种展现形式，秉承""统一后台，多种终端""的架构理念，各终端共用一套后台服务器软件系统与技术，可以有效节省资源，提高开发和运营效率，便于业务创新拓展。",688318.SH,1,报告页码,（1）软件产品,正文,688318.SH_财富趋势_2025_管理层讨论与分析.pdf
MDAF0004947,财富趋势,业务概要,10,证券信息服务业务包括授权行情服务和金融数据服务，满足机构或者个人客户对行情揭示和分析、金融数据增值服务及个性化服务的需求。,688318.SH,1,报告页码,（3）证券信息服务,正文,688318.SH_财富趋势_2025_管理层讨论与分析.pdf
MDAF0004948,财富趋势,业务概要,10,软件产品构成包含客户端软件和服务器端软件。,688318.SH,1,报告页码,（1）软件产品,正文,688318.SH_财富趋势_2025_管理层讨论与分析.pdf
MDAF0004949,财富趋势,业务概要,10,面向证券金融机构，公司提供包括软件销售、软件维护服务和证券信息服务的综合解决方案；面向互联网和个人证券投资用户，公司提供包括行情、资讯和金融数据的证券信息服务。,688318.SH,1,报告页码,(一) 主要业务、主要产品或服务情况,正文,688318.SH_财富趋势_2025_管理层讨论与分析.pdf
MDAF0004950,财富趋势,业务概要,11,为保证公司证券信息服务质量，公司对供应商进行统一管理，主要考察供应商的资质实力、数据质量和售后服务方面，经数据部验证通过后确定合格供应商名录，并持续跟踪评级予以更新。,688318.SH,2,报告页码,（3）采购模式,正文,688318.SH_财富趋势_2025_管理层讨论与分析.pdf
MDAF0004951,财富趋势,业务概要,11,作为证券信息服务供应商，公司需要对证券行情数据及市场资讯信息进行采购，主要是由公司直接与各金融信息供应商签署协议并按照协议约定支付价款获得相应的行情、数据及资讯信息。,688318.SH,2,报告页码,（3）采购模式,正文,688318.SH_财富趋势_2025_管理层讨论与分析.pdf
MDAF0004952,财富趋势,业务概要,11,免费维护期满后，公司按照软件合同款的一定比例向客户收取维护服务费，并长期提供维护服务。,688318.SH,2,报告页码,2.维护服务业务,正文,688318.SH_财富趋势_2025_管理层讨论与分析.pdf
MDAF0004953,财富趋势,业务概要,11,公司向证券公司等机构客户提供的软件产品在软件安装调试完毕并经验收合格后，公司按照合同约定向客户提供一定期限的免费维护服务。,688318.SH,2,报告页码,2.维护服务业务,正文,688318.SH_财富趋势_2025_管理层讨论与分析.pdf
MDAF0004954,财富趋势,业务概要,11,公司始终秉承“以客户需求为中心”的营销理念，致力于为客户提供专业、高效、稳定、实用的产品及服务。,688318.SH,2,报告页码,（2）销售模式,正文,688318.SH_财富趋势_2025_管理层讨论与分析.pdf
MDAF0004955,财富趋势,业务概要,11,公司的盈利模式主要分为软件产品销售业务、维护服务业务和证券信息服务业务三种。,688318.SH,2,报告页码,（1）盈利模式,正文,688318.SH_财富趋势_2025_管理层讨论与分析.pdf
MDAF0004956,财富趋势,业务概要,11,公司证券信息服务销售采用线上销售模式，用户通过公司官方网站、公司APP 等渠道在线向公司提交购买产品的订单。,688318.SH,2,报告页码,（2）销售模式,正文,688318.SH_财富趋势_2025_管理层讨论与分析.pdf
MDAF0004957,财富趋势,业务概要,11,公司软件产品和服务销售采取直接销售的方式。,688318.SH,2,报告页码,（2）销售模式,正文,688318.SH_财富趋势_2025_管理层讨论与分析.pdf
MDAF0004958,财富趋势,业务概要,11,公司软件产品和维护服务销售采用B2B 模式。,688318.SH,2,报告页码,（2）销售模式,正文,688318.SH_财富趋势_2025_管理层讨论与分析.pdf
MDAF0004959,财富趋势,业务概要,11,公司配备了专业的销售与服务团队，主要负责售前客户需求分析、商务谈判、招投标环节、软件产品的安装、调试、维护、技术咨询及人员培训等售后工作。,688318.SH,2,报告页码,（2）销售模式,正文,688318.SH_财富趋势_2025_管理层讨论与分析.pdf
MDAF0004960,财富趋势,业务概要,11,公司金融数据服务包括提供基于云计算、人工智能技术和大数据平台的短线宝、扫雷宝、估值评级、智能问答、热点专题、专项分析、公司数据和行业宏观分析等金融数据服务。,688318.SH,2,报告页码,（3）证券信息服务,正文,688318.SH_财富趋势_2025_管理层讨论与分析.pdf
MDAF0004961,财富趋势,业务概要,11,另外，公司技术研发工作所需要采购的电脑软硬件、网络设备等工具，主要是由公司向供应商直接购买。,688318.SH,2,报告页码,（3）采购模式,正文,688318.SH_财富趋势_2025_管理层讨论与分析.pdf
MDAF0004962,财富趋势,业务概要,11,各类金融信息提供商位于证券信息服务业产业链的上游，包括各交易所的专属信息发布机构和其他专业研究、咨询机构，例如上交所、深交所、北交所、中国金融期货交易所等，同时包括其他资讯及数据公司。,688318.SH,2,报告页码,（3）采购模式,正文,688318.SH_财富趋势_2025_管理层讨论与分析.pdf
MDAF0004963,财富趋势,业务概要,11,在证券信息服务业务模式下，用户可通过公司官网或APP 应用商城下载免费版软件体验基础功能，通过手机号、微信、QQ 等多种方式注册通达信帐号，在登录后使用更多的功能及服务。,688318.SH,2,报告页码,3.证券信息服务业务,正文,688318.SH_财富趋势_2025_管理层讨论与分析.pdf
MDAF0004964,财富趋势,业务概要,11,在证券机构软件销售和服务业务模式下，公司可为证券公司等机构客户提供证券软件产品、软件维护的综合解决方案，通常与其签订软件产品采购及维护服务合同，以保障售后服务的完整性。,688318.SH,2,报告页码,1.软件产品销售业务,正文,688318.SH_财富趋势_2025_管理层讨论与分析.pdf
MDAF0004965,财富趋势,业务概要,11,基础行情终端注重基于通达信证券行情交易系统软件的基础信息揭示服务；专业研究终端注重基于云计算和大数据平台提供的衍生数据与深度数据的内容服务；高端决策终端基于专业版终端，额外提供历史数据回测、实时数据监测和信号输出等高级功能，使客户端数据更加个性灵活，有助于辅助投资者投资决策。,688318.SH,2,报告页码,3.证券信息服务业务,正文,688318.SH_财富趋势_2025_管理层讨论与分析.pdf
MDAF0004966,财富趋势,业务概要,11,直销模式的优点在于能够减少中间环节，迅速反馈客户意见与需求，有助于增强客户黏性和企业战略的快速调整。,688318.SH,2,报告页码,（2）销售模式,正文,688318.SH_财富趋势_2025_管理层讨论与分析.pdf
MDAF0004967,财富趋势,业务概要,11,证券信息服务收费产品收费形式包括月度、年度形式付费，部分增值功能支持按计算资源梯度付费。,688318.SH,2,报告页码,3.证券信息服务业务,正文,688318.SH_财富趋势_2025_管理层讨论与分析.pdf
MDAF0004968,财富趋势,业务概要,11,证券信息服务收费终端主要分为基础行情、专业研究、高端决策三大类。,688318.SH,2,报告页码,3.证券信息服务业务,正文,688318.SH_财富趋势_2025_管理层讨论与分析.pdf
MDAF0004969,财富趋势,业务概要,11,不适用。,688318.SH,2,报告页码,（3）证券信息服务,选项,688318.SH_财富趋势_2025_管理层讨论与分析.pdf
MDAF0004970,财富趋势,业务概要,12,2025年1月中央金融办、中国证监会、财政部、人力资源社会保障部、中国人民银行、金融监管总局联合印发《关于推动中长期资金入市工作的实施方案》，对市场稳定起到了有力支撑作用，推动市场回稳向好，持续优化资本市场生态。,688318.SH,3,报告页码,2.互联网金融信息服务业的快速发展,正文,688318.SH_财富趋势_2025_管理层讨论与分析.pdf
MDAF0004971,财富趋势,业务概要,12,《中华人民共和国国民经济和社会发展第十四个五年规划和2035年远景目标纲要》提出了包括大数据、云计算、物联网、人工智能、区块链在内的数字经济七大重点产业，推进数字产业化和产业数字化，推动数字经济和实体经济深度融合，打造具有国际竞争力的数字产业集群。,688318.SH,3,报告页码,1.国家高度重视数字经济与软件行业发展,正文,688318.SH_财富趋势_2025_管理层讨论与分析.pdf
MDAF0004972,财富趋势,业务概要,12,《金融科技发展规划》指出以加强金融数据要素应用为基础，数字元素注入金融服务全流程，注重金融创新的科技驱动和数据赋能。,688318.SH,3,报告页码,2.互联网金融信息服务业的快速发展,正文,688318.SH_财富趋势_2025_管理层讨论与分析.pdf
MDAF0004973,财富趋势,业务概要,12,传统业务模式、技术应用以及产品服务模式发生重大变革。,688318.SH,3,报告页码,3.技术革新为行业发展提供有力支持,正文,688318.SH_财富趋势_2025_管理层讨论与分析.pdf
MDAF0004974,财富趋势,业务概要,12,作为软件技术赋能金融的关键接口，互联网金融信息服务业在资本市场深化改革与居民财富管理需求升级双重驱动下实现内涵式发展。,688318.SH,3,报告页码,2.互联网金融信息服务业的快速发展,正文,688318.SH_财富趋势_2025_管理层讨论与分析.pdf
MDAF0004975,财富趋势,业务概要,12,党和国家高度重视数字经济的发展，将其上升为国家战略。,688318.SH,3,报告页码,1.国家高度重视数字经济与软件行业发展,正文,688318.SH_财富趋势_2025_管理层讨论与分析.pdf
MDAF0004976,财富趋势,业务概要,12,党的二十大报告明确指出，要加快建设数字中国，加快发展数字经济，促进数字经济和实体经济深度融合。,688318.SH,3,报告页码,1.国家高度重视数字经济与软件行业发展,正文,688318.SH_财富趋势_2025_管理层讨论与分析.pdf
MDAF0004977,财富趋势,业务概要,12,因此，影响行业发展的因素主要集中在软件信息技术行业和证券金融行业两方面。,688318.SH,3,报告页码,（1）行业的发展阶段、基本特点,正文,688318.SH_财富趋势_2025_管理层讨论与分析.pdf
MDAF0004978,财富趋势,业务概要,12,"在“人工智能+""行动深入实施背景下，软件技术与各行业融合深度拓展，不仅提升全要素生产率，更在培育产业新赛道、优化资源配置效率方面发挥系统性作用。",688318.SH,3,报告页码,1.国家高度重视数字经济与软件行业发展,正文,688318.SH_财富趋势_2025_管理层讨论与分析.pdf
MDAF0004979,财富趋势,业务概要,12,在资金投入上，国家设立专项资金支持技术研发和产业化，实施税收优惠政策，并鼓励相关企业在科创板、创业板上市融资。,688318.SH,3,报告页码,1.国家高度重视数字经济与软件行业发展,正文,688318.SH_财富趋势_2025_管理层讨论与分析.pdf
MDAF0004980,财富趋势,业务概要,12,在软件行业方面，影响因素主要有宏观环境、产业政策、技术革新等；在金融行业方面，影响因素主要有资本市场发展、监管环境和行业景气度等。,688318.SH,3,报告页码,（1）行业的发展阶段、基本特点,正文,688318.SH_财富趋势_2025_管理层讨论与分析.pdf
MDAF0004981,财富趋势,业务概要,12,基础设施建设方面，加快5G 网络、数据中心和工业互联网平台的建设，推动制造业数字化转型。,688318.SH,3,报告页码,1.国家高度重视数字经济与软件行业发展,正文,688318.SH_财富趋势_2025_管理层讨论与分析.pdf
MDAF0004982,财富趋势,业务概要,12,当前人工智能技术正经历一个渗透率快速提升的阶段，为行业发展打开全新的成长空间。,688318.SH,3,报告页码,3.技术革新为行业发展提供有力支持,正文,688318.SH_财富趋势_2025_管理层讨论与分析.pdf
MDAF0004983,财富趋势,业务概要,12,当前，人工智能通过精准的语义理解与高效的逻辑推演，正在深刻影响金融信息服务行业的交互模式与业务逻辑。,688318.SH,3,报告页码,3.技术革新为行业发展提供有力支持,正文,688318.SH_财富趋势_2025_管理层讨论与分析.pdf
MDAF0004984,财富趋势,业务概要,12,投资者结构改善、市场透明度提升与交易机制完善，共同催生对专业、深度、可信赖金融信息服务的旺盛需求，为行业深化服务与场景拓展提供坚实土壤。,688318.SH,3,报告页码,2.互联网金融信息服务业的快速发展,正文,688318.SH_财富趋势_2025_管理层讨论与分析.pdf
MDAF0004985,财富趋势,业务概要,12,"政府多次明确提出要""活跃资本市场，提振投资者信心”。",688318.SH,3,报告页码,2.互联网金融信息服务业的快速发展,正文,688318.SH_财富趋势_2025_管理层讨论与分析.pdf
MDAF0004986,财富趋势,业务概要,12,智能体（AI Agent）技术的应用进一步催化了服务范式的转型，通过对金融数据和信息的自动化处理、智能分析，大幅提高了投研、风控和客户服务的质量与效率，能够帮助金融机构应对市场变化，优化和提升服务的广度、深度与温度。,688318.SH,3,报告页码,3.技术革新为行业发展提供有力支持,正文,688318.SH_财富趋势_2025_管理层讨论与分析.pdf
MDAF0004987,财富趋势,业务概要,12,根据国民经济分类标准，公司属于软件与信息技术服务业，具体细分为面向证券金融行业的软件开发和互联网信息服务。,688318.SH,3,报告页码,（1）行业的发展阶段、基本特点,正文,688318.SH_财富趋势_2025_管理层讨论与分析.pdf
MDAF0004988,财富趋势,业务概要,12,根据工业和信息化部的统计数据显示，2025年我国软件和信息技术服务业运行态势良好，软件业务收入稳健增长，2025年软件业务收入154831亿元，同比增长13.2%，利润总额18848亿元，同比增长7.3%。,688318.SH,3,报告页码,1.国家高度重视数字经济与软件行业发展,正文,688318.SH_财富趋势_2025_管理层讨论与分析.pdf
MDAF0004989,财富趋势,业务概要,12,深度学习带来的科技革命将产生巨大的经济价值，技术革新为互联网金融信息服务企业通过掌握前沿科技获得持续竞争优势提供了重要支持。,688318.SH,3,报告页码,3.技术革新为行业发展提供有力支持,正文,688318.SH_财富趋势_2025_管理层讨论与分析.pdf
MDAF0004990,财富趋势,业务概要,12,软件与信息技术服务业是关系国民经济和社会发展全局的基础性、战略性、先导性产业，对经济社会发展具有重要的支撑和引领作用。,688318.SH,3,报告页码,1.国家高度重视数字经济与软件行业发展,正文,688318.SH_财富趋势_2025_管理层讨论与分析.pdf
MDAF0004991,财富趋势,业务概要,12,近年来，以大数据、云计算、人工智能等技术为核心的新一轮科技革命正在加速推动全球经济向信息化、数字化、智能化演进。,688318.SH,3,报告页码,3.技术革新为行业发展提供有力支持,正文,688318.SH_财富趋势_2025_管理层讨论与分析.pdf
MDAF0004992,财富趋势,业务概要,12,金融科技发展水平的提高、证券行业政策监管导向等都将影响行证券软件与信息技术服务业的发展。,688318.SH,3,报告页码,（1）行业的发展阶段、基本特点,正文,688318.SH_财富趋势_2025_管理层讨论与分析.pdf
MDAF0004993,财富趋势,业务概要,12,随着我国证券市场进入快速发展时期，互联网金融信息服务市场容量不断扩展，行业迎来了黄金发展的机遇。,688318.SH,3,报告页码,2.互联网金融信息服务业的快速发展,正文,688318.SH_财富趋势_2025_管理层讨论与分析.pdf
MDAF0004994,财富趋势,业务概要,12,面向金融等行业，推动智能信息技术服务平台的建设应用，构建智能服务体系。,688318.SH,3,报告页码,2.互联网金融信息服务业的快速发展,正文,688318.SH_财富趋势_2025_管理层讨论与分析.pdf
MDAF0004995,财富趋势,业务概要,13,人工智能监管方面，出台了AI 伦理准则和算法备案要求，确保AI 技术的公平性和透明度，同时针对生成式AI 的内容生成能力加强了内容审核和版权保护。,688318.SH,4,报告页码,4.监管促进行业健康发展,正文,688318.SH_财富趋势_2025_管理层讨论与分析.pdf
MDAF0004996,财富趋势,业务概要,13,企业在已积累的核心技术上实现创新的能力，以及捕捉未来更精细化的市场需求、及时准确把握技术发展趋势、保持技术支持的配套更新和创新的可持续发展能力将成为影响企业核心竞争力和持久发展的重要因素。,688318.SH,4,报告页码,（2）主要技术门槛,正文,688318.SH_财富趋势_2025_管理层讨论与分析.pdf
MDAF0004997,财富趋势,业务概要,13,公司产品和服务的用户覆盖了我国绝大多数拥有经纪业务资质的证券公司。,688318.SH,4,报告页码,2、公司所处的行业地位分析及其变化情况,正文,688318.SH_财富趋势_2025_管理层讨论与分析.pdf
MDAF0004998,财富趋势,业务概要,13,公司凭借较强的技术实力和完备的产品体系，通过持续完善服务体系组织建设、客户及渠道拓展以及不断夯实公司品牌竞争力，获得了良好的口碑和稳定的市场。,688318.SH,4,报告页码,2、公司所处的行业地位分析及其变化情况,正文,688318.SH_财富趋势_2025_管理层讨论与分析.pdf
MDAF0004999,财富趋势,业务概要,13,公司所处的证券软件和信息技术服务业属于典型的技术密集型行业，涉及证券、期货、期权、外汇、软件、硬件、安全等多学科领域，是多门类跨学科知识的综合应用，具有较高的技术门槛。,688318.SH,4,报告页码,（2）主要技术门槛,正文,688318.SH_财富趋势_2025_管理层讨论与分析.pdf
MDAF0005000,财富趋势,业务概要,13,公司是国内证券行情交易系统软件和证券信息服务的重要供应商。,688318.SH,4,报告页码,2、公司所处的行业地位分析及其变化情况,正文,688318.SH_财富趋势_2025_管理层讨论与分析.pdf
MDAF0005001,财富趋势,业务概要,13,公司深耕证券信息服务行业，在证券信息服务的数据资源、产品研发和技术创新等方面具有一定程度的积累和优势，通过免费客户端来培育增值业务客户，预期未来能够实现一定的客户规模增长。,688318.SH,4,报告页码,2、公司所处的行业地位分析及其变化情况,正文,688318.SH_财富趋势_2025_管理层讨论与分析.pdf
MDAF0005002,财富趋势,业务概要,13,同时要求依法依规做好网络安全审查、云计算服务安全评估等，有效防范国家安全风险。,688318.SH,4,报告页码,4.监管促进行业健康发展,正文,688318.SH_财富趋势_2025_管理层讨论与分析.pdf
MDAF0005003,财富趋势,业务概要,13,同时，软件行业的技术发展又推动金融服务的业务模式不断创新。,688318.SH,4,报告页码,（2）主要技术门槛,正文,688318.SH_财富趋势_2025_管理层讨论与分析.pdf
MDAF0005004,财富趋势,业务概要,13,同行业竞争公司均在其所专长的细分领域具有相对优势，由于各个细分业务彼此相关，各主要企业又向竞争对手的相对优势领域渗透发展，以求覆盖整个行业的产品线。,688318.SH,4,报告页码,2、公司所处的行业地位分析及其变化情况,正文,688318.SH_财富趋势_2025_管理层讨论与分析.pdf
MDAF0005005,财富趋势,业务概要,13,因此，证券软件和信息技术服务业要求企业具备较强的技术开发和创新能力，能够满足金融证券行业对软件信息技术的新需求。,688318.SH,4,报告页码,（2）主要技术门槛,正文,688318.SH_财富趋势_2025_管理层讨论与分析.pdf
MDAF0005006,财富趋势,业务概要,13,"国务院印发的《""十四五""数字经济发展规划》指出支持市场主体依法合规开展数据采集，聚焦数据的标注、清洗、脱敏、脱密、聚合、分析等环节，提升数据资源处理能力，培育壮大数据服务产业。",688318.SH,4,报告页码,4.监管促进行业健康发展,正文,688318.SH_财富趋势_2025_管理层讨论与分析.pdf
MDAF0005007,财富趋势,业务概要,13,在当前市场环境下，业务创新、监管要求的变化对企业的研发能力和产品适应能力提出了更高的要求。,688318.SH,4,报告页码,2、公司所处的行业地位分析及其变化情况,正文,688318.SH_财富趋势_2025_管理层讨论与分析.pdf
MDAF0005008,财富趋势,业务概要,13,在证券信息服务领域，业务细分包括证券行情信息服务、证券财经资讯业务等。,688318.SH,4,报告页码,2、公司所处的行业地位分析及其变化情况,正文,688318.SH_财富趋势_2025_管理层讨论与分析.pdf
MDAF0005009,财富趋势,业务概要,13,在证券行情交易系统细分市场内，竞争厂商较少，仅包含同花顺、大智慧等。,688318.SH,4,报告页码,2、公司所处的行业地位分析及其变化情况,正文,688318.SH_财富趋势_2025_管理层讨论与分析.pdf
MDAF0005010,财富趋势,业务概要,13,在证券软件领域，公司主要产品面向证券公司信息系统前台应用领域。,688318.SH,4,报告页码,2、公司所处的行业地位分析及其变化情况,正文,688318.SH_财富趋势_2025_管理层讨论与分析.pdf
MDAF0005011,财富趋势,业务概要,13,尽管AI 在应用层快速扩张，金融行业作为一个强监管行业，AI 的应用会比其他领域更为审慎。,688318.SH,4,报告页码,4.监管促进行业健康发展,正文,688318.SH_财富趋势_2025_管理层讨论与分析.pdf
MDAF0005012,财富趋势,业务概要,13,总体来看，证券金融行业应用软件产品具备技术更新快、产品迭代周期短的特点。,688318.SH,4,报告页码,（2）主要技术门槛,正文,688318.SH_财富趋势_2025_管理层讨论与分析.pdf
MDAF0005013,财富趋势,业务概要,13,投资者受使用习惯、系统安全性、稳定性以及系统升级维护复杂度等因素的影响，证券行情交易软件产品黏性较大。,688318.SH,4,报告页码,2、公司所处的行业地位分析及其变化情况,正文,688318.SH_财富趋势_2025_管理层讨论与分析.pdf
MDAF0005014,财富趋势,业务概要,13,相较于竞品公司，我司更加注重于面向国内证券公司等企业级客户，对其提供证券行情交易系统的研发与销售。,688318.SH,4,报告页码,2、公司所处的行业地位分析及其变化情况,正文,688318.SH_财富趋势_2025_管理层讨论与分析.pdf
MDAF0005015,财富趋势,业务概要,13,行业内具备相应技术实力且拥有一定客户基础的证券软件和信息技术服务供应商数量较为有限。,688318.SH,4,报告页码,2、公司所处的行业地位分析及其变化情况,正文,688318.SH_财富趋势_2025_管理层讨论与分析.pdf
MDAF0005016,财富趋势,业务概要,13,进一步强化个人信息保护，规范身份信息、隐私信息、生物特征信息的采集、传输和使用，加强对收集使用个人信息的安全监管能力。,688318.SH,4,报告页码,4.监管促进行业健康发展,正文,688318.SH_财富趋势_2025_管理层讨论与分析.pdf
MDAF0005017,财富趋势,业务概要,13,"金融系统是高度敏感、拒绝""机器幻觉""、对数据的精确度与及时性要求极高的行业。",688318.SH,4,报告页码,4.监管促进行业健康发展,正文,688318.SH_财富趋势_2025_管理层讨论与分析.pdf
MDAF0005018,财富趋势,业务概要,13,金融行业与软件行业的融合日益紧密，新一代信息技术在金融行业的应用日益广泛和深入。,688318.SH,4,报告页码,（2）主要技术门槛,正文,688318.SH_财富趋势_2025_管理层讨论与分析.pdf
MDAF0005019,财富趋势,业务概要,13,随着相关国家政策和法律法规的发布，将逐步加强对证券软件和信息服务业的健康发展进行指导和规范，有利于证券软件和信息技术服务行业健康发展。,688318.SH,4,报告页码,4.监管促进行业健康发展,正文,688318.SH_财富趋势_2025_管理层讨论与分析.pdf
MDAF0005020,财富趋势,业务概要,13,随着终端技术、云计算、人工智能等信息技术在金融领域融合发展，证券信息技术服务商开始为投资者提供结构化数据、回测分析和决策分析等多层次的服务，证券信息服务产品将会呈现多元化、个性化、智能化等特点。,688318.SH,4,报告页码,2、公司所处的行业地位分析及其变化情况,正文,688318.SH_财富趋势_2025_管理层讨论与分析.pdf
MDAF0005021,财富趋势,业务概要,13,随着证券金融行业的业务创新、产品和金融工具的不断丰富，相应的软件产品日益复杂和精细，软件公司必须适时对现有技术和产品进行迭代升级以满足证券市场需求。,688318.SH,4,报告页码,（2）主要技术门槛,正文,688318.SH_财富趋势_2025_管理层讨论与分析.pdf
MDAF0005022,财富趋势,业务概要,14,2025年3月国务院办公厅关于做好金融“五篇大文章”的指导意见指出推动数字金融高质量发展；2025年3月，国务院总理李强在第十四届全国人民代表大会三次会议上作《政府工作报告》，提出激发数字经济创新活力。,688318.SH,5,报告页码,3、报告期内新技术、新产业、新业态、新模式的发展情况和未来发展趋势,正文,688318.SH_财富趋势_2025_管理层讨论与分析.pdf
MDAF0005023,财富趋势,业务概要,14,在新一轮科技革命和产业变革的背景下，金融科技的蓬勃发展，人工智能、大数据、云计算、物联网等信息技术同金融业务的深度融合皆会为金融发展提供源源不断的创新活力。,688318.SH,5,报告页码,3、报告期内新技术、新产业、新业态、新模式的发展情况和未来发展趋势,正文,688318.SH_财富趋势_2025_管理层讨论与分析.pdf
MDAF0005024,财富趋势,业务概要,14,持续推进“人工智能+”行动，将数字技术与制造优势、市场优势更好结合起来，支持大模型广泛应用；地方政府通过研发创新扶持、实验平台建设和融资支持等措施，推动地方金融科技企业的发展。,688318.SH,5,报告页码,3、报告期内新技术、新产业、新业态、新模式的发展情况和未来发展趋势,正文,688318.SH_财富趋势_2025_管理层讨论与分析.pdf
MDAF0005025,财富趋势,业务概要,14,推动数字金融高质量发展，对于提升金融服务质效、助力金融强国建设、巩固拓展数字经济优势具有重要意义。,688318.SH,5,报告页码,3、报告期内新技术、新产业、新业态、新模式的发展情况和未来发展趋势,正文,688318.SH_财富趋势_2025_管理层讨论与分析.pdf
MDAF0005026,财富趋势,业务概要,14,数字经济是继农业经济、工业经济之后的主要经济形态，是以数据资源为关键要素，以现代信息网络为主要载体，以信息通信技术融合应用、全要素数字化转型为重要推动力，促进公平与效率更加统一的新经济形态。,688318.SH,5,报告页码,3、报告期内新技术、新产业、新业态、新模式的发展情况和未来发展趋势,正文,688318.SH_财富趋势_2025_管理层讨论与分析.pdf
MDAF0005027,财富趋势,业务概要,14,未来，证券行业将会不断涌现出更多的新产品、新业态，势必带来更多的证券信息系统承载需求，使得证券信息服务行业持续受益；证券监管体系的不断完善和证券创新业务的不断推出也为证券信息服务业务的创新发展奠定了基础。,688318.SH,5,报告页码,3、报告期内新技术、新产业、新业态、新模式的发展情况和未来发展趋势,正文,688318.SH_财富趋势_2025_管理层讨论与分析.pdf
MDAF0005028,财富趋势,业务概要,14,科技部、人行、证监会和地方政府相继出台了一系列政策和规划，积极推动互联网金融信息服务业的技术创新和产业升级。,688318.SH,5,报告页码,3、报告期内新技术、新产业、新业态、新模式的发展情况和未来发展趋势,正文,688318.SH_财富趋势_2025_管理层讨论与分析.pdf
MDAF0005029,财富趋势,业务概要,14,近年来，以大数据、云计算、人工智能等为代表的新一代信息技术蓬勃发展，正全方位重塑传统金融业务模式。,688318.SH,5,报告页码,3、报告期内新技术、新产业、新业态、新模式的发展情况和未来发展趋势,正文,688318.SH_财富趋势_2025_管理层讨论与分析.pdf
MDAF0005030,财富趋势,业务概要,14,这些政策为行业提供了技术创新的制度保障，推动产业链协同发展，提高了金融信息服务业的技术水平和市场竞争力，助力行业迈向智能化、数字化转型。,688318.SH,5,报告页码,3、报告期内新技术、新产业、新业态、新模式的发展情况和未来发展趋势,正文,688318.SH_财富趋势_2025_管理层讨论与分析.pdf
MDAF0005031,财富趋势,业务概要,14,金融科技行业的从业机构都在积极寻找新技术与业务场景的结合点，未来有可能出现影响金融科技行业格局的产品和服务，甚至推动整个证券行业的范式转变。,688318.SH,5,报告页码,3、报告期内新技术、新产业、新业态、新模式的发展情况和未来发展趋势,正文,688318.SH_财富趋势_2025_管理层讨论与分析.pdf
MDAF0005032,财富趋势,业务概要,14,金融科技赋能证券行业蓬勃发展。,688318.SH,5,报告页码,3、报告期内新技术、新产业、新业态、新模式的发展情况和未来发展趋势,正文,688318.SH_财富趋势_2025_管理层讨论与分析.pdf
MDAF0005033,财富趋势,业务概要,14,随着计算机和互联网技术的发展及应用日趋深入，尤其是人工智能、大数据和云计算等关键领域的技术日新月异，关键技术的突破改变了人们的生产和生活方式。,688318.SH,5,报告页码,3、报告期内新技术、新产业、新业态、新模式的发展情况和未来发展趋势,正文,688318.SH_财富趋势_2025_管理层讨论与分析.pdf
MDAF0005034,财富趋势,核心竞争力,14,公司拥有的客户覆盖国内90％证券公司，且与大部分形成了长期合作伙伴关系，在客户、研发、产品、品牌和数据资源等方面拥有独特而明显的竞争优势。,688318.SH,5,报告页码,(一) 核心竞争力分析,正文,688318.SH_财富趋势_2025_管理层讨论与分析.pdf
MDAF0005035,财富趋势,核心竞争力,14,公司是国内证券行情交易系统软件和证券信息服务的重要供应商，主要业务包括软件销售、维护服务和证券信息服务。,688318.SH,5,报告页码,(一) 核心竞争力分析,正文,688318.SH_财富趋势_2025_管理层讨论与分析.pdf
MDAF0005036,财富趋势,核心竞争力,14,公司每年投入大量资源用于新产品、新技术的研究开发，深入探索前沿技术在行业中的应用，构建了较强的技术壁垒；同时，公司拥有来源丰富的海量金融数据资源，具有智能高效的数据处理与运算能力，为公司进行差异化增值服务奠定良好的基础。,688318.SH,5,报告页码,(一) 核心竞争力分析,正文,688318.SH_财富趋势_2025_管理层讨论与分析.pdf
MDAF0005037,财富趋势,核心竞争力,14,适用。,688318.SH,5,报告页码,(一) 核心竞争力分析,选项,688318.SH_财富趋势_2025_管理层讨论与分析.pdf
MDAF0005038,财富趋势,核心竞争力,15,公司产品拥有完全自主知识产权，从编码与传输技术、数据中间件处理、终端产品开发、安全与密码技术等各个环节具备核心竞争优势。,688318.SH,6,报告页码,2.研发优势,正文,688318.SH_财富趋势_2025_管理层讨论与分析.pdf
MDAF0005039,财富趋势,核心竞争力,15,公司从商密改造、信创版软件、以及“多端协同数字化中台”等方面助力证券行业数字化转型，促进行业技术进步、业务创新和专业化服务，推动数字经济的发展。,688318.SH,6,报告页码,2.研发优势,正文,688318.SH_财富趋势_2025_管理层讨论与分析.pdf
MDAF0005040,财富趋势,核心竞争力,15,公司具备完善的研发创新平台，持续多年的研发投入和技术积累，主要包括终端技术、编码与传输技术、安全与密码技术、中间件技术、数据库技术、云计算技术、大数据技术和人工智能技术等。,688318.SH,6,报告页码,1、核心技术及其先进性以及报告期内的变化情况,正文,688318.SH_财富趋势_2025_管理层讨论与分析.pdf
MDAF0005041,财富趋势,核心竞争力,15,公司十分重视创新与技术研发，报告期内，研发经费投入占公司总营业收入比例为23.25%。,688318.SH,6,报告页码,2.研发优势,正文,688318.SH_财富趋势_2025_管理层讨论与分析.pdf
MDAF0005042,财富趋势,核心竞争力,15,"公司品牌""通达信""自成立以来一直致力于证券信息软件的研发和服务，已有30年历史。",688318.SH,6,报告页码,4.品牌优势,正文,688318.SH_财富趋势_2025_管理层讨论与分析.pdf
MDAF0005043,财富趋势,核心竞争力,15,公司拥有专业、稳定的研发团队，在公司多年的发展过程中，公司核心技术人员均从来没有出现过重大变动。,688318.SH,6,报告页码,2.研发优势,正文,688318.SH_财富趋势_2025_管理层讨论与分析.pdf
MDAF0005044,财富趋势,核心竞争力,15,公司拥有完整的证券行情交易业务产品及服务体系，产品结构层次丰富，可以有效满足不同层次客户的需求。,688318.SH,6,报告页码,3.产品优势,正文,688318.SH_财富趋势_2025_管理层讨论与分析.pdf
MDAF0005045,财富趋势,核心竞争力,15,公司拥有面向证券行业的全面丰富的金融数据库资源，涵盖了国内外交易所、各指数公司和债券市场的授权数据，以及上市公司信息披露数据、新闻资讯、宏观经济数据、大宗商品、行业经济数据等结构化和非结构化的数据。,688318.SH,6,报告页码,5.数据资源,正文,688318.SH_财富趋势_2025_管理层讨论与分析.pdf
MDAF0005046,财富趋势,核心竞争力,15,公司提供产品和服务内容主要包括：为证券公司等经营机构提供证券行情交易系列软件、金融数据、智能客服等产品及服务；为互联网用户提供证券信息服务、云同步服务、云计算服务、分析工具、深度数据挖掘、投资交流服务等。,688318.SH,6,报告页码,3.产品优势,正文,688318.SH_财富趋势_2025_管理层讨论与分析.pdf
MDAF0005047,财富趋势,核心竞争力,15,"公司的产品体系形成了""统一后台，多种终端""的表现形式，能及时准确地反馈客户需求，并根据市场需求快速形成最终销售产品；公司产品体系兼容性较强，可适应各种不同的软硬件环境变化和升级需要。",688318.SH,6,报告页码,2.研发优势,正文,688318.SH_财富趋势_2025_管理层讨论与分析.pdf
MDAF0005048,财富趋势,核心竞争力,15,公司紧跟国际先进技术的发展趋势，高度重视创新和研发，持续加大研发投入，始终倡导自身研发和产学研双轨并行，积累了行业领先的研发技术能力、产品实现能力和技术服务能力。,688318.SH,6,报告页码,1、核心技术及其先进性以及报告期内的变化情况,正文,688318.SH_财富趋势_2025_管理层讨论与分析.pdf
MDAF0005049,财富趋势,核心竞争力,15,受用户的使用习惯、系统安全性、稳定性以及系统升级和后续维护等因素影响，证券经营机构对软件开发商的产品和服务可替换性较低，因此公司软件产品的客户黏性较高，形成了明显的竞争优势。,688318.SH,6,报告页码,3.产品优势,正文,688318.SH_财富趋势_2025_管理层讨论与分析.pdf
MDAF0005050,财富趋势,核心竞争力,15,受益于证券公司等机构客户的市场资源，巨大的终端用户使用量也为公司后续产品序列开发奠定了良好的客户基础。,688318.SH,6,报告页码,1.客户资源,正文,688318.SH_财富趋势_2025_管理层讨论与分析.pdf
MDAF0005051,财富趋势,核心竞争力,15,同时，公司在证券信息服务中结合云计算、大数据、人工智能等研发成果并应用，积极与知名院校开展合作，通过建立金融科技实验室实现产学合作。,688318.SH,6,报告页码,2.研发优势,正文,688318.SH_财富趋势_2025_管理层讨论与分析.pdf
MDAF0005052,财富趋势,核心竞争力,15,庞大而活跃的用户群体有利于公司打造证券信息服务生态圈，基于证券公司免费终端，一旦公司的增值产品或服务推出，将能更快被市场接受，客户资源优势明显。,688318.SH,6,报告页码,1.客户资源,正文,688318.SH_财富趋势_2025_管理层讨论与分析.pdf
MDAF0005053,财富趋势,核心竞争力,15,机构客户方面，公司的产品和服务已覆盖了国内90％以上的证券公司，本公司与证券公司等机构客户业务合作为主的模式保证了公司的稳定发展。,688318.SH,6,报告页码,1.客户资源,正文,688318.SH_财富趋势_2025_管理层讨论与分析.pdf
MDAF0005054,财富趋势,核心竞争力,15,"通达信软件因基础架构适用性、兼容性和扩展性较强，主站并发性能卓越以及较强的稳定性和安全性等特点得到机构客户的认可，""通达信""软件品牌在证券软件领域具有较高的知名度、认可度和较强的影响力。",688318.SH,6,报告页码,4.品牌优势,正文,688318.SH_财富趋势_2025_管理层讨论与分析.pdf
MDAF0005055,财富趋势,核心竞争力,15,通过不断参与客户产品研发合作、收集和分析上下游产品的变化信息，及时掌握客户产品设计和需求的变化。,688318.SH,6,报告页码,1、核心技术及其先进性以及报告期内的变化情况,正文,688318.SH_财富趋势_2025_管理层讨论与分析.pdf
MDAF0005056,财富趋势,核心竞争力,15,不适用。,688318.SH,6,报告页码,(二) 报告期内发生的导致公司核心竞争力受到严重影响的事件、影响分析及应对措施,选项,688318.SH_财富趋势_2025_管理层讨论与分析.pdf
MDAF0005057,财富趋势,核心竞争力,16,2编码与传编码与传输技术在远程交易信息技术中处于核心位置，良好的编码与传输技输技术术能保障数据及时性、提高伺服端伺服能力、降低终端和带宽要求、在相同带宽条件下可以传输更丰富的数据、降低单位带宽和服务器资源开销、提高系统整体稳定性。,688318.SH,7,报告页码,1、核心技术及其先进性以及报告期内的变化情况,正文,688318.SH_财富趋势_2025_管理层讨论与分析.pdf
MDAF0005058,财富趋势,核心竞争力,16,3安全与密公司在安全研究和安全服务方面具备较强技术实力。,688318.SH,7,报告页码,1、核心技术及其先进性以及报告期内的变化情况,正文,688318.SH_财富趋势_2025_管理层讨论与分析.pdf
MDAF0005059,财富趋势,核心竞争力,16,4中间件技受益于公司在编码与传输技术、通讯技术多年积累，公司中间件产品具有良好的性能和稳定性，吞吐效率可达到3万TPS，同等环境下，性能高于术Tomcat、WebLogic、WebSphere 等标准中间件产品，也高于RocketMQ 等开源消息队列产品。,688318.SH,7,报告页码,1、核心技术及其先进性以及报告期内的变化情况,正文,688318.SH_财富趋势_2025_管理层讨论与分析.pdf
MDAF0005060,财富趋势,核心竞争力,16,公司同时储备有C100K 与C1000K 相关解决方案，具有海量并发处理能力，能较好满足券商单位对并发能力的要求。,688318.SH,7,报告页码,1、核心技术及其先进性以及报告期内的变化情况,正文,688318.SH_财富趋势_2025_管理层讨论与分析.pdf
MDAF0005061,财富趋势,核心竞争力,16,公司是最早从事远程交易信息技术服务的信息技术服务商之一，编码与传输技术一直是公司核心技术之一，公司相关编码技术处于国内较为先进水平，相比较XML/JSON 等规范而言公司编码技术更符合行业应用，公司相关技术可以大幅减少带宽开销，大幅提高编码性能。,688318.SH,7,报告页码,1、核心技术及其先进性以及报告期内的变化情况,正文,688318.SH_财富趋势_2025_管理层讨论与分析.pdf
MDAF0005062,财富趋势,核心竞争力,16,公司是较早在网上交易领域运用Linux 平台处理接入的信息技术服务商之一，公司平台通讯架构具有跨平台特性，具有完全自主知识产权，和互联网公司大量采用Nginx、Apache 作为接入和网关处理技术不同，公司产品具有序号核心技术先进性特点国产替代的能力。,688318.SH,7,报告页码,1、核心技术及其先进性以及报告期内的变化情况,正文,688318.SH_财富趋势_2025_管理层讨论与分析.pdf
MDAF0005063,财富趋势,核心竞争力,16,公司核心竞争力简述如下：序号核心技术先进性特点1终端技术公司在终端技术方面的核心技术处于国内较为先进水平。,688318.SH,7,报告页码,1、核心技术及其先进性以及报告期内的变化情况,正文,688318.SH_财富趋势_2025_管理层讨论与分析.pdf
MDAF0005064,财富趋势,核心竞争力,16,公司自研的T2EE 架构，在接入与伺服等技术上处于国内较为先进水平。,688318.SH,7,报告页码,1、核心技术及其先进性以及报告期内的变化情况,正文,688318.SH_财富趋势_2025_管理层讨论与分析.pdf
MDAF0005065,财富趋势,核心竞争力,16,在安全研究方面，公司码技术（终拥有独立的国密安全和信息安全服务的安全研究团队，通过跟踪最新安全攻防技术，持续进行漏洞分析与挖掘、APT 攻击分析、攻击工具分析、黑客行端安全技术、通讯安为画像、僵尸网络分析等前沿安全技术研究，并将研究成果迅速转化为产品全技术）能力，持续提升公司产品和服务的安全防护能力，确保公司在市场竞争中保持竞争力。,688318.SH,7,报告页码,1、核心技术及其先进性以及报告期内的变化情况,正文,688318.SH_财富趋势_2025_管理层讨论与分析.pdf
MDAF0005066,财富趋势,核心竞争力,16,在证券信息服务中，终端要求需要兼顾渲染和交互效果、渲染和响应速度、可定制性、实施复杂度，为了达到良好的渲染和响应速度必须采用更为底层的语言(如C++)，但其渲染效果简陋、交互性差、可定制性弱、实施复杂度高的难点，公司终端技术采用混合编程，终端中采用底层语言实现框架、通讯、界面组织管理和协调，大量采用脚本化技术实现业务逻辑、通过DUI 和Web Kit 技术实现混合渲染。,688318.SH,7,报告页码,1、核心技术及其先进性以及报告期内的变化情况,正文,688318.SH_财富趋势_2025_管理层讨论与分析.pdf
MDAF0005067,财富趋势,核心竞争力,16,新技术新业态的出现同时带来后台技术复杂度急剧上升，对中间件异构耦合提出更高要求，公司产品很好的适应了技术趋势变化，公司中间件技术不断加大和新兴技术融合的力度，目前已经可以与Kafka、RocketMQ、grpc、thrift 等消息队列和微服务框架对接，为大数据、云计算、人工智能的引入、为公司智能交易项目开展创造了条件。,688318.SH,7,报告页码,1、核心技术及其先进性以及报告期内的变化情况,正文,688318.SH_财富趋势_2025_管理层讨论与分析.pdf
MDAF0005068,财富趋势,核心竞争力,16,近年，证券公司交易系统正在发生深刻变化，正在从单核心交易柜台转向多核心交易柜台、从单一交易柜台转向混合交易柜台，交易柜台涌现出极速交易柜台、全业务柜台、FPGA 硬件柜台等多种柜台形式，也出现大量面向低延迟、高度智能化、专业化的柜台产品。,688318.SH,7,报告页码,1、核心技术及其先进性以及报告期内的变化情况,正文,688318.SH_财富趋势_2025_管理层讨论与分析.pdf
MDAF0005069,财富趋势,核心竞争力,16,随着试点券商商用密码应用安全性评估逐步完成、《GM/T0054-2018 信息系统密码应用基本要求》行业标准加速落地，公司在该领域技术日趋成熟，将进一步巩固公司在市场竞争中的地位。,688318.SH,7,报告页码,1、核心技术及其先进性以及报告期内的变化情况,正文,688318.SH_财富趋势_2025_管理层讨论与分析.pdf
MDAF0005070,财富趋势,核心竞争力,17,5数据库技混合数据库架构技术高效整合多种数据库，实现数据无缝流、实时数据分析、存储优化与查询加速。,688318.SH,8,报告页码,1、核心技术及其先进性以及报告期内的变化情况,正文,688318.SH_财富趋势_2025_管理层讨论与分析.pdf
MDAF0005071,财富趋势,核心竞争力,17,6云计算技公司云计算技术研发基于虚拟化、可管理的分布式计算技术，基于消息队列术实现的分布式可信计算技术，将计算资源管理技术、弹性计算技术和自动化运维技术等应用于网上证券行情软件平台。,688318.SH,8,报告页码,1、核心技术及其先进性以及报告期内的变化情况,正文,688318.SH_财富趋势_2025_管理层讨论与分析.pdf
MDAF0005072,财富趋势,核心竞争力,17,7大数据技公司大数据技术研发主要集中在异常交易行为分析技术、并行查询多节点自术动分片加载技术、高性能分布式统一缓存架构、异构数据库实时同步技术、非结构化数据解析和智能结构化抽取技术、实时计算和统计引擎及个性搜索引擎等方面，并将其应用于公司证券行情交易系统软件产品。,688318.SH,8,报告页码,1、核心技术及其先进性以及报告期内的变化情况,正文,688318.SH_财富趋势_2025_管理层讨论与分析.pdf
MDAF0005073,财富趋势,核心竞争力,17,8人工智能公司人工智能技术研发主要集中在资讯数据清洗和提取技术、智能写手、智能金融问答、自然语言处理、智能体、MCP 服务等方面，并将其应用于公技术司证券行情交易系统软件产品中。,688318.SH,8,报告页码,1、核心技术及其先进性以及报告期内的变化情况,正文,688318.SH_财富趋势_2025_管理层讨论与分析.pdf
MDAF0005074,财富趋势,核心竞争力,17,ClickHouse 实现千万级数据的秒级聚合分析，支撑实时数据看板和专题洞察。,688318.SH,8,报告页码,1、核心技术及其先进性以及报告期内的变化情况,正文,688318.SH_财富趋势_2025_管理层讨论与分析.pdf
MDAF0005075,财富趋势,核心竞争力,17,公司大数据技术研发主要集中在异常交易行为分析技术、并行查询多节点自动分片加载技术、高性能分布式统一缓存架构、异构数据库实时同步技术、非结构化数据解析和智能结构化抽取技术、实时计算和统计引擎等方面，并将其应用于公司证券行情交易系统软件产品。,688318.SH,8,报告页码,1、核心技术及其先进性以及报告期内的变化情况,正文,688318.SH_财富趋势_2025_管理层讨论与分析.pdf
MDAF0005076,财富趋势,核心竞争力,17,公司通过现有资源和业务整合打造SaaS 平台，具有如下优势：a.根据具体数据资源类型和应用场景设计其存储和计算方式，对计算资源利用更为合理和充分；b.公司在细颗粒度计算任务分布式调度和管理技术上具有一定优势；c.公司在开放标准吸收改进上具有优势；d.公司在向量计算、多因子计算领域较开源同类产品在计算过程、数据IO过程分别高1个数量级和2个数量级，具有性能优势；e.凭借公司在中间件技术与安全技术积累，公司在可信计算领域存在一定优势；公司在系统吸收改进后运用于不同产品线，包括资讯数据收集和清洗、行情资讯数据揭示、交易辅助决策、交易实时预警等。,688318.SH,8,报告页码,1、核心技术及其先进性以及报告期内的变化情况,正文,688318.SH_财富趋势_2025_管理层讨论与分析.pdf
MDAF0005077,财富趋势,核心竞争力,17,其核心技术包括：利用MySQL Binlog 结合中间件（如术Kafka）实现数据的实时增量同步，确保数据一致性；MySQL 高可用架构确保数据写入的稳定可靠，Elasticsearch 构建的智能搜索系统支持语义分析、个性化推荐和热点追踪，显著提升资讯检索效率，ES 向量数据库，实时向量搜索。,688318.SH,8,报告页码,1、核心技术及其先进性以及报告期内的变化情况,正文,688318.SH_财富趋势_2025_管理层讨论与分析.pdf
MDAF0005078,财富趋势,核心竞争力,17,基于大数据和AI 平台的智能风控技术，公司产品实现了证券业务实时反欺诈功能。,688318.SH,8,报告页码,1、核心技术及其先进性以及报告期内的变化情况,正文,688318.SH_财富趋势_2025_管理层讨论与分析.pdf
MDAF0005079,财富趋势,核心竞争力,17,通过分布式扩展、缓存机制和资源调度，架构进一步提升性能与稳定性，充分发挥各数据库优势，满足金融数据库复杂业务场景的多样化需求。,688318.SH,8,报告页码,1、核心技术及其先进性以及报告期内的变化情况,正文,688318.SH_财富趋势_2025_管理层讨论与分析.pdf
MDAF0005080,财富趋势,核心竞争力,17,针对证券市场的行情大数据现状，公司基于云平台的基础设施，整合大数据计算、统计分析等组件技术，使用大模型基座，强化学习技术，通过自主完成任务的智能体，高效地完成了信息生成、市场研究、风险监控等任务。,688318.SH,8,报告页码,1、核心技术及其先进性以及报告期内的变化情况,正文,688318.SH_财富趋势_2025_管理层讨论与分析.pdf
MDAF0005081,财富趋势,核心竞争力,18,公司持续推进人工智能技术与金融信息服务全流程融合，推进各MCP 服务接口的上线，强化自主智能体的协同能力，构建智能化产品新体系。,688318.SH,9,报告页码,1、核心技术及其先进性以及报告期内的变化情况,正文,688318.SH_财富趋势_2025_管理层讨论与分析.pdf
MDAF0005082,财富趋势,核心竞争力,18,公司高度重视研发队伍的建设和研发人才的培养，报告期内，公司进一步加大研发投入，年内获得了1个发明专利、9个软件著作权，并且有多个项目正在研发过程中。,688318.SH,9,报告页码,2、报告期内获得的研发成果,正文,688318.SH_财富趋势_2025_管理层讨论与分析.pdf
MDAF0005083,财富趋势,核心竞争力,18,在信创领域，各产品模块的信创化改造均已顺利完成，其中通达信iTendx 研究终端、债券终端等已在统信和麒麟国产桌面操作系统应用商店上架，用户端全面支持鸿蒙系统。,688318.SH,9,报告页码,1、核心技术及其先进性以及报告期内的变化情况,正文,688318.SH_财富趋势_2025_管理层讨论与分析.pdf
MDAF0005084,财富趋势,核心竞争力,18,在通达信可视化金融研究终端项目推进中，公司持续加大债券类产品的研发攻坚力度。,688318.SH,9,报告页码,1、核心技术及其先进性以及报告期内的变化情况,正文,688318.SH_财富趋势_2025_管理层讨论与分析.pdf
MDAF0005085,财富趋势,核心竞争力,18,"报告期内，公司在人工智能项目产品功能拓展、平台生态构建和核心技术升级方面取得了重大突破，成功推动了""问小达""从智能问答助手向证券智能体的进化，通过RAG 持续迭代，优化提示词工程及构建知识库，显著提升了数据信息生成的准确性与专业性。",688318.SH,9,报告页码,1、核心技术及其先进性以及报告期内的变化情况,正文,688318.SH_财富趋势_2025_管理层讨论与分析.pdf
MDAF0005086,财富趋势,核心竞争力,18,此外，全品类金融数据库系统的建设基本完成，推出了新版港股、美股、外盘数据库，进一步完善了跨境市场数据服务能力。,688318.SH,9,报告页码,1、核心技术及其先进性以及报告期内的变化情况,正文,688318.SH_财富趋势_2025_管理层讨论与分析.pdf
MDAF0005087,财富趋势,核心竞争力,18,目前，债券类产品已经完成开发并在金融机构推广使用，超级控件支持场景化数据功能定制，提供了丰富的衍生品行情和估值等数据，债券交易沟通聚合技术对接已经完成，推出了交易员工作台系统。,688318.SH,9,报告页码,1、核心技术及其先进性以及报告期内的变化情况,正文,688318.SH_财富趋势_2025_管理层讨论与分析.pdf
MDAF0005088,财富趋势,核心竞争力,18,不适用。,688318.SH,9,报告页码,1、核心技术及其先进性以及报告期内的变化情况,选项,688318.SH_财富趋势_2025_管理层讨论与分析.pdf
MDAF0005089,财富趋势,核心竞争力,18,不适用。,688318.SH,9,报告页码,23.52,选项,688318.SH_财富趋势_2025_管理层讨论与分析.pdf
MDAF0005090,财富趋势,核心竞争力,19,为证券分析师和投顾熟的行情、资讯系统框等新一代信息技术，将术实现，并引入了人员提供覆盖上市公架，不断坚持自主研发开发集成全球行情报WebKit 浏览器框架、司的财务报表分析数创新，持续推进产品优价分析、资讯信息、行JavaScript 脚本、DUI据、全球行情数据、化升级。,688318.SH,10,报告页码,1.前端主要通过C++技,正文,688318.SH_财富趋势_2025_管理层讨论与分析.pdf
MDAF0005091,财富趋势,核心竞争力,19,全方面的服务平台；通达等品种数据，完成了外组件配置，实现了零编为终端投资者提供数信可汇数据EDB，固收数据程前端展示能力；据筛选、深度解析和视化EDB 等。,688318.SH,10,报告页码,2.前端支持数据可视化,正文,688318.SH_财富趋势_2025_管理层讨论与分析.pdf
MDAF0005092,财富趋势,核心竞争力,19,功能的全面性、存机制，响应速度快，专业性和可视化效果体验流畅。,688318.SH,10,报告页码,3.功能发布时，客户端,正文,688318.SH_财富趋势_2025_管理层讨论与分析.pdf
MDAF0005093,财富趋势,核心竞争力,19,大规模且不断变化的数据时，有效地将数据进行转换、传输和同步。,688318.SH,10,报告页码,4.海量动态数据转换、,正文,688318.SH_财富趋势_2025_管理层讨论与分析.pdf
MDAF0005094,财富趋势,核心竞争力,19,完综合性专业化金融数渲染效果；FICC 机构用户提供善了债券、宏观、行业据研究终端。,688318.SH,10,报告页码,1.前端主要通过C++技,正文,688318.SH_财富趋势_2025_管理层讨论与分析.pdf
MDAF0005095,财富趋势,核心竞争力,19,期内加强加快业数据、专题数据、投技术、混合渲染技术以行业数据和综合分析全品类金融数据库系资组合管理、舆情监控及多进程渲染技术等多等功能和数据的可视统的建设，相关数据产和在线直播于一体的种技术，实现了良好的化金融研究终端；为品陆续推出并上线。,688318.SH,10,报告页码,1.前端主要通过C++技,正文,688318.SH_财富趋势_2025_管理层讨论与分析.pdf
MDAF0005096,财富趋势,核心竞争力,19,积极加大对人才培养传输、同步技术：采用和引进力度，建立良好分布式计算、数据压缩的人才梯队及人才储和编码等技术，在处理备。,688318.SH,10,报告页码,4.海量动态数据转换、,正文,688318.SH_财富趋势_2025_管理层讨论与分析.pdf
MDAF0005097,财富趋势,核心竞争力,19,"精准推送的投资分析1金融32,230.87 6,030.00 22,231.89品的信创化落地，通达会直接从云端服务器下平台，为其投资研究研究信iTendx 研究终端已载脚本配置文件，实现和投资决策提供辅助终端在统信和麒麟国产桌功能的快速同步更新。",688318.SH,10,报告页码,3.功能发布时，客户端,正文,688318.SH_财富趋势_2025_管理层讨论与分析.pdf
MDAF0005098,财富趋势,核心竞争力,19,项目面操作系统应用商店后台数据采用Redis 缓上架。,688318.SH,10,报告页码,3.功能发布时，客户端,正文,688318.SH_财富趋势_2025_管理层讨论与分析.pdf
MDAF0005099,财富趋势,核心竞争力,19,适用。,688318.SH,10,报告页码,4、在研项目情况,选项,688318.SH_财富趋势_2025_管理层讨论与分析.pdf
MDAF0005100,财富趋势,核心竞争力,20,"2,603.70融入回归测试集，确保范式选股助手升级为人工V1.0 完成“主题新闻”知识、功能中的查询、模型在快速变化的金融能够主动理解、规划、智能功能开发、测试与9月分析、对比、解读、归市场中始终保持高准确执行并调用工具的证平台上线，通过多策略优化因等需求，为用户提供率。",688318.SH,11,报告页码,710.61,正文,688318.SH_财富趋势_2025_管理层讨论与分析.pdf
MDAF0005101,财富趋势,核心竞争力,20,人工干预功能，引入冷投资决策支持，从而提能让其执行复杂的分功将结构化生成技术应热数据分离降低存储升用户体验和服务质析任务，如“对比分用于模型输出，使模型成本，实现新闻智能化量。,688318.SH,11,报告页码,2.模型输出结构化：成,正文,688318.SH_财富趋势_2025_管理层讨论与分析.pdf
MDAF0005102,财富趋势,核心竞争力,20,信开高并发性能，用户反馈户在全市场实时和历飞轮产生的有价值数据将“问小达”从一个放式积极。,688318.SH,11,报告页码,1.证券投资智能体：,正文,688318.SH_财富趋势_2025_管理层讨论与分析.pdf
MDAF0005103,财富趋势,核心竞争力,20,券投资智能体。,688318.SH,11,报告页码,710.61,正文,688318.SH_财富趋势_2025_管理层讨论与分析.pdf
MDAF0005104,财富趋势,核心竞争力,20,和转换技术：采用实时数据流处理、数据缓存和索引、实时计算引擎等技术，将动态数据（实时生成的数据）与静态数据（固定不变的数据）进行实时衍生计算和处理。,688318.SH,11,报告页码,5.动静态数据实时衍生,正文,688318.SH_财富趋势_2025_管理层讨论与分析.pdf
MDAF0005105,财富趋势,核心竞争力,20,团队形成标准化最新财报，并生成图约束的结构体，为客户项目迭代流程与技术端的稳定解析和丰富展表”等。,688318.SH,11,报告页码,2.模型输出结构化：成,正文,688318.SH_财富趋势_2025_管理层讨论与分析.pdf
MDAF0005106,财富趋势,核心竞争力,20,析A 公司和B 公司的能稳定地生成符合预设管理。,688318.SH,11,报告页码,2.模型输出结构化：成,正文,688318.SH_财富趋势_2025_管理层讨论与分析.pdf
MDAF0005107,财富趋势,核心竞争力,20,通过构建高效、稳定、可扩展的海量动态数据处理系统，适应不断增长和变化的数据需求。,688318.SH,11,报告页码,4.海量动态数据转换、,正文,688318.SH_财富趋势_2025_管理层讨论与分析.pdf
MDAF0005108,财富趋势,核心竞争力,21,在“AI 写公式”的基升，平台实现技术落地理框架进行了全面升础上，进一步降低量向价值转化，为投产收级，支持多实例并行调化策略的门槛。,688318.SH,12,报告页码,3.推理框架优化：对推,正文,688318.SH_财富趋势_2025_管理层讨论与分析.pdf
MDAF0005109,财富趋势,核心竞争力,21,应用智能体（Agent）编（PaaS）：通过MCP排平台，以平台化能力服务，将通达信的核赋能多条业务线快速、心实时数据能力、AI低成本地开发和上线AI模型能力封装成标准功能，加速了AI 技术在API，向金融机构、科公司产品矩阵中的落技公司及个人开发者地。,688318.SH,12,报告页码,3. 开放平台即服务,正文,688318.SH_财富趋势_2025_管理层讨论与分析.pdf
MDAF0005110,财富趋势,核心竞争力,21,报告，让专业级的策略开发工具普及化。,688318.SH,12,报告页码,3.推理框架优化：对推,正文,688318.SH_财富趋势_2025_管理层讨论与分析.pdf
MDAF0005111,财富趋势,核心竞争力,21,提供服务，构建一个围绕通达信数据和AI 能力的开发者生态。,688318.SH,12,报告页码,3. 开放平台即服务,正文,688318.SH_财富趋势_2025_管理层讨论与分析.pdf
MDAF0005112,财富趋势,核心竞争力,21,智能体编排平台、自动化评估平台等内部工具整合为企业级AI 中台，为公司所有业务线提供统一的AI 基础设施，实现AI能力的快速复用和创新，全面提升公司产品的智能化水平。,688318.SH,12,报告页码,4.企业级AI 中台：将,正文,688318.SH_财富趋势_2025_管理层讨论与分析.pdf
MDAF0005113,财富趋势,核心竞争力,21,未来益奠定基础，后续将持度，并率先支持了新兴用户可以通过自然语续优化上线产品并强的MoE（混合专家）模型言描述自己的交易思化团队技术能力。,688318.SH,12,报告页码,3.推理框架优化：对推,正文,688318.SH_财富趋势_2025_管理层讨论与分析.pdf
MDAF0005114,财富趋势,核心竞争力,21,架构，为应对未来更大想，由AI 自动生成完规模的模型调用量做好整的回测代码和分析了充分准备。,688318.SH,12,报告页码,3.推理框架优化：对推,正文,688318.SH_财富趋势_2025_管理层讨论与分析.pdf
MDAF0005115,财富趋势,核心竞争力,21,解决方案体系，技术和现提供了保障。,688318.SH,12,报告页码,2.模型输出结构化：成,正文,688318.SH_财富趋势_2025_管理层讨论与分析.pdf
MDAF0005116,财富趋势,核心竞争力,22,与安全可靠的交易执数据精准推送与客户端实时接收国内外期货预警等功能。,688318.SH,13,报告页码,3、支持期权链、期货,正文,688318.SH_财富趋势_2025_管理层讨论与分析.pdf
MDAF0005117,财富趋势,核心竞争力,22,同时支持多终指标运算，为行情分析端适配，满足投资者与策略研究提供支撑；随时随地盯盘、交易、运用人工智能与大数据研究、决策的全场景技术，实现资讯信息的需求，适用于日常投智能聚合、筛选、分析，资、短线交易、中长整体技术方案具备高性期配置等期货应用场能、高可用、高扩展特景。,688318.SH,13,报告页码,261.59,正文,688318.SH_财富趋势_2025_管理层讨论与分析.pdf
MDAF0005118,财富趋势,核心竞争力,22,安心的期货投资体验。,688318.SH,13,报告页码,261.59,正文,688318.SH_财富趋势_2025_管理层讨论与分析.pdf
MDAF0005119,财富趋势,核心竞争力,22,报告期内，本项目：1、本项目致力于打造一本项目在技术层面具备面向个人投资者、专已实现单品种全新样站式、专业化、安全稳高实时性、低代码开发、业交易者等用户，提式和交互，支持周期同定的期货投资服务平深度数据处理与智能服供覆盖行情查看、实列，支持推送，行情刷台，为广大投资者提供务的综合能力。,688318.SH,13,报告页码,4.企业级AI 中台：将,正文,688318.SH_财富趋势_2025_管理层讨论与分析.pdf
MDAF0005120,财富趋势,核心竞争力,22,研发效率，降低业务实据进行技术分析与指版系现门槛；构建海量历史标复盘；依托智能资统软行情数据存储与精研体讯及时获取宏观政件系，支持深度数据加工、策、行业动态与市场V1.0多维度技术分析及专业热点。,688318.SH,13,报告页码,261.59,正文,688318.SH_财富趋势_2025_管理层讨论与分析.pdf
MDAF0005121,财富趋势,核心竞争力,22,通过自时交易、资讯获取、新速度提升；全面及时的期货行情、研精简行情推送协议，策略研究等一站式期2、接入外盘期货；权威精准的市场资讯、实现服务端Tick 级行情货投资服务。,688318.SH,13,报告页码,4.企业级AI 中台：将,正文,688318.SH_财富趋势_2025_管理层讨论与分析.pdf
MDAF0005122,财富趋势,核心竞争力,23,准分发、语义去重、个性化推荐的目的。,688318.SH,14,报告页码,4、采用GPT 架构分析，,正文,688318.SH_财富趋势_2025_管理层讨论与分析.pdf
MDAF0005123,财富趋势,核心竞争力,23,功能决策；金融机构情分港股美股、期货期权及防控，打造创新引领性在架构、AI 应用、计算能借此优化业务、防析系可转债等品种，新增多证券行情分析软件，提能力等方面表现突出。,688318.SH,14,报告页码,261.59,正文,688318.SH_财富趋势_2025_管理层讨论与分析.pdf
MDAF0005124,财富趋势,核心竞争力,23,动化处理，以及内容生消息中心、图文F10、通达舆情、相关主题等自动计算技术实现各类资成，极大的提高了资讯深度F9 等。,688318.SH,14,报告页码,2、通过资讯清洗融合,正文,688318.SH_财富趋势_2025_管理层讨论与分析.pdf
MDAF0005125,财富趋势,核心竞争力,23,发展，同时支持券商拓个人与机构多方面需展增值服务，提升其竞求。,688318.SH,14,报告页码,898.29,正文,688318.SH_财富趋势_2025_管理层讨论与分析.pdf
MDAF0005126,财富趋势,核心竞争力,23,报告期内，加入AI 写响应国家及深圳金融整合已备案的“通达信个人投资者可利用其公式体系，千档盘口、科技发展政策，通过先Tendency GPT 大模型算进行多元资产配置、通达逐笔委托分析速度提进技术提升金融服务法”实现AI 智能化，拥跨市场分析、借助AI信行升；交易扩展功能覆盖质量与效率、强化风险有AIPC 本地计算能力。,688318.SH,14,报告页码,261.59,正文,688318.SH_财富趋势_2025_管理层讨论与分析.pdf
MDAF0005127,财富趋势,核心竞争力,23,清洗、同步、存储与搜统软度，解决一词多意情况讯标签的用户画像信索，解决用户获取各类件下，资讯语义与标签含息实现资讯个性化推资讯割裂的问题，为用V3.0义一致才关联标签。,688318.SH,14,报告页码,3、基于用户标签和资,正文,688318.SH_财富趋势_2025_管理层讨论与分析.pdf
MDAF0005128,财富趋势,核心竞争力,23,索；通过模块化开发，搜索进行数据的呈现，通过向量的相似性进增强代码的复用性，提将覆盖场景拓宽至港行搜索和匹配，实现精高开发效率。,688318.SH,14,报告页码,4、采用GPT 架构分析，,正文,688318.SH_财富趋势_2025_管理层讨论与分析.pdf
MDAF0005129,财富趋势,核心竞争力,23,统软类公式函数与行情分升软件的智能化水平，监测研究，还支持跨件信析版面；优化界面交满足市场和投资者需市场交易操作及精准创版互、数据精度与算法逻求，助力证券市场健康资讯获取解读，覆盖V2.0辑。,688318.SH,14,报告页码,898.29,正文,688318.SH_财富趋势_2025_管理层讨论与分析.pdf
MDAF0005130,财富趋势,核心竞争力,23,美股和指数。,688318.SH,14,报告页码,4、采用GPT 架构分析，,正文,688318.SH_财富趋势_2025_管理层讨论与分析.pdf
MDAF0005131,财富趋势,核心竞争力,24,2、本期投入金额和累计投入金额以所属期的研发支出进行统计，非按现金流进行统计。,688318.SH,15,报告页码,4、采用GPT 架构分析，,正文,688318.SH_财富趋势_2025_管理层讨论与分析.pdf
MDAF0005132,财富趋势,核心竞争力,24,3、部分在研项目累计投入金额包括2025年度之前的投入金额。,688318.SH,15,报告页码,4、采用GPT 架构分析，,正文,688318.SH_财富趋势_2025_管理层讨论与分析.pdf
MDAF0005133,财富趋势,核心竞争力,24,"合/54,619.59 8,557.95 26,860.33////计情况说明1、募投项目“通达信可视化金融终端项目”和“通达信开放式人工智能项目”于2025年12月结项。",688318.SH,15,报告页码,4、采用GPT 架构分析，,正文,688318.SH_财富趋势_2025_管理层讨论与分析.pdf
MDAF0005134,财富趋势,核心竞争力,25,不适用。,688318.SH,16,报告页码,17.96,选项,688318.SH_财富趋势_2025_管理层讨论与分析.pdf
MDAF0005135,财富趋势,核心竞争力,25,不适用。,688318.SH,16,报告页码,6、其他说明,选项,688318.SH_财富趋势_2025_管理层讨论与分析.pdf
MDAF0005136,财富趋势,研发投入,18,上年度：/。,688318.SH,9,报告页码,,表格行,688318.SH_财富趋势_2025_管理层讨论与分析.pdf
MDAF0005137,财富趋势,研发投入,18,上年度：23.52。,688318.SH,9,报告页码,,表格行,688318.SH_财富趋势_2025_管理层讨论与分析.pdf
MDAF0005138,财富趋势,研发投入,18,"上年度：91,470,382.22。",688318.SH,9,报告页码,,表格行,688318.SH_财富趋势_2025_管理层讨论与分析.pdf
MDAF0005139,财富趋势,研发投入,18,变化幅度（%）：-6.44。,688318.SH,9,报告页码,,表格行,688318.SH_财富趋势_2025_管理层讨论与分析.pdf
MDAF0005140,财富趋势,研发投入,18,变化幅度（%）：减少0.27个百分点。,688318.SH,9,报告页码,,表格行,688318.SH_财富趋势_2025_管理层讨论与分析.pdf
MDAF0005141,财富趋势,研发投入,18,本年度：/。,688318.SH,9,报告页码,,表格行,688318.SH_财富趋势_2025_管理层讨论与分析.pdf
MDAF0005142,财富趋势,研发投入,18,本年度：23.25。,688318.SH,9,报告页码,,表格行,688318.SH_财富趋势_2025_管理层讨论与分析.pdf
MDAF0005143,财富趋势,研发投入,18,"本年度：85,579,472.74。",688318.SH,9,报告页码,,表格行,688318.SH_财富趋势_2025_管理层讨论与分析.pdf
MDAF0005144,财富趋势,研发投入,18,本年度：研发投入合计。,688318.SH,9,报告页码,,表格行,688318.SH_财富趋势_2025_管理层讨论与分析.pdf
MDAF0005145,财富趋势,研发投入,18,本年度：研发投入总额占营业收入比例（%）。,688318.SH,9,报告页码,,表格行,688318.SH_财富趋势_2025_管理层讨论与分析.pdf
MDAF0005146,财富趋势,研发投入,18,本年度：研发投入资本化的比重（%）。,688318.SH,9,报告页码,,表格行,688318.SH_财富趋势_2025_管理层讨论与分析.pdf
MDAF0005147,财富趋势,研发投入,18,本年度：费用化研发投入。,688318.SH,9,报告页码,,表格行,688318.SH_财富趋势_2025_管理层讨论与分析.pdf
MDAF0005148,财富趋势,研发投入,18,本年度：资本化研发投入。,688318.SH,9,报告页码,,表格行,688318.SH_财富趋势_2025_管理层讨论与分析.pdf
MDAF0005149,新致软件,业务概要,1,公司主要向以银行、保险为主的金融机构和其他行业的终端客户提供科技服务，主要从事咨询规划、设计、开发、运维等软件开发服务及基础算力服务。,688590.SH,1,PDF页序,(一) 主要业务、主要产品或服务情况,正文,688590.SH_新致软件_2025_管理层讨论与分析.pdf
MDAF0005150,新致软件,业务概要,1,公司坚定信心，对现有市场深耕细作，充分发挥核心竞争力，依托丰富的产品经验，持续完善业务平台的生态布局，加大对人工智能大模型技术的投入和研发，并逐步落地应用成果。,688590.SH,1,PDF页序,(一) 主要业务、主要产品或服务情况,正文,688590.SH_新致软件_2025_管理层讨论与分析.pdf
MDAF0005151,新致软件,业务概要,1,同时，公司凭借全方位能力，在各类解决方案的整合过程中，向客户提供场景运营流量业务。,688590.SH,1,PDF页序,(一) 主要业务、主要产品或服务情况,正文,688590.SH_新致软件_2025_管理层讨论与分析.pdf
MDAF0005152,新致软件,业务概要,1,在数字化经济全面发展的大背景下，公司进一步优12 / 252化内部管理水平，深度把握行业发展规律，分析竞争态势与区域变化，认清并强化自身竞争优势；同时，持续挖掘客户需求，提供更优质的技术支持和服务，不断提升客户的满意度与忠诚度。,688590.SH,1,PDF页序,(一) 主要业务、主要产品或服务情况,正文,688590.SH_新致软件_2025_管理层讨论与分析.pdf
MDAF0005153,新致软件,业务概要,1,在时代变革中持续创新发展，是新致软件的初心和使命，报告期内，新致软件受益于国内经济持续回暖，政策红利持续释放，收入实现稳定增长。,688590.SH,1,PDF页序,(一) 主要业务、主要产品或服务情况,正文,688590.SH_新致软件_2025_管理层讨论与分析.pdf
MDAF0005154,新致软件,业务概要,1,新致软件是国内领先的软件服务提供商之一。,688590.SH,1,PDF页序,(一) 主要业务、主要产品或服务情况,正文,688590.SH_新致软件_2025_管理层讨论与分析.pdf
MDAF0005155,新致软件,业务概要,13,为了精准把握市场发展趋势，确保公司的技术和产品能够在市场中保持竞争优势，公司在密切关注外部市场发展、技术趋势变化的同时还会以季度为周期对客户进行拜访、收集改进意见、发现新的需求。,688590.SH,2,报告页码,4、研发模式,正文,688590.SH_新致软件_2025_管理层讨论与分析.pdf
MDAF0005156,新致软件,业务概要,13,公司与谈判小组就采购服务事宜进行谈判，公司按照谈判文件的要求提交相应文件和最后报价，客户从谈判小组提出的成交候选人中确定成交竞争性谈判供应商，并向成交供应商发出成交通知书，将竞争性谈判文件、询价通知书随成交结果同时公告。,688590.SH,2,报告页码,2、销售及订单获取方式,正文,688590.SH_新致软件_2025_管理层讨论与分析.pdf
MDAF0005157,新致软件,业务概要,13,公司主要盈利模式是通过向客户提供软件开发服务及软件分包服务获得收入。,688590.SH,2,报告页码,1、盈利模式,正文,688590.SH_新致软件_2025_管理层讨论与分析.pdf
MDAF0005158,新致软件,业务概要,13,公司主要采购内容包括软硬件设备采购、技术服务采购以及IDC 服务器托管服务采购。,688590.SH,2,报告页码,3、采购模式,正文,688590.SH_新致软件_2025_管理层讨论与分析.pdf
MDAF0005159,新致软件,业务概要,13,公司均以直销的模式向客户提供服务，通过招投标、竞争性谈判、商务谈判等形式获取订单。,688590.SH,2,报告页码,2、销售及订单获取方式,正文,688590.SH_新致软件_2025_管理层讨论与分析.pdf
MDAF0005160,新致软件,业务概要,13,公司通过与客户针对价格、付款方式、项目实施安排等商务条件进行初商务谈判步谈判确认，双方达成交易意向后，直接和客户签订销售合同，并与之建立长期的合作关系。,688590.SH,2,报告页码,2、销售及订单获取方式,正文,688590.SH_新致软件_2025_管理层讨论与分析.pdf
MDAF0005161,新致软件,业务概要,13,在准确理解客户需求的基础上，公司进行有针对性的研发，研发阶段主要包括：调研和立项、设计、计划、开发、测试、发布、结项等阶段。,688590.SH,2,报告页码,4、研发模式,正文,688590.SH_新致软件_2025_管理层讨论与分析.pdf
MDAF0005162,新致软件,业务概要,13,在研发过程中，公司多采用敏捷开发模式，通过迭代和并行的方式提高效率缩短研发周期，公司的总经理和研发专家委员会对各个阶段进行管理和评审。,688590.SH,2,报告页码,4、研发模式,正文,688590.SH_新致软件_2025_管理层讨论与分析.pdf
MDAF0005163,新致软件,业务概要,13,客户发布招投标信息，公司市场部销售人员了解具体业务需求后，与公司自身的特点相结合进行分析，并协同软件技术服务人员向潜在客户详细介绍公司过往成功案例，在业务技招投标术方面得到客户初步认可后双方对合同价格、服务标准做进一步沟通，由市场部向品质保证部、财务部汇报拟合作意向，经上述部门审批通过后，公司取得标书并准备投标文件参与投标，客户经过筛选后，确定最终中标方后与之签订业务合同。,688590.SH,2,报告页码,2、销售及订单获取方式,正文,688590.SH_新致软件_2025_管理层讨论与分析.pdf
MDAF0005164,新致软件,业务概要,13,对于上述采购标的，项目负责人提出具体采购计划并经过事业部负责人审批后，由品质保证中心按照公司制定的评定标准对供应商资质、采购内容和价格进行评定，评审通过后由行政中心负责签署采购合同、实施采购、监控软硬件交付情况或预提技术服务及IDC 服务成本，完成采购后财务部根据合同条款进行支付。,688590.SH,2,报告页码,3、采购模式,正文,688590.SH_新致软件_2025_管理层讨论与分析.pdf
MDAF0005165,新致软件,业务概要,13,订单获取方式主要销售流程招投标分为公开招标、邀请招标。,688590.SH,2,报告页码,2、销售及订单获取方式,正文,688590.SH_新致软件_2025_管理层讨论与分析.pdf
MDAF0005166,新致软件,业务概要,13,不适用。,688590.SH,2,报告页码,(一) 主要业务、主要产品或服务情况,选项,688590.SH_新致软件_2025_管理层讨论与分析.pdf
MDAF0005167,新致软件,业务概要,14,2025年的行业竞争格局进一步加剧了“马太效应”。,688590.SH,3,报告页码,（2）行业主要技术门槛,正文,688590.SH_新致软件_2025_管理层讨论与分析.pdf
MDAF0005168,新致软件,业务概要,14,2025年，软件和信息技术服务业作为数字经济的核心引擎，实现了从“技术驱动”向“价值驱动”的深度转型。,688590.SH,3,报告页码,（1）行业的发展阶段和技术特点,正文,688590.SH_新致软件_2025_管理层讨论与分析.pdf
MDAF0005169,新致软件,业务概要,14,2025年，软件行业延续高景气增长态势，增长核心驱动力源于企业数字化转型向深水区迈进、《数字中国建设2025年行动方案》落地实施、“东数西算”工程全面深化、信创产业从“安全可控”向“价值创造”战略跃迁，以及以生成式人工智能大模型为代表的新兴技术实现从技术突破到规模化商业落地的跨越式发展。,688590.SH,3,报告页码,（1）行业的发展阶段和技术特点,正文,688590.SH_新致软件_2025_管理层讨论与分析.pdf
MDAF0005170,新致软件,业务概要,14,企业不仅需要掌握大模型、云计算、区块链等底层技术，更需要具备将这些技术与保险、银行等具体业务场景深度融合的能力，提供端到端的智能化解决方案。,688590.SH,3,报告页码,（2）行业主要技术门槛,正文,688590.SH_新致软件_2025_管理层讨论与分析.pdf
MDAF0005171,新致软件,业务概要,14,具备完善的数据治理体系和隐私计算技术的企业将占据优势。,688590.SH,3,报告页码,2）数据治理与安全门槛：随着《数据安全法》和《个人信息保护法》的深入实施，以及数据,正文,688590.SH_新致软件_2025_管理层讨论与分析.pdf
MDAF0005172,新致软件,业务概要,14,在国家“十四五”规划收官与“十五五”规划谋划的交汇期，以及“东数西算”工程全面铺开的背景下，行业呈现出“AI 原生化、算力普惠化、数据资产化”的显著特征。,688590.SH,3,报告页码,（1）行业的发展阶段和技术特点,正文,688590.SH_新致软件_2025_管理层讨论与分析.pdf
MDAF0005173,新致软件,业务概要,14,"新致软件作为行业领先的软件和信息技术服务公司，将持续推动和加强云计算、大数据、物联网、人工智能、区块链、5G、信息安全等新一代信息技术在各行业的深度应用,推动公司业务向更广阔领域加速发展，不断探索新业务和新模式，强化自身品牌优势。",688590.SH,3,报告页码,（1）行业的发展阶段和技术特点,正文,688590.SH_新致软件_2025_管理层讨论与分析.pdf
MDAF0005174,新致软件,业务概要,14,根据中国证监会2012年10月26日颁布的《上市公司行业分类指引》(2012年修订)，公司所属行业为信息传输、软件和信息技术服务业(I)中的软件和信息技术服务业(I65);根据《国民经济行业分类》(GB/T4754-2017)，公司所处行业为软件和信息技术服务业(I65);根据国家统计局发布的《战略性新兴产业分类(2018)》(国家统计局令第23 号)，公司所处行业属于“1 新一代信息技术产业”之“1.3 新兴软件和新型信息技术服务”之“1.3.1 新兴软件开发”之“I6513 应用软件开发”分类。,688590.SH,3,报告页码,（1）行业的发展阶段和技术特点,正文,688590.SH_新致软件_2025_管理层讨论与分析.pdf
MDAF0005175,新致软件,业务概要,14,根据工业和信息化部发布的官方数据，2025年我国软件和信息技术服务业实现全年软件业务收入15.48万亿元，同比增长13.2%；实现利润总额1.88万亿元，同比增长7.3%，行业增速持续领跑国民经济各主要行业，产业发展韧性与增长活力持续凸显。,688590.SH,3,报告页码,（1）行业的发展阶段和技术特点,正文,688590.SH_新致软件_2025_管理层讨论与分析.pdf
MDAF0005176,新致软件,业务概要,14,能够快速适配开源大模型、构建开发者生态，并提供全生命周期服务的头部企业，将主导市场话语权。,688590.SH,3,报告页码,3）敏捷响应与生态构建能力：在AI 技术快速迭代的背景下，企业需要具备极强的技术响应,正文,688590.SH_新致软件_2025_管理层讨论与分析.pdf
MDAF0005177,新致软件,业务概要,14,要素市场的活跃，如何在保障数据安全的前提下进行高效的数据挖掘与应用，成为了衡量IT 服务商能力的重要标尺。,688590.SH,3,报告页码,2）数据治理与安全门槛：随着《数据安全法》和《个人信息保护法》的深入实施，以及数据,正文,688590.SH_新致软件_2025_管理层讨论与分析.pdf
MDAF0005178,新致软件,业务概要,14,速度和生态整合能力。,688590.SH,3,报告页码,3）敏捷响应与生态构建能力：在AI 技术快速迭代的背景下，企业需要具备极强的技术响应,正文,688590.SH_新致软件_2025_管理层讨论与分析.pdf
MDAF0005179,新致软件,业务概要,14,随着企业数字化需求从单一的系统建设升级为“业务+AI”的深度融合，行业准入门槛发生了结构性变化：1）技术与场景的融合壁垒：单纯的代码编写能力已不再是核心竞争力，“行业Know-How+AI工程化能力”成为关键壁垒。,688590.SH,3,报告页码,（2）行业主要技术门槛,正文,688590.SH_新致软件_2025_管理层讨论与分析.pdf
MDAF0005180,新致软件,业务概要,15,2025年以生成式人工智能（AIGC）为代表的新技术在金融、制造等核心领域的规模化落地标志着行业正式迈入“智能化重构”的新阶段。,688590.SH,4,报告页码,3、报告期内新技术、新产业、新业态、新模式的发展情况和未来发展趋势,正文,688590.SH_新致软件_2025_管理层讨论与分析.pdf
MDAF0005181,新致软件,业务概要,15,2025年，在“因地制宜发展新质生产力”政策主线牵引下，据中国信通院测算，2024年我国人工智能核心产业规模已突破9000亿元，同比增长24%，2025年有望达1.2万亿元。,688590.SH,4,报告页码,（1）人工智能的质变与量变,正文,688590.SH_新致软件_2025_管理层讨论与分析.pdf
MDAF0005182,新致软件,业务概要,15,Token 调用量从年初到年末的几何级增长，不仅验证了推理成本快速下降带来的经济可行性，更标志着大模型已从“实验室玩具”真正进入企业核心生产流程。,688590.SH,4,报告页码,（1）人工智能的质变与量变,正文,688590.SH_新致软件_2025_管理层讨论与分析.pdf
MDAF0005183,新致软件,业务概要,15,Token 调用量是衡量大模型应用深度和广度的核心先行指标。,688590.SH,4,报告页码,（1）人工智能的质变与量变,正文,688590.SH_新致软件_2025_管理层讨论与分析.pdf
MDAF0005184,新致软件,业务概要,15,中国AI 企业数量超过6000家，全球占比达16%，形成从基础底座、模型框架到行业应用的完整产业体系，这一增长速度远超同期GDP 增速，更加凸显了人工智能作为新质生产力核心引擎的地位。,688590.SH,4,报告页码,（1）人工智能的质变与量变,正文,688590.SH_新致软件_2025_管理层讨论与分析.pdf
MDAF0005185,新致软件,业务概要,15,中国的软件行业将继续保持强劲的发展势头，同时加快服务化、智能化、平台化、融合化的发展步伐，推动行业向更高质量发展的同时，也对软件服务商的整体技术方案解决能力以及快速响应能力提出了更高的要求。,688590.SH,4,报告页码,3）敏捷响应与生态构建能力：在AI 技术快速迭代的背景下，企业需要具备极强的技术响应,正文,688590.SH_新致软件_2025_管理层讨论与分析.pdf
MDAF0005186,新致软件,业务概要,15,企业以新一代信息技术为底层支撑，推动场景融合，不断提升自身的技术能力、创新能力和服务水平，赢得了客户的信任和支持。,688590.SH,4,报告页码,3）敏捷响应与生态构建能力：在AI 技术快速迭代的背景下，企业需要具备极强的技术响应,正文,688590.SH_新致软件_2025_管理层讨论与分析.pdf
MDAF0005187,新致软件,业务概要,15,公司的技术服务方案在产品功能、技术性能方面享有良好的品牌知名度，并长期服务中国太保、中国人保、中国人寿、新华保险等保险行业核心客户，与其建立了良好的合作关系，为其不断开发建设信息系统。,688590.SH,4,报告页码,2、公司所处的行业地位分析及其变化情况,正文,688590.SH_新致软件_2025_管理层讨论与分析.pdf
MDAF0005188,新致软件,业务概要,15,公司的银行业IT 解决方案应用于40 余家股份制银行。,688590.SH,4,报告页码,2、公司所处的行业地位分析及其变化情况,正文,688590.SH_新致软件_2025_管理层讨论与分析.pdf
MDAF0005189,新致软件,业务概要,15,其中，公司对大型商业银行、股份制商业银行和邮政储蓄银行的客户覆盖率较高，逐步复制并推广大型银行客户的成功经验至中小型银行企业，逐步提高公司在银行行业的客户覆盖率。,688590.SH,4,报告页码,2、公司所处的行业地位分析及其变化情况,正文,688590.SH_新致软件_2025_管理层讨论与分析.pdf
MDAF0005190,新致软件,业务概要,15,在此背景下，具有较强的技术开发能力、相对成熟的产品系列和较为完善的营销与服务网络的企业，拥有较高的市场份额。,688590.SH,4,报告页码,3）敏捷响应与生态构建能力：在AI 技术快速迭代的背景下，企业需要具备极强的技术响应,正文,688590.SH_新致软件_2025_管理层讨论与分析.pdf
MDAF0005191,新致软件,业务概要,15,如果说2024年是大模型的“涌现之年”，那么2025年则是大模型的“应用元年”。,688590.SH,4,报告页码,3、报告期内新技术、新产业、新业态、新模式的发展情况和未来发展趋势,正文,688590.SH_新致软件_2025_管理层讨论与分析.pdf
MDAF0005192,新致软件,业务概要,15,据中国信通院统计，2025年全年，公有云大模型（对客侧）Token 调用量约2000万亿次，国内日均Token 消耗量在2025年年初达到10万亿次，同比2024年年初增长约100 倍。,688590.SH,4,报告页码,（1）人工智能的质变与量变,正文,688590.SH_新致软件_2025_管理层讨论与分析.pdf
MDAF0005193,新致软件,业务概要,15,根据工信部赛迪研究院报告显示，公司连续多年在中国保险业、银行业IT 解决方案供应商中排名领先。,688590.SH,4,报告页码,2、公司所处的行业地位分析及其变化情况,正文,688590.SH_新致软件_2025_管理层讨论与分析.pdf
MDAF0005194,新致软件,业务概要,15,此外，软件服务业属于技术密集型产业，为下游提供技术解决方案涉及多个技术领域，是多学科相互渗透、相互交叉形成的高新技术产业，对企业的研发创新能力有较高要求。,688590.SH,4,报告页码,3）敏捷响应与生态构建能力：在AI 技术快速迭代的背景下，企业需要具备极强的技术响应,正文,688590.SH_新致软件_2025_管理层讨论与分析.pdf
MDAF0005195,新致软件,业务概要,15,特别是在金融领域，AI 不仅用于降本增效，更开始参与核心风控与产品创新，成为新质生产力的典型代表。,688590.SH,4,报告页码,3、报告期内新技术、新产业、新业态、新模式的发展情况和未来发展趋势,正文,688590.SH_新致软件_2025_管理层讨论与分析.pdf
MDAF0005196,新致软件,业务概要,15,由于大型IT 解决方案对核心平台标准和信息化处理要求较高，小型厂商难以具备开发能力，行业准入门槛较高。,688590.SH,4,报告页码,3）敏捷响应与生态构建能力：在AI 技术快速迭代的背景下，企业需要具备极强的技术响应,正文,688590.SH_新致软件_2025_管理层讨论与分析.pdf
MDAF0005197,新致软件,业务概要,15,经过多年发展，公司在保险行业IT 解决方案领域积累了丰富的经验，形成了完善的信息技术服务体系，因此在保险行业IT 解决方案市场的行业地位较高。,688590.SH,4,报告页码,2、公司所处的行业地位分析及其变化情况,正文,688590.SH_新致软件_2025_管理层讨论与分析.pdf
MDAF0005198,新致软件,业务概要,15,软件不再仅仅是流程的自动化工具，而是成为了具备推理能力和创造能力的“智能体”。,688590.SH,4,报告页码,3、报告期内新技术、新产业、新业态、新模式的发展情况和未来发展趋势,正文,688590.SH_新致软件_2025_管理层讨论与分析.pdf
MDAF0005199,新致软件,业务概要,16,2025年被业界广泛定义为“AI 应用元年”或“智能体商业化元年”。,688590.SH,5,报告页码,（2）AI Agent 商业化元年的爆发,正文,688590.SH_新致软件_2025_管理层讨论与分析.pdf
MDAF0005200,新致软件,业务概要,16,2026年3月13日，《中华人民共和国国民经济和社会发展第十五个五年规划纲要》正式公布，纲要将提升数智化发展水平单独成篇，提出“深入推进数字中国建设，提升数智化发展水平”。,688590.SH,5,报告页码,（4）数字中国建设的新篇章—“十五五”规划,正文,688590.SH_新致软件_2025_管理层讨论与分析.pdf
MDAF0005201,新致软件,业务概要,16,2026年政府工作报告首次提出“打造智能经济新形态”，标志着数字经济与智能经济的深度融合进入国家战略核心，为未来5年数字中国建设划定清晰路线。,688590.SH,5,报告页码,（4）数字中国建设的新篇章—“十五五”规划,正文,688590.SH_新致软件_2025_管理层讨论与分析.pdf
MDAF0005202,新致软件,业务概要,16,2）发展壮大新兴产业，加快新一代信息技术、智能网联新能源汽车、机器人等战略性新兴产业发展；推进低空经济健康有序发展；实施新技术新产品新场景大规模应用示范行动，加大场景培育和开放力度，加快新兴产业规模化发展。,688590.SH,5,报告页码,（4）数字中国建设的新篇章—“十五五”规划,正文,688590.SH_新致软件_2025_管理层讨论与分析.pdf
MDAF0005203,新致软件,业务概要,16,OpenClaw 主要是通过开放的Skill 模块机制、本地记忆管理以及极低的安装成本，让AI 从“能说会道”走向“能动手干活”。,688590.SH,5,报告页码,（3）一只“龙虾”引发的AI 产业风暴,正文,688590.SH_新致软件_2025_管理层讨论与分析.pdf
MDAF0005204,新致软件,业务概要,16,“十五五”纲要在IT 信息产业规划中主要提到：1）我国要加快建设网络强国，坚持智能化、绿色化、融合化方向。,688590.SH,5,报告页码,（4）数字中国建设的新篇章—“十五五”规划,正文,688590.SH_新致软件_2025_管理层讨论与分析.pdf
MDAF0005205,新致软件,业务概要,16,并且推动量子科技、脑机接口、具身智能、第六代移动通信等成为新的经济增长点。,688590.SH,5,报告页码,（4）数字中国建设的新篇章—“十五五”规划,正文,688590.SH_新致软件_2025_管理层讨论与分析.pdf
MDAF0005206,新致软件,业务概要,16,开源AI 智能体OpenClaw 的爆火并非偶然，而是2026年政策、技术与市场三重力量共振的结果，OpenClaw 展现的能力（本地文件操作、程序自动化、跨软件协同）指明了未来AI 操作系统级集成的方向。,688590.SH,5,报告页码,（3）一只“龙虾”引发的AI 产业风暴,正文,688590.SH_新致软件_2025_管理层讨论与分析.pdf
MDAF0005207,新致软件,业务概要,16,据赛迪顾问发布的《中国2025 中国智能体市场发展研究报告》显示，2024年中国智能体市场规模达47.5亿元，同比增长64.4%；预计2025年将达78.4亿元，增速持续超过60%。,688590.SH,5,报告页码,（2）AI Agent 商业化元年的爆发,正文,688590.SH_新致软件_2025_管理层讨论与分析.pdf
MDAF0005208,新致软件,业务概要,16,普通用户也能轻松拥有可处理日常事务的“数字员工”，这一突破降低了AI 应用的技术门槛。,688590.SH,5,报告页码,（3）一只“龙虾”引发的AI 产业风暴,正文,688590.SH_新致软件_2025_管理层讨论与分析.pdf
MDAF0005209,新致软件,业务概要,16,智能体作为连接大模型能力与产业价值的关键载体，在这一年完成了从试点探索到规模化商用的关键跨越。,688590.SH,5,报告页码,（2）AI Agent 商业化元年的爆发,正文,688590.SH_新致软件_2025_管理层讨论与分析.pdf
MDAF0005210,新致软件,业务概要,16,未来，操作系统原生集成AI 智能体能力将成为必然趋势。,688590.SH,5,报告页码,（3）一只“龙虾”引发的AI 产业风暴,正文,688590.SH_新致软件_2025_管理层讨论与分析.pdf
MDAF0005211,新致软件,业务概要,16,未来，智能体能否在复杂、动态、多约束的真实环境中稳定交付可解释、可审计、可复现的业务成果，将成为智能体产品和解决方案发展的分水岭，也决定了人工智能从辅助工具走向核心生产力的演进速度。,688590.SH,5,报告页码,（2）AI Agent 商业化元年的爆发,正文,688590.SH_新致软件_2025_管理层讨论与分析.pdf
MDAF0005212,新致软件,业务概要,16,近期，一场始于开源社区的“养虾”热潮席卷中国科技圈。,688590.SH,5,报告页码,（3）一只“龙虾”引发的AI 产业风暴,正文,688590.SH_新致软件_2025_管理层讨论与分析.pdf
MDAF0005213,新致软件,业务概要,16,这一增长得益于模型推理能力、多模态融合与记忆机制的持续突破，以及智能体架构和低门槛智能体开发平台的广泛应用。,688590.SH,5,报告页码,（2）AI Agent 商业化元年的爆发,正文,688590.SH_新致软件_2025_管理层讨论与分析.pdf
MDAF0005214,新致软件,业务概要,16,"这只“虾”的全名是OpenClaw,一个开源AI 智能体框架，其核心功能是让大模型实现“主动执行任务”，而非单纯对话。",688590.SH,5,报告页码,（3）一只“龙虾”引发的AI 产业风暴,正文,688590.SH_新致软件_2025_管理层讨论与分析.pdf
MDAF0005215,新致软件,业务概要,16,随着“人工智能+”行动在政务、医疗、交通、能源等重点领域深入推进，智能体正从技术验证迈向规模化价值兑现阶段。,688590.SH,5,报告页码,（2）AI Agent 商业化元年的爆发,正文,688590.SH_新致软件_2025_管理层讨论与分析.pdf
MDAF0005216,新致软件,业务概要,17,3）全面实施“人工智能+”行动，加强人工智能同科技创新、产业发展、文化建设、民生保障、社会治理相结合，抢占人工智能产业应用制高点，全方位赋能千行百业。,688590.SH,6,报告页码,（4）数字中国建设的新篇章—“十五五”规划,正文,688590.SH_新致软件_2025_管理层讨论与分析.pdf
MDAF0005217,新致软件,业务概要,17,“十五五”规划明确提出构建未来产业全链条培育体系，并提出“建立未来产业投入增长和风险分担机制”，标志着未来产业发展已从概念探索进入制度化推进的全新阶段。,688590.SH,6,报告页码,（5）,正文,688590.SH_新致软件_2025_管理层讨论与分析.pdf
MDAF0005218,新致软件,业务概要,17,从“东数西算”的物理堆叠走向“全国一张网”的逻辑一体，算力基础设施正从单纯的硬件建设升级为涵盖“算力+算法+数据+应用”的系统工程。,688590.SH,6,报告页码,（5）,正文,688590.SH_新致软件_2025_管理层讨论与分析.pdf
MDAF0005219,新致软件,业务概要,17,从“单一基础设施”到“系统工程化统筹”。,688590.SH,6,报告页码,（5）,正文,688590.SH_新致软件_2025_管理层讨论与分析.pdf
MDAF0005220,新致软件,业务概要,17,从“培育未来产业”到“建立全链条培育体系”。,688590.SH,6,报告页码,（5）,正文,688590.SH_新致软件_2025_管理层讨论与分析.pdf
MDAF0005221,新致软件,业务概要,17,从“推动开放”到“拓展规则话语权”。,688590.SH,6,报告页码,（5）,正文,688590.SH_新致软件_2025_管理层讨论与分析.pdf
MDAF0005222,新致软件,业务概要,17,对比“十四五”规划，“十五五”规划呈现几个显著的升级方向：从“数字化”到“数智化”的范式跃迁。,688590.SH,6,报告页码,（5）,正文,688590.SH_新致软件_2025_管理层讨论与分析.pdf
MDAF0005223,新致软件,业务概要,17,工信部已表示将做好统筹谋划和前瞻布局，健全技术预见机制，统筹有序推进未来产业先导区建设，引导各地因地制宜、错位发展未来产业。,688590.SH,6,报告页码,（5）,正文,688590.SH_新致软件_2025_管理层讨论与分析.pdf
MDAF0005224,新致软件,业务概要,17,推动工业互联网平台内嵌AI 能力，打造“5G+工业互联网”升级版，为企业提供“平台+智能体”的新型服务。,688590.SH,6,报告页码,（4）数字中国建设的新篇章—“十五五”规划,正文,688590.SH_新致软件_2025_管理层讨论与分析.pdf
MDAF0005225,新致软件,业务概要,17,新型基础设施建设首次被纳入109项重大工程项目，全国一体化算力网位列首项。,688590.SH,6,报告页码,（5）,正文,688590.SH_新致软件_2025_管理层讨论与分析.pdf
MDAF0005226,新致软件,业务概要,17,纲要在数字中国篇中首次系统阐述了算力、算法、数据三大要素的协同供给路径，标志着中国从数字经济规模扩张转向数智生产力深度渗透的新阶段。,688590.SH,6,报告页码,（5）,正文,688590.SH_新致软件_2025_管理层讨论与分析.pdf
MDAF0005227,新致软件,业务概要,17,规划积极提出人工智能、数字经济等新兴领域国际规则的中国方案，标志着中国从数字经济的技术应用者向全球规则制定者的角色升级。,688590.SH,6,报告页码,（5）,正文,688590.SH_新致软件_2025_管理层讨论与分析.pdf
MDAF0005228,新致软件,业务概要,17,规划纲要提出促进制造业“智改数转网联”，实施智能制造工程和工业互联网创新发展工程。,688590.SH,6,报告页码,（4）数字中国建设的新篇章—“十五五”规划,正文,688590.SH_新致软件_2025_管理层讨论与分析.pdf
MDAF0005229,新致软件,业务概要,17,规划首次将“数字化”提升为“数智化”，将“提升数智化发展水平”单独成篇，系统部署算力、算法、数据三位一体的新型基础设施体系。,688590.SH,6,报告页码,（5）,正文,688590.SH_新致软件_2025_管理层讨论与分析.pdf
MDAF0005230,新致软件,核心竞争力,21,适用。,688590.SH,10,报告页码,(一) 核心竞争力分析,选项,688590.SH_新致软件_2025_管理层讨论与分析.pdf
MDAF0005231,新致软件,核心竞争力,22,人才是企业重要资源。,688590.SH,11,报告页码,4、精通专业、经验丰富的管理和研发团队,正文,688590.SH_新致软件_2025_管理层讨论与分析.pdf
MDAF0005232,新致软件,核心竞争力,22,公司与优质客户的合作有力地推动了公司技术水平的不断提高和服务手段的不断改进，同时，老客户的满意度和黏性较高，其二次开发、后续升级和维护需求则给公司带来持续稳定的收入。,688590.SH,11,报告页码,5、具备一批长期稳定的战略客户,正文,688590.SH_新致软件_2025_管理层讨论与分析.pdf
MDAF0005233,新致软件,核心竞争力,22,公司在多年为保险、银行、电信、汽车等行业提供信息化建设服务的实践中，积累了丰富的行业经验和实践案例，能够快速分析客户的需求，形成解决方案并加以研发与实施。,688590.SH,11,报告页码,1、为下游行业服务多年，积累了丰富的行业经验和实践案例,正文,688590.SH_新致软件_2025_管理层讨论与分析.pdf
MDAF0005234,新致软件,核心竞争力,22,公司核心管理团队由一批长期从事保险、银行、电信、汽车等信息化重点应用领域的行业专家组成，能够敏锐感知客户所处行业的变化，并迅速做出反应。,688590.SH,11,报告页码,4、精通专业、经验丰富的管理和研发团队,正文,688590.SH_新致软件_2025_管理层讨论与分析.pdf
MDAF0005235,新致软件,核心竞争力,22,公司经过多年的发展，通过为客户提供高质量的服务而逐步获得了客户的认可，在保险、银行、电信、汽车等行业中拥有较多成功案例，如中国太保、中国人寿、中国人保、新华保险、建设银行、中国电信、上汽集团等，并与上述客户建立了长期稳定的战略合作关系。,688590.SH,11,报告页码,5、具备一批长期稳定的战略客户,正文,688590.SH_新致软件_2025_管理层讨论与分析.pdf
MDAF0005236,新致软件,核心竞争力,22,公司经过多年的自主研发，掌握了一批较为领先的核心技术，形成包括项目管理所需技术、项目实施所需技术、面向具体行业业务领域解决方案等综合技术体系，建设新致新知人工智能平台、新致云PaaS 平台、技术开发平台（NewtouchOne）、企业数字信息化管理平台（NewtouchEDS）、技术验证平台（NewtouchX）等核心技术平台，利用自身的技术优势和研发团队开发了面向特定行业以及应用需求的解决方案，通过这些解决方案，能够为客户的信息系统提供量身定做的技术服务，以满足业务流程的要求。,688590.SH,11,报告页码,3、科学高效的研发体系,正文,688590.SH_新致软件_2025_管理层讨论与分析.pdf
MDAF0005237,新致软件,核心竞争力,22,公司自成立以来高度重视人才队伍建设，随着企业不断发展，公司已建立了一支专业知识匹配、管理经验丰富、年龄结构合理的高素质复合型人才队伍，形成了稳定、专业又具有丰富行业经验的管理团队和技术开发团队。,688590.SH,11,报告页码,4、精通专业、经验丰富的管理和研发团队,正文,688590.SH_新致软件_2025_管理层讨论与分析.pdf
MDAF0005238,新致软件,核心竞争力,22,公司通过行业能力成熟度集成模型CMMI5 评估以及中国软件协会认证的软件服务商一级交付能力评估，并根据CMMI5、ISO9001 和ISO27001 标准，结合自身实际建立了基于自主研发的企业数字信息化管理平台（NewtouchEDS）的项目管理体系，实现了对项目的整个生命周期进行有效管理，包括项目开发进度、资源、质量、风险、成本等。,688590.SH,11,报告页码,2、项目管理能力的标准严格、手段先进、组织完善,正文,688590.SH_新致软件_2025_管理层讨论与分析.pdf
MDAF0005239,新致软件,核心竞争力,22,同时，公司有能力前瞻性地挖掘客户的深层次需求，提供有针对性的解决方案与服务，提高客户满意度。,688590.SH,11,报告页码,1、为下游行业服务多年，积累了丰富的行业经验和实践案例,正文,688590.SH_新致软件_2025_管理层讨论与分析.pdf
MDAF0005240,新致软件,核心竞争力,22,近年来，公司陆续建立云计算、大数据、人工智能及区块链实验室，不断将新技术与行业应用相结合，帮助客户上云升级、做出智能化商业分析。,688590.SH,11,报告页码,3、科学高效的研发体系,正文,688590.SH_新致软件_2025_管理层讨论与分析.pdf
MDAF0005241,新致软件,核心竞争力,22,不适用。,688590.SH,11,报告页码,(二) 报告期内发生的导致公司核心竞争力受到严重影响的事件、影响分析及应对措施,选项,688590.SH_新致软件_2025_管理层讨论与分析.pdf
MDAF0005242,新致软件,核心竞争力,23,NBDOneclick（NewtouchBigDataOneclick）是公司自主研发的工具型技术，主要应用于金融大数据的解决方案中，应用该技术的解决方案实现了金融机构底层数据的一致性，并克服了大数据应用环节（主要包括数据采集、数据加工、深度学习以及数据可视化等）的数据差异性及处理复杂性，同时解决了底层应用中存在的技术障碍，并通过分布式架构降低了数据处理的成本。,688590.SH,12,报告页码,b.异构大数据的一站式处理技术（NBDOneclick）,正文,688590.SH_新致软件_2025_管理层讨论与分析.pdf
MDAF0005243,新致软件,核心竞争力,23,专有技术将公司的技术积累和研发成果与客户的业务场景深度融合，表现出明显的行业属性，主要应用于金融行业；通用技术是公司对开源技术等的优化，使其表现出更好的性能指标和应用效果，通用技术是取得专有技术的必经阶段和重要来源。,688590.SH,12,报告页码,（1）核心技术,正文,688590.SH_新致软件_2025_管理层讨论与分析.pdf
MDAF0005244,新致软件,核心竞争力,23,公司以金融专业知识为核心，结合业务和行业的通用知识，构建起满足行业多层次服务需求的知识库。,688590.SH,12,报告页码,c.金融知识语料库技术,正文,688590.SH_新致软件_2025_管理层讨论与分析.pdf
MDAF0005245,新致软件,核心竞争力,23,公司具备丰富的技术积累和项目经验，在此基础上形成了自主研发的核心技术，重点覆盖了大数据、人工智能、移动互联和云计算等领域。,688590.SH,12,报告页码,（1）核心技术,正文,688590.SH_新致软件_2025_管理层讨论与分析.pdf
MDAF0005246,新致软件,核心竞争力,23,公司的专有技术主要包括“保险行业数据模型”、“异构大数据一站式处理技术”、“金融知识语料库技术”和“新致新知人工智能平台”，公司将专有技术应用于各个细分行业，为主要客户提供多项解决方案。,688590.SH,12,报告页码,1）专有技术,正文,688590.SH_新致软件_2025_管理层讨论与分析.pdf
MDAF0005247,新致软件,核心竞争力,23,其中核心技术包括专有技术和通用技术。,688590.SH,12,报告页码,（1）核心技术,正文,688590.SH_新致软件_2025_管理层讨论与分析.pdf
MDAF0005248,新致软件,核心竞争力,23,其中，保险行业数据模型为保险公司信息系统的自主可控贡献力量；异构大数据一站式处理技术提升了数据处理的效率；金融知识语料库技术提高了金融行业信息系统的智能化程度，该技术积累了丰富的应用场景、大幅缩短了机器应答时间、明显提升了搜索的精度和速度、支持多轮人机对话。,688590.SH,12,报告页码,1）专有技术,正文,688590.SH_新致软件_2025_管理层讨论与分析.pdf
MDAF0005249,新致软件,核心竞争力,23,因此，金融机构需要相应的技术手段来高效处理这些信息。,688590.SH,12,报告页码,c.金融知识语料库技术,正文,688590.SH_新致软件_2025_管理层讨论与分析.pdf
MDAF0005250,新致软件,核心竞争力,23,报告期内，公司发布最新AI 产品技术体系，依托“知识库”、“大模型”和“智能体（Agent）”技术，将“新致新知人工智能平台”赋能各行业营销和知识流程两大领域。,688590.SH,12,报告页码,（1）核心技术,正文,688590.SH_新致软件_2025_管理层讨论与分析.pdf
MDAF0005251,新致软件,核心竞争力,23,知识语料库技术能高效处理海量信息的能力正好满足这一需求。,688590.SH,12,报告页码,c.金融知识语料库技术,正文,688590.SH_新致软件_2025_管理层讨论与分析.pdf
MDAF0005252,新致软件,核心竞争力,23,该技术在应用成本、实时数据处理功能和并发度支持上限等方面具有优势，并广泛应用于保险行业大数据系统解决方案中，取得了显著效果。,688590.SH,12,报告页码,b.异构大数据的一站式处理技术（NBDOneclick）,正文,688590.SH_新致软件_2025_管理层讨论与分析.pdf
MDAF0005253,新致软件,核心竞争力,23,针对国外厂商的不足及国内保险行业的现实需求，公司通过研究及整理国内保险业务流程和数据特征，研发了完备性、扩展性较高的NewtouchInsuranceDataWarehouseModel（NewtouchIDWM）保险行业数据模型，该模型在业务场景的覆盖范围、保险产品的覆盖范围、支持核心系统的种类以及管理数据量的上限等方面具有优势，并在保险行业数据仓库、基础数据平台等实施项目中得到广泛应用。,688590.SH,12,报告页码,a.保险行业数据模型（NewtouchIDWM）,正文,688590.SH_新致软件_2025_管理层讨论与分析.pdf
MDAF0005254,新致软件,核心竞争力,23,随着业务场景的丰富和产品复杂性的提高，金融行业要处理的信息量呈爆发式增长；同时，客户对金融行业服务体验的要求也越来越高。,688590.SH,12,报告页码,c.金融知识语料库技术,正文,688590.SH_新致软件_2025_管理层讨论与分析.pdf
MDAF0005255,新致软件,核心竞争力,24,新知大模型采用MoE（专家混合架构，MixtureofExperts）技术，参数规模达98B 级别，融合万亿级Token 的大规模行业数据。,688590.SH,13,报告页码,d.新致新知人工智能平台,正文,688590.SH_新致软件_2025_管理层讨论与分析.pdf
MDAF0005256,新致软件,核心竞争力,24,新致新知知识库产品将面向多个垂直行业进行拓展，例如，在汽车险领域知识语料库提供数据资源（涉及汽车零配件管理、个性化定制、经销商服务等等），新致新知平台已成功接入多家中、小型保险公司，保险经纪、理赔人员甚至是汽车从业人员均可以通过平台上传并整理标记知识库。,688590.SH,13,报告页码,c.金融知识语料库技术,正文,688590.SH_新致软件_2025_管理层讨论与分析.pdf
MDAF0005257,新致软件,核心竞争力,24,未来基于汽车险知识库，并通过大模型训练出的保险人工智能产品将应用于保险反欺诈、保险理赔定价、二手车交易、保费定价等领域，带来保险行业效率提升并产生新的商业模式。,688590.SH,13,报告页码,c.金融知识语料库技术,正文,688590.SH_新致软件_2025_管理层讨论与分析.pdf
MDAF0005258,新致软件,核心竞争力,24,模型运用前沿强化学习算法优化，显著提升推理准确性和响应速度。,688590.SH,13,报告页码,d.新致新知人工智能平台,正文,688590.SH_新致软件_2025_管理层讨论与分析.pdf
MDAF0005259,新致软件,核心竞争力,25,AI 技术领域，针对大语言模型（LLM）、多模态模型、OCR 识别优化、文本转语音（TTS）以及语音识别（ASR）等技术深度优化，建立起业内领先的技术优势。,688590.SH,14,报告页码,d.新致新知人工智能平台,正文,688590.SH_新致软件_2025_管理层讨论与分析.pdf
MDAF0005260,新致软件,核心竞争力,25,从系统架构层面，公司实现资源调度、通信优化、中间件建设及模型推理性能提升，不仅实现了业务引用的智能化升级，更在底层强化了智能体安全合规控制与全链路操作审计机制，确保每个操作均可追溯、可监管，大幅提升了系统的灵活性、可扩展性与可靠性。,688590.SH,14,报告页码,d.新致新知人工智能平台,正文,688590.SH_新致软件_2025_管理层讨论与分析.pdf
MDAF0005261,新致软件,核心竞争力,25,公司的通用技术涉及移动互联、云计算和项目管理等领域，通过公司在软件开发过程中对相关技术的不断优化，使其表现出更好的性能指标和应用效果是通用技术的主要特征，通用技术是公司取得专有技术的必经阶段和重要来源。,688590.SH,14,报告页码,2）通用技术,正文,688590.SH_新致软件_2025_管理层讨论与分析.pdf
MDAF0005262,新致软件,核心竞争力,25,其中，属于移动互联领域的移动开发、移动分析和大数据敏捷开发技术大幅提高了数据库的开发效率、降低了系统资源消耗和响应时间、明显提升了系统对高并发需求的承载能力，协助客户系统优化升级，提升其对移动互联业务的支持能力；属于云计算领域的微服务技术、硬盘槽定位技术和灰度发布等技术提高了系统的稳定性及扩展性，为坏盘定位提供了解决方案，为应用软件新版本的高效发布提供了技术支持，对客户系统保持整体的安全性、可扩展性和对业务持续支持能力的提高都有明显的赋能效果；属于项目管理领域的NewtouchX 云资源管控技术和NewtouchStandard 主要为公司的项目实施和项目管理提供了完备的流程和标准，提高了公司业务的实施效率，保证了项目质量。,688590.SH,14,报告页码,2）通用技术,正文,688590.SH_新致软件_2025_管理层讨论与分析.pdf
MDAF0005263,新致软件,核心竞争力,25,在工程化落地方面，公司积累了丰富的可信技能（Skills）治理、自主规划能力（ReAct）、智能体编排调度（AgentOrchestration）等先进实践经验，进一步沉淀出行业领域关键应用、数字员工、AI 编程等产品化能力，凭借这些核心优势，新知大模型成功赋能金融、汽车、电商（零售）、司法等多个行业场景。,688590.SH,14,报告页码,d.新致新知人工智能平台,正文,688590.SH_新致软件_2025_管理层讨论与分析.pdf
MDAF0005264,新致软件,核心竞争力,25,针对企业端，新知大模型提供精准的文档自动生成、智能客服互动、合规风控审查等服务，助力企业提升运营效率与智能决策能力。,688590.SH,14,报告页码,d.新致新知人工智能平台,正文,688590.SH_新致软件_2025_管理层讨论与分析.pdf
MDAF0005265,新致软件,核心竞争力,26,《中华人民共和国国民经济和社会发展第十四个五年规划和2035年远景目标纲要》明确提出，要深化金融供给侧结构性改革，稳妥发展金融科技，加快金融机构数字化转型。,688590.SH,15,报告页码,1）为金融行业信息系统稳妥发展贡献力量,正文,688590.SH_新致软件_2025_管理层讨论与分析.pdf
MDAF0005266,新致软件,核心竞争力,26,上述核心技术均应用到公司向客户提供的IT 解决方案中，为公司业务提供全面的技术支撑。,688590.SH,15,报告页码,2）通用技术,正文,688590.SH_新致软件_2025_管理层讨论与分析.pdf
MDAF0005267,新致软件,核心竞争力,26,公司基于大数据技术研发的“NewtouchIDWM 数据模型”，拥有自主的数据模型的规则和算法与国内财险和寿险的业务的应用场景深度融合，实施和升级成本低，为国内金融机构实现信息系统的自主可控做出了重要贡献，该数据模型已应用于众多保险机构数据系统的建设中。,688590.SH,15,报告页码,a.保险行业数据模型,正文,688590.SH_新致软件_2025_管理层讨论与分析.pdf
MDAF0005268,新致软件,核心竞争力,26,公司核心技术均系自主研发而来，并取得了相应的软件著作权。,688590.SH,15,报告页码,2）通用技术,正文,688590.SH_新致软件_2025_管理层讨论与分析.pdf
MDAF0005269,新致软件,核心竞争力,26,公司积极进行分布式架构的技术研发，在分布式工具及平台等领域进行了相应技术积累，公司在Openstack 虚拟化资源管理、Docker 容器技术、Kubernetes 容器编排引擎、SpringCloud 微服务、DevOps、分布式数据存储、用户交互技术等方面积累了丰富的经验，公司研发形成了分布式、微服务底层技术为未来分布式产品提供了技术基础。,688590.SH,15,报告页码,c.完善分布式架构产品的研发进展,正文,688590.SH_新致软件_2025_管理层讨论与分析.pdf
MDAF0005270,新致软件,核心竞争力,26,公司自主开发的金融大数据解决方案通过数据模型屏蔽不同保险公司核心系统的差异，不需要修改上层应用的数据加工逻辑，只需要将保险公司核心系统模型与公司底层模型进行映射开发，可在不同保险公司进行快速部署。,688590.SH,15,报告页码,a.成熟的“数据中台系统”解决方案,正文,688590.SH_新致软件_2025_管理层讨论与分析.pdf
MDAF0005271,新致软件,核心竞争力,26,公司自主开发的金融风险预警监控解决方案以国内外金融监管法规为依据，大幅提高了金融机构风险管理和合规管理的能力和效率。,688590.SH,15,报告页码,b.按照“PDCA 风控标准”开发的金融风险预警监控解决方案,正文,688590.SH_新致软件_2025_管理层讨论与分析.pdf
MDAF0005272,新致软件,核心竞争力,26,公司自主研发的金融市场代客交易解决方案将不同功能产品模块纳入统一的技术框架，并融合微服务架构和大数据技术，为国内银行业客户提供了扩展性强、响应速度快的一整套系统解决方案，提升了系统的运行效率和可用性。,688590.SH,15,报告页码,b.金融市场代客交易解决方案,正文,688590.SH_新致软件_2025_管理层讨论与分析.pdf
MDAF0005273,新致软件,核心竞争力,26,同时，该解决方案支持以分布式部署的方式进行数据系统建设，使得客户的购置成本降至原来的20%以下。,688590.SH,15,报告页码,a.成熟的“数据中台系统”解决方案,正文,688590.SH_新致软件_2025_管理层讨论与分析.pdf
MDAF0005274,新致软件,核心竞争力,26,同时，该解决方案运用大数据技术分析客户的交易行为，为精准营销提供数据依据；前台的客户端则采用了人工智能的人脸识别技术，与金融机构已有的内部身份认证系统对接，能提高客户登录时的安全性。,688590.SH,15,报告页码,b.金融市场代客交易解决方案,正文,688590.SH_新致软件_2025_管理层讨论与分析.pdf
MDAF0005275,新致软件,核心竞争力,26,此外，大数据解决方案将金融机构数据系统决策的时间尺度由原来的天缩短至秒，大幅提高了系统运行效率。,688590.SH,15,报告页码,a.成熟的“数据中台系统”解决方案,正文,688590.SH_新致软件_2025_管理层讨论与分析.pdf
MDAF0005276,新致软件,核心竞争力,26,用户可快速、低成本部署基础数据平台、EDW 数据仓库平台及上层的数据集市系统。,688590.SH,15,报告页码,a.成熟的“数据中台系统”解决方案,正文,688590.SH_新致软件_2025_管理层讨论与分析.pdf
MDAF0005277,新致软件,核心竞争力,26,该解决方案能为金融机构整合代客交易业务的风险管理功能，集中管理风险敞口，便于金融机构从内部进行调配头寸、集中平盘等操作，降低金融机构因市场变化引发的风险。,688590.SH,15,报告页码,b.金融市场代客交易解决方案,正文,688590.SH_新致软件_2025_管理层讨论与分析.pdf
MDAF0005278,新致软件,核心竞争力,26,金融风险预警监控解决方案是执行“PDCA 风控标准”开发出的整套服务，综合运用大数据处理分析技术、可视化的数据分析技术等，全面覆盖业务流程风险控制节点，提高风险管理的精准度和效率。,688590.SH,15,报告页码,b.按照“PDCA 风控标准”开发的金融风险预警监控解决方案,正文,688590.SH_新致软件_2025_管理层讨论与分析.pdf
MDAF0005279,新致软件,核心竞争力,27,AI 技术领域，针对大语言模型（LLM）、多模态模型、OCR 识别优化、文本转语音（TTS）以及语音识别（ASR）等技术深度优化，建立起业内领先的技术优势。,688590.SH,16,报告页码,d.自研新致新知大模型,正文,688590.SH_新致软件_2025_管理层讨论与分析.pdf
MDAF0005280,新致软件,核心竞争力,27,从系统架构层面，公司实现资源调度、通信优化、中间件建设、模型推理性能提升及整体应用架构集成的全链路布局，构筑了从底层技术到业务应用的AI 生态闭环。,688590.SH,16,报告页码,d.自研新致新知大模型,正文,688590.SH_新致软件_2025_管理层讨论与分析.pdf
MDAF0005281,新致软件,核心竞争力,27,在工程化落地方面，公司积累了丰富的检索增强生成（RAG）、智能代理（Agent）、智能工作流（Workflow）等先进实践经验，凭借这些核心优势，新知大模型成功赋能金融、汽车、司法等多个行业场景。,688590.SH,16,报告页码,d.自研新致新知大模型,正文,688590.SH_新致软件_2025_管理层讨论与分析.pdf
MDAF0005282,新致软件,核心竞争力,27,截至2025年12月31日，公司共拥有23项发明专利、576项软件著作权。,688590.SH,16,报告页码,1、报告期内获得的研发成果,正文,688590.SH_新致软件_2025_管理层讨论与分析.pdf
MDAF0005283,新致软件,核心竞争力,27,报告期内，公司结合行业应用场景和新一代信息技术，在相关领域持续研发投入技术创新，2025年度，公司专利、软件著作权申请及核心技术不断突破，全年提交专利申请86项，其中发明专利15项；获批发明专利6项、获批软件著作权71项。,688590.SH,16,报告页码,1、报告期内获得的研发成果,正文,688590.SH_新致软件_2025_管理层讨论与分析.pdf
MDAF0005284,新致软件,核心竞争力,27,新知大模型采用MoE（专家混合架构，MixtureofExperts）技术，参数规模达98B 级别，融合万亿级Token 的大规模行业数据。,688590.SH,16,报告页码,d.自研新致新知大模型,正文,688590.SH_新致软件_2025_管理层讨论与分析.pdf
MDAF0005285,新致软件,核心竞争力,27,模型运用前沿强化学习算法优化，显著提升推理准确性和响应速度。,688590.SH,16,报告页码,d.自研新致新知大模型,正文,688590.SH_新致软件_2025_管理层讨论与分析.pdf
MDAF0005286,新致软件,核心竞争力,27,针对企业端，新知大模型提供精准的文档自动生成、智能客服互动、合规风控审查等服务，助力企业提升运营效率与智能决策能力。,688590.SH,16,报告页码,d.自研新致新知大模型,正文,688590.SH_新致软件_2025_管理层讨论与分析.pdf
MDAF0005287,新致软件,核心竞争力,27,不适用。,688590.SH,16,报告页码,d.自研新致新知大模型,选项,688590.SH_新致软件_2025_管理层讨论与分析.pdf
MDAF0005288,新致软件,核心竞争力,28,低线索转化成本。,688590.SH,17,报告页码,383.77,正文,688590.SH_新致软件_2025_管理层讨论与分析.pdf
MDAF0005289,新致软件,核心竞争力,28,像，实现设计产业的智能化升级。,688590.SH,17,报告页码,204.97,正文,688590.SH_新致软件_2025_管理层讨论与分析.pdf
MDAF0005290,新致软件,核心竞争力,28,"单位：万元序项目预计总投本期投入累计投入技术进展或阶段性成果拟达到目标具体应用前景号名称资规模金额金额水平建设司法行业垂直大模完成司法大模型训服务于法官、律师、型平台，开发智能辅助新致司练、类案检索、文法律学者及公众，办案系统，实现复议案国内法行业书自动生成、案件推动公检法司领域件的快速受理、智能分行业1 4,000.00 1,507.66 2,041.62垂直大要素抽取、智能法的数字化与智能化析（如案件要素自动抽领先模型平条推荐等核心功能转型，解决司法资取、类案及法条推荐）和水平台软件开发，完成系统集源分配与判案效率文书自动生成，提升办成与联调问题。",688590.SH,17,报告页码,3、在研项目情况,正文,688590.SH_新致软件_2025_管理层讨论与分析.pdf
MDAF0005291,新致软件,核心竞争力,28,完成AI 文档创作、为文本创作、数据分析国内服务于金融、科技、新致提供全链路AI 赋能（如文本润色扩写、表行业教育等行业的企业AIOffic格图片渲染、自定文本润色、扩写、表格与领先级市场，满足远程e义智能体接入、业图片处理），并支持企业水平办公和在线协同需求，预期提升40%务系统快速集成等自定义智能体及业务系功能开发，完成内统权限的无缝接入。,688590.SH,17,报告页码,383.77,正文,688590.SH_新致软件_2025_管理层讨论与分析.pdf
MDAF0005292,新致软件,核心竞争力,28,实时反馈、报告生检维度，通过文本及情足、优化销售策略、线索智领先成等功能开发，进绪分析量化销售顾问表制定针对性培训，检助手水平现并提供分数/次数统计入系统联调与优化进而提升客户满意阶段报告。,688590.SH,17,报告页码,273.59,正文,688590.SH_新致软件_2025_管理层讨论与分析.pdf
MDAF0005293,新致软件,核心竞争力,28,度与销售转化率。,688590.SH,17,报告页码,273.59,正文,688590.SH_新致软件_2025_管理层讨论与分析.pdf
MDAF0005294,新致软件,核心竞争力,28,手，能与CRM/ERP能对话问答、个性识点提取与融合，打造能知识领先化定制等功能开系统集成，极大提库助手个性化定制的智能对话水平发，实现与业务系升信息获取与客户与问答机器人。,688590.SH,17,报告页码,314.00,正文,688590.SH_新致软件_2025_管理层讨论与分析.pdf
MDAF0005295,新致软件,核心竞争力,28,指导机制度检索、智能问识别、内外制度自动核领先识别和智能问答，器人答、规章自动撰写验及规章自动撰写与更水平大幅降低合规处罚与更新等功能开发新。,688590.SH,17,报告页码,693.29,正文,688590.SH_新致软件_2025_管理层讨论与分析.pdf
MDAF0005296,新致软件,核心竞争力,28,智能搜强品牌接触体验；推荐、智能营销推预测、相关性内容推荐领先索引擎助力车企实现智能送等功能开发，进及自动营销，打破传统水平助手营销推荐，有效降入全流程测试阶段关键词匹配的局限。,688590.SH,17,报告页码,383.77,正文,688590.SH_新致软件_2025_管理层讨论与分析.pdf
MDAF0005297,新致软件,核心竞争力,28,案效率与公正性。,688590.SH,17,报告页码,3、在研项目情况,正文,688590.SH_新致软件_2025_管理层讨论与分析.pdf
MDAF0005298,新致软件,核心竞争力,28,生图软文字、后台参数管文本转图像、扩图、去背领先开发者或设计师快件V2.0水平理、用户权限管理景等功能，提供个性化速产出高质量图等功能开发绘图体验。,688590.SH,17,报告页码,204.97,正文,688590.SH_新致软件_2025_管理层讨论与分析.pdf
MDAF0005299,新致软件,核心竞争力,28,统对接测试服务的效率。,688590.SH,17,报告页码,314.00,正文,688590.SH_新致软件_2025_管理层讨论与分析.pdf
MDAF0005300,新致软件,核心竞争力,28,风险并提升风控自动化水平。,688590.SH,17,报告页码,693.29,正文,688590.SH_新致软件_2025_管理层讨论与分析.pdf
MDAF0005301,新致软件,核心竞争力,28,不适用。,688590.SH,17,报告页码,13.72,选项,688590.SH_新致软件_2025_管理层讨论与分析.pdf
MDAF0005302,新致软件,核心竞争力,28,适用。,688590.SH,17,报告页码,3、在研项目情况,选项,688590.SH_新致软件_2025_管理层讨论与分析.pdf
MDAF0005303,新致软件,核心竞争力,29,以上的办公效率并部测试与迭代缩减综合成本。,688590.SH,18,报告页码,383.77,正文,688590.SH_新致软件_2025_管理层讨论与分析.pdf
MDAF0005304,新致软件,核心竞争力,29,务”场景化方案。,688590.SH,18,报告页码,478.25,正文,688590.SH_新致软件_2025_管理层讨论与分析.pdf
MDAF0005305,新致软件,核心竞争力,29,少80%以上的人员综合成本。,688590.SH,18,报告页码,738.29,正文,688590.SH_新致软件_2025_管理层讨论与分析.pdf
MDAF0005306,新致软件,核心竞争力,29,"帮助金融机构应对日益严格的监管走完成反洗钱数据规通过自动化规则筛查主反洗钱国内访，提升反洗钱数则检查、问题数据动发现并定位客户、账数字化行业据质量自查能力；10 1,500.00 1,104.17 1,104.17发现、整改追踪、户及交易数据中的反洗检查软领先自动化筛查模式较数据质量评估等功钱合规问题，形成闭环件水平传统人工抽查可减能开发整改机制。",688590.SH,18,报告页码,738.29,正文,688590.SH_新致软件_2025_管理层讨论与分析.pdf
MDAF0005307,新致软件,核心竞争力,29,网销平心、车商协作、后批改、续保提醒，并推动领先过整合汽车后市车险销售从“被动销售”场，推出“车险+服台软件台运营管理等全流水平向“主动服务”转型。,688590.SH,18,报告页码,478.25,正文,688590.SH_新致软件_2025_管理层讨论与分析.pdf
MDAF0005308,新致软件,核心竞争力,29,获客营包、客户洞察、活公域流量高效转化洞察，提供朋友圈素材、领先销平台动配置、海报管理为私域流量，实现裂变红包、无接触营销水平软件等功能开发精准获客与商业转等功能平台。,688590.SH,18,报告页码,738.29,正文,688590.SH_新致软件_2025_管理层讨论与分析.pdf
MDAF0005309,新致软件,核心竞争力,29,不适用。,688590.SH,18,报告页码,21.07,选项,688590.SH_新致软件_2025_管理层讨论与分析.pdf
MDAF0005310,新致软件,核心竞争力,29,不适用。,688590.SH,18,报告页码,5、其他说明,选项,688590.SH_新致软件_2025_管理层讨论与分析.pdf
MDAF0005311,新致软件,研发投入,27,"上年度：152,291,331.77。",688590.SH,16,报告页码,,表格行,688590.SH_新致软件_2025_管理层讨论与分析.pdf
MDAF0005312,新致软件,研发投入,27,"上年度：24,209,859.90。",688590.SH,16,报告页码,,表格行,688590.SH_新致软件_2025_管理层讨论与分析.pdf
MDAF0005313,新致软件,研发投入,27,变化幅度（%）：13.50。,688590.SH,16,报告页码,,表格行,688590.SH_新致软件_2025_管理层讨论与分析.pdf
MDAF0005314,新致软件,研发投入,27,变化幅度（%）：20.06。,688590.SH,16,报告页码,,表格行,688590.SH_新致软件_2025_管理层讨论与分析.pdf
MDAF0005315,新致软件,研发投入,27,"本年度：172,848,444.53。",688590.SH,16,报告页码,,表格行,688590.SH_新致软件_2025_管理层讨论与分析.pdf
MDAF0005316,新致软件,研发投入,27,"本年度：29,066,596.48。",688590.SH,16,报告页码,,表格行,688590.SH_新致软件_2025_管理层讨论与分析.pdf
MDAF0005317,新致软件,研发投入,27,本年度：费用化研发投入。,688590.SH,16,报告页码,,表格行,688590.SH_新致软件_2025_管理层讨论与分析.pdf
MDAF0005318,新致软件,研发投入,27,本年度：资本化研发投入。,688590.SH,16,报告页码,,表格行,688590.SH_新致软件_2025_管理层讨论与分析.pdf
MDAF0005319,新致软件,研发投入,28,14.40：增加0.68个百分点。,688590.SH,17,报告页码,,表格行,688590.SH_新致软件_2025_管理层讨论与分析.pdf
MDAF0005320,新致软件,研发投入,28,14.40：增加0.74个百分点。,688590.SH,17,报告页码,,表格行,688590.SH_新致软件_2025_管理层讨论与分析.pdf
MDAF0005321,新致软件,研发投入,28,"176,501,191.67：13.72。",688590.SH,17,报告页码,,表格行,688590.SH_新致软件_2025_管理层讨论与分析.pdf
MDAF0005322,新致软件,研发投入,28,"176,501,191.67：8.85。",688590.SH,17,报告页码,,表格行,688590.SH_新致软件_2025_管理层讨论与分析.pdf
MDAF0005323,新致软件,研发投入,28,"201,915,041.01：14.40。",688590.SH,17,报告页码,,表格行,688590.SH_新致软件_2025_管理层讨论与分析.pdf
MDAF0005324,新致软件,研发投入,28,"201,915,041.01：9.58。",688590.SH,17,报告页码,,表格行,688590.SH_新致软件_2025_管理层讨论与分析.pdf
MDAF0005325,新致软件,研发投入,28,研发投入合计：研发投入总额占营业收入比例（%）。,688590.SH,17,报告页码,,表格行,688590.SH_新致软件_2025_管理层讨论与分析.pdf
MDAF0005326,新致软件,研发投入,28,研发投入合计：研发投入资本化的比重（%）。,688590.SH,17,报告页码,,表格行,688590.SH_新致软件_2025_管理层讨论与分析.pdf
