sentence_id,company_id,company_name,section,pdf_page,candidate_label,rerank_score_v1,rerank_score_v2,scorer_used,score_used,threshold_used,hard_gate_pass,hard_gate_reason,strong_anchor,anchor_terms,label_mode,attribution_final,attribution_source,status_final,status_source,final_label,final_reason,confidence,countable,document_text,manual_ai_relevant,manual_label_valid,manual_attribution,manual_status,manual_table_quality,manual_correct_labels,manual_exclusion_reason,manual_note,lsa_cos,score_norm,lsa_norm,semantic_score,conf_w,edge_weight
CAND-00002,000750.SZ,国海证券,业务概要,1,PRODUCT_INVEST,0.294922,0.047426,rerank_score_v1,0.294922,0.27,1,ANCHOR_OK,1,财富管理|股票|基金|投资|理财|资产配置,SCORE_LED,COMPANY,EXPLICIT,APPLIED,ANCHOR_INFER,ACCEPT,PASS_ALL,LOW,0,公司财富管理业务代理客户买卖股票、债券、基金、期货及其他可交易证券，根据客户需求提供全方位、可定制的投资顾问、理财规划、资产配置等服务，同时为专业投资者提供基金运营、投资交易风控系统等服务。,0.0,,,,,,,,0.5866009132230083,0.2525335511673938,0.7108859205733445,0.48170973587036914,0.25,0.17225646038055537
CAND-00003,000750.SZ,国海证券,业务概要,4,PRODUCT_INVEST,0.294922,0.00038,rerank_score_v1,0.294922,0.27,1,ANCHOR_OK,1,资产配置|资管,SCORE_LED,COMPANY,SECTION_INHERIT:业务概要,APPLIED,ANCHOR_INFER,ACCEPT,PASS_ALL,LOW,0,传媒、海外、化工、银行、汽车、商社、电新、农业等行业在各大权威评选中具有品牌影响力，在政策、大宗商品、地缘政治、资产配置、新材料、房地产、潮玩、可转债、美债、铝、中药、风电、大众品、游戏、AIGC、港美股、区块链等方向形成了鲜明的特色，荣获新财富杂志、新浪金麒麟、水晶球、全国保险资管协会、金牛奖等最佳分析师权威评选奖项。,0.0,,,,,,,,0.34890310123018875,0.2525335511673938,0.4270319080798857,0.33978272962363976,0.25,0.15096740944354597
CAND-00005,000987.SZ,越秀资本,研发投入,10,TECH_LLM,0.730469,0.156105,rerank_score_v1,0.730469,0.57,1,ANCHOR_OK,1,大模型,SCORE_LED,COMPANY,SECTION_INHERIT:研发投入,APPLIED,ORIGINAL,ACCEPT,PASS_ALL,MEDIUM,1,升级创新工具底座，接入新一代大模型并引入低代码平台，成功应用于数据填报等场景，并探索资本市场商机挖掘等高阶应用，有效提升运营效率。,1.0,,,,,,,,0.23277497597593055,0.7142651169345339,0.28835400423043883,0.5013095605824863,0.6,0.4204714418096951
CAND-00012,000997.SZ,新大陆,核心竞争力,7,AI_GENERAL,0.349609,0.754915,score_mean,0.552262,0.5,1,GENERIC_AI_OK,0,,SCORE_LED,COMPANY,EXPLICIT,APPLIED,ORIGINAL,ACCEPT,PASS_ALL,LOW,0,上述交叉优势进而推动了公司将AI 能力推向行业数字化建设，在商户运营、政务服务、智慧交通、数字身份安全等应用场景中逐渐显现，全方位赋能线下商业场景、制造业等领域的数字化转型升级。,1.0,,,,,,,,,0.5253445248040296,0.29267191119686864,0.4090082180004491,0.25,0.16135123270006738
CAND-00014,000997.SZ,新大陆,研发投入,18,PRODUCT_PAYMENT,0.917969,0.348645,rerank_score_v1,0.917969,0.33,1,ANCHOR_OK,1,支付,SCORE_LED,COMPANY,SECTION_INHERIT:研发投入,R_AND_D,ORIGINAL,ACCEPT,PASS_ALL,MEDIUM,1,主要研发项目名称：人工智能赋能的高端智能支付系统软件研发。,1.0,,,,,,,,0.2857436509836031,0.9130373931328288,0.3516081453238538,0.6323227692283413,0.6,0.4676361969222028
CAND-00014,000997.SZ,新大陆,研发投入,18,AI_GENERAL,0.980469,0.201813,score_mean,0.591141,0.5,1,GENERIC_AI_OK,0,,SCORE_LED,COMPANY,SECTION_INHERIT:研发投入,R_AND_D,ORIGINAL,ACCEPT,PASS_ALL,LOW,0,主要研发项目名称：人工智能赋能的高端智能支付系统软件研发。,1.0,,,,,,,,,0.5665608838777016,0.29267191119686864,0.42961639753728514,0.25,0.16444245963059279
CAND-00015,000997.SZ,新大陆,研发投入,18,PRODUCT_PAYMENT,0.894531,0.100879,rerank_score_v1,0.894531,0.33,1,ANCHOR_OK,0,商户,SCORE_LED,COMPANY,SECTION_INHERIT:研发投入,R_AND_D,ORIGINAL,ACCEPT,PASS_ALL,LOW,0,主要研发项目名称：商户AI 智能审核平台。,1.0,,,,,,,,0.07710490818111188,0.8881903285486387,0.1024558968889087,0.49532311271877366,0.25,0.17429846690781606
CAND-00016,000997.SZ,新大陆,研发投入,18,PRODUCT_PAYMENT,0.777344,0.268941,rerank_score_v1,0.777344,0.33,1,ANCHOR_OK,1,支付,SCORE_LED,COMPANY,SECTION_INHERIT:研发投入,R_AND_D,ORIGINAL,ACCEPT,PASS_ALL,MEDIUM,1,主要研发项目名称：基于银联一体化终端安全规范与开放生态的技术创新下的智能支付终端系统研发。,1.0,,,,,,,,0.3960215137245007,0.7639581859841076,0.48329978171616633,0.623628983850137,0.6,0.46450643418604926
CAND-00017,000997.SZ,新大陆,研发投入,18,PRODUCT_PAYMENT,0.941406,0.989013,rerank_score_v1,0.941406,0.33,1,ANCHOR_OK,1,支付,SCORE_LED,COMPANY,EXPLICIT,R_AND_D,SECTION_INFER,ACCEPT,PASS_ALL,HIGH,1,拟达到的目标：构筑公司智能支付核心技术壁垒。,1.0,,,,,,,,0.44652810003263876,0.9378833975982124,0.5436137453185964,0.7407485714584043,1.0,0.8444491428750427
CAND-00018,000997.SZ,新大陆,研发投入,18,PRODUCT_PAYMENT,0.933594,0.453262,rerank_score_v1,0.933594,0.33,1,ANCHOR_OK,1,支付,SCORE_LED,COMPANY,SECTION_INHERIT:研发投入,R_AND_D,ORIGINAL,ACCEPT,PASS_ALL,MEDIUM,1,项目目的：开发安全合规的智能支付终端。,1.0,,,,,,,,0.6417831795956774,0.9296017494826867,0.7767834885696294,0.8531926190261581,0.6,0.5471493428494169
CAND-00019,000997.SZ,新大陆,研发投入,18,PRODUCT_PAYMENT,0.730469,0.437823,rerank_score_v1,0.730469,0.33,1,ANCHOR_OK,1,支付,SCORE_LED,COMPANY,SECTION_INHERIT:研发投入,R_AND_D,ORIGINAL,ACCEPT,PASS_ALL,MEDIUM,1,项目目的：构建 AI 驱动的智能支付核心。,1.0,,,,,,,,0.6243065502198782,0.7142651169345339,0.7559132444071316,0.7350891806708327,0.6,0.5046321050414998
CAND-00019,000997.SZ,新大陆,研发投入,18,AI_GENERAL,0.933594,0.112795,score_mean,0.5231945,0.5,1,GENERIC_AI_OK,0,,SCORE_LED,COMPANY,SECTION_INHERIT:研发投入,R_AND_D,ORIGINAL,ACCEPT,PASS_ALL,LOW,0,项目目的：构建 AI 驱动的智能支付核心。,1.0,,,,,,,,,0.49452952139926193,0.29267191119686864,0.39360071629806526,0.25,0.15904010744470978
CAND-00020,000997.SZ,新大陆,研发投入,18,TECH_DECISION,0.976562,0.173288,rerank_score_v2,0.173288,0.17,1,ANCHOR_OK,1,智能风控,SCORE_LED,COMPANY,EXPLICIT,R_AND_D,SECTION_INFER,ACCEPT,PASS_ALL,HIGH,1,预计对公司未来发展的影响：提升数字商业板块智能风控能力。,1.0,,,,,,,,0.25789013176876036,0.12358706027084226,0.31834602513473065,0.22096654270278646,1.0,0.5325799256216719
CAND-00022,002537.SZ,海联金汇,核心竞争力,7,AI_GENERAL,0.46875,0.851953,score_mean,0.6603515,0.5,1,GENERIC_AI_OK,0,,SCORE_LED,COMPANY,EXPLICIT,APPLIED,ORIGINAL,ACCEPT,PASS_ALL,LOW,0,在数字化转型升级过程中，公司积极推动AI 技术与业务场景深度融合，围绕合同评审、办公协同、数据分析等环节全面落地智能应用，助力管理提效。,1.0,,,,,,,,,0.6399322365274195,0.29267191119686864,0.46630207386214406,0.25,0.1699453110793216
CAND-00025,002647.SZ,仁东控股,业务概要,1,PRODUCT_PAYMENT,0.914062,0.007577,rerank_score_v1,0.914062,0.33,1,ANCHOR_OK,1,支付|POS|付款|商户,SCORE_LED,COMPANY,SECTION_INHERIT:业务概要,APPLIED,ORIGINAL,ACCEPT,PASS_ALL,MEDIUM,1,经过不断地丰富和发展，目前合利宝业务涵盖智慧零售、金融科技、跨境支付、电商文化、旅游出行、教育考试等多个领域，推出了多种创新扫码支付产品，比如智能POS 机、4G 云音响、4G 语音台卡、立牌、贴纸等，智慧支付解决方案已聚合多种支付渠道，涵盖支付宝、微信、云闪付等多种支付方式，能够满足消费者多样化的付款需求，显著提高商家收银效率，为数百万商户提供可靠的支付及增值服务，交易额稳居头部，是国内领先的第三方支付机构。,1.0,,,,,,,,0.5037785502452471,0.9088955089562596,0.6119810974353957,0.7604383031958277,0.6,0.513757789150498
CAND-00027,002647.SZ,仁东控股,核心竞争力,3,PRODUCT_CUSTOMER,0.933594,0.191933,rerank_score_v2,0.191933,0.19,1,ANCHOR_OK,1,客服,SCORE_LED,COMPANY,SECTION_INHERIT:核心竞争力,R_AND_D,ORIGINAL,ACCEPT,PASS_ALL,MEDIUM,1,为满足客户便捷化的服务需求，合利宝智能客户系统实现全新升级，能自主优化系统流程，提升人机协作水平，准确理解用户需求并解决问题，目前合利宝已搭建包括智能客服系统、人工客服等在内的全新多元化客服载体，随时对用户发起的提问做出响应。,1.0,,,,,,,,0.5231356684446116,0.1433529754160007,0.6350969840526682,0.38922497973433445,0.6,0.3801209927043604
CAND-00029,002647.SZ,仁东控股,研发投入,8,TECH_DECISION,0.730469,0.859664,rerank_score_v2,0.859664,0.17,1,ANCHOR_OK,0,风控模型,SCORE_LED,COMPANY,SECTION_INHERIT:研发投入,R_AND_D,ORIGINAL,ACCEPT,PASS_ALL,LOW,0,争护城河：基于大数据构建智能化、系统化的风控机制，聚焦于事前智能化风险评估与事后系统化交易核验，并结合事中多维度风控模型，形成覆盖交易全流程、智能化的风险监测体系。,1.0,,,,,,,,0.43712688321865334,0.851227166126207,0.5323869986666274,0.6918070823964172,0.25,0.20377106235946257
CAND-00032,002657.SZ,中科金财,业务概要,1,TECH_CV,0.349609,0.024423,rerank_score_v1,0.349609,0.3,1,ANCHOR_OK,1,OCR,SCORE_LED,COMPANY,MIXED_OTHER_PARTY,COMMERCIAL,ORIGINAL,ACCEPT,PASS_ALL,LOW,0,公司与阿里云、百度、火山引擎等头部厂商建立了稳固共赢的生态合作，合作范围覆盖基础设施、平台工具、产品实施、场景交付全链条服务，解决方案及应用更趋多元丰富，覆盖AI 原生智能体平台、知识库、智能营销、智能问数、全流程智能贷款、手机银行、OCR、客户画像等核心场景，合作客户覆盖股份制、城商行、农商农信、证券、保险等金融机构。,1.0,,,,,,,,0.05011649102802433,0.31050826833249323,0.07022686442317189,0.19036756637783256,0.25,0.1285551349566749
CAND-00038,002657.SZ,中科金财,业务概要,1,TECH_LLM,0.796875,0.005555,rerank_score_v1,0.796875,0.57,1,ANCHOR_OK,1,大模型|智能体|多模态,SCORE_LED,COMPANY,EXPLICIT,APPLIED,ORIGINAL,ACCEPT,PASS_ALL,MEDIUM,1,截至目前，公司在人工智能领域累计获得《基于大模型的本体建模平台V1.0》《基于本体的智能问数平台V1.0》《AI 业务流程智能体原生平台V1.0》《多模态大模型数据集及数据管理平台V1.0》《银行大模型应用及大模型管理平台 V1.0》《多模态AI 视频工具平台 V1.0》等178项软件著作权、13项发明专利。,1.0,,,,,,,,0.3682969786215158,0.7846633663917284,0.45019169179510415,0.6174275290934162,0.6,0.46227391047362987
CAND-00040,002657.SZ,中科金财,业务概要,1,AI_GENERAL,0.320312,0.932453,score_mean,0.6263825,0.5,1,GENERIC_AI_OK,0,,SCORE_LED,COMPANY,EXPLICIT,APPLIED,ORIGINAL,ACCEPT,PASS_ALL,LOW,0,报告期内，公司在AI 本体应用、AI Agent 等方向投入研发，并形成解决方案。,1.0,,,,,,,,,0.6039210607931268,0.29267191119686864,0.4482964859949977,0.25,0.16724447289924965
CAND-00045,002657.SZ,中科金财,核心竞争力,6,TECH_LLM,0.707031,0.00629,rerank_score_v1,0.707031,0.57,1,ANCHOR_OK,1,大模型,SCORE_LED,COMPANY,MIXED_OTHER_PARTY,APPLIED,ORIGINAL,ACCEPT,PASS_ALL,LOW,0,AI 头部厂商在算力供给、大模型研发及产品工具领域优势显著，公司凭借深耕金融领域二十余年的场景落地能力与其形成了高度战略互补。,1.0,,,,,,,,0.2545093956953347,0.6894180523503438,0.31430881717064457,0.5018634347604942,0.25,0.17527951521407414
CAND-00047,002657.SZ,中科金财,核心竞争力,6,TECH_LLM,0.777344,0.003824,rerank_score_v1,0.777344,0.57,1,ANCHOR_OK,0,智能体,SCORE_LED,COMPANY,EXPLICIT,APPLIED,ORIGINAL,ACCEPT,PASS_ALL,LOW,0,公司与头部AI 厂商合作范围覆盖基础设施、平台工具、产品实施、场景交付全链条服务，落地应用多元丰富，覆盖AI 原生智能体平台、知识库、智能营销、智能问数、全流程智能贷款、手机银行、OCR、客户画像等核心场景，合作客户覆盖股份制银行、城商行、农商农信、证券、保险等金融机构。,1.0,,,,,,,,0.02348886850676945,0.7639581859841076,0.03842868575063236,0.40119343586737,0.25,0.1601790153801055
CAND-00047,002657.SZ,中科金财,核心竞争力,6,TECH_CV,0.46875,0.037327,rerank_score_v1,0.46875,0.3,1,ANCHOR_OK,1,OCR,SCORE_LED,COMPANY,EXPLICIT,APPLIED,ORIGINAL,ACCEPT,PASS_ALL,MEDIUM,1,公司与头部AI 厂商合作范围覆盖基础设施、平台工具、产品实施、场景交付全链条服务，落地应用多元丰富，覆盖AI 原生智能体平台、知识库、智能营销、智能问数、全流程智能贷款、手机银行、OCR、客户画像等核心场景，合作客户覆盖股份制银行、城商行、农商农信、证券、保险等金融机构。,1.0,,,,,,,,0.04238326615036905,0.4368118830447122,0.06099200065798504,0.24890194185134862,0.6,0.32960469906648554
CAND-00048,002657.SZ,中科金财,核心竞争力,6,AI_GENERAL,0.925781,0.212069,score_mean,0.568925,0.5,1,GENERIC_AI_OK,0,,SCORE_LED,COMPANY,EXPLICIT,COMMERCIAL,ORIGINAL,ACCEPT,PASS_ALL,LOW,0,公司以银行为核心客户群体，累计服务国内外银行客户500 余家，落地交付银行项目6200 余个，打造了一支专业领先、经验丰富的银行业务及技术团队，形成了扎实的AI 技术能力、业务数据治理能力及业务Know-How。,1.0,,,,,,,,,0.5430092844749214,0.29267191119686864,0.417840597835895,0.25,0.16267608967538427
CAND-00050,002657.SZ,中科金财,核心竞争力,6,TECH_KG,0.112793,0.191933,rerank_score_v2,0.191933,0.15,1,ANCHOR_OK,1,实体关系|知识图谱,SCORE_LED,COMPANY,EXPLICIT,APPLIED,ORIGINAL,ACCEPT,PASS_ALL,MEDIUM,1,公司研发的业务数据治理体系，通过统一业务术语、指标口径、实体关系与业务规则，构建覆盖全业务域的语义标准与知识图谱，实现数据从技术字段到业务知识的转化，破解跨系统数据孤岛、用数门槛高、AI 应用语义偏差等痛点。,1.0,,,,,,,,0.486717844628884,0.1433529754160007,0.5916075411768272,0.36748025829641395,0.6,0.37229289298670903
CAND-00055,002657.SZ,中科金财,研发投入,12,TECH_LLM,0.59375,0.012432,rerank_score_v1,0.59375,0.57,1,ANCHOR_OK,0,Agent,SCORE_LED,COMPANY,EXPLICIT,R_AND_D,ORIGINAL,ACCEPT,PASS_ALL,LOW,0,预计对公司未来发展：利用业务流程管理与 AI Agent 等技术对银行业务流程进行全链路智能重构，智能化升级银行业务管理和运营模式，支持业务流程自动化编排、调度和执行，实现降本增效。,1.0,,,,,,,,0.18856975105413715,0.5693267338435756,0.23556500141199493,0.4024458676277852,0.25,0.16036688014416778
CAND-00055,002657.SZ,中科金财,研发投入,12,AI_GENERAL,0.945312,0.148047,score_mean,0.5466795,0.5,1,GENERIC_AI_OK,0,,SCORE_LED,COMPANY,EXPLICIT,R_AND_D,ORIGINAL,ACCEPT,PASS_ALL,LOW,0,预计对公司未来发展：利用业务流程管理与 AI Agent 等技术对银行业务流程进行全链路智能重构，智能化升级银行业务管理和运营模式，支持业务流程自动化编排、调度和执行，实现降本增效。,1.0,,,,,,,,,0.5194264115673524,0.29267191119686864,0.4060491613821105,0.25,0.16090737420731657
CAND-00056,002657.SZ,中科金财,研发投入,12,TECH_CV,0.992188,0.437823,rerank_score_v1,0.992188,0.3,1,ANCHOR_OK,1,OCR,SCORE_LED,COMPANY,EXPLICIT,R_AND_D,ORIGINAL,ACCEPT,PASS_ALL,HIGH,1,预计对公司未来发展：基于大模型的OCR 识别平台研发项目。,1.0,,,,,,,,0.2818953574647298,0.9917183508243554,0.3470125895321255,0.6693654701782404,1.0,0.8016192821069443
CAND-00056,002657.SZ,中科金财,研发投入,12,TECH_LLM,0.621094,0.002801,rerank_score_v1,0.621094,0.57,1,ANCHOR_OK,1,大模型,SCORE_LED,COMPANY,EXPLICIT,R_AND_D,ORIGINAL,ACCEPT,PASS_ALL,MEDIUM,1,预计对公司未来发展：基于大模型的OCR 识别平台研发项目。,1.0,,,,,,,,0.16068415289458735,0.5983146224855285,0.20226457318336855,0.4002895978344485,0.6,0.3841042552204014
CAND-00057,002657.SZ,中科金财,研发投入,12,TECH_CV,0.992188,0.7773,rerank_score_v1,0.992188,0.3,1,ANCHOR_OK,0,影像,SCORE_LED,COMPANY,EXPLICIT,APPLIED,ORIGINAL,ACCEPT,PASS_ALL,LOW,0,预计对公司未来发展：应用AI 技术处理银行影像数据。,1.0,,,,,,,,0.07388850715344028,0.9917183508243554,0.0986149345769786,0.5451666427006671,0.25,0.18177499640510006
CAND-00058,002657.SZ,中科金财,研发投入,12,TECH_CV,0.992188,0.422505,rerank_score_v1,0.992188,0.3,1,ANCHOR_OK,1,OCR,SCORE_LED,COMPANY,EXPLICIT,R_AND_D,SECTION_INFER,ACCEPT,PASS_ALL,HIGH,1,预计对公司未来发展：建成具备多语言、复杂排版识别能力的 OCR 识别平台，赋能业务场景。,1.0,,,,,,,,0.4068693423084282,0.9917183508243554,0.4962540434511548,0.7439861971377552,1.0,0.846391718282653
CAND-00059,002657.SZ,中科金财,研发投入,12,PRODUCT_CUSTOMER,0.106934,0.268941,rerank_score_v2,0.268941,0.19,1,ANCHOR_OK,1,客服|营销,SCORE_LED,COMPANY,EXPLICIT,R_AND_D,SECTION_INFER,ACCEPT,PASS_ALL,LOW,0,预计对公司未来发展：形成账户管理 Agent、智能客服 Agent、智能营销 Agent、智能授权 Agent，通过AI Agent 降本增效。,1.0,,,,,,,,0.22897106705693512,0.22499060445855162,0.2838114516475437,0.25440102805304765,0.25,0.13816015420795716
CAND-00062,002657.SZ,中科金财,研发投入,12,TECH_LLM,0.621094,0.004905,rerank_score_v1,0.621094,0.57,1,ANCHOR_OK,0,Agent,SCORE_LED,COMPANY,EXPLICIT,R_AND_D,ORIGINAL,ACCEPT,PASS_ALL,LOW,0,预计对公司未来发展：构建融合业务流程管理与AI Agent 等技术的银行核心业务系统，支持自动化生成业务流程、设计业务产品与执行操作。,1.0,,,,,,,,0.2196240543409101,0.5983146224855285,0.27264943445425444,0.4354820284698915,0.25,0.16532230427048372
CAND-00062,002657.SZ,中科金财,研发投入,12,AI_GENERAL,0.945312,0.201813,score_mean,0.5735625,0.5,1,GENERIC_AI_OK,0,,SCORE_LED,COMPANY,EXPLICIT,R_AND_D,ORIGINAL,ACCEPT,PASS_ALL,LOW,0,预计对公司未来发展：构建融合业务流程管理与AI Agent 等技术的银行核心业务系统，支持自动化生成业务流程、设计业务产品与执行操作。,1.0,,,,,,,,,0.547925585439559,0.29267191119686864,0.42029874831821384,0.25,0.1630448122477321
CAND-00064,002657.SZ,中科金财,研发投入,12,TECH_LLM,0.707031,0.017986,rerank_score_v1,0.707031,0.57,1,ANCHOR_OK,1,大模型,SCORE_LED,COMPANY,EXPLICIT,R_AND_D,SECTION_INFER,ACCEPT,PASS_ALL,LOW,0,预计对公司未来发展：融合大模型语义理解能力，提升复杂场景下文本识别精度与效率。,1.0,,,,,,,,0.1028788972366449,0.6894180523503438,0.13323468340797243,0.4113263678791581,0.25,0.16169895518187372
CAND-00065,002657.SZ,中科金财,研发投入,12,AI_GENERAL,0.976562,0.904651,score_mean,0.9406065,0.5,1,GENERIC_AI_OK,0,,SCORE_LED,COMPANY,EXPLICIT,R_AND_D,SECTION_INFER,ACCEPT,PASS_ALL,LOW,0,预计对公司未来发展：通过AI Agent 赋能金融业务场景。,1.0,,,,,,,,,0.9370358326125029,0.29267191119686864,0.6148538719046858,0.25,0.19222808078570286
CAND-00067,002657.SZ,中科金财,研发投入,12,AI_GENERAL,0.953125,0.348645,score_mean,0.6508849999999999,0.5,1,GENERIC_AI_OK,0,,SCORE_LED,COMPANY,EXPLICIT,R_AND_D,ORIGINAL,ACCEPT,PASS_ALL,LOW,0,预计对公司未来发展：银行AI 影像研发项目。,1.0,,,,,,,,,0.6298966218467199,0.29267191119686864,0.4612842665217943,0.25,0.16919263997826914
CAND-00068,002657.SZ,中科金财,研发投入,12,AI_GENERAL,0.960938,0.320821,score_mean,0.6408795,0.5,1,GENERIC_AI_OK,0,,SCORE_LED,COMPANY,EXPLICIT,R_AND_D,ORIGINAL,ACCEPT,PASS_ALL,LOW,0,预计对公司未来发展：银行AI 运管风控研发项目。,1.0,,,,,,,,,0.6192896031293759,0.29267191119686864,0.45598075716312225,0.25,0.16839711357446835
CAND-00074,002657.SZ,中科金财,研发投入,13,TECH_LLM,0.835938,0.007121,rerank_score_v1,0.835938,0.57,1,ANCHOR_OK,1,大模型,SCORE_LED,COMPANY,SECTION_INHERIT:研发投入,R_AND_D,ORIGINAL,ACCEPT,PASS_ALL,MEDIUM,1,本体语义大模型操作系统建设研发项目。,1.0,,,,,,,,0.09234772376421818,0.8260747873257763,0.1206585649264809,0.4733666761261286,0.6,0.41041200340540623
CAND-00075,002657.SZ,中科金财,研发投入,13,TECH_LLM,0.652344,0.085099,rerank_score_v1,0.652344,0.57,1,ANCHOR_OK,1,大模型,SCORE_LED,COMPANY,SECTION_INHERIT:研发投入,R_AND_D,ORIGINAL,ACCEPT,PASS_ALL,MEDIUM,1,构建本体语义大模型操作系统，打通数据孤岛，实现AI 与业务逻辑的深度融合。,1.0,,,,,,,,0.125345139073726,0.6314433351852443,0.16006342380587107,0.39575337949555767,0.6,0.3824712166184007
CAND-00082,002670.SZ,国盛证券,研发投入,6,TECH_LLM,0.730469,0.016915,rerank_score_v1,0.730469,0.57,1,ANCHOR_OK,1,大模型,SCORE_LED,COMPANY,SECTION_INHERIT:研发投入,R_AND_D,ORIGINAL,ACCEPT,PASS_ALL,MEDIUM,1,基于大模型的归因分析及业务预测平台的研究开发。,1.0,,,,,,,,0.163464985456724,0.7142651169345339,0.2055853882729866,0.45992525260376027,0.6,0.40557309093735366
CAND-00085,002721.SZ,金一文化,业务概要,3,AI_GENERAL,0.980469,0.407333,score_mean,0.693901,0.5,1,GENERIC_AI_OK,0,,SCORE_LED,COMPANY,SECTION_INHERIT:业务概要,R_AND_D,ORIGINAL,ACCEPT,PASS_ALL,LOW,0,此外，开科唯识还自主研发了量化金融市场计算技术、金融指标实时计算、以及基于人工智能的金融模型开发、训练及测试技术等核心技术，应用先进的技术能力、将精密的金融模型应用到具体业务场景中，进一步支持相应业务的智能化、数字化发展。,1.0,,,,,,,,,0.6754986924224312,0.29267191119686864,0.4840853018096499,0.25,0.1726127952714475
CAND-00086,002721.SZ,金一文化,核心竞争力,6,TECH_LLM,0.835938,0.039639,rerank_score_v1,0.835938,0.57,1,ANCHOR_OK,1,大模型|智能体,SCORE_LED,COMPANY,SECTION_INHERIT:核心竞争力,R_AND_D,ORIGINAL,ACCEPT,PASS_ALL,MEDIUM,1,根据软件及信息技术服务业务的未来发展战略规划，开科唯识将聚焦于财富管理与支付清算领域的创新发展，助力金融行业智能化转型，将AI 和大模型技术深度融入财富管理、支付清算、营销服务、客户经营、风险控制等核心场景，打造行业智能金融解决方案；优先构建垂直领域智能体，如理财师助手、客户经理助手等大模型助手，同时推动代码生成、智能问答、数据分析等场景的自动化工具开发，通过AI 技术降低传统开发人力成本，实现人均效能提升，以及深化生态伙伴合作，形成大模型多场景联合解决方案，提供大模型软硬件一体化全栈服务能力。,1.0,,,,,,,,0.22376545212536458,0.8260747873257763,0.2775950095463989,0.5518348984360876,0.6,0.4386605634369915
CAND-00086,002721.SZ,金一文化,核心竞争力,6,AI_GENERAL,0.851562,0.348645,score_mean,0.6001035,0.5,1,GENERIC_AI_OK,0,,SCORE_LED,COMPANY,SECTION_INHERIT:核心竞争力,R_AND_D,ORIGINAL,ACCEPT,PASS_ALL,LOW,0,根据软件及信息技术服务业务的未来发展战略规划，开科唯识将聚焦于财富管理与支付清算领域的创新发展，助力金融行业智能化转型，将AI 和大模型技术深度融入财富管理、支付清算、营销服务、客户经营、风险控制等核心场景，打造行业智能金融解决方案；优先构建垂直领域智能体，如理财师助手、客户经理助手等大模型助手，同时推动代码生成、智能问答、数据分析等场景的自动化工具开发，通过AI 技术降低传统开发人力成本，实现人均效能提升，以及深化生态伙伴合作，形成大模型多场景联合解决方案，提供大模型软硬件一体化全栈服务能力。,1.0,,,,,,,,,0.5760621986799802,0.29267191119686864,0.4343670549384244,0.25,0.16515505824076365
CAND-00096,002987.SZ,京北方,核心竞争力,4,TECH_CV,0.867188,0.002183,rerank_score_v1,0.867188,0.3,1,ANCHOR_OK,1,计算机视觉|影像,SCORE_LED,COMPANY,MIXED_OTHER_PARTY,APPLIED,ORIGINAL,ACCEPT,PASS_ALL,LOW,0,在产品创新方面，公司已构建涵盖大模型智能体类、计算机视觉类、大数据类、盘庚测试云平台、影像及流程管理类、基础技术平台类等在内的通用产品与技术体系，并面向银行、保险、证券等金融行业客户，形成覆盖集约化运营、运营管理与风控、电子渠道、数字人民币、资产管理、供应链金融、普惠金融、同业业务管理、风险管理等多领域的行业应用解决方案，持续拓展产品广度与应用深度。,1.0,,,,,,,,0.0466355859109021,0.8592035000254922,0.06607003657389406,0.46263676829969314,0.25,0.16939551524495397
CAND-00096,002987.SZ,京北方,核心竞争力,4,TECH_LLM,0.851562,0.006693,rerank_score_v1,0.851562,0.57,1,ANCHOR_OK,1,大模型|智能体,SCORE_LED,COMPANY,MIXED_OTHER_PARTY,APPLIED,ORIGINAL,ACCEPT,PASS_ALL,LOW,0,在产品创新方面，公司已构建涵盖大模型智能体类、计算机视觉类、大数据类、盘庚测试云平台、影像及流程管理类、基础技术平台类等在内的通用产品与技术体系，并面向银行、保险、证券等金融行业客户，形成覆盖集约化运营、运营管理与风控、电子渠道、数字人民币、资产管理、供应链金融、普惠金融、同业业务管理、风险管理等多领域的行业应用解决方案，持续拓展产品广度与应用深度。,1.0,,,,,,,,0.11853712250711995,0.8426380835568279,0.1519334254548074,0.49728575450581763,0.25,0.17459286317587264
CAND-00096,002987.SZ,京北方,核心竞争力,4,AI_GENERAL,0.777344,0.2227,score_mean,0.500022,0.5,1,GENERIC_AI_OK,0,,SCORE_LED,COMPANY,MIXED_OTHER_PARTY,APPLIED,ORIGINAL,ACCEPT,PASS_ALL,LOW,0,在产品创新方面，公司已构建涵盖大模型智能体类、计算机视觉类、大数据类、盘庚测试云平台、影像及流程管理类、基础技术平台类等在内的通用产品与技术体系，并面向银行、保险、证券等金融行业客户，形成覆盖集约化运营、运营管理与风控、电子渠道、数字人民币、资产管理、供应链金融、普惠金融、同业业务管理、风险管理等多领域的行业应用解决方案，持续拓展产品广度与应用深度。,1.0,,,,,,,,,0.4699639183581686,0.29267191119686864,0.38131791477751864,0.25,0.1571976872166278
CAND-00098,002987.SZ,京北方,研发投入,12,AI_GENERAL,0.753906,0.731059,score_mean,0.7424824999999999,0.5,1,GENERIC_AI_OK,0,,SCORE_LED,COMPANY,SECTION_INHERIT:研发投入,R_AND_D,ORIGINAL,ACCEPT,PASS_ALL,LOW,0,主要研发项目名称：AI 测试智能体。,1.0,,,,,,,,,0.727000854215111,0.29267191119686864,0.5098363827059897,0.25,0.17647545740589848
CAND-00100,002987.SZ,京北方,研发投入,12,TECH_LLM,0.925781,0.020332,rerank_score_v1,0.925781,0.57,1,ANCHOR_OK,1,大模型|智能体,SCORE_LED,COMPANY,SECTION_INHERIT:研发投入,APPLIED,ORIGINAL,ACCEPT,PASS_ALL,MEDIUM,1,拟达到的目标：1、搭建大模型应用服务平台，支持多种业务智能体集成与功能展示； 2、完成智能营销、智能合规、智能运维、 智能办公、智能报告等智能体研发。,1.0,,,,,,,,0.17737153277899445,0.9213190412483545,0.2221923112575191,0.5717556762529368,0.6,0.44583204345105726
CAND-00100,002987.SZ,京北方,研发投入,12,APP_INTERNAL,0.679688,0.016915,score_max,0.679688,0.63,1,ANCHOR_OK,1,智能运维|智能办公,SCORE_LED,COMPANY,SECTION_INHERIT:研发投入,APPLIED,ORIGINAL,ACCEPT,PASS_ALL,MEDIUM,1,拟达到的目标：1、搭建大模型应用服务平台，支持多种业务智能体集成与功能展示； 2、完成智能营销、智能合规、智能运维、 智能办公、智能报告等智能体研发。,1.0,,,,,,,,0.4983288801461158,0.6604312238271972,0.6054732094938324,0.6329522166605148,0.6,0.46786279799778535
CAND-00101,002987.SZ,京北方,研发投入,12,TECH_LLM,0.878906,0.024423,rerank_score_v1,0.878906,0.57,1,ANCHOR_OK,1,大模型|大语言模型|智能体,SCORE_LED,COMPANY,SECTION_INHERIT:研发投入,APPLIED,ORIGINAL,ACCEPT,PASS_ALL,MEDIUM,1,项目目的：大模型应用服务平台基于前沿大语言模型技术构建，支持AI 能力集成与按需灵活拓展，可无缝搭载智能营销、智能合规、智能运维、 智能办公等多场景业务智能体，通过清晰直观的功能体系，为企业提供全流程、高适配的业务智能赋能服务。,1.0,,,,,,,,0.22759438732861415,0.8716259721987808,0.28216744802156957,0.5768967101101752,0.6,0.44768281563966306
CAND-00103,002987.SZ,京北方,研发投入,12,TECH_LLM,0.867188,0.075858,rerank_score_v1,0.867188,0.57,1,ANCHOR_OK,1,大模型|智能体,SCORE_LED,COMPANY,SECTION_INHERIT:研发投入,APPLIED,ORIGINAL,ACCEPT,PASS_ALL,MEDIUM,1,项目进展：1、完成平台整体框架设计与功能模块划分； 2、完成大模型应用服务平台研发； 3、完成运维智能体、 合规智能体、智能报告生成、智能办公等多业务场景的智能体研发与接入。,1.0,,,,,,,,0.17105900952216907,0.8592035000254922,0.21465402118919363,0.536928760607343,0.6,0.4332943538186435
CAND-00104,002987.SZ,京北方,研发投入,12,TECH_LLM,0.816406,0.000519,rerank_score_v1,0.816406,0.57,1,ANCHOR_OK,1,RAG,SCORE_LED,COMPANY,SECTION_INHERIT:研发投入,PILOT,ORIGINAL,ACCEPT,PASS_ALL,MEDIUM,1,项目进展：1、完成解析需求文档、生成测试点和测试用例功能； 2、完成知识库搭建， 知识向量化和RAG 调优； 3、完成人工用例生成自动化脚本，以及自动执行脚本； 4、完成测试结果智能分析； 5、正在实现AI 生成测试业务数据。,1.0,,,,,,,,0.160879989580785,0.8053685467993491,0.20249843746972684,0.503933492134538,0.6,0.4214160571684336
CAND-00105,002987.SZ,京北方,研发投入,12,TECH_LLM,0.816406,0.000231,rerank_score_v1,0.816406,0.57,1,ANCHOR_OK,1,大模型,SCORE_LED,COMPANY,EXPLICIT,R_AND_D,ORIGINAL,ACCEPT,PASS_ALL,MEDIUM,1,预计对公司未来发展的影响：推动技术创新：引入 AI 大模型等技术，提升测试能力，积累技术优势，为未来创新和业务拓展奠定基础。,1.0,,,,,,,,0.15744292085083977,0.8053685467993491,0.19839395816454827,0.5018812524819487,0.6,0.42067725089350155
CAND-00107,300033.SZ,同花顺,业务概要,1,AI_GENERAL,0.945312,0.990874,score_mean,0.968093,0.5,1,GENERIC_AI_OK,0,,SCORE_LED,COMPANY,EXPLICIT,R_AND_D,ORIGINAL,ACCEPT,PASS_ALL,LOW,0,依托长期积累的金融数据资源、技术能力与用户基础，公司持续推进人工智能技术与主营业务深度融合，加快向AI 驱动型金融科技平台转型升级。,1.0,,,,,,,,,0.9661747881843665,0.29267191119686864,0.6294233496906176,0.25,0.19441350245359265
CAND-00110,300033.SZ,同花顺,业务概要,1,PRODUCT_INVEST,0.294922,0.001927,rerank_score_v1,0.294922,0.27,1,ANCHOR_OK,0,投资|基金,SCORE_LED,COMPANY,EXPLICIT,APPLIED,ORIGINAL,ACCEPT,PASS_ALL,LOW,0,报告期内公司实现营业收入和净利润增长，主要由于公司加大人工智能等领域的投入力度，推进产品与大模型技术融合创新，优化核心产品竞争力与用户体验，公司各项业务取得了较快增长；同时，国内资本市场活跃度持续回升，投资者信心较强，市场交投活跃度明显提升，投资者对金融信息服务需求增强；另外，由于同花顺网站与APP 用户活跃度提升，公司大力拓展生活、消费、科技类客户，同时证券、基金等金融客户需求有所增加，公司广告及互联网推广服务收入相应增长。,1.0,,,,,,,,0.1499354375516571,0.2525335511673938,0.18942867051492954,0.22098111084116168,0.25,0.13314716662617426
CAND-00111,300033.SZ,同花顺,业务概要,1,AI_GENERAL,0.980469,0.993307,score_mean,0.986888,0.5,1,GENERIC_AI_OK,0,,SCORE_LED,COMPANY,EXPLICIT,APPLIED,ORIGINAL,ACCEPT,PASS_ALL,LOW,0,报告期内，公司立足主业稳步推进年度经营计划，持续加大人工智能研发投入，强化自研大模型能力建设，提升模型在金融专业场景中的准确性与应用深度，推动产品智能化升级。,1.0,,,,,,,,,0.9860997211504836,0.29267191119686864,0.6393858161736761,0.25,0.1959078724260514
CAND-00111,300033.SZ,同花顺,业务概要,1,TECH_LLM,0.90625,0.407333,rerank_score_v1,0.90625,0.57,1,ANCHOR_OK,1,大模型,SCORE_LED,COMPANY,EXPLICIT,APPLIED,ORIGINAL,ACCEPT,PASS_ALL,MEDIUM,1,报告期内，公司立足主业稳步推进年度经营计划，持续加大人工智能研发投入，强化自研大模型能力建设，提升模型在金融专业场景中的准确性与应用深度，推动产品智能化升级。,1.0,,,,,,,,0.21824114986144527,0.9006138608407338,0.2709979973539284,0.5858059290973311,0.6,0.4508901344750392
CAND-00111,300033.SZ,同花顺,业务概要,1,AI_ENGINEERING,0.925781,0.256832,rerank_score_v2,0.256832,0.17,1,ANCHOR_OK,0,自研大模型,SCORE_LED,COMPANY,EXPLICIT,APPLIED,ORIGINAL,ACCEPT,PASS_ALL,LOW,0,报告期内，公司立足主业稳步推进年度经营计划，持续加大人工智能研发投入，强化自研大模型能力建设，提升模型在金融专业场景中的准确性与应用深度，推动产品智能化升级。,1.0,,,,,,,,0.1469077053989556,0.21215362583196415,0.18581301283135881,0.19898331933166147,0.25,0.12984749789974923
CAND-00112,300033.SZ,同花顺,业务概要,1,PRODUCT_CUSTOMER,0.148438,0.798187,rerank_score_v2,0.798187,0.19,1,ANCHOR_OK,0,智能问答|产品推荐|用户体验,SCORE_LED,COMPANY,SECTION_INHERIT:业务概要,R_AND_D,ORIGINAL,ACCEPT,PASS_ALL,LOW,0,通过将大模型能力嵌入内容生成、智能问答、策略分析与产品推荐等环节，持续优化用户体验，提升活跃度与付费转化率，增强平台黏性与生态协同效应。,1.0,,,,,,,,0.3462235737191704,0.7860542422657132,0.4238320694729904,0.6049431558693518,0.25,0.19074147338040276
CAND-00112,300033.SZ,同花顺,业务概要,1,TECH_LLM,0.730469,0.047426,rerank_score_v1,0.730469,0.57,1,ANCHOR_OK,1,大模型,SCORE_LED,COMPANY,SECTION_INHERIT:业务概要,R_AND_D,ORIGINAL,ACCEPT,PASS_ALL,MEDIUM,1,通过将大模型能力嵌入内容生成、智能问答、策略分析与产品推荐等环节，持续优化用户体验，提升活跃度与付费转化率，增强平台黏性与生态协同效应。,1.0,,,,,,,,0.2600996426357092,0.7142651169345339,0.3209845791877662,0.5176248480611501,0.6,0.426344945302014
CAND-00113,300033.SZ,同花顺,业务概要,1,TECH_LLM,0.96875,0.407333,rerank_score_v1,0.96875,0.57,1,ANCHOR_OK,1,大模型,SCORE_LED,COMPANY,EXPLICIT,R_AND_D,ORIGINAL,ACCEPT,PASS_ALL,MEDIUM,1,通过持续优化大模型在金融垂直场景中的适配能力，公司不断增强产品智能化水平和差异化竞争优势。,1.0,,,,,,,,0.18751230561224863,0.9668712862401654,0.23430222103906478,0.6005867536396151,0.6,0.45621123131026137
CAND-00114,300033.SZ,同花顺,业务概要,1,PRODUCT_INVEST,0.976562,0.071591,rerank_score_v1,0.976562,0.27,1,ANCHOR_OK,0,投资|行情|理财,SCORE_LED,COMPANY,EXPLICIT,APPLIED,ORIGINAL,ACCEPT,PASS_ALL,LOW,0,面向个人端，公司依托网站及移动应用平台，为投资者提供基于AI 的投资助理、金融资讯、行情分析工具、策略辅助及理财产品交易服务。,1.0,,,,,,,,0.35450908864991637,0.9751529343556912,0.43372646706524826,0.7044397007104697,0.25,0.20566595510657046
CAND-00115,300033.SZ,同花顺,业务概要,1,PRODUCT_INVEST,0.96875,0.012432,rerank_score_v1,0.96875,0.27,1,ANCHOR_OK,1,基金|投研,SCORE_LED,COMPANY,EXPLICIT,APPLIED,ORIGINAL,ACCEPT,PASS_ALL,MEDIUM,1,面向机构端，公司为证券、基金、银行、保险等金融机构提供AI 应用产品、系统建设及维护服务、金融数据服务和智能推广服务，涵盖投研辅助与决策支持系统、数据终端及接口服务、智能营销解决方案及运维支持，助力客户提升投研效率、风险管理能力和数字化运营水平。,1.0,,,,,,,,0.22676574275985797,0.9668712862401654,0.2811778971132109,0.6240245916766881,0.6,0.4646488530036077
CAND-00116,300033.SZ,同花顺,业务概要,2,TECH_LLM,0.59375,0.053403,rerank_score_v1,0.59375,0.57,1,ANCHOR_OK,1,微调,SCORE_LED,COMPANY,EXPLICIT,APPLIED,ORIGINAL,ACCEPT,PASS_ALL,MEDIUM,1,与此同时，公司进一步深化与高校及科研机构的产学研协同创新，围绕金融知识建模、逻辑推理优化及领域微调等方向开展联合攻关，加快科研成果向实际应用转化。,1.0,,,,,,,,0.10402655448197586,0.5693267338435756,0.1346051929272785,0.351965963385427,0.6,0.36670774681875373
CAND-00117,300033.SZ,同花顺,业务概要,2,TECH_LLM,0.960938,0.334589,rerank_score_v1,0.960938,0.57,1,ANCHOR_OK,0,多模态,SCORE_LED,COMPANY,EXPLICIT,APPLIED,ORIGINAL,ACCEPT,PASS_ALL,LOW,0,公司持续增强模型多模态理解能力，提高其在复杂金融语境下的信息处理与分析能力，进一步提升在风险识别、数据解析和智能问答等场景中的应用效果。,1.0,,,,,,,,0.10922139702263481,0.9585896381246396,0.14080877085286034,0.54969920448875,0.25,0.1824548806733125
CAND-00119,300033.SZ,同花顺,业务概要,2,TECH_LLM,0.894531,0.075858,rerank_score_v1,0.894531,0.57,1,ANCHOR_OK,1,检索增强|RAG|提示词,SCORE_LED,COMPANY,EXPLICIT,APPLIED,ORIGINAL,ACCEPT,PASS_ALL,MEDIUM,1,在技术应用层面，公司坚持效果与安全并重，通过引入检索增强生成（RAG）、优化提示词工程及构建领域知识库等方式，降低模型幻觉风险，提升输出结果的准确性与专业性。,1.0,,,,,,,,0.30213118948989265,0.8881903285486387,0.37117781877142375,0.6296840736600312,0.6,0.46668626651761125
CAND-00120,300033.SZ,同花顺,业务概要,2,PRODUCT_INVEST,0.878906,0.392337,rerank_score_v1,0.878906,0.27,1,ANCHOR_OK,1,股票|基金|资产配置,SCORE_LED,COMPANY,SECTION_INHERIT:业务概要,APPLIED,ANCHOR_INFER,ACCEPT,PASS_ALL,MEDIUM,1,平台整合股票、ETF、基金、个人养老金、期货、保险等产品资源，依托用户画像与行为分析技术，提供差异化、场景化的资产配置建议与服务支持，提升服务精准度与客户体验。,1.0,,,,,,,,0.2603241650349046,0.8716259721987808,0.32125269938362305,0.5964393357912019,0.6,0.45471816088483263
CAND-00121,300033.SZ,同花顺,业务概要,2,AI_GENERAL,0.960938,0.991938,score_mean,0.976438,0.5,1,GENERIC_AI_OK,0,,SCORE_LED,COMPANY,EXPLICIT,APPLIED,ORIGINAL,ACCEPT,PASS_ALL,LOW,0,报告期内，公司围绕人工智能核心技术持续投入，重点提升大模型在金融场景等垂域中的应用水平。,1.0,,,,,,,,,0.9750214796236987,0.29267191119686864,0.6338466954102837,0.25,0.19507700431154257
CAND-00121,300033.SZ,同花顺,业务概要,2,TECH_LLM,0.953125,0.985936,rerank_score_v1,0.953125,0.57,1,ANCHOR_OK,1,大模型,SCORE_LED,COMPANY,EXPLICIT,APPLIED,ORIGINAL,ACCEPT,PASS_ALL,HIGH,1,报告期内，公司围绕人工智能核心技术持续投入，重点提升大模型在金融场景等垂域中的应用水平。,1.0,,,,,,,,0.22962784746532697,0.9503069298903075,0.28459576578441403,0.6174513478373608,1.0,0.7704708087024165
CAND-00122,300033.SZ,同花顺,业务概要,2,AI_GENERAL,0.957031,0.992423,score_mean,0.974727,0.5,1,GENERIC_AI_OK,0,,SCORE_LED,COMPANY,EXPLICIT,R_AND_D,ORIGINAL,ACCEPT,PASS_ALL,LOW,0,报告期内，公司持续推进人工智能技术与金融信息服务全流程融合，推动信息获取、数据分析与决策支持环节的智能化升级。,1.0,,,,,,,,,0.9732076163459639,0.29267191119686864,0.6329397637714163,0.25,0.19494096456571244
CAND-00123,300033.SZ,同花顺,业务概要,2,TECH_LLM,0.945312,0.705785,rerank_score_v1,0.945312,0.57,1,ANCHOR_OK,1,大语言模型|大模型,SCORE_LED,COMPANY,EXPLICIT,APPLIED,ORIGINAL,ACCEPT,PASS_ALL,HIGH,1,报告期内，公司自主构建并开源金融大语言模型评测基准 （BizFinBench），涵盖10万余条中文金融问答数据，从数值计算、逻辑推理、信息抽取、预测识别及知识问答等维度系统评估模型能力，为金融大模型性能优化与行业应用提供标准化参考。,,,,,,,,,0.33273620989454145,0.9420242216559754,0.4077257271070973,0.6748749743815363,1.0,0.8049249846289218
CAND-00124,300033.SZ,同花顺,业务概要,2,PRODUCT_INVEST,0.4375,0.843895,rerank_score_v1,0.4375,0.27,1,ANCHOR_OK,0,投资,SCORE_LED,COMPANY,EXPLICIT,R_AND_D,ORIGINAL,ACCEPT,PASS_ALL,LOW,0,面向个人投资者，公司提升“问财”投资助手智能化水平，优化智能问答、策略生成及风险提示功能，提高交互效率与内容精准度。,,,,,,,,,0.23768637259440262,0.4036831703449964,0.2942190966577188,0.3489511335013576,0.25,0.15234267002520363
CAND-00124,300033.SZ,同花顺,业务概要,2,PRODUCT_CUSTOMER,0.067383,0.348645,rerank_score_v2,0.348645,0.19,1,ANCHOR_OK,0,智能问答,SCORE_LED,COMPANY,EXPLICIT,R_AND_D,ORIGINAL,ACCEPT,PASS_ALL,LOW,0,面向个人投资者，公司提升“问财”投资助手智能化水平，优化智能问答、策略生成及风险提示功能，提高交互效率与内容精准度。,,,,,,,,,0.2968562680728771,0.3094863138031324,0.3648786122400116,0.337182463021572,0.25,0.1505773694532358
CAND-00126,300033.SZ,同花顺,业务概要,3,PRODUCT_CUSTOMER,0.140625,0.651355,rerank_score_v2,0.651355,0.19,1,ANCHOR_OK,0,营销,SCORE_LED,COMPANY,EXPLICIT,R_AND_D,ORIGINAL,ACCEPT,PASS_ALL,LOW,0,报告期内，公司依托大数据分析和人工智能技术赋能，持续优化客户触达策略与内容匹配机制，提升营销资源配置效率和转化效果。,,,,,,,,,0.13965181989730902,0.6303948776857237,0.17714817828127172,0.4037715279834977,0.25,0.16056572919752465
CAND-00127,300033.SZ,同花顺,业务概要,4,TECH_LLM,0.980469,0.977023,rerank_score_v1,0.980469,0.57,1,ANCHOR_OK,1,大模型,SCORE_LED,COMPANY,EXPLICIT,APPLIED,ORIGINAL,ACCEPT,PASS_ALL,HIGH,1,在人工智能加速融入金融行业的背景下，公司依托长期积累的高质量金融数据资源和规模化应用场景，推动大模型及相关智能技术在投研支持、智能问答、风险提示、合规校验等领域的落地应用，不断提升产品智能化水平与服务效率。,,,,,,,,,0.2116502321607076,0.9792948185322605,0.2631272541624637,0.6212110363473621,1.0,0.7727266218084172
CAND-00127,300033.SZ,同花顺,业务概要,4,AI_GENERAL,0.679688,0.880797,score_mean,0.7802425,0.5,1,GENERIC_AI_OK,0,,SCORE_LED,COMPANY,EXPLICIT,APPLIED,ORIGINAL,ACCEPT,PASS_ALL,LOW,0,在人工智能加速融入金融行业的背景下，公司依托长期积累的高质量金融数据资源和规模化应用场景，推动大模型及相关智能技术在投研支持、智能问答、风险提示、合规校验等领域的落地应用，不断提升产品智能化水平与服务效率。,,,,,,,,,,0.7670309403444315,0.29267191119686864,0.5298514257706501,0.25,0.17947771386559752
CAND-00128,300033.SZ,同花顺,业务概要,4,AI_GENERAL,0.976562,0.182426,score_mean,0.5794940000000001,0.5,1,GENERIC_AI_OK,0,,SCORE_LED,COMPANY,EXPLICIT,APPLIED,ORIGINAL,ACCEPT,PASS_ALL,LOW,0,通过持续加大研发投入，公司强化数据治理、算法优化与系统工程能力，逐步形成面向金融垂直领域的技术能力和应用壁垒。,,,,,,,,,,0.5542136801396669,0.29267191119686864,0.42344279566826776,0.25,0.16351641935024017
CAND-00129,300033.SZ,同花顺,核心竞争力,7,AI_GENERAL,0.867188,0.943348,score_mean,0.905268,0.5,1,GENERIC_AI_OK,0,,SCORE_LED,COMPANY,EXPLICIT,APPLIED,ORIGINAL,ACCEPT,PASS_ALL,LOW,0,依托“问财”大模型能力，公司同步推出数据可视化智能体，并荣获2025年中国设计智造奖。,,,,,,,,,,0.8995728241728579,0.29267191119686864,0.5961223676848633,0.25,0.18941835515272948
CAND-00129,300033.SZ,同花顺,核心竞争力,7,TECH_LLM,0.621094,0.348645,rerank_score_v1,0.621094,0.57,1,ANCHOR_OK,1,大模型|智能体,SCORE_LED,COMPANY,EXPLICIT,APPLIED,ORIGINAL,ACCEPT,PASS_ALL,MEDIUM,1,依托“问财”大模型能力，公司同步推出数据可视化智能体，并荣获2025年中国设计智造奖。,,,,,,,,,0.2651159521663309,0.5983146224855285,0.3269749565338528,0.4626447895096906,0.6,0.40655212422348863
CAND-00130,300033.SZ,同花顺,核心竞争力,7,TECH_LLM,0.777344,0.007121,rerank_score_v1,0.777344,0.57,1,ANCHOR_OK,1,生成式,SCORE_LED,COMPANY,EXPLICIT,R_AND_D,ORIGINAL,ACCEPT,PASS_ALL,MEDIUM,1,公司较早布局移动互联网、云计算、大数据、智能搜索、语音语义、图形图像及生成式人工智能等领域，拥有一支成熟、稳定的技术研发团队。,,,,,,,,,0.14247729789443728,0.7639581859841076,0.1805223080638423,0.47224024702397494,0.6,0.41000648892863095
CAND-00131,300033.SZ,同花顺,核心竞争力,7,PRODUCT_INVEST,0.945312,0.377541,rerank_score_v1,0.945312,0.27,1,ANCHOR_OK,1,投顾|投研,SCORE_LED,COMPANY,EXPLICIT,APPLIED,ORIGINAL,ACCEPT,PASS_ALL,HIGH,1,在人工智能技术加速发展的背景下，公司持续推进“大模型+金融”应用落地，已在智能投顾、智能客服、智能投研、代码生成、法律咨询、办公助手、翻译等场景推出相关产品，推动金融服务效率与智能化水平提升。,,,,,,,,,0.3555009449425056,0.9420242216559754,0.4349109221770052,0.6884675719164903,1.0,0.8130805431498942
CAND-00131,300033.SZ,同花顺,核心竞争力,7,TECH_LLM,0.933594,0.766294,rerank_score_v1,0.933594,0.57,1,ANCHOR_OK,1,大模型,SCORE_LED,COMPANY,EXPLICIT,APPLIED,ORIGINAL,ACCEPT,PASS_ALL,HIGH,1,在人工智能技术加速发展的背景下，公司持续推进“大模型+金融”应用落地，已在智能投顾、智能客服、智能投研、代码生成、法律咨询、办公助手、翻译等场景推出相关产品，推动金融服务效率与智能化水平提升。,,,,,,,,,0.15824215765130184,0.9296017494826867,0.1993483908992949,0.5644750701909909,1.0,0.7386850421145945
CAND-00131,300033.SZ,同花顺,核心竞争力,7,AI_GENERAL,0.851562,0.984094,score_mean,0.917828,0.5,1,GENERIC_AI_OK,0,,SCORE_LED,COMPANY,EXPLICIT,APPLIED,ORIGINAL,ACCEPT,PASS_ALL,LOW,0,在人工智能技术加速发展的背景下，公司持续推进“大模型+金融”应用落地，已在智能投顾、智能客服、智能投研、代码生成、法律咨询、办公助手、翻译等场景推出相关产品，推动金融服务效率与智能化水平提升。,,,,,,,,,,0.9128879163811277,0.29267191119686864,0.6027799137889982,0.25,0.19041698706834975
CAND-00131,300033.SZ,同花顺,核心竞争力,7,PRODUCT_CUSTOMER,0.408203,0.705785,rerank_score_v2,0.705785,0.19,1,ANCHOR_OK,1,客服,SCORE_LED,COMPANY,EXPLICIT,APPLIED,ORIGINAL,ACCEPT,PASS_ALL,HIGH,1,在人工智能技术加速发展的背景下，公司持续推进“大模型+金融”应用落地，已在智能投顾、智能客服、智能投研、代码生成、法律咨询、办公助手、翻译等场景推出相关产品，推动金融服务效率与智能化水平提升。,,,,,,,,,0.3012651526023136,0.6880971443175807,0.3701436146975803,0.5291203795075805,1.0,0.7174722277045483
CAND-00133,300033.SZ,同花顺,核心竞争力,7,PRODUCT_INVEST,0.376953,0.754915,rerank_score_v1,0.376953,0.27,1,ANCHOR_OK,0,投资|选股,SCORE_LED,COMPANY,EXPLICIT,R_AND_D,ORIGINAL,ACCEPT,PASS_ALL,LOW,0,报告期内，公司持续迭代升级个人投资助理“问财”，通过多模态基座能力提升和智能体架构优化，重构分析与决策流程，覆盖选股、诊股、策略验证、组合分析及风险管理等核心环节，进一步提升投资决策支持能力与服务效率。,,,,,,,,,0.15432467516739923,0.33949615697444613,0.19467021101784865,0.2670831839961474,0.25,0.1400624775994221
CAND-00135,300033.SZ,同花顺,研发投入,12,PRODUCT_INVEST,0.996094,0.798187,rerank_score_v1,0.996094,0.27,1,ANCHOR_OK,1,投顾|资产配置,SCORE_LED,COMPANY,SECTION_INHERIT:研发投入,R_AND_D,ORIGINAL,ACCEPT,PASS_ALL,MEDIUM,1,项目进：全生命周期智能投顾与资产配置平台研发项目。,,,,,,,,,0.5230106764671054,0.9958591748821184,0.6349477211122686,0.8154034479971934,0.6,0.5335452412789896
CAND-00137,300033.SZ,同花顺,研发投入,12,TECH_LLM,0.988281,0.577495,rerank_score_v1,0.988281,0.57,1,ANCHOR_OK,1,大模型,SCORE_LED,COMPANY,SECTION_INHERIT:研发投入,R_AND_D,ORIGINAL,ACCEPT,PASS_ALL,MEDIUM,1,项目进：基于金融专属大模型的智能金融信息服务平台升级项目。,,,,,,,,,0.20793330355201511,0.9875764666477862,0.2586885717409319,0.6231325191943591,0.6,0.4643277069099693
CAND-00138,300033.SZ,同花顺,研发投入,12,PRODUCT_INVEST,1.0,0.974043,rerank_score_v1,1.0,0.27,1,ANCHOR_OK,1,量化|投研|投资|组合管理|投顾|资产配置,SCORE_LED,COMPANY,SECTION_INHERIT:研发投入,R_AND_D,ORIGINAL,ACCEPT,PASS_ALL,MEDIUM,1,项目进：基于金融大模型、量化投研技术、 多因子资产定价模型、宏观经济预测算法，构建覆盖投资前市场研判、投资中决策辅助、投资后组合管理的全生命周期智能投顾体系， 为不同风险偏好、资金规模、投资周期的投资者，提供适配的投资决策辅助、大类资产配置方案、投资组合动态管理与风险预警服务。,,,,,,,,,0.7748960547719755,0.9999999989398812,0.9357442438940181,0.9678721214169497,0.6,0.5884339637101018
CAND-00139,300033.SZ,同花顺,研发投入,12,PRODUCT_INVEST,0.996094,0.939913,rerank_score_v1,0.996094,0.27,1,ANCHOR_OK,1,投资|投顾|资产配置|财富管理,SCORE_LED,COMPANY,SECTION_INHERIT:研发投入,R_AND_D,ORIGINAL,ACCEPT,PASS_ALL,MEDIUM,1,项目进：打造覆盖全市场投资品种、 全风险等级、全用户层级的智能投顾产品矩阵，实现从单一策略推荐到全周期资产配置服务的全面升级，满足投资者多元化、专业化的财富管理与投资决策需求。,,,,,,,,,0.6694557212521736,0.9958591748821184,0.8098294889481524,0.9028443319151354,0.6,0.5650239594894487
CAND-00140,300033.SZ,同花顺,研发投入,12,PRODUCT_INVEST,0.996094,0.665411,rerank_score_v1,0.996094,0.27,1,ANCHOR_OK,1,基金|量化|理财|投资|资产配置,SCORE_LED,COMPANY,SECTION_INHERIT:研发投入,APPLIED,ORIGINAL,ACCEPT,PASS_ALL,MEDIUM,1,项目进：深化 AI 大模型、精细化用户画像技术、全维度基金评价体系、宏观量化预测模型在基金理财领域的落地应用，结合投资者的风险偏好、 投资目标、持仓周期，为投资者提供个性化的基金产品筛选、资产配置推荐与持仓优化服务；并结合市场走势、宏观经济环境与标的基本面变化，为投资者提供全周期的风险控制建议与实时预警，降低投资风险，同时优化平台交易体验、运营效率与全流程合规管理能力。,,,,,,,,,0.5859927479342881,0.9958591748821184,0.7101596616481354,0.8530094182651269,0.6,0.5470833905754456
CAND-00140,300033.SZ,同花顺,研发投入,12,TECH_LLM,0.914062,0.047426,rerank_score_v1,0.914062,0.57,1,ANCHOR_OK,1,大模型,SCORE_LED,COMPANY,SECTION_INHERIT:研发投入,APPLIED,ORIGINAL,ACCEPT,PASS_ALL,MEDIUM,1,项目进：深化 AI 大模型、精细化用户画像技术、全维度基金评价体系、宏观量化预测模型在基金理财领域的落地应用，结合投资者的风险偏好、 投资目标、持仓周期，为投资者提供个性化的基金产品筛选、资产配置推荐与持仓优化服务；并结合市场走势、宏观经济环境与标的基本面变化，为投资者提供全周期的风险控制建议与实时预警，降低投资风险，同时优化平台交易体验、运营效率与全流程合规管理能力。,,,,,,,,,0.14554742916134716,0.9088955089562596,0.18418859792864056,0.5465420534424501,0.6,0.43675513923928205
CAND-00141,300033.SZ,同花顺,研发投入,12,TECH_LLM,0.960938,0.754915,rerank_score_v1,0.960938,0.57,1,ANCHOR_OK,1,大模型|多模态|生成式,SCORE_LED,COMPANY,SECTION_INHERIT:研发投入,APPLIED,ORIGINAL,ACCEPT,PASS_ALL,MEDIUM,1,项目进：深度研究金融垂直大模型、多模态生成式 AI、智能语音、数字人、 自然语言交互等前沿技术在金融信息服务行业的深度应用，重构金融信息生产、加工、分发、交互全链路流程，进一步提升金融信息服务的智能化、精准化、个性化水平， 适配全类型客群的金融信息获取与解读需求。,,,,,,,,,0.18538434102565826,0.9585896381246396,0.23176104793661356,0.5951753430306266,0.6,0.4542631234910256
CAND-00141,300033.SZ,同花顺,研发投入,12,PRODUCT_CUSTOMER,0.140625,0.233706,rerank_score_v2,0.233706,0.19,1,ANCHOR_OK,0,数字人,SCORE_LED,COMPANY,SECTION_INHERIT:研发投入,APPLIED,ORIGINAL,ACCEPT,PASS_ALL,LOW,0,项目进：深度研究金融垂直大模型、多模态生成式 AI、智能语音、数字人、 自然语言交互等前沿技术在金融信息服务行业的深度应用，重构金融信息生产、加工、分发、交互全链路流程，进一步提升金融信息服务的智能化、精准化、个性化水平， 适配全类型客群的金融信息获取与解读需求。,,,,,,,,,0.25078446708863394,0.18763731831536803,0.3098605813101663,0.24874894981276718,0.25,0.1373123424719151
CAND-00142,300033.SZ,同花顺,研发投入,12,PRODUCT_INVEST,0.960938,0.090093,rerank_score_v1,0.960938,0.27,1,ANCHOR_OK,1,投顾,SCORE_LED,COMPANY,EXPLICIT,R_AND_D,SECTION_INFER,ACCEPT,PASS_ALL,LOW,0,预计对公司未来发展的：全面丰富公司智能投顾产品与服务体系，大幅提升高净值客户与机构客户的服务能力，持续提高公司投顾业务的产品竞争力与市场占有率。,,,,,,,,,0.21276467716947542,0.9585896381246396,0.2644581022876101,0.6115238702061249,0.25,0.19172858053091874
CAND-00143,300033.SZ,同花顺,研发投入,13,AI_GENERAL,0.796875,0.914901,score_mean,0.855888,0.5,1,GENERIC_AI_OK,0,,SCORE_LED,COMPANY,EXPLICIT,R_AND_D,SECTION_INFER,ACCEPT,PASS_ALL,LOW,0,全面筑牢公司在金融 AI 领域的技术护城河，持续孵化新的盈利增长点。,,,,,,,,,,0.847224157513275,0.29267191119686864,0.5699480343550718,0.25,0.18549220515326076
CAND-00144,300033.SZ,同花顺,研发投入,13,TECH_LLM,0.96875,0.880797,rerank_score_v1,0.96875,0.57,1,ANCHOR_OK,1,大模型,SCORE_LED,COMPANY,SECTION_INHERIT:研发投入,APPLIED,ORIGINAL,ACCEPT,PASS_ALL,MEDIUM,1,打造具备行业领先水平的金融专属大模型体系与通用 AI 技术底座，推出更多大模型应用产品。,,,,,,,,,0.32438867551536904,0.9668712862401654,0.3977572671196458,0.6823142766799056,0.6,0.485633139604766
CAND-00144,300033.SZ,同花顺,研发投入,13,AI_GENERAL,0.878906,0.7773,score_mean,0.828103,0.5,1,GENERIC_AI_OK,0,,SCORE_LED,COMPANY,SECTION_INHERIT:研发投入,APPLIED,ORIGINAL,ACCEPT,PASS_ALL,LOW,0,打造具备行业领先水平的金融专属大模型体系与通用 AI 技术底座，推出更多大模型应用产品。,,,,,,,,,,0.8177687564777036,0.29267191119686864,0.5552203338372861,0.25,0.18328305007559292
CAND-00145,300033.SZ,同花顺,研发投入,13,TECH_LLM,0.976562,0.637031,rerank_score_v1,0.976562,0.57,1,ANCHOR_OK,1,大模型|多模态|生成式,SCORE_LED,COMPANY,SECTION_INHERIT:研发投入,R_AND_D,ORIGINAL,ACCEPT,PASS_ALL,MEDIUM,1,持续深耕金融领域专属大模型、多模态生成式 AI、自然语言理解与交互、计算机视觉、智能语音、端侧 AI 推理等核心前沿技术，重点突破金融大模型的专业投研能力、 合规风控能力、逻辑推理能力、实时性优化与国产化适配，构建自主可控的金融 AI 技术底座，孵化创新型 AI 产品与行业解决方案。,,,,,,,,,0.34661361643980004,0.9751529343556912,0.4242978507537114,0.6997253925547013,0.6,0.49190114131969254
CAND-00145,300033.SZ,同花顺,研发投入,13,AI_GENERAL,0.53125,0.651355,score_mean,0.5913025000000001,0.5,1,GENERIC_AI_OK,0,,SCORE_LED,COMPANY,SECTION_INHERIT:研发投入,R_AND_D,ORIGINAL,ACCEPT,PASS_ALL,LOW,0,持续深耕金融领域专属大模型、多模态生成式 AI、自然语言理解与交互、计算机视觉、智能语音、端侧 AI 推理等核心前沿技术，重点突破金融大模型的专业投研能力、 合规风控能力、逻辑推理能力、实时性优化与国产化适配，构建自主可控的金融 AI 技术底座，孵化创新型 AI 产品与行业解决方案。,,,,,,,,,,0.5667320930649339,0.29267191119686864,0.42970200213090126,0.25,0.16445530031963518
CAND-00146,300033.SZ,同花顺,研发投入,13,TECH_LLM,0.867188,0.562177,rerank_score_v1,0.867188,0.57,1,ANCHOR_OK,1,大模型,SCORE_LED,COMPANY,SECTION_INHERIT:研发投入,APPLIED,ORIGINAL,ACCEPT,PASS_ALL,MEDIUM,1,金融大数据智能化治理与全场景应用项目：金融垂直大模型与通用 AI 技术应用项目。,,,,,,,,,0.21300595004728987,0.8592035000254922,0.26474622557279853,0.5619748627991453,0.6,0.44231095060769227
CAND-00146,300033.SZ,同花顺,研发投入,13,AI_GENERAL,0.90625,0.651355,score_mean,0.7788025000000001,0.5,1,GENERIC_AI_OK,0,,SCORE_LED,COMPANY,SECTION_INHERIT:研发投入,APPLIED,ORIGINAL,ACCEPT,PASS_ALL,LOW,0,金融大数据智能化治理与全场景应用项目：金融垂直大模型与通用 AI 技术应用项目。,,,,,,,,,,0.7655043692632288,0.29267191119686864,0.5290881402300487,0.25,0.1793632210345073
CAND-00147,300059.SZ,东方财富,核心竞争力,2,TECH_LLM,0.894531,0.060087,rerank_score_v1,0.894531,0.57,1,ANCHOR_OK,1,多模态|生成式|大模型,SCORE_LED,COMPANY,EXPLICIT,R_AND_D,ORIGINAL,ACCEPT,PASS_ALL,MEDIUM,1,公司充分发挥多年来积累的研发技术优势，自主研发了一系列网络核心技术，拥有充实的AI 技术能力，包括自然语言处理、图像处理、语音识别和多模态融合技术，同时公司密切跟踪行业前沿技术发展，持续加强生成式AI、交互式AI 等领域能力建设，积极探索大模型在各金融场景的应用。,,,,,,,,,0.2935175284908875,0.8881903285486387,0.36089155565302417,0.6245409421008314,0.6,0.46483473915629925
CAND-00147,300059.SZ,东方财富,核心竞争力,2,TECH_NLP,0.894531,0.001701,rerank_score_v1,0.894531,0.86,1,ANCHOR_OK,1,自然语言处理,SCORE_LED,COMPANY,EXPLICIT,R_AND_D,ORIGINAL,ACCEPT,PASS_ALL,MEDIUM,1,公司充分发挥多年来积累的研发技术优势，自主研发了一系列网络核心技术，拥有充实的AI 技术能力，包括自然语言处理、图像处理、语音识别和多模态融合技术，同时公司密切跟踪行业前沿技术发展，持续加强生成式AI、交互式AI 等领域能力建设，积极探索大模型在各金融场景的应用。,,,,,,,,,0.3329909377057444,0.8881903285486387,0.40802991800686805,0.6481101232777533,0.6,0.4733196443799912
CAND-00147,300059.SZ,东方财富,核心竞争力,2,AI_GENERAL,0.777344,0.964855,score_mean,0.8710995,0.5,1,GENERIC_AI_OK,0,,SCORE_LED,COMPANY,EXPLICIT,R_AND_D,ORIGINAL,ACCEPT,PASS_ALL,LOW,0,公司充分发挥多年来积累的研发技术优势，自主研发了一系列网络核心技术，拥有充实的AI 技术能力，包括自然语言处理、图像处理、语音识别和多模态融合技术，同时公司密切跟踪行业前沿技术发展，持续加强生成式AI、交互式AI 等领域能力建设，积极探索大模型在各金融场景的应用。,,,,,,,,,,0.8633501547366902,0.29267191119686864,0.5780110329667794,0.25,0.1867016549450169
CAND-00147,300059.SZ,东方财富,核心竞争力,2,TECH_SPEECH,0.112793,0.000626,score_mean,0.0567095,0.05,1,ANCHOR_OK,1,语音识别,ANCHOR_LED,COMPANY,EXPLICIT,R_AND_D,ORIGINAL,ACCEPT,PASS_ALL,MEDIUM,1,公司充分发挥多年来积累的研发技术优势，自主研发了一系列网络核心技术，拥有充实的AI 技术能力，包括自然语言处理、图像处理、语音识别和多模态融合技术，同时公司密切跟踪行业前沿技术发展，持续加强生成式AI、交互式AI 等领域能力建设，积极探索大模型在各金融场景的应用。,,,,,,,,,0.3143857044905466,0.0,0.3858119175245161,0.19290595876225805,0.6,0.3094461451544129
CAND-00148,300059.SZ,东方财富,核心竞争力,2,TECH_LLM,0.972656,0.946597,rerank_score_v1,0.972656,0.57,1,ANCHOR_OK,1,大模型,SCORE_LED,COMPANY,EXPLICIT,R_AND_D,ORIGINAL,ACCEPT,PASS_ALL,HIGH,1,公司自主研发妙想大模型，凭借数据特色和算法优势，聚焦于核心金融场景，不断优化金融垂直能力，向整个东方财富生态输入妙想AI 能力，进一步完善互联网财富管理生态建设。,,,,,,,,,0.2062834756714053,0.9710121102979282,0.25671838000921826,0.6138652451535732,1.0,0.768319147092144
CAND-00148,300059.SZ,东方财富,核心竞争力,2,AI_GENERAL,0.878906,0.984094,score_mean,0.9315,0.5,1,GENERIC_AI_OK,0,,SCORE_LED,COMPANY,EXPLICIT,R_AND_D,ORIGINAL,ACCEPT,PASS_ALL,LOW,0,公司自主研发妙想大模型，凭借数据特色和算法优势，聚焦于核心金融场景，不断优化金融垂直能力，向整个东方财富生态输入妙想AI 能力，进一步完善互联网财富管理生态建设。,,,,,,,,,,0.9273818607021042,0.29267191119686864,0.6100268859494864,0.25,0.19150403289242296
CAND-00148,300059.SZ,东方财富,核心竞争力,2,AI_ENGINEERING,0.851562,0.531209,rerank_score_v2,0.531209,0.17,1,ANCHOR_OK,0,自主研发妙想大模型,SCORE_LED,COMPANY,EXPLICIT,R_AND_D,ORIGINAL,ACCEPT,PASS_ALL,LOW,0,公司自主研发妙想大模型，凭借数据特色和算法优势，聚焦于核心金融场景，不断优化金融垂直能力，向整个东方财富生态输入妙想AI 能力，进一步完善互联网财富管理生态建设。,,,,,,,,,0.1793311313469378,0.5030258435730819,0.22453242499993736,0.36377913428650965,0.25,0.15456687014297646
CAND-00150,300059.SZ,东方财富,研发投入,7,TECH_LLM,0.992188,0.029312,rerank_score_v1,0.992188,0.57,1,ANCHOR_OK,1,大模型,SCORE_LED,COMPANY,SECTION_INHERIT:研发投入,R_AND_D,ORIGINAL,ACCEPT,PASS_ALL,MEDIUM,1,主要研发项目名称：妙想金融大模型后训练项目。,,,,,,,,,0.08874025951603307,0.9917183508243554,0.11635060267310948,0.5540344767487324,0.6,0.4394524116295437
CAND-00151,300059.SZ,东方财富,研发投入,7,TECH_LLM,0.984375,0.281406,rerank_score_v1,0.984375,0.57,1,ANCHOR_OK,1,大模型,SCORE_LED,COMPANY,SECTION_INHERIT:研发投入,APPLIED,ORIGINAL,ACCEPT,PASS_ALL,MEDIUM,1,拟达到的目标：提升大模型及其产品应用的金融垂类能力。,,,,,,,,,0.12355130823294534,0.9834356425900234,0.15792126659533065,0.570678454592677,0.6,0.4454442436533637
CAND-00152,300059.SZ,东方财富,研发投入,7,TECH_LLM,0.941406,0.826712,rerank_score_v1,0.941406,0.57,1,ANCHOR_OK,1,大模型,SCORE_LED,COMPANY,SECTION_INHERIT:研发投入,APPLIED,ORIGINAL,ACCEPT,PASS_ALL,MEDIUM,1,项目目的：面向投资、投研领域的复杂金融应用场景，全面训练并提升妙想大模型的核心金融能力。,,,,,,,,,0.21823331257856673,0.9378833975982124,0.2709886382261625,0.6044360179121875,0.6,0.4575969664483875
CAND-00152,300059.SZ,东方财富,研发投入,7,PRODUCT_INVEST,0.9375,0.212069,rerank_score_v1,0.9375,0.27,1,ANCHOR_OK,1,投资|投研,SCORE_LED,COMPANY,SECTION_INHERIT:研发投入,APPLIED,ORIGINAL,ACCEPT,PASS_ALL,MEDIUM,1,项目目的：面向投资、投研领域的复杂金融应用场景，全面训练并提升妙想大模型的核心金融能力。,,,,,,,,,0.16379866535723986,0.9337425735404495,0.20598386219184922,0.5698632178661494,0.6,0.4451507584318138
CAND-00153,300059.SZ,东方财富,研发投入,8,TECH_LLM,0.835938,0.164516,rerank_score_v1,0.835938,0.57,1,ANCHOR_OK,1,大模型|多模态,SCORE_LED,COMPANY,SECTION_INHERIT:研发投入,R_AND_D,ORIGINAL,ACCEPT,PASS_ALL,MEDIUM,1,利用自研妙想大模型全面赋能 Choice 金融终端，进一步适配主流信创操作系统：构建一个集成文本、图像、音频等多模态信息的视频内容自动生成平台，支持财经资讯、市场解读等视频内容的快速生产与高效分发。,,,,,,,,,0.11018344770443471,0.8260747873257763,0.1419576326953884,0.48401621001058237,0.6,0.4142458356038096
CAND-00154,300059.SZ,东方财富,研发投入,8,TECH_LLM,0.941406,0.5,rerank_score_v1,0.941406,0.57,1,ANCHOR_OK,1,大模型,SCORE_LED,COMPANY,SECTION_INHERIT:研发投入,APPLIED,ORIGINAL,ACCEPT,PASS_ALL,MEDIUM,1,利用自研妙想大模型全面赋能 Choice 金融终端，进一步适配主流信创操作系统：构建一套基于AI 大模型的框架系统，实时识别与分析用户行为， 并提供个性化的智能应用与策略推荐。,,,,,,,,,0.12976589034491431,0.9378833975982124,0.16534259729107031,0.5516129974446413,0.6,0.43858067908007087
CAND-00154,300059.SZ,东方财富,研发投入,8,AI_GENERAL,0.753906,0.377541,score_mean,0.5657235,0.5,1,GENERIC_AI_OK,0,,SCORE_LED,COMPANY,SECTION_INHERIT:研发投入,APPLIED,ORIGINAL,ACCEPT,PASS_ALL,LOW,0,利用自研妙想大模型全面赋能 Choice 金融终端，进一步适配主流信创操作系统：构建一套基于AI 大模型的框架系统，实时识别与分析用户行为， 并提供个性化的智能应用与策略推荐。,,,,,,,,,,0.5396153141162608,0.29267191119686864,0.41614361265656474,0.25,0.1624215418984847
CAND-00154,300059.SZ,东方财富,研发投入,8,AI_ENGINEERING,0.914062,0.256832,rerank_score_v2,0.256832,0.17,1,ANCHOR_OK,0,自研妙想大模型,SCORE_LED,COMPANY,SECTION_INHERIT:研发投入,APPLIED,ORIGINAL,ACCEPT,PASS_ALL,LOW,0,利用自研妙想大模型全面赋能 Choice 金融终端，进一步适配主流信创操作系统：构建一套基于AI 大模型的框架系统，实时识别与分析用户行为， 并提供个性化的智能应用与策略推荐。,,,,,,,,,0.09827466210987035,0.21215362583196415,0.12773639714172036,0.16994501148684227,0.25,0.12549175172302635
CAND-00155,300059.SZ,东方财富,研发投入,8,TECH_LLM,0.933594,0.422505,rerank_score_v1,0.933594,0.57,1,ANCHOR_OK,1,大模型,SCORE_LED,COMPANY,SECTION_INHERIT:研发投入,R_AND_D,ORIGINAL,ACCEPT,PASS_ALL,MEDIUM,1,利用自研妙想大模型全面赋能 Choice 金融终端，进一步适配主流信创操作系统：构建以人工智能为驱动的内容生态体系。,,,,,,,,,0.0766948672980125,0.9296017494826867,0.10196623419921749,0.5157839918409521,0.6,0.4256822370627428
CAND-00155,300059.SZ,东方财富,研发投入,8,AI_GENERAL,0.925781,0.377541,score_mean,0.651661,0.5,1,GENERIC_AI_OK,0,,SCORE_LED,COMPANY,SECTION_INHERIT:研发投入,R_AND_D,ORIGINAL,ACCEPT,PASS_ALL,LOW,0,利用自研妙想大模型全面赋能 Choice 金融终端，进一步适配主流信创操作系统：构建以人工智能为驱动的内容生态体系。,,,,,,,,,,0.6307192740404793,0.29267191119686864,0.461695592618674,0.25,0.16925433889280111
CAND-00156,300059.SZ,东方财富,研发投入,8,TECH_LLM,0.925781,0.453262,rerank_score_v1,0.925781,0.57,1,ANCHOR_OK,1,大模型|多模态,SCORE_LED,COMPANY,SECTION_INHERIT:研发投入,R_AND_D,ORIGINAL,ACCEPT,PASS_ALL,MEDIUM,1,利用自研妙想大模型全面赋能 Choice 金融终端，进一步适配主流信创操作系统：构建创新性的智能财经数据多模态交互引擎生态系统，整合多维度数据，为投资者提供全面、深度的财经数据分析服务。,,,,,,,,,0.0671624723731883,0.9213190412483545,0.09058283724912118,0.5059509392487378,0.6,0.42214233812954555
CAND-00156,300059.SZ,东方财富,研发投入,8,PRODUCT_INVEST,0.5,0.233706,rerank_score_v1,0.5,0.27,1,ANCHOR_OK,0,投资,SCORE_LED,COMPANY,SECTION_INHERIT:研发投入,R_AND_D,ORIGINAL,ACCEPT,PASS_ALL,LOW,0,利用自研妙想大模型全面赋能 Choice 金融终端，进一步适配主流信创操作系统：构建创新性的智能财经数据多模态交互引擎生态系统，整合多维度数据，为投资者提供全面、深度的财经数据分析服务。,,,,,,,,,0.10527299146423719,0.46994059574442804,0.13609366324919211,0.3030171294968101,0.25,0.1454525694245215
CAND-00157,300059.SZ,东方财富,研发投入,8,TECH_LLM,0.976562,0.859664,rerank_score_v1,0.976562,0.57,1,ANCHOR_OK,1,大模型,SCORE_LED,COMPANY,SECTION_INHERIT:研发投入,R_AND_D,ORIGINAL,ACCEPT,PASS_ALL,MEDIUM,1,利用自研妙想大模型全面赋能 Choice 金融终端，进一步适配主流信创操作系统：构建智能金融服务平台，打造多场景金融大模型能力体系，为用户提供专业、及时、可理解的金融数据解读与投资决策支持。,,,,,,,,,0.1079519479461093,0.9751529343556912,0.139292819944407,0.5572228771500491,0.6,0.44060023577401775
CAND-00157,300059.SZ,东方财富,研发投入,8,AI_ENGINEERING,0.867188,0.201813,rerank_score_v2,0.201813,0.17,1,ANCHOR_OK,0,自研妙想大模型,SCORE_LED,COMPANY,SECTION_INHERIT:研发投入,R_AND_D,ORIGINAL,ACCEPT,PASS_ALL,LOW,0,利用自研妙想大模型全面赋能 Choice 金融终端，进一步适配主流信创操作系统：构建智能金融服务平台，打造多场景金融大模型能力体系，为用户提供专业、及时、可理解的金融数据解读与投资决策支持。,,,,,,,,,0.07679470329089108,0.15382694922314286,0.10208545636172822,0.12795620279243552,0.25,0.11919343041886533
CAND-00158,300059.SZ,东方财富,研发投入,8,TECH_LLM,0.980469,0.787931,rerank_score_v1,0.980469,0.57,1,ANCHOR_OK,1,大模型,SCORE_LED,COMPANY,SECTION_INHERIT:研发投入,APPLIED,ORIGINAL,ACCEPT,PASS_ALL,MEDIUM,1,利用自研妙想大模型全面赋能 Choice 金融终端，进一步适配主流信创操作系统：聚焦投研全流程痛点，推出一系列新型智能化提效工具。,,,,,,,,,0.07759809997300098,0.9792948185322605,0.10304485674463,0.5411698376384453,0.6,0.4348211415498403
CAND-00158,300059.SZ,东方财富,研发投入,8,AI_ENGINEERING,0.914062,0.191933,rerank_score_v2,0.191933,0.17,1,ANCHOR_OK,0,自研妙想大模型,SCORE_LED,COMPANY,SECTION_INHERIT:研发投入,APPLIED,ORIGINAL,ACCEPT,PASS_ALL,LOW,0,利用自研妙想大模型全面赋能 Choice 金融终端，进一步适配主流信创操作系统：聚焦投研全流程痛点，推出一系列新型智能化提效工具。,,,,,,,,,0.05327274987833593,0.1433529754160007,0.07399600613978138,0.10867449077789104,0.25,0.11630117361668366
CAND-00159,300059.SZ,东方财富,研发投入,8,TECH_LLM,0.933594,0.245085,rerank_score_v1,0.933594,0.57,1,ANCHOR_OK,1,大模型,SCORE_LED,COMPANY,SECTION_INHERIT:研发投入,R_AND_D,ORIGINAL,ACCEPT,PASS_ALL,MEDIUM,1,利用自研妙想大模型全面赋能 Choice 金融终端，进一步适配主流信创操作系统：通过构建智能驱动的数据处理体系，满足基金市场规模扩大、产品类型丰富、业务创新需求增长带来的挑战。,,,,,,,,,0.05693250307401851,0.9296017494826867,0.07836641081713551,0.5039840801499111,0.6,0.42143426885396806
CAND-00160,300059.SZ,东方财富,研发投入,8,TECH_LLM,0.90625,0.320821,rerank_score_v1,0.90625,0.57,1,ANCHOR_OK,1,大模型,SCORE_LED,COMPANY,SECTION_INHERIT:研发投入,R_AND_D,ORIGINAL,ACCEPT,PASS_ALL,MEDIUM,1,利用自研妙想大模型全面赋能 Choice 金融终端，进一步适配主流信创操作系统：面向全球证券市场，构建低时延策略交易平台，满足投资者算法交易诉求，赋能精准决策。,,,,,,,,,0.07214405020615741,0.9006138608407338,0.09653173869075274,0.49857279976574326,0.6,0.41948620791566754
CAND-00160,300059.SZ,东方财富,研发投入,8,PRODUCT_INVEST,0.816406,0.377541,rerank_score_v1,0.816406,0.27,1,ANCHOR_OK,0,投资,SCORE_LED,COMPANY,SECTION_INHERIT:研发投入,R_AND_D,ORIGINAL,ACCEPT,PASS_ALL,LOW,0,利用自研妙想大模型全面赋能 Choice 金融终端，进一步适配主流信创操作系统：面向全球证券市场，构建低时延策略交易平台，满足投资者算法交易诉求，赋能精准决策。,,,,,,,,,0.04339378001692316,0.8053685467993491,0.062198736274509454,0.4337836415369293,0.25,0.16506754623053937
CAND-00163,300059.SZ,东方财富,研发投入,8,PRODUCT_INVEST,0.96875,0.2227,rerank_score_v1,0.96875,0.27,1,ANCHOR_OK,0,基金,SCORE_LED,COMPANY,SECTION_INHERIT:研发投入,APPLIED,ORIGINAL,ACCEPT,PASS_ALL,LOW,0,面向金融机构的新一代数据终端智能化研发项目：天天基金智能体应用编排平台。,,,,,,,,,0.049270153246479736,0.9668712862401654,0.06921618463103521,0.5180437354356003,0.25,0.17770656031534005
CAND-00163,300059.SZ,东方财富,研发投入,8,AI_GENERAL,0.953125,0.754915,score_mean,0.85402,0.5,1,GENERIC_AI_OK,0,,SCORE_LED,COMPANY,SECTION_INHERIT:研发投入,APPLIED,ORIGINAL,ACCEPT,PASS_ALL,LOW,0,面向金融机构的新一代数据终端智能化研发项目：天天基金智能体应用编排平台。,,,,,,,,,,0.8452438555829367,0.29267191119686864,0.5689578833899027,0.25,0.18534368250848543
CAND-00163,300059.SZ,东方财富,研发投入,8,TECH_LLM,0.652344,0.071591,rerank_score_v1,0.652344,0.57,1,ANCHOR_OK,0,智能体,SCORE_LED,COMPANY,SECTION_INHERIT:研发投入,APPLIED,ORIGINAL,ACCEPT,PASS_ALL,LOW,0,面向金融机构的新一代数据终端智能化研发项目：天天基金智能体应用编排平台。,,,,,,,,,0.14294604042998132,0.6314433351852443,0.18108207110257216,0.4062627031439082,0.25,0.16093940547158625
CAND-00168,300079.SZ,数码视讯,业务概要,1,AI_GENERAL,0.777344,0.679179,score_mean,0.7282615,0.5,1,GENERIC_AI_OK,0,,SCORE_LED,COMPANY,EXPLICIT,APPLIED,ORIGINAL,ACCEPT,PASS_ALL,LOW,0,报告期内，公司推出针对广电行业的AI Agent，该系统可以广泛应用于电视台、网络公司、台站等的机房运维中，具有综合采集、智能研判、按需排障的运维能力，下一步计划将应用扩展到广播电视内容生产、数字安全、显控交互等各个业务场景。,,,,,,,,,,0.7119249046694259,0.29267191119686864,0.5022984079331473,0.25,0.1753447611899721
CAND-00181,300079.SZ,数码视讯,核心竞争力,10,AI_GENERAL,0.59375,0.754915,score_mean,0.6743325,0.5,1,GENERIC_AI_OK,0,,SCORE_LED,COMPANY,EXPLICIT,APPLIED,ORIGINAL,ACCEPT,PASS_ALL,LOW,0,报告期内，公司推出针对广电行业的AI Agent，该系统可以广泛应用于电视台、网络公司、台站等的机房运维中，以本地化部署的广电垂直大模型为核心，具有综合采集、智能研判、按需排障的运维能力。,,,,,,,,,,0.6547537575595708,0.29267191119686864,0.4737128343782197,0.25,0.17105692515673296
CAND-00189,300085.SZ,银之杰,业务概要,4,PRODUCT_INVEST,0.96875,0.718594,rerank_score_v1,0.96875,0.27,1,ANCHOR_OK,0,股票|行情|投资,SCORE_LED,COMPANY,EXPLICIT,R_AND_D,ORIGINAL,ACCEPT,PASS_ALL,LOW,0,报告期内，公司持续引进专业人才，自主开发股票行情分析软件，重点在于融合AI 技术，实现人工智能辅助的股票行情与投资决策分析功能。,,,,,,,,,0.14456448974042518,0.9668712862401654,0.18301479116816802,0.5749430387041667,0.25,0.186241455805625
CAND-00189,300085.SZ,银之杰,业务概要,4,AI_GENERAL,0.90625,0.932453,score_mean,0.9193515,0.5,1,GENERIC_AI_OK,0,,SCORE_LED,COMPANY,EXPLICIT,R_AND_D,ORIGINAL,ACCEPT,PASS_ALL,LOW,0,报告期内，公司持续引进专业人才，自主开发股票行情分析软件，重点在于融合AI 技术，实现人工智能辅助的股票行情与投资决策分析功能。,,,,,,,,,,0.9145030073826642,0.29267191119686864,0.6035874592897664,0.25,0.19053811889346495
CAND-00190,300085.SZ,银之杰,研发投入,15,TECH_CV,0.652344,0.437823,rerank_score_v1,0.652344,0.3,1,ANCHOR_OK,1,图像识别,SCORE_LED,COMPANY,EXPLICIT,R_AND_D,SECTION_INFER,ACCEPT,PASS_ALL,HIGH,1,为公司各软硬件产品提供基础图像识别能力。,,,,,,,,,0.6337292872675919,0.6314433351852443,0.7671656900953784,0.6993045126403113,1.0,0.8195827075841868
CAND-00191,300085.SZ,银之杰,研发投入,15,TECH_CV,0.972656,0.946597,rerank_score_v1,0.972656,0.3,1,ANCHOR_OK,1,图像识别|OCR,SCORE_LED,COMPANY,EXPLICIT,R_AND_D,SECTION_INFER,ACCEPT,PASS_ALL,HIGH,1,基于机器学习技术建立公司级图像识别引擎，主要包括图像分类、图像全幅面 OCR、图像指定区域 OCR、图像特征点定位等通用功能，以及垂直领域的特定图像内容识别，如身份证、银行卡、营业执照、发票等。,,,,,,,,,0.7443098946023833,0.9710121102979282,0.899218858076968,0.935115484187448,1.0,0.9610692905124688
CAND-00191,300085.SZ,银之杰,研发投入,15,TECH_ML,0.5,0.001501,rerank_score_v1,0.5,0.05,1,ANCHOR_OK,1,机器学习,ANCHOR_LED,COMPANY,EXPLICIT,R_AND_D,SECTION_INFER,ACCEPT,PASS_ALL,LOW,0,基于机器学习技术建立公司级图像识别引擎，主要包括图像分类、图像全幅面 OCR、图像指定区域 OCR、图像特征点定位等通用功能，以及垂直领域的特定图像内容识别，如身份证、银行卡、营业执照、发票等。,,,,,,,,,0.6131211179835001,0.46994059574442804,0.7425558230865452,0.6062482094154866,0.25,0.190937231412323
CAND-00192,300085.SZ,银之杰,研发投入,15,TECH_ML,0.960938,0.006693,rerank_score_v1,0.960938,0.05,1,ANCHOR_OK,1,机器学习,ANCHOR_LED,COMPANY,SECTION_INHERIT:研发投入,R_AND_D,SECTION_INFER,ACCEPT,PASS_ALL,LOW,0,基于机器学习的新一代图像识别引擎。,,,,,,,,,0.6067256209565703,0.9585896381246396,0.7349184473876943,0.846754042756167,0.25,0.22701310641342504
CAND-00192,300085.SZ,银之杰,研发投入,15,TECH_CV,0.957031,0.047426,rerank_score_v1,0.957031,0.3,1,ANCHOR_OK,1,图像识别,SCORE_LED,COMPANY,SECTION_INHERIT:研发投入,R_AND_D,SECTION_INFER,ACCEPT,PASS_ALL,LOW,0,基于机器学习的新一代图像识别引擎。,,,,,,,,,0.6496949120810582,0.9544477539480704,0.7862315225793747,0.8703396382637225,0.25,0.23055094573955837
CAND-00193,300085.SZ,银之杰,研发投入,15,TECH_SPEECH,0.172852,0.002473,score_mean,0.0876625,0.05,1,ANCHOR_OK,1,智能语音,ANCHOR_LED,COMPANY,SECTION_INHERIT:研发投入,R_AND_D,SECTION_INFER,ACCEPT,PASS_ALL,LOW,0,完成基于通道质量的智能路由能力、富媒体短信的性能提升和功能完善、5G 消息的多样性模版、智能语音识别、AI 驱动能力。,,,,,,,,,0.4659333452611138,0.032813857414217724,0.566787104279463,0.29980048084684036,0.25,0.14497007212702606
CAND-00194,300085.SZ,银之杰,研发投入,15,TECH_CV,0.90625,0.060087,rerank_score_v1,0.90625,0.3,1,ANCHOR_OK,1,文字识别,SCORE_LED,COMPANY,SECTION_INHERIT:研发投入,R_AND_D,ORIGINAL,ACCEPT,PASS_ALL,MEDIUM,1,已完成核心引擎的搭建，具备了通用的图像分类和文字识别能力；完成了印章专用领域的模型训练和调优工作；针对表格类数据进行了专项加强。,,,,,,,,,0.5504260668618655,0.9006138608407338,0.6676866365544618,0.7841502486975978,0.6,0.5222940895311351
CAND-00195,300085.SZ,银之杰,研发投入,15,TECH_CV,0.984375,0.021615,rerank_score_v1,0.984375,0.3,1,ANCHOR_OK,1,图像识别|印鉴,SCORE_LED,COMPANY,SECTION_INHERIT:研发投入,R_AND_D,SECTION_INFER,ACCEPT,PASS_ALL,LOW,0,通过引入深度学习、 图像识别等先进技术，在信创环境下实现对印鉴真伪的高效、准确辨识；系统采用高精度图像采集设备，结合复杂的算法模型，能够迅速捕捉印鉴的细微特征， 并进行深度比对分析。,,,,,,,,,0.5922102829011142,0.9834356425900234,0.7175845185845774,0.8505100805873004,0.25,0.22757651208809507
CAND-00197,300085.SZ,银之杰,研发投入,16,PRODUCT_INVEST,0.976562,0.245085,rerank_score_v1,0.976562,0.27,1,ANCHOR_OK,0,股票|行情,SCORE_LED,COMPANY,SECTION_INHERIT:研发投入,APPLIED,ORIGINAL,ACCEPT,PASS_ALL,LOW,0,大模型在金融领域的应用项目：股票行情分析软件。,,,,,,,,,0.056210332259661155,0.9751529343556912,0.07750400875443922,0.5263284715550652,0.25,0.17894927073325978
CAND-00197,300085.SZ,银之杰,研发投入,16,TECH_LLM,0.679688,0.245085,rerank_score_v1,0.679688,0.57,1,ANCHOR_OK,1,大模型,SCORE_LED,COMPANY,SECTION_INHERIT:研发投入,APPLIED,ORIGINAL,ACCEPT,PASS_ALL,MEDIUM,1,大模型在金融领域的应用项目：股票行情分析软件。,,,,,,,,,0.175828498717907,0.6604312238271972,0.22034965058689004,0.44039043720704363,0.6,0.39854055739453564
CAND-00198,300085.SZ,银之杰,研发投入,16,PRODUCT_INVEST,0.933594,0.731059,rerank_score_v1,0.933594,0.27,1,ANCHOR_OK,0,股票|行情,SCORE_LED,COMPANY,SECTION_INHERIT:研发投入,R_AND_D,SECTION_INFER,ACCEPT,PASS_ALL,LOW,0,打造一款人工智能辅助的综合股票行情软件，旨在减少用户对股市有效数据、信息筛选时间，提升决策效率。,,,,,,,,,0.02535831149274042,0.9296017494826867,0.04066113748523916,0.4851314434839629,0.25,0.17276971652259443
CAND-00200,300130.SZ,新国都,核心竞争力,4,PRODUCT_FRAUD,0.972656,0.212069,score_mean,0.5923625,0.05,1,ANCHOR_OK,1,反欺诈,ANCHOR_LED,COMPANY,EXPLICIT,APPLIED,ORIGINAL,ACCEPT,PASS_ALL,MEDIUM,1,智能反欺诈、数字人民币、个人消费者权益保护、个人金融信息保护、商用密码应用等项目应用与落地，推进了系统持续迭代升级，不仅体现公司强大的产研融合能力，也彰显了企业勇于担当社会责任的形象。,,,,,,,,,0.11938233629115574,0.5678558189997082,0.15294276299141288,0.3603992909955605,0.6,0.3697437447584018
CAND-00202,300130.SZ,新国都,核心竞争力,4,PRODUCT_PAYMENT,0.992188,0.924142,rerank_score_v1,0.992188,0.33,1,ANCHOR_OK,1,支付|商户,SCORE_LED,COMPANY,EXPLICIT,R_AND_D,ORIGINAL,ACCEPT,PASS_ALL,HIGH,1,面对支付领域不断变化的欺诈手段，公司秉持科技赋能业务理念，基于大数据与人工智能技术，打造具备自主知识产权的支付风险防控系统，通过海量数据跨行业、跨领域自动深度挖掘、开展关联分析、溯源风险交易，构建全方位、多层级的“事前、事中、事后”全流程反欺诈风险管理体系，风险防控与决策等系统智能化服务已覆盖广大商户，系统风险防控和决策数据可靠性处于行业领先水平。,,,,,,,,,0.2001369346182923,0.9917183508243554,0.24937830259641228,0.6205483267103838,1.0,0.7723289960262303
CAND-00202,300130.SZ,新国都,核心竞争力,4,PRODUCT_FRAUD,0.984375,0.893309,score_mean,0.938842,0.05,1,ANCHOR_OK,1,欺诈|反欺诈,ANCHOR_LED,COMPANY,EXPLICIT,R_AND_D,ORIGINAL,ACCEPT,PASS_ALL,MEDIUM,1,面对支付领域不断变化的欺诈手段，公司秉持科技赋能业务理念，基于大数据与人工智能技术，打造具备自主知识产权的支付风险防控系统，通过海量数据跨行业、跨领域自动深度挖掘、开展关联分析、溯源风险交易，构建全方位、多层级的“事前、事中、事后”全流程反欺诈风险管理体系，风险防控与决策等系统智能化服务已覆盖广大商户，系统风险防控和决策数据可靠性处于行业领先水平。,,,,,,,,,0.544084380177673,0.9351652529786262,0.6601135200996131,0.7976393865391196,0.6,0.527150179154083
CAND-00205,300130.SZ,新国都,研发投入,12,TECH_DECISION,0.816406,0.546738,rerank_score_v2,0.546738,0.17,1,ANCHOR_OK,1,智能风控,SCORE_LED,COMPANY,SECTION_INHERIT:研发投入,R_AND_D,SECTION_INFER,ACCEPT,PASS_ALL,MEDIUM,1,数据罗盘，赋能内部运营效率提升：PayKKa 智能风控系统。,,,,,,,,,0.5262473692438949,0.5194884285175262,0.638812915428521,0.5791506719730236,0.6,0.44849424191028847
CAND-00210,300180.SZ,华峰超纤,研发投入,13,TECH_LLM,0.707031,6.6e-05,rerank_score_v1,0.707031,0.57,1,ANCHOR_OK,1,大模型,SCORE_LED,COMPANY,SECTION_INHERIT:研发投入,R_AND_D,SECTION_INFER,ACCEPT,PASS_ALL,LOW,0,次，适配全网”的能力：AIDL 接口覆盖率达到 100%，跨厂商适配平均周期 ≤3 天；引入端侧大模型的设备故障预测准确率≥95%，将终端离线平均故障恢复时间缩短至15 分钟以内，并通过知识蒸馏实现端云模型一致性误差≤1%。,,,,,,,,,0.13133699997284232,0.6894180523503438,0.16721878524675893,0.42831841879855137,0.25,0.1642477628197827
CAND-00211,300180.SZ,华峰超纤,研发投入,13,APP_INTERNAL,0.875,0.006693,score_max,0.875,0.63,1,ANCHOR_OK,1,智能运维,SCORE_LED,COMPANY,SECTION_INHERIT:研发投入,R_AND_D,SECTION_INFER,ACCEPT,PASS_ALL,LOW,0,次，适配全网”的能力：以项目实践为基础，主导或深度参与制定至少1项金融智能运维相关的国家、行业或团体标准。,,,,,,,,,0.1787466860487818,0.867485148141018,0.2238344920169887,0.5456598200790034,0.25,0.1818489730118505
CAND-00213,300180.SZ,华峰超纤,研发投入,13,TECH_DECISION,0.796875,0.987568,rerank_score_v2,0.987568,0.17,1,ANCHOR_OK,1,智能决策,SCORE_LED,COMPANY,SECTION_INHERIT:研发投入,R_AND_D,ORIGINAL,ACCEPT,PASS_ALL,MEDIUM,1,次，适配全网”的能力：开发基于人工智能和大模型的智能决策引擎，该引擎将集成自然语言处理、机器学习、深度学习等多种先进技术，能够对复杂的商业数据进行实时分析和预测。,,,,,,,,,0.3310930313038602,0.9868206019388295,0.4057634758255318,0.6962920388821806,0.6,0.49066513399758493
CAND-00213,300180.SZ,华峰超纤,研发投入,13,TECH_ML,0.320312,0.067547,rerank_score_v1,0.320312,0.05,1,ANCHOR_OK,1,机器学习|深度学习,ANCHOR_LED,COMPANY,SECTION_INHERIT:研发投入,R_AND_D,ORIGINAL,ACCEPT,PASS_ALL,MEDIUM,1,次，适配全网”的能力：开发基于人工智能和大模型的智能决策引擎，该引擎将集成自然语言处理、机器学习、深度学习等多种先进技术，能够对复杂的商业数据进行实时分析和预测。,,,,,,,,,0.4549268144557304,0.27944996766165886,0.5536433234993718,0.41654664558051535,0.6,0.38995679240898556
CAND-00214,300180.SZ,华峰超纤,研发投入,13,APP_INTERNAL,0.949219,0.053403,score_max,0.949219,0.63,1,ANCHOR_OK,1,AIOps,SCORE_LED,COMPANY,SECTION_INHERIT:研发投入,R_AND_D,ORIGINAL,ACCEPT,PASS_ALL,MEDIUM,1,次，适配全网”的能力：旨在构建一个超越当前所有AIOps 范式的全新体系。,,,,,,,,,0.19750601648520716,0.9461661058325447,0.246236512344508,0.5962013090885263,0.6,0.45463247127186945
CAND-00215,300180.SZ,华峰超纤,研发投入,13,TECH_LLM,0.796875,0.112795,rerank_score_v1,0.796875,0.57,1,ANCHOR_OK,1,大模型,SCORE_LED,COMPANY,SECTION_INHERIT:研发投入,R_AND_D,ORIGINAL,ACCEPT,PASS_ALL,MEDIUM,1,次，适配全网”的能力：本项目以智能大模型、先进制造技术为支撑，研发新一代智能收单展业小程序。,,,,,,,,,0.0990743020003289,0.7846633663917284,0.12869131123854574,0.45667733881513706,0.6,0.4044038419734493
CAND-00215,300180.SZ,华峰超纤,研发投入,13,AI_GENERAL,0.878906,0.233706,score_mean,0.556306,0.5,1,GENERIC_AI_OK,0,,SCORE_LED,COMPANY,SECTION_INHERIT:研发投入,R_AND_D,ORIGINAL,ACCEPT,PASS_ALL,LOW,0,次，适配全网”的能力：本项目以智能大模型、先进制造技术为支撑，研发新一代智能收单展业小程序。,,,,,,,,,,0.5296316452570744,0.29267191119686864,0.4111517782269715,0.25,0.16167276673404574
CAND-00217,300180.SZ,华峰超纤,研发投入,13,TECH_LLM,0.707031,0.294215,rerank_score_v1,0.707031,0.57,1,ANCHOR_OK,1,多模态|大模型,SCORE_LED,COMPANY,SECTION_INHERIT:研发投入,R_AND_D,ORIGINAL,ACCEPT,PASS_ALL,MEDIUM,1,次，适配全网”的能力：构建一个基于自主可控多模态大模型的商业智能认知中台，并在此之上打造商户智能尽调与产业映射平台。,,,,,,,,,0.17074288631682208,0.6894180523503438,0.21427651312747556,0.4518472827389097,0.6,0.40266502178600744
CAND-00218,300180.SZ,华峰超纤,研发投入,13,TECH_DECISION,0.816406,0.754915,rerank_score_v2,0.754915,0.17,1,ANCHOR_OK,0,趋势预测|销售预测|决策支持,SCORE_LED,COMPANY,SECTION_INHERIT:研发投入,COMMERCIAL,ORIGINAL,ACCEPT,PASS_ALL,LOW,0,次，适配全网”的能力：通过对历史数据的学习和分析，引擎可以为商户提供精准的市场趋势预测、客户需求分析、 商品销售预测等决策支持信息，帮助商户制定更加科学合理的经营策略。,,,,,,,,,0.20061069526222322,0.740180781275566,0.2499440581606467,0.49506241971810633,0.25,0.17425936295771594
CAND-00224,300348.SZ,长亮科技,业务概要,2,TECH_LLM,0.96875,0.012432,rerank_score_v1,0.96875,0.57,1,ANCHOR_OK,1,大模型|智能体,SCORE_LED,COMPANY,EXPLICIT,R_AND_D,ORIGINAL,ACCEPT,PASS_ALL,MEDIUM,1,基于该策略，公司以打造银行智能核心一体化方案为目标，制定了模型试水、领域深耕及生态构建的三阶段研发规划，目前已完成第一阶段通用大模型能力验证的目标，迈入第二阶段，聚焦银行核心系统智能化研发提效，构建AutoBA、AutoDesign、AutoTest 等多个领域专家智能体，覆盖接口差异分析、需求问答、代码解读、测试案例等多个场景。,,,,,,,,,0.3760767943137139,0.9668712862401654,0.4594821933869182,0.7131767398135418,0.6,0.49674362633287505
CAND-00224,300348.SZ,长亮科技,业务概要,2,AI_GENERAL,0.933594,0.867036,score_mean,0.900315,0.5,1,GENERIC_AI_OK,0,,SCORE_LED,COMPANY,EXPLICIT,R_AND_D,ORIGINAL,ACCEPT,PASS_ALL,LOW,0,基于该策略，公司以打造银行智能核心一体化方案为目标，制定了模型试水、领域深耕及生态构建的三阶段研发规划，目前已完成第一阶段通用大模型能力验证的目标，迈入第二阶段，聚焦银行核心系统智能化研发提效，构建AutoBA、AutoDesign、AutoTest 等多个领域专家智能体，覆盖接口差异分析、需求问答、代码解读、测试案例等多个场景。,,,,,,,,,,0.8943220557248037,0.29267191119686864,0.5934969834608361,0.25,0.18902454751912542
CAND-00225,300348.SZ,长亮科技,业务概要,2,TECH_LLM,0.835938,0.080357,rerank_score_v1,0.835938,0.57,1,ANCHOR_OK,1,大模型,SCORE_LED,COMPANY,EXPLICIT,APPLIED,ORIGINAL,ACCEPT,PASS_ALL,MEDIUM,1,报告期内，针对金融行业在大模型应用中普遍存在的四大痛点：通用模型理解力不足、知识碎片化、复杂关系难梳理、部署成本高昂，公司提出构建“N+M”大模型协同策略，通过N 个通用大模型与M 个场景小模型的有机组合，全面提升金融领域的大模型应用效果，拓宽大模型应用场景。,,,,,,,,,0.3961437737916924,0.8260747873257763,0.48344578226345425,0.6547602847946152,0.6,0.4757137025260615
CAND-00226,300348.SZ,长亮科技,业务概要,2,PRODUCT_PAYMENT,0.996094,0.949669,rerank_score_v1,0.996094,0.33,1,ANCHOR_OK,1,支付|清算,SCORE_LED,COMPANY,SECTION_INHERIT:业务概要,APPLIED,ANCHOR_INFER,ACCEPT,PASS_ALL,MEDIUM,1,支付平台采用交易与对账分离结构，支持新老系统无风险切换，确保业务连续性；依托智能路由、智能入账、智能分析等核心能力，实现支付路径的自动优选、资金的高效清算和交易风险的实时管控。,,,,,,,,,0.29320014847270665,0.9958591748821184,0.36051254673034794,0.6781858608062332,0.6,0.48414690989024395
CAND-00228,300348.SZ,长亮科技,业务概要,3,TECH_LLM,0.796875,0.201813,rerank_score_v1,0.796875,0.57,1,ANCHOR_OK,1,大模型,SCORE_LED,COMPANY,EXPLICIT,APPLIED,ORIGINAL,ACCEPT,PASS_ALL,MEDIUM,1,2026年，公司数字金融业务将持续深化“N+M”大模型协同策略，深度赋能银行核心系统智能化转型，推进数字人民币2.0 研发及多场景应用升级，并在积极拓展信贷领域海外市场的业务商机的同时，稳步提升国内AMC 市场的份额与核心竞争力。,,,,,,,,,0.1253234735697645,0.7846633663917284,0.16003755129076208,0.47235045884124527,0.6,0.4100461651828483
CAND-00230,300348.SZ,长亮科技,业务概要,3,PRODUCT_FRAUD,0.992188,0.743168,score_mean,0.867678,0.05,1,ANCHOR_OK,1,反欺诈,ANCHOR_LED,COMPANY,EXPLICIT,APPLIED,ANCHOR_INFER,ACCEPT,PASS_ALL,MEDIUM,1,公司严格遵循国家数据局、中国信通院等机构牵头制定的相关标准，聚焦反欺诈、实时风控、精准营销、监管报送等具体业务痛点，帮助客户实现降本增效。,,,,,,,,,0.3290997159781478,0.8597229582406236,0.40338309819973667,0.6315530282201801,0.6,0.4673590901592648
CAND-00231,300348.SZ,长亮科技,业务概要,3,TECH_PRIVACY,0.679688,0.033086,rerank_score_v1,0.679688,0.05,1,ANCHOR_OK,1,隐私计算,ANCHOR_LED,COMPANY,EXPLICIT,R_AND_D,ORIGINAL,ACCEPT,PASS_ALL,MEDIUM,1,基于在银行核心系统领域近百个项目的成功实施经验，以及自主研发的微服务架构、分布式技术平台等成熟技术积累，公司将在数字人民币2.0 领域进行系统性布局：一是研发数字人民币与银行核心系统一体化解决方案；二是研发智能合约、隐私计算等数字人民币2.0 关键技术；三是为客户拓展政务、跨境等高频场景应用。,,,,,,,,,0.30643738161396883,0.6604312238271972,0.3763201879953511,0.5183757059112741,0.6,0.42661525412805873
CAND-00234,300348.SZ,长亮科技,业务概要,4,AI_GENERAL,0.730469,0.893309,score_mean,0.8118890000000001,0.5,1,GENERIC_AI_OK,0,,SCORE_LED,COMPANY,EXPLICIT,APPLIED,ORIGINAL,ACCEPT,PASS_ALL,LOW,0,2026年，公司将继续以“产品智能化、服务深度化、市场全球化”为战略核心，夯实DataMind 数智一体化平台的底座能力，以AIS Agent 通用智能体平台为创新引擎，推动AI 大模型与数据业务融合，推动智能风控、智能营销、监管合规等核心场景的全面落地与规模化应用。,,,,,,,,,,0.8005799901508815,0.29267191119686864,0.5466259506738751,0.25,0.1819938926010813
CAND-00234,300348.SZ,长亮科技,业务概要,4,TECH_DECISION,0.679688,0.182426,rerank_score_v2,0.182426,0.17,1,ANCHOR_OK,1,智能风控,SCORE_LED,COMPANY,EXPLICIT,APPLIED,ORIGINAL,ACCEPT,PASS_ALL,HIGH,1,2026年，公司将继续以“产品智能化、服务深度化、市场全球化”为战略核心，夯实DataMind 数智一体化平台的底座能力，以AIS Agent 通用智能体平台为创新引擎，推动AI 大模型与数据业务融合，推动智能风控、智能营销、监管合规等核心场景的全面落地与规模化应用。,,,,,,,,,0.2866954108243263,0.1332744259236424,0.35274471804808055,0.24300957198586148,1.0,0.5458057431915169
CAND-00240,300348.SZ,长亮科技,业务概要,5,AI_GENERAL,0.914062,0.106691,score_mean,0.5103765,0.5,1,GENERIC_AI_OK,0,,SCORE_LED,COMPANY,SECTION_INHERIT:业务概要,R_AND_D,ORIGINAL,ACCEPT,PASS_ALL,LOW,0,通过以AI 重新构建产品解决方案逻辑，快速聚焦关键经营管理场景，致力于成为银行内部价值管理的核心引擎，助力银行提升管理效率、精准度与前瞻性。,,,,,,,,,,0.4809409185389433,0.29267191119686864,0.38680641486790596,0.25,0.1580209622301859
CAND-00242,300348.SZ,长亮科技,核心竞争力,9,TECH_LLM,0.867188,0.067547,rerank_score_v1,0.867188,0.57,1,ANCHOR_OK,1,大模型|RAG,SCORE_LED,COMPANY,EXPLICIT,COMMERCIAL,ORIGINAL,ACCEPT,PASS_ALL,MEDIUM,1,公司与宝德联合发布“AI 数字生产力平台联合解决方案”，将大模型能力深度嵌入软件研发全流程，通过自动化代码生成与智能运维，系统性释放数字生产力；同时，公司携手华为鲲鹏发布“鲲鹏RAG 解决方案1.0”，并在金融大数据领域落地智能风控实践，依托鲲鹏智能算力基座，大幅提升了风险决策的精准度与可解释性，构建了“软件定义核心+国产硬核底座”的一体化交付能力。,,,,,,,,,0.2584849093615304,0.8592035000254922,0.31905629673897273,0.5891298983822324,0.6,0.4520867634176037
CAND-00242,300348.SZ,长亮科技,核心竞争力,9,AI_GENERAL,0.349609,0.851953,score_mean,0.600781,0.5,1,GENERIC_AI_OK,0,,SCORE_LED,COMPANY,EXPLICIT,COMMERCIAL,ORIGINAL,ACCEPT,PASS_ALL,LOW,0,公司与宝德联合发布“AI 数字生产力平台联合解决方案”，将大模型能力深度嵌入软件研发全流程，通过自动化代码生成与智能运维，系统性释放数字生产力；同时，公司携手华为鲲鹏发布“鲲鹏RAG 解决方案1.0”，并在金融大数据领域落地智能风控实践，依托鲲鹏智能算力基座，大幅提升了风险决策的精准度与可解释性，构建了“软件定义核心+国产硬核底座”的一体化交付能力。,,,,,,,,,,0.57678042917131,0.29267191119686864,0.4347261701840893,0.25,0.1652089255276134
CAND-00244,300348.SZ,长亮科技,核心竞争力,9,AI_GENERAL,0.835938,0.562177,score_mean,0.6990575,0.5,1,GENERIC_AI_OK,0,,SCORE_LED,COMPANY,EXPLICIT,APPLIED,ORIGINAL,ACCEPT,PASS_ALL,LOW,0,在核心系统智能化领域，公司携手华为重磅发布“长亮科技＆华为AI 银行核心系统需求分析智能体联合解决方案”。,,,,,,,,,,0.6809651950475859,0.29267191119686864,0.48681855312222727,0.25,0.1730227829683341
CAND-00244,300348.SZ,长亮科技,核心竞争力,9,TECH_LLM,0.652344,0.085099,rerank_score_v1,0.652344,0.57,1,ANCHOR_OK,0,智能体,SCORE_LED,COMPANY,EXPLICIT,APPLIED,ORIGINAL,ACCEPT,PASS_ALL,LOW,0,在核心系统智能化领域，公司携手华为重磅发布“长亮科技＆华为AI 银行核心系统需求分析智能体联合解决方案”。,,,,,,,,,0.13590967019939457,0.6314433351852443,0.1726793773352357,0.40206135626024,0.25,0.16030920343903599
CAND-00245,300348.SZ,长亮科技,核心竞争力,9,TECH_LLM,0.894531,0.7773,rerank_score_v1,0.894531,0.57,1,ANCHOR_OK,1,大模型,SCORE_LED,COMPANY,EXPLICIT,R_AND_D,ORIGINAL,ACCEPT,PASS_ALL,HIGH,1,报告期内，公司坚持“AI 原生”战略，将大模型技术深度植入核心业务平台，构建了通用大模型与金融垂域小模型协同创新的“N+M”技术体系。,,,,,,,,,0.3096791284346659,0.8881903285486387,0.3801914177505942,0.6341908731496164,1.0,0.7805145238897699
CAND-00245,300348.SZ,长亮科技,核心竞争力,9,AI_GENERAL,0.5625,0.990874,score_mean,0.776687,0.5,1,GENERIC_AI_OK,0,,SCORE_LED,COMPANY,EXPLICIT,R_AND_D,ORIGINAL,ACCEPT,PASS_ALL,LOW,0,报告期内，公司坚持“AI 原生”战略，将大模型技术深度植入核心业务平台，构建了通用大模型与金融垂域小模型协同创新的“N+M”技术体系。,,,,,,,,,,0.7632616879283087,0.29267191119686864,0.5279667995625887,0.25,0.1791950199343883
CAND-00247,300348.SZ,长亮科技,研发投入,15,TECH_LLM,0.816406,0.002801,rerank_score_v1,0.816406,0.57,1,ANCHOR_OK,1,大模型,SCORE_LED,COMPANY,SECTION_INHERIT:研发投入,R_AND_D,ORIGINAL,ACCEPT,PASS_ALL,MEDIUM,1,主要研发项目名称：云原生数字生产力平台建设项目-大模型 V1.0 研发。,,,,,,,,,0.18317531155396444,0.8053685467993491,0.22912306875624341,0.5172458077777963,0.6,0.4262084908000066
CAND-00249,300348.SZ,长亮科技,研发投入,15,TECH_LLM,0.988281,0.651355,rerank_score_v1,0.988281,0.57,1,ANCHOR_OK,1,大模型,SCORE_LED,COMPANY,SECTION_INHERIT:研发投入,APPLIED,ORIGINAL,ACCEPT,PASS_ALL,MEDIUM,1,项目目的：通过大模型技术的应用，打造一款高效、 智能的开发辅助平台，全面解决金融科。,,,,,,,,,0.21624903846417248,0.9875764666477862,0.26861905743559666,0.6280977620416914,0.6,0.4661151943350089
CAND-00250,300377.SZ,赢时胜,业务概要,1,AI_GENERAL,0.816406,0.928409,score_mean,0.8724075,0.5,1,GENERIC_AI_OK,0,,SCORE_LED,COMPANY,EXPLICIT,APPLIED,ORIGINAL,ACCEPT,PASS_ALL,LOW,0,2025年公司围绕四大核心发展方向统筹经营工作：夯实安全技术底座、引领核心业务系统信创迭代升级，深度融合大模型技术、以智能化变革重塑金融业务应用场景，践行开放协同理念、构建新一代“AI 原生+多智能体协同生态”产品生态，聚焦资产管理与托管业务信息化解决方案赛道。,,,,,,,,,,0.8647367901354495,0.29267191119686864,0.5787043506661591,0.25,0.18680565259992388
CAND-00250,300377.SZ,赢时胜,业务概要,1,TECH_LLM,0.59375,0.005911,rerank_score_v1,0.59375,0.57,1,ANCHOR_OK,1,大模型|智能体,SCORE_LED,COMPANY,EXPLICIT,APPLIED,ORIGINAL,ACCEPT,PASS_ALL,MEDIUM,1,2025年公司围绕四大核心发展方向统筹经营工作：夯实安全技术底座、引领核心业务系统信创迭代升级，深度融合大模型技术、以智能化变革重塑金融业务应用场景，践行开放协同理念、构建新一代“AI 原生+多智能体协同生态”产品生态，聚焦资产管理与托管业务信息化解决方案赛道。,,,,,,,,,-0.0007095510668066983,0.5693267338435756,0.009531413056480115,0.28942907345002783,0.6,0.34419446644201
CAND-00251,300377.SZ,赢时胜,业务概要,1,AI_GENERAL,0.816406,0.468791,score_mean,0.6425985,0.5,1,GENERIC_AI_OK,0,,SCORE_LED,COMPANY,SECTION_INHERIT:业务概要,APPLIED,ORIGINAL,ACCEPT,PASS_ALL,LOW,0,全业务板块人工智能适配赋能：全面对接主流开源大模型与金融机构自研大模型，完成资产管理、资产托管、数据应用、泛资管运营、资管信息披露等全业务板块的系统适配与能力嵌入，将人工智能技术深度融入核算、清算、风控、数据处理、信息披露、运营管理等核心业务环节，实现人工智能与业务系统的原生融合，替代传统外挂式人工智能应用模式。,,,,,,,,,,0.6211119473575617,0.29267191119686864,0.45689192927721517,0.25,0.16853378939158228
CAND-00251,300377.SZ,赢时胜,业务概要,1,TECH_LLM,0.621094,0.021615,rerank_score_v1,0.621094,0.57,1,ANCHOR_OK,1,大模型,SCORE_LED,COMPANY,SECTION_INHERIT:业务概要,APPLIED,ORIGINAL,ACCEPT,PASS_ALL,MEDIUM,1,全业务板块人工智能适配赋能：全面对接主流开源大模型与金融机构自研大模型，完成资产管理、资产托管、数据应用、泛资管运营、资管信息披露等全业务板块的系统适配与能力嵌入，将人工智能技术深度融入核算、清算、风控、数据处理、信息披露、运营管理等核心业务环节，实现人工智能与业务系统的原生融合，替代传统外挂式人工智能应用模式。,,,,,,,,,0.182718135991038,0.5983146224855285,0.22857711876678982,0.4134458706261591,0.6,0.3888405134254173
CAND-00252,300377.SZ,赢时胜,业务概要,1,AI_GENERAL,0.777344,0.992879,score_mean,0.8851115,0.5,1,GENERIC_AI_OK,0,,SCORE_LED,COMPANY,EXPLICIT,APPLIED,ORIGINAL,ACCEPT,PASS_ALL,LOW,0,公司以AI 原生为核心研发理念，聚焦人工智能对金融业务系统的深度赋能，构建金融垂直领域人工智能落地一体化解决方案，核心聚焦主流大模型的场景化适配与业务融合，不参与大模型研发与供应，致力于将成熟大模型能力与金融核心业务场景深度耦合。,,,,,,,,,,0.8782045394518396,0.29267191119686864,0.5854382253243542,0.25,0.18781573379865313
CAND-00252,300377.SZ,赢时胜,业务概要,1,TECH_LLM,0.707031,0.164516,rerank_score_v1,0.707031,0.57,1,ANCHOR_OK,1,大模型,SCORE_LED,COMPANY,EXPLICIT,APPLIED,ORIGINAL,ACCEPT,PASS_ALL,MEDIUM,1,公司以AI 原生为核心研发理念，聚焦人工智能对金融业务系统的深度赋能，构建金融垂直领域人工智能落地一体化解决方案，核心聚焦主流大模型的场景化适配与业务融合，不参与大模型研发与供应，致力于将成熟大模型能力与金融核心业务场景深度耦合。,,,,,,,,,0.21609631494710282,0.6894180523503438,0.2684366780406881,0.47892736519551593,0.6,0.41241385147038573
CAND-00255,300377.SZ,赢时胜,业务概要,1,AI_GENERAL,0.707031,0.893309,score_mean,0.80017,0.5,1,GENERIC_AI_OK,0,,SCORE_LED,COMPANY,SECTION_INHERIT:业务概要,APPLIED,ORIGINAL,ACCEPT,PASS_ALL,LOW,0,执行式人工智能落地应用：突破传统辅助智能的应用边界，构建“感知-决策-执行”全闭环智能体系，研发适配各业务场景的智能体数字员工，可自主完成数据处理、账务核算、监督管控、异常排查等业务操作，实现零人工干预的智能化运营，推动各业务板块迈入人机协同发展新阶段。,,,,,,,,,,0.7881564578587865,0.29267191119686864,0.5404141845278276,0.25,0.18106212767917415
CAND-00257,300377.SZ,赢时胜,业务概要,1,TECH_LLM,0.707031,0.754915,rerank_score_v1,0.707031,0.57,1,ANCHOR_OK,1,大模型,SCORE_LED,COMPANY,EXPLICIT,APPLIED,ANCHOR_INFER,ACCEPT,PASS_ALL,HIGH,1,报告期内，公司为头部公募基金、头部保险资管完成资产管理全系统AI 原生适配，实现估值核算、资金清算全流程人工智能能力嵌入；为大型股份制银行完成资产托管系统大模型兼容改造，实现多源大模型无缝切换调用。,,,,,,,,,0.1820384643066353,0.6894180523503438,0.22776546832214153,0.45859176033624266,1.0,0.6751550562017457
CAND-00258,300377.SZ,赢时胜,业务概要,2,AI_GENERAL,0.182617,0.919643,score_mean,0.55113,0.5,1,GENERIC_AI_OK,0,,SCORE_LED,COMPANY,EXPLICIT,APPLIED,ORIGINAL,ACCEPT,PASS_ALL,LOW,0,AI 原生重构业务研发范式公司摒弃传统“外挂式”“补丁式”人工智能应用模式，确立AI 原生研发范式，在需求分析、架构设计阶段即将大模型逻辑深度嵌入系统内核，赋予系统自主认知、自主决策能力，实现人工智能技术与业务场景的原生融合，而非单一功能叠加。,,,,,,,,,,0.5241444703151951,0.29267191119686864,0.40840819075603185,0.25,0.16126122861340478
CAND-00261,300377.SZ,赢时胜,业务概要,2,AI_GENERAL,0.980469,0.851953,score_mean,0.916211,0.5,1,GENERIC_AI_OK,0,,SCORE_LED,COMPANY,EXPLICIT,APPLIED,ORIGINAL,ACCEPT,PASS_ALL,LOW,0,在此背景下，公司主动顺应金融科技发展趋势，持续加大新一代产品及信创、人工智能相关产品的研发投入，在巩固传统产品市场优势的基础上，全面推进“AI原生+信创”双轮驱动技术落地实践，推动资产管理业务板块高质量发展。,,,,,,,,,,0.9111737042711936,0.29267191119686864,0.6019228077340311,0.25,0.19028842116010466
CAND-00262,300377.SZ,赢时胜,业务概要,2,TECH_LLM,0.679688,0.106691,rerank_score_v1,0.679688,0.57,1,ANCHOR_OK,1,智能体|RAG,SCORE_LED,COMPANY,EXPLICIT,APPLIED,ORIGINAL,ACCEPT,PASS_ALL,MEDIUM,1,执行式人工智能构建智能体数字员工公司实现由“辅助智能”向“执行式人工智能”的关键跨越，研发智能体数字员工解决方案，依托MCP 协议调用系统工具、RAG 检索自有知识库、业务日历驱动自主工作等自研核心技术，突破传统规则引擎应用局限，构建“感知-决策-执行”完整职能闭环。,,,,,,,,,0.1753869701051907,0.6604312238271972,0.2198223858750298,0.4401268048511135,0.6,0.39844564974640084
CAND-00262,300377.SZ,赢时胜,业务概要,2,AI_GENERAL,0.46875,0.592667,score_mean,0.5307085,0.5,1,GENERIC_AI_OK,0,,SCORE_LED,COMPANY,EXPLICIT,APPLIED,ORIGINAL,ACCEPT,PASS_ALL,LOW,0,执行式人工智能构建智能体数字员工公司实现由“辅助智能”向“执行式人工智能”的关键跨越，研发智能体数字员工解决方案，依托MCP 协议调用系统工具、RAG 检索自有知识库、业务日历驱动自主工作等自研核心技术，突破传统规则引擎应用局限，构建“感知-决策-执行”完整职能闭环。,,,,,,,,,,0.5024952541104832,0.29267191119686864,0.39758358265367594,0.25,0.1596375373980514
CAND-00267,300377.SZ,赢时胜,业务概要,4,TECH_ML,0.090332,0.00181,rerank_score_v1,0.090332,0.05,1,ANCHOR_OK,1,机器学习,ANCHOR_LED,COMPANY,SECTION_INHERIT:业务概要,APPLIED,ORIGINAL,ACCEPT,PASS_ALL,MEDIUM,1,AI 原生+前沿技术深度融合应用：以AI 原生为核心研发理念，将自然语言处理（NLP）、机器学习、大数据等前沿技术深度耦合至数据业务场景，推动技术与业务深度融合创新。,,,,,,,,,0.3110050388680021,0.03564384456787824,0.38177479369147493,0.20870931912967658,0.6,0.31513535488668354
CAND-00268,300377.SZ,赢时胜,业务概要,4,PRODUCT_INVEST,0.867188,0.692642,rerank_score_v1,0.867188,0.27,1,ANCHOR_OK,0,投资,SCORE_LED,COMPANY,SECTION_INHERIT:业务概要,APPLIED,ORIGINAL,ACCEPT,PASS_ALL,LOW,0,同时，持续探索人工智能大模型与投资管理、数据分析等业务场景的融合创新，挖掘智能化应用场景，助力客户提升数据决策科学性与高效性。,,,,,,,,,0.11285464840504755,0.8592035000254922,0.1451475275904546,0.5021755138079734,0.25,0.175326327071196
CAND-00268,300377.SZ,赢时胜,业务概要,4,TECH_LLM,0.851562,0.281406,rerank_score_v1,0.851562,0.57,1,ANCHOR_OK,1,大模型,SCORE_LED,COMPANY,SECTION_INHERIT:业务概要,APPLIED,ORIGINAL,ACCEPT,PASS_ALL,MEDIUM,1,同时，持续探索人工智能大模型与投资管理、数据分析等业务场景的融合创新，挖掘智能化应用场景，助力客户提升数据决策科学性与高效性。,,,,,,,,,0.07454376444270772,0.8426380835568279,0.0993974298352007,0.4710177566960143,0.6,0.4095663924105652
CAND-00268,300377.SZ,赢时胜,业务概要,4,AI_GENERAL,0.777344,0.562177,score_mean,0.6697605,0.5,1,GENERIC_AI_OK,0,,SCORE_LED,COMPANY,SECTION_INHERIT:业务概要,APPLIED,ORIGINAL,ACCEPT,PASS_ALL,LOW,0,同时，持续探索人工智能大模型与投资管理、数据分析等业务场景的融合创新，挖掘智能化应用场景，助力客户提升数据决策科学性与高效性。,,,,,,,,,,0.6499068943767515,0.29267191119686864,0.4712894027868101,0.25,0.1706934104180215
CAND-00270,300377.SZ,赢时胜,业务概要,4,AI_GENERAL,0.867188,0.679179,score_mean,0.7731835,0.5,1,GENERIC_AI_OK,0,,SCORE_LED,COMPANY,SECTION_INHERIT:业务概要,APPLIED,ORIGINAL,ACCEPT,PASS_ALL,LOW,0,重点推进人工智能技术在数据处理、合同应用、指标管理等领域的项目落地，解决客户数据处理效率、数据精准度等核心痛点；构建新一代智能风险信用预警系统，采用大小模型协同、专家经验与人工智能融合的研发模式，提升系统市场信用风险分析与快速响应能力，强化数据模型专业性与实用性。,,,,,,,,,,0.7595475616901183,0.29267191119686864,0.5261097364434935,0.25,0.17891646046652404
CAND-00272,300377.SZ,赢时胜,业务概要,5,APP_INTERNAL,0.753906,0.100879,score_max,0.753906,0.63,1,ANCHOR_OK,0,智能审核,SCORE_LED,COMPANY,SECTION_INHERIT:业务概要,R_AND_D,ORIGINAL,ACCEPT,PASS_ALL,LOW,0,AI 原生+前沿技术构建智能审核体系：确立AI 原生研发思路，突破传统系统功能局限，构建新一代信息披露平台，实现产品由传统模式向场景化、自动化、数智化转型，为资管行业报表提供专业、高效、稳定、安全的信息披露解决方案，已在基金行业客户完成系统升级。,,,,,,,,,0.24776657911751093,0.7391111213999175,0.3062566793529834,0.5226839003764505,0.25,0.17840258505646758
CAND-00272,300377.SZ,赢时胜,业务概要,5,AI_GENERAL,0.867188,0.468791,score_mean,0.6679895,0.5,1,GENERIC_AI_OK,0,,SCORE_LED,COMPANY,SECTION_INHERIT:业务概要,R_AND_D,ORIGINAL,ACCEPT,PASS_ALL,LOW,0,AI 原生+前沿技术构建智能审核体系：确立AI 原生研发思路，突破传统系统功能局限，构建新一代信息披露平台，实现产品由传统模式向场景化、自动化、数智化转型，为资管行业报表提供专业、高效、稳定、安全的信息披露解决方案，已在基金行业客户完成系统升级。,,,,,,,,,,0.6480294239706332,0.29267191119686864,0.47035066758375094,0.25,0.17055260013756263
CAND-00273,300377.SZ,赢时胜,业务概要,5,PRODUCT_INVEST,0.9375,0.042088,rerank_score_v1,0.9375,0.27,1,ANCHOR_OK,0,资管,SCORE_LED,COMPANY,EXPLICIT,APPLIED,ORIGINAL,ACCEPT,PASS_ALL,LOW,0,AI 应用方面，公司聚焦资管单据处理痛点，推出AI 智能解析平台。,,,,,,,,,0.2809517779079572,0.9337425735404495,0.3458857855407417,0.6398141795405956,0.25,0.19597212693108934
CAND-00275,300377.SZ,赢时胜,业务概要,5,AI_GENERAL,0.914062,0.245085,score_mean,0.5795735,0.5,1,GENERIC_AI_OK,0,,SCORE_LED,COMPANY,SECTION_INHERIT:业务概要,APPLIED,ORIGINAL,ACCEPT,PASS_ALL,LOW,0,其中，与某金融机构合作落地的公募定期报告人工智能智能审查平台，完成多期定期报告全流程人工智能审核，应用成效显著，获得客户高度认可。,,,,,,,,,,0.5542979595847748,0.29267191119686864,0.4234849353908217,0.25,0.16352274030862327
CAND-00276,300377.SZ,赢时胜,业务概要,5,AI_GENERAL,0.349609,0.936285,score_mean,0.642947,0.5,1,GENERIC_AI_OK,0,,SCORE_LED,COMPANY,SECTION_INHERIT:业务概要,APPLIED,ORIGINAL,ACCEPT,PASS_ALL,LOW,0,在信息披露强监管背景下，推出信息披露人工智能智能审核系统，秉持“以数据为中心、业务为核心、人工智能为场景”的研发理念，形成核心业务系统闭环，依托人工智能能力反哺数据与业务迭代演进。,,,,,,,,,,0.621481398761589,0.29267191119686864,0.45707665497922884,0.25,0.16856149824688432
CAND-00280,300377.SZ,赢时胜,核心竞争力,8,AI_GENERAL,0.730469,0.946597,score_mean,0.838533,0.5,1,GENERIC_AI_OK,0,,SCORE_LED,COMPANY,SECTION_INHERIT:核心竞争力,APPLIED,ORIGINAL,ACCEPT,PASS_ALL,LOW,0,全年围绕四大核心发展方向统筹经营工作：夯实安全技术底座、引领核心业务系统信念、构建新一代“AI 原生+多智能体协同生态”产品生态、聚焦资产管理与托管业务信息化解决方案赛道创迭代升级，深度融合大模型技术、以智能化变革重塑金融业务应用场景，践行开放协同理。,,,,,,,,,,0.8288257956283608,0.29267191119686864,0.5607488534126147,0.25,0.1841123280118922
CAND-00280,300377.SZ,赢时胜,核心竞争力,8,TECH_LLM,0.707031,0.014064,rerank_score_v1,0.707031,0.57,1,ANCHOR_OK,1,智能体|大模型,SCORE_LED,COMPANY,SECTION_INHERIT:核心竞争力,APPLIED,ORIGINAL,ACCEPT,PASS_ALL,MEDIUM,1,全年围绕四大核心发展方向统筹经营工作：夯实安全技术底座、引领核心业务系统信念、构建新一代“AI 原生+多智能体协同生态”产品生态、聚焦资产管理与托管业务信息化解决方案赛道创迭代升级，深度融合大模型技术、以智能化变革重塑金融业务应用场景，践行开放协同理。,,,,,,,,,-0.008691104714132102,0.6894180523503438,0.0,0.3447090261751719,0.6,0.3640952494230619
CAND-00283,300380.SZ,安硕信息,研发投入,10,PRODUCT_CREDIT,0.964844,0.718594,rerank_score_v1,0.964844,0.29,1,ANCHOR_OK,1,信贷,SCORE_LED,COMPANY,SECTION_INHERIT:研发投入,R_AND_D,ORIGINAL,ACCEPT,PASS_ALL,MEDIUM,1,主要研发项目名称：基于人工智能技术的智慧信贷系统。,,,,,,,,,0.324380606674806,0.9627304621824025,0.3977476314702859,0.6802390468263442,0.6,0.48488605685748387
CAND-00283,300380.SZ,安硕信息,研发投入,10,AI_GENERAL,0.988281,0.5,score_mean,0.7441405,0.5,1,GENERIC_AI_OK,0,,SCORE_LED,COMPANY,SECTION_INHERIT:研发投入,R_AND_D,ORIGINAL,ACCEPT,PASS_ALL,LOW,0,主要研发项目名称：基于人工智能技术的智慧信贷系统。,,,,,,,,,,0.7287585311961071,0.29267191119686864,0.5107152211964878,0.25,0.17660728317947316
CAND-00284,300380.SZ,安硕信息,研发投入,11,PRODUCT_CREDIT,0.945312,0.067547,rerank_score_v1,0.945312,0.29,1,ANCHOR_OK,1,信贷|贷前|信用评估|贷中|贷后|催收,SCORE_LED,COMPANY,SECTION_INHERIT:研发投入,APPLIED,ORIGINAL,ACCEPT,PASS_ALL,MEDIUM,1,从设计开发到运维的全生命周期，可以大幅简化复杂应用软件的开发和维护。以人工智能为核心驱动力的下一代信贷系统， 聚焦打造具备深度智慧能力的软件版本。 系统以全业务场景AI 赋能为核心方向，将人工智能技术与信贷业务深度融合，全面覆盖贷前客户准入、 信用评估，贷中风险监控、资金流向追踪，贷后逾期催收、 风险处置等关键环节：充分利用大数据、AI 智能技术，拓展完善。,,,,,,,,,0.5162890285574582,0.9420242216559754,0.6269208624982765,0.7844725420771259,0.6,0.5224101151477654
CAND-00284,300380.SZ,安硕信息,研发投入,11,AI_GENERAL,0.972656,0.294215,score_mean,0.6334355,0.5,1,GENERIC_AI_OK,0,,SCORE_LED,COMPANY,SECTION_INHERIT:研发投入,APPLIED,ORIGINAL,ACCEPT,PASS_ALL,LOW,0,从设计开发到运维的全生命周期，可以大幅简化复杂应用软件的开发和维护。以人工智能为核心驱动力的下一代信贷系统， 聚焦打造具备深度智慧能力的软件版本。 系统以全业务场景AI 赋能为核心方向，将人工智能技术与信贷业务深度融合，全面覆盖贷前客户准入、 信用评估，贷中风险监控、资金流向追踪，贷后逾期催收、 风险处置等关键环节：充分利用大数据、AI 智能技术，拓展完善。,,,,,,,,,,0.611398078734602,0.29267191119686864,0.4520349949657353,0.25,0.1678052492448603
CAND-00285,300465.SZ,高伟达,核心竞争力,3,AI_GENERAL,0.5,0.562177,score_mean,0.5310885000000001,0.5,1,GENERIC_AI_OK,0,,SCORE_LED,COMPANY,EXPLICIT,R_AND_D,ORIGINAL,ACCEPT,PASS_ALL,LOW,0,公司从2023年开始，将研发方向和业务升级方向逐渐向人工智能等新的技术方向转移倾斜，并逐渐在一些技术领域形成的自身业务的主导方向。,,,,,,,,,,0.5028980992569118,0.29267191119686864,0.3977850052268902,0.25,0.15966775078403353
CAND-00288,300465.SZ,高伟达,研发投入,8,PRODUCT_CREDIT,0.408203,0.148047,rerank_score_v1,0.408203,0.29,1,ANCHOR_OK,0,催收,SCORE_LED,COMPANY,SECTION_INHERIT:研发投入,R_AND_D,ORIGINAL,ACCEPT,PASS_ALL,LOW,0,主要研发项目名称：智能催收分析系统。,,,,,,,,,0.40590965666453094,0.372624869674162,0.495108005889981,0.43386643778207146,0.25,0.1650799656673107
CAND-00289,300465.SZ,高伟达,研发投入,8,PRODUCT_CREDIT,0.816406,0.766294,rerank_score_v1,0.816406,0.29,1,ANCHOR_OK,1,催收|贷后,SCORE_LED,COMPANY,SECTION_INHERIT:研发投入,APPLIED,ORIGINAL,ACCEPT,PASS_ALL,MEDIUM,1,拟达到的目标：1、“智能催收分析系统”是我司人工智能在贷后催收中的应用系统。,,,,,,,,,0.5302060045082833,0.8053685467993491,0.6435402391441835,0.7244543929717663,0.6,0.5008035814698358
CAND-00289,300465.SZ,高伟达,研发投入,8,AI_GENERAL,0.976562,0.119203,score_mean,0.5478825,0.5,1,GENERIC_AI_OK,0,,SCORE_LED,COMPANY,SECTION_INHERIT:研发投入,APPLIED,ORIGINAL,ACCEPT,PASS_ALL,LOW,0,拟达到的目标：1、“智能催收分析系统”是我司人工智能在贷后催收中的应用系统。,,,,,,,,,,0.5207017344914406,0.29267191119686864,0.40668682284415464,0.25,0.1610030234266232
CAND-00291,300465.SZ,高伟达,研发投入,8,TECH_NLP,0.957031,0.651355,rerank_score_v1,0.957031,0.86,1,ANCHOR_OK,1,自然语言处理,SCORE_LED,COMPANY,SECTION_INHERIT:研发投入,R_AND_D,SECTION_INFER,ACCEPT,PASS_ALL,LOW,0,拟达到的目标：实现通话内容关键点高效提取，运用先进的自然语言处理技术，精准识别并提取被催收人员的还款能力相关信息，例如其明确提及的收入来源、资产状况、当前财务困境等；同时深度挖掘被催收人员的还款意愿，如是否主动承诺还款时间、表现出的还款态度是积极还是消极等。,,,,,,,,,0.34038179598693774,0.9544477539480704,0.4168559343731887,0.6856518441606295,0.25,0.20284777662409442
CAND-00291,300465.SZ,高伟达,研发投入,8,PRODUCT_CREDIT,0.408203,0.020332,rerank_score_v1,0.408203,0.29,1,ANCHOR_OK,0,催收,SCORE_LED,COMPANY,SECTION_INHERIT:研发投入,R_AND_D,SECTION_INFER,ACCEPT,PASS_ALL,LOW,0,拟达到的目标：实现通话内容关键点高效提取，运用先进的自然语言处理技术，精准识别并提取被催收人员的还款能力相关信息，例如其明确提及的收入来源、资产状况、当前财务困境等；同时深度挖掘被催收人员的还款意愿，如是否主动承诺还款时间、表现出的还款态度是积极还是消极等。,,,,,,,,,0.08655175564578735,0.372624869674162,0.11373713475887612,0.24318100221651906,0.25,0.13647715033247787
CAND-00293,300468.SZ,四方精创,核心竞争力,3,AI_GENERAL,0.707031,0.972415,score_mean,0.839723,0.5,1,GENERIC_AI_OK,0,,SCORE_LED,COMPANY,MIXED_OTHER_PARTY,APPLIED,ORIGINAL,ACCEPT,PASS_ALL,LOW,0,针对生成式人工智能技术革命对金融业蕴含的巨大潜力和风险，公司荣幸成为香港金融管理局与香港数码港管理有限公司联合组织的第一与第二期生成式AI 沙盒的官方技术合作伙伴，与监管机构和行业先锋代表一起探索在金融行业确保风险可控前提下，负责任的应用人工智能。,,,,,,,,,,0.8300873370079659,0.29267191119686864,0.5613796241024173,0.25,0.1842069436153626
CAND-00293,300468.SZ,四方精创,核心竞争力,3,TECH_LLM,0.621094,0.607663,rerank_score_v1,0.621094,0.57,1,ANCHOR_OK,1,生成式,SCORE_LED,COMPANY,MIXED_OTHER_PARTY,APPLIED,ORIGINAL,ACCEPT,PASS_ALL,LOW,0,针对生成式人工智能技术革命对金融业蕴含的巨大潜力和风险，公司荣幸成为香港金融管理局与香港数码港管理有限公司联合组织的第一与第二期生成式AI 沙盒的官方技术合作伙伴，与监管机构和行业先锋代表一起探索在金融行业确保风险可控前提下，负责任的应用人工智能。,,,,,,,,,0.2908538004124794,0.5983146224855285,0.35771058441518,0.47801260345035423,0.25,0.17170189051755314
CAND-00297,300468.SZ,四方精创,研发投入,16,AI_GENERAL,0.320312,0.939913,score_mean,0.6301125,0.5,1,GENERIC_AI_OK,0,,SCORE_LED,COMPANY,SECTION_INHERIT:研发投入,APPLIED,ORIGINAL,ACCEPT,PASS_ALL,LOW,0,打破单一模型局限，实现多智能体协同与知识增强， 降低企业应用AI 的技术壁垒，推动业务流程的智能化重构与高效运营。,,,,,,,,,,0.6078753039409648,0.29267191119686864,0.4502736075689167,0.25,0.16754104113533752
CAND-00300,300468.SZ,四方精创,研发投入,16,AI_GENERAL,0.59375,0.798187,score_mean,0.6959685,0.5,1,GENERIC_AI_OK,0,,SCORE_LED,COMPANY,SECTION_INHERIT:研发投入,R_AND_D,ORIGINAL,ACCEPT,PASS_ALL,LOW,0,构建自主可控的 “智枢”平台，通过无代码编排与组件化设计，将大模型能力转化为可执行的业务智能体。,,,,,,,,,,0.6776904880546444,0.29267191119686864,0.4851811996257565,0.25,0.1727771799438635
CAND-00303,300468.SZ,四方精创,研发投入,17,AI_GENERAL,0.192383,0.970688,score_mean,0.5815355,0.5,1,GENERIC_AI_OK,0,,SCORE_LED,COMPANY,EXPLICIT,APPLIED,ORIGINAL,ACCEPT,PASS_ALL,LOW,0,实现了融入人工智能技术的智能招聘平台，推动人工智能技术应用的实际落地， 提升公司在人工智能技术领域的优势以及市场竞争力。,,,,,,,,,,0.5563779126829138,0.29267191119686864,0.4245249119398912,0.25,0.1636787367909837
CAND-00312,300468.SZ,四方精创,研发投入,19,TECH_DECISION,0.245117,0.362969,rerank_score_v2,0.362969,0.17,1,ANCHOR_OK,1,规则引擎,SCORE_LED,COMPANY,SECTION_INHERIT:研发投入,R_AND_D,ORIGINAL,ACCEPT,PASS_ALL,MEDIUM,1,核心实现招聘全流程数字化管控与以候选人为中心的进度追踪；构建无代码可配置的简历筛选规则引擎，结合自有 AI Agent 提升人岗匹配精度；基于NL2SQL 技术打造智能BI，支持自然语言数据洞察。,,,,,,,,,0.38963516057683834,0.32467145558587573,0.4756733254565734,0.40017239052122455,0.6,0.38406206058764086
CAND-00316,300541.SZ,先进数通,业务概要,1,AI_GENERAL,0.294922,0.798187,score_mean,0.5465545,0.5,1,GENERIC_AI_OK,0,,SCORE_LED,COMPANY,EXPLICIT,APPLIED,ORIGINAL,ACCEPT,PASS_ALL,LOW,0,报告期内，公司紧抓AI 大模型驱动算力基础设施快速增长的机遇，建立了高效的供应链协同机制，优先保障客户AI 算力服务器、GPU 集群的资源调配，向客户提供优质的AI 训练、推理算力设备，并积极推广自有品牌算力服务器，满足客户多样化需求。,,,,,,,,,,0.5192938967165536,0.29267191119686864,0.4059829039567111,0.25,0.16089743559350667
CAND-00316,300541.SZ,先进数通,业务概要,1,AI_ENGINEERING,0.211914,0.468791,rerank_score_v2,0.468791,0.17,1,ANCHOR_OK,1,算力|GPU,SCORE_LED,COMPANY,EXPLICIT,APPLIED,ORIGINAL,ACCEPT,PASS_ALL,HIGH,1,报告期内，公司紧抓AI 大模型驱动算力基础设施快速增长的机遇，建立了高效的供应链协同机制，优先保障客户AI 算力服务器、GPU 集群的资源调配，向客户提供优质的AI 训练、推理算力设备，并积极推广自有品牌算力服务器，满足客户多样化需求。,,,,,,,,,0.5756917164233093,0.43685534791577424,0.6978583741322821,0.5673568610240282,1.0,0.7404141166144169
CAND-00321,300541.SZ,先进数通,业务概要,2,TECH_LLM,0.679688,0.006693,rerank_score_v1,0.679688,0.57,1,ANCHOR_OK,1,大模型,SCORE_LED,COMPANY,SECTION_INHERIT:业务概要,APPLIED,ORIGINAL,ACCEPT,PASS_ALL,MEDIUM,1,先进数通大模型一体机整合了昇腾AI 生态的全栈技术，包括计算架构CANN、全场景AI 框架昇思MindSpore、昇腾推理引擎MindIE 以及AI 软件开发套件MindX MindSDK，为用户提供高效、易用的AI 开发和部署体验。,,,,,,,,,0.07160086198743941,0.6604312238271972,0.09588307409376041,0.3781571489604788,0.6,0.3761365736257724
CAND-00322,300541.SZ,先进数通,业务概要,2,TECH_LLM,0.851562,0.037327,rerank_score_v1,0.851562,0.57,1,ANCHOR_OK,1,大模型,SCORE_LED,COMPANY,MIXED_OTHER_PARTY,APPLIED,ORIGINAL,ACCEPT,PASS_ALL,LOW,0,公司与头部厂商达成大模型一体机战略合作，基于昇腾软硬件平台底座，正式推出基于自主技术的先进数通品牌大模型一体机产品。,,,,,,,,,0.1062157264620358,0.8426380835568279,0.13721945868500046,0.48992877112091415,0.25,0.17348931566813713
CAND-00323,300541.SZ,先进数通,业务概要,2,AI_GENERAL,0.376953,0.957912,score_mean,0.6674325,0.5,1,GENERIC_AI_OK,0,,SCORE_LED,COMPANY,EXPLICIT,APPLIED,ORIGINAL,ACCEPT,PASS_ALL,LOW,0,公司将继续扩大AI 技术的应用领域，加速AI 解决方案的研发和市场推广，以实现更持续的业务增长和创新突破。,,,,,,,,,,0.6474389377954735,0.29267191119686864,0.47005542449617105,0.25,0.17050831367442565
CAND-00326,300541.SZ,先进数通,业务概要,2,TECH_LLM,0.878906,0.060087,rerank_score_v1,0.878906,0.57,1,ANCHOR_OK,0,智能体,SCORE_LED,COMPANY,SECTION_INHERIT:业务概要,APPLIED,ORIGINAL,ACCEPT,PASS_ALL,LOW,0,基于自研智能体工厂平台，聚焦数据使用场景，成功打造了一系列“助手型”AI 应用，覆盖了信贷风控、精准营销、数据查询与分析提效等核心业务领域。,,,,,,,,,0.12882780110540398,0.8716259721987808,0.16422234972766409,0.5179241609632225,0.25,0.1776886241444834
CAND-00326,300541.SZ,先进数通,业务概要,2,AI_GENERAL,0.914062,0.592667,score_mean,0.7533645,0.5,1,GENERIC_AI_OK,0,,SCORE_LED,COMPANY,SECTION_INHERIT:业务概要,APPLIED,ORIGINAL,ACCEPT,PASS_ALL,LOW,0,基于自研智能体工厂平台，聚焦数据使用场景，成功打造了一系列“助手型”AI 应用，覆盖了信贷风控、精准营销、数据查询与分析提效等核心业务领域。,,,,,,,,,,0.7385370670662569,0.29267191119686864,0.5156044891315628,0.25,0.17734067336973441
CAND-00327,300541.SZ,先进数通,业务概要,2,APP_INTERNAL,0.5625,0.960361,score_max,0.960361,0.63,1,ANCHOR_OK,1,代码助手|代码生成,SCORE_LED,COMPANY,EXPLICIT,APPLIED,ORIGINAL,ACCEPT,PASS_ALL,MEDIUM,1,报告期内，公司启动了Starring AI+一体化研发，正式发布了先进数通金融级大模型智能代码助手平台软件，与国内主要信创厂商完成了双向兼容性认证，助力云原生开发平台的智能代码补全、逐行注释、代码解析、函数注释、代码优化及单元测试代码生成等AI+能力。,,,,,,,,,0.4659615412085791,0.9579779495733521,0.5668207753206769,0.7623993624470145,0.6,0.5144637704809252
CAND-00327,300541.SZ,先进数通,业务概要,2,AI_GENERAL,0.753906,0.985043,score_mean,0.8694744999999999,0.5,1,GENERIC_AI_OK,0,,SCORE_LED,COMPANY,EXPLICIT,APPLIED,ORIGINAL,ACCEPT,PASS_ALL,LOW,0,报告期内，公司启动了Starring AI+一体化研发，正式发布了先进数通金融级大模型智能代码助手平台软件，与国内主要信创厂商完成了双向兼容性认证，助力云原生开发平台的智能代码补全、逐行注释、代码解析、函数注释、代码优化及单元测试代码生成等AI+能力。,,,,,,,,,,0.8616274616763049,0.29267191119686864,0.5771496864365868,0.25,0.18657245296548802
CAND-00327,300541.SZ,先进数通,业务概要,2,TECH_LLM,0.816406,0.817574,rerank_score_v1,0.816406,0.57,1,ANCHOR_OK,1,大模型,SCORE_LED,COMPANY,EXPLICIT,APPLIED,ORIGINAL,ACCEPT,PASS_ALL,HIGH,1,报告期内，公司启动了Starring AI+一体化研发，正式发布了先进数通金融级大模型智能代码助手平台软件，与国内主要信创厂商完成了双向兼容性认证，助力云原生开发平台的智能代码补全、逐行注释、代码解析、函数注释、代码优化及单元测试代码生成等AI+能力。,,,,,,,,,0.21135455109883253,0.8053685467993491,0.26277415770302254,0.5340713522511858,1.0,0.7204428113507115
CAND-00328,300541.SZ,先进数通,业务概要,2,AI_GENERAL,0.46875,0.932453,score_mean,0.7006015,0.5,1,GENERIC_AI_OK,0,,SCORE_LED,COMPANY,EXPLICIT,APPLIED,ORIGINAL,ACCEPT,PASS_ALL,LOW,0,报告期内，公司对现有数据产品线的进一步研发进行了规划，一方面新的产品充分借助AIGC 的能力，打造全新的深度融合AI 能力的智能化平台，另一方面将AIGC 充分赋能至现有平台产品中，从产品使用问答、数据开发、数据建模和数据应用等多方面进行AI 赋能。,,,,,,,,,,0.6826020184846534,0.29267191119686864,0.487636964840761,0.25,0.17314554472611415
CAND-00329,300541.SZ,先进数通,业务概要,2,AI_GENERAL,0.408203,0.962673,score_mean,0.685438,0.5,1,GENERIC_AI_OK,0,,SCORE_LED,COMPANY,MIXED_OTHER_PARTY,APPLIED,ORIGINAL,ACCEPT,PASS_ALL,LOW,0,报告期内，公司积极布局AI 技术应用，与上游厂商深化在云基础设施、AI 大模型和应用等领域的广泛合作。,,,,,,,,,,0.6665269069639449,0.29267191119686864,0.47959940908040677,0.25,0.17193991136206102
CAND-00338,300541.SZ,先进数通,研发投入,10,AI_ENGINEERING,0.753906,0.546738,rerank_score_v2,0.546738,0.17,1,ANCHOR_OK,1,模型部署|MaaS,SCORE_LED,COMPANY,SECTION_INHERIT:研发投入,APPLIED,ORIGINAL,ACCEPT,PASS_ALL,MEDIUM,1,项目目的：构建一套企业级平台，降低企业客户开发智能体应用门槛，以满足企业对AI 模型部署、管理（MaaS）及定制本地的智能化应用 （Agent）的需求。,,,,,,,,,0.35694198304706015,0.5194884285175262,0.4366317812993691,0.47806010490844764,0.6,0.4121016377670412
CAND-00347,300542.SZ,新晨科技,核心竞争力,6,TECH_LLM,0.816406,0.009708,rerank_score_v1,0.816406,0.57,1,ANCHOR_OK,1,大模型,SCORE_LED,COMPANY,EXPLICIT,APPLIED,ORIGINAL,ACCEPT,PASS_ALL,MEDIUM,1,此外，公司也持续推进在金融领域新技术研发及应用的优秀成果向空管领域转化，通过将大模型技术与空管业务相结合，开展空管大模型研发和实践工作，打造具备空管行业属性的大模型产品，为提升空管信息系统智能化水平和行业数据应用价值提供技术支撑；通过将云计算、大数据、大模型等先进技术与低空行业需求深度融合，打造支撑低空监管、运行和服务三大体系的智能化信息平台，为国家低空行业安全、有序发展提供保障。,,,,,,,,,0.22542074261449663,0.8053685467993491,0.27957172461686236,0.5424701357081058,0.6,0.4352892488549181
CAND-00347,300542.SZ,新晨科技,核心竞争力,6,AI_GENERAL,0.953125,0.562177,score_mean,0.7576510000000001,0.5,1,GENERIC_AI_OK,0,,SCORE_LED,COMPANY,EXPLICIT,APPLIED,ORIGINAL,ACCEPT,PASS_ALL,LOW,0,此外，公司也持续推进在金融领域新技术研发及应用的优秀成果向空管领域转化，通过将大模型技术与空管业务相结合，开展空管大模型研发和实践工作，打造具备空管行业属性的大模型产品，为提升空管信息系统智能化水平和行业数据应用价值提供技术支撑；通过将云计算、大数据、大模型等先进技术与低空行业需求深度融合，打造支撑低空监管、运行和服务三大体系的智能化信息平台，为国家低空行业安全、有序发展提供保障。,,,,,,,,,,0.7430812663298516,0.29267191119686864,0.5178765887633601,0.25,0.17768148831450403
CAND-00348,300542.SZ,新晨科技,研发投入,13,TECH_CV,0.953125,0.042088,rerank_score_v1,0.953125,0.3,1,ANCHOR_OK,1,OCR,SCORE_LED,COMPANY,SECTION_INHERIT:研发投入,R_AND_D,ORIGINAL,ACCEPT,PASS_ALL,MEDIUM,1,主要研发项目名称：RD2025-03- 多媒体智能分析基于大模型的 OCR 技术研发项目。,,,,,,,,,0.21924582101694154,0.9503069298903075,0.2721977557207941,0.6112523428055507,0.6,0.46005084340999824
CAND-00349,300542.SZ,新晨科技,研发投入,13,TECH_CV,0.941406,0.037327,rerank_score_v1,0.941406,0.3,1,ANCHOR_OK,1,图像识别,SCORE_LED,COMPANY,SECTION_INHERIT:研发投入,R_AND_D,ORIGINAL,ACCEPT,PASS_ALL,MEDIUM,1,拟达到的目标：基于多模态大模型，研发一套符合银行业务要求的智能双录质检与图像识别系统原型。,,,,,,,,,0.36009037846390657,0.9378833975982124,0.44039153265970077,0.6891374651289566,0.6,0.4880894874464244
CAND-00349,300542.SZ,新晨科技,研发投入,13,TECH_LLM,0.914062,0.029312,rerank_score_v1,0.914062,0.57,1,ANCHOR_OK,1,多模态|大模型,SCORE_LED,COMPANY,SECTION_INHERIT:研发投入,R_AND_D,ORIGINAL,ACCEPT,PASS_ALL,MEDIUM,1,拟达到的目标：基于多模态大模型，研发一套符合银行业务要求的智能双录质检与图像识别系统原型。,,,,,,,,,0.18671975948969868,0.9088955089562596,0.23335577817917538,0.5711256435677174,0.6,0.4456052316843783
CAND-00350,300542.SZ,新晨科技,研发投入,13,PRODUCT_CREDIT,0.376953,0.008577,rerank_score_v1,0.376953,0.29,1,ANCHOR_OK,1,贷款,SCORE_LED,COMPANY,EXPLICIT,R_AND_D,SECTION_INFER,ACCEPT,PASS_ALL,LOW,0,拟达到的目标：增强公司在金融数据分析、非结构化数据管理等领域的基础技术以及产品能力， 减少 80%以上的双录人工质检工作量，双录质检周期从天级缩短至分钟级，贷款面签材料审核从小时级缩短至秒级，大幅加速业务流转。,,,,,,,,,0.23509398892659616,0.33949615697444613,0.29112332349994313,0.3153097402371946,0.25,0.1472964610355792
CAND-00352,300542.SZ,新晨科技,研发投入,13,TECH_LLM,0.679688,0.001701,rerank_score_v1,0.679688,0.57,1,ANCHOR_OK,1,多模态|大模型,SCORE_LED,COMPANY,SECTION_INHERIT:研发投入,R_AND_D,ORIGINAL,ACCEPT,PASS_ALL,MEDIUM,1,项目目的：利用多模态大模型，研发新一代智能多媒体分析系统。,,,,,,,,,0.2487355279609509,0.6604312238271972,0.30741377884332133,0.48392250133525927,0.6,0.4142121004806934
CAND-00355,300561.SZ,汇金科技,业务概要,1,TECH_CV,0.867188,0.943348,rerank_score_v1,0.867188,0.3,1,ANCHOR_OK,1,人脸识别,SCORE_LED,COMPANY,EXPLICIT,R_AND_D,ORIGINAL,ACCEPT,PASS_ALL,HIGH,1,公司将人工智能技术、物联网技术、身份识别技术与金融服务场景相结合，针对银行自助机具、金库运营、网点柜面、信贷风控、运营授权等业务场景，开发研制了一系列具备人脸识别、语音识别、指静脉识别、国密安全控制等核心功能的系统解决方案，助力银行数字化转型和智慧金融建设。,,,,,,,,,0.4108345022570802,0.8592035000254922,0.5009891588153519,0.6800963294204221,1.0,0.8080577976522533
CAND-00355,300561.SZ,汇金科技,业务概要,1,AI_GENERAL,0.984375,0.106691,score_mean,0.545533,0.5,1,GENERIC_AI_OK,0,,SCORE_LED,COMPANY,EXPLICIT,R_AND_D,ORIGINAL,ACCEPT,PASS_ALL,LOW,0,公司将人工智能技术、物联网技术、身份识别技术与金融服务场景相结合，针对银行自助机具、金库运营、网点柜面、信贷风控、运营授权等业务场景，开发研制了一系列具备人脸识别、语音识别、指静脉识别、国密安全控制等核心功能的系统解决方案，助力银行数字化转型和智慧金融建设。,,,,,,,,,,0.5182109853558252,0.29267191119686864,0.4054414482763469,0.25,0.16081621724145204
CAND-00355,300561.SZ,汇金科技,业务概要,1,TECH_SPEECH,0.112793,0.080357,score_mean,0.096575,0.05,1,ANCHOR_OK,1,语音识别,ANCHOR_LED,COMPANY,EXPLICIT,R_AND_D,ORIGINAL,ACCEPT,PASS_ALL,MEDIUM,1,公司将人工智能技术、物联网技术、身份识别技术与金融服务场景相结合，针对银行自助机具、金库运营、网点柜面、信贷风控、运营授权等业务场景，开发研制了一系列具备人脸识别、语音识别、指静脉识别、国密安全控制等核心功能的系统解决方案，助力银行数字化转型和智慧金融建设。,,,,,,,,,0.34582850020149486,0.04226216627617667,0.42336028051422,0.23281122339519833,0.6,0.32381204042227135
CAND-00361,300561.SZ,汇金科技,研发投入,12,TECH_LLM,0.753906,0.085099,rerank_score_v1,0.753906,0.57,1,ANCHOR_OK,1,大模型,SCORE_LED,COMPANY,SECTION_INHERIT:研发投入,APPLIED,ORIGINAL,ACCEPT,PASS_ALL,MEDIUM,1,借助大模型技术发展，将业务领域专业性与通用大模型进行整合训练，希望在新兴领域应用产品化，达成人工智能产品落地。,,,,,,,,,0.2438695394046562,0.7391111213999175,0.30160291182325294,0.5203570166115852,0.6,0.4273285259801706
CAND-00361,300561.SZ,汇金科技,研发投入,12,AI_GENERAL,0.269531,0.867036,score_mean,0.5682835,0.5,1,GENERIC_AI_OK,0,,SCORE_LED,COMPANY,SECTION_INHERIT:研发投入,APPLIED,ORIGINAL,ACCEPT,PASS_ALL,LOW,0,借助大模型技术发展，将业务领域专业性与通用大模型进行整合训练，希望在新兴领域应用产品化，达成人工智能产品落地。,,,,,,,,,,0.5423292182606216,0.29267191119686864,0.41750056472874514,0.25,0.16262508470931178
CAND-00362,300561.SZ,汇金科技,研发投入,12,TECH_CV,0.408203,0.307358,rerank_score_v1,0.408203,0.3,1,ANCHOR_OK,0,视频分析,SCORE_LED,COMPANY,SECTION_INHERIT:研发投入,R_AND_D,SECTION_INFER,ACCEPT,PASS_ALL,LOW,0,在已有AI 产品技术的基础上，结合目前行业中视觉识别、视频分析、行为分析、人工智能等技术特点，探索在风险防控等特定领域，提高对交易行为的追溯能力和提升人机交互水平。,,,,,,,,,0.31287010214355604,0.372624869674162,0.38400201526277056,0.37831344246846627,0.25,0.15674701637026994
CAND-00363,300561.SZ,汇金科技,研发投入,12,AI_GENERAL,0.957031,0.5,score_mean,0.7285155,0.5,1,GENERIC_AI_OK,0,,SCORE_LED,COMPANY,SECTION_INHERIT:研发投入,APPLIED,ORIGINAL,ACCEPT,PASS_ALL,LOW,0,平台：在已有银行业客户AI 产品技术基础上，结合最新技术趋势，探索新业务领域应用。,,,,,,,,,,0.7121941748462493,0.29267191119686864,0.5024330430215589,0.25,0.17536495645323386
CAND-00367,300663.SZ,科蓝软件,业务概要,10,AI_GENERAL,0.621094,0.979668,score_mean,0.800381,0.5,1,GENERIC_AI_OK,0,,SCORE_LED,COMPANY,EXPLICIT,APPLIED,ORIGINAL,ACCEPT,PASS_ALL,LOW,0,公司坚定贯彻“AI 原生驱动”的产品策略，现已形成覆盖“AI 机器人—AI Agent 智能体应用—AI 物联网—AI 数据库-AI 算力基础设施”的全栈AI 生态解决方案体系，全方位赋能金融机构数字化与智能化深度转型。,,,,,,,,,,0.7883801429269349,0.29267191119686864,0.5405260270619018,0.25,0.18107890405928528
CAND-00368,300663.SZ,科蓝软件,业务概要,10,AI_GENERAL,0.894531,0.914901,score_mean,0.904716,0.5,1,GENERIC_AI_OK,0,,SCORE_LED,COMPANY,EXPLICIT,APPLIED,ORIGINAL,ACCEPT,PASS_ALL,LOW,0,根据国际数据公司（IDC）最新发布的《IDC Perspective：中国金融行业大模型及智能体市场洞察》报告显示：“在以软硬结合的方式(即设备端Agent)推进大模型及智能体的应用落地”方面，科蓝软件取得重大创新成果。,,,,,,,,,,0.89898763859173,0.29267191119686864,0.5958297748942993,0.25,0.1893744662341449
CAND-00368,300663.SZ,科蓝软件,业务概要,10,TECH_LLM,0.851562,0.212069,rerank_score_v1,0.851562,0.57,1,ANCHOR_OK,1,大模型|智能体|Agent,SCORE_LED,COMPANY,EXPLICIT,APPLIED,ORIGINAL,ACCEPT,PASS_ALL,MEDIUM,1,根据国际数据公司（IDC）最新发布的《IDC Perspective：中国金融行业大模型及智能体市场洞察》报告显示：“在以软硬结合的方式(即设备端Agent)推进大模型及智能体的应用落地”方面，科蓝软件取得重大创新成果。,,,,,,,,,0.17595704678275367,0.8426380835568279,0.22050316013625895,0.5315706218465435,0.6,0.4313654238647556
CAND-00370,300663.SZ,科蓝软件,业务概要,11,AI_GENERAL,0.835938,0.808067,score_mean,0.8220025,0.5,1,GENERIC_AI_OK,0,,SCORE_LED,COMPANY,EXPLICIT,APPLIED,ORIGINAL,ACCEPT,PASS_ALL,LOW,0,A．魔聚平台筑牢公司解决方案AI 转型基础持续推进魔聚平台向企业级基础智能体开发与运行平台的战略定位升级，围绕大模型应用规模化落地的核心需求，构建具备通用性与可复制性的智能体基础设施能力体系。,,,,,,,,,,0.8113015016993158,0.29267191119686864,0.5519867064480922,0.25,0.18279800596721385
CAND-00372,300663.SZ,科蓝软件,业务概要,11,AI_GENERAL,0.84375,0.622459,score_mean,0.7331045,0.5,1,GENERIC_AI_OK,0,,SCORE_LED,COMPANY,SECTION_INHERIT:业务概要,APPLIED,ORIGINAL,ACCEPT,PASS_ALL,LOW,0,“小蓝”适配搭载昇腾算力的硬件平台，支持蒸馏通用AI 模型，实现更强的通用AI 能力，全面加速AI 大模型在智慧网点的应用。,,,,,,,,,,0.7170590600487772,0.29267191119686864,0.504865485622823,0.25,0.17572982284342345
CAND-00373,300663.SZ,科蓝软件,业务概要,11,TECH_LLM,0.777344,0.044681,rerank_score_v1,0.777344,0.57,1,ANCHOR_OK,1,大模型,SCORE_LED,COMPANY,EXPLICIT,R_AND_D,ORIGINAL,ACCEPT,PASS_ALL,MEDIUM,1,企业财务机器人：公司企业网银机器人作为企业财务数字化智能方案，依托大模型、新硬件与软硬协同技术构建核心产品特点。,,,,,,,,,0.10164513631120017,0.7639581859841076,0.13176135058168748,0.44785976828289753,0.6,0.40122951658184314
CAND-00376,300663.SZ,科蓝软件,业务概要,11,TECH_LLM,0.59375,0.000335,rerank_score_v1,0.59375,0.57,1,ANCHOR_OK,0,多模态|智能体,SCORE_LED,COMPANY,SECTION_INHERIT:业务概要,R_AND_D,ORIGINAL,ACCEPT,PASS_ALL,LOW,0,在能力建设方面，完成混合检索体系升级，实现“语义理解+结构化数据”融合检索，提升复杂场景下的信息获取能力；同步拓展多模态数据处理能力，支持图片、PDF 等多模态数据的统一理解与利用，增强智能体对多源数据环境的适应性。,,,,,,,,,0.10166581597840124,0.5693267338435756,0.13178604583009065,0.3505563898368331,0.25,0.15258345847552496
CAND-00377,300663.SZ,科蓝软件,业务概要,11,AI_GENERAL,0.960938,0.651355,score_mean,0.8061465,0.5,1,GENERIC_AI_OK,0,,SCORE_LED,COMPANY,SECTION_INHERIT:业务概要,R_AND_D,ORIGINAL,ACCEPT,PASS_ALL,LOW,0,在通用人工智能方面，结合主流大模型等AI 技术，“小蓝”支持智能语音对话、人脸识别、远程视频柜员、3D 数字人、智能投顾等功能，支持数字人民币与现金的自由兑换，可为银行客户提供更多个性化的服务；同时，产品重点提升网点服务效率，优化空置窗口资源配置，将柜员从重复性事务中释放出来，转向客户服务、业务营销等高价值工作，进一步提升网点整体运营效能。,,,,,,,,,,0.7944922579051816,0.29267191119686864,0.5435820845510251,0.25,0.18153731268265377
CAND-00377,300663.SZ,科蓝软件,业务概要,11,PRODUCT_CUSTOMER,0.796875,0.798187,rerank_score_v2,0.798187,0.19,1,ANCHOR_OK,1,数字人|客户服务|营销,SCORE_LED,COMPANY,SECTION_INHERIT:业务概要,R_AND_D,ORIGINAL,ACCEPT,PASS_ALL,MEDIUM,1,在通用人工智能方面，结合主流大模型等AI 技术，“小蓝”支持智能语音对话、人脸识别、远程视频柜员、3D 数字人、智能投顾等功能，支持数字人民币与现金的自由兑换，可为银行客户提供更多个性化的服务；同时，产品重点提升网点服务效率，优化空置窗口资源配置，将柜员从重复性事务中释放出来，转向客户服务、业务营销等高价值工作，进一步提升网点整体运营效能。,,,,,,,,,0.41149469337321976,0.7860542422657132,0.5017775459517653,0.6439158941087393,0.6,0.4718097218791461
CAND-00377,300663.SZ,科蓝软件,业务概要,11,TECH_LLM,0.652344,0.044681,rerank_score_v1,0.652344,0.57,1,ANCHOR_OK,1,大模型,SCORE_LED,COMPANY,SECTION_INHERIT:业务概要,R_AND_D,ORIGINAL,ACCEPT,PASS_ALL,MEDIUM,1,在通用人工智能方面，结合主流大模型等AI 技术，“小蓝”支持智能语音对话、人脸识别、远程视频柜员、3D 数字人、智能投顾等功能，支持数字人民币与现金的自由兑换，可为银行客户提供更多个性化的服务；同时，产品重点提升网点服务效率，优化空置窗口资源配置，将柜员从重复性事务中释放出来，转向客户服务、业务营销等高价值工作，进一步提升网点整体运营效能。,,,,,,,,,0.16266036237638454,0.6314433351852443,0.20462452334964393,0.4180339292674441,0.6,0.3904922145362799
CAND-00377,300663.SZ,科蓝软件,业务概要,11,PRODUCT_INVEST,0.5625,0.100879,rerank_score_v1,0.5625,0.27,1,ANCHOR_OK,1,投顾,SCORE_LED,COMPANY,SECTION_INHERIT:业务概要,R_AND_D,ORIGINAL,ACCEPT,PASS_ALL,MEDIUM,1,在通用人工智能方面，结合主流大模型等AI 技术，“小蓝”支持智能语音对话、人脸识别、远程视频柜员、3D 数字人、智能投顾等功能，支持数字人民币与现金的自由兑换，可为银行客户提供更多个性化的服务；同时，产品重点提升网点服务效率，优化空置窗口资源配置，将柜员从重复性事务中释放出来，转向客户服务、业务营销等高价值工作，进一步提升网点整体运营效能。,,,,,,,,,0.14406922796910843,0.5361980211438597,0.18242335938407098,0.35931069026396534,0.6,0.3693518484950275
CAND-00377,300663.SZ,科蓝软件,业务概要,11,TECH_CV,0.46875,0.024423,rerank_score_v1,0.46875,0.3,1,ANCHOR_OK,1,人脸识别,SCORE_LED,COMPANY,SECTION_INHERIT:业务概要,R_AND_D,ORIGINAL,ACCEPT,PASS_ALL,MEDIUM,1,在通用人工智能方面，结合主流大模型等AI 技术，“小蓝”支持智能语音对话、人脸识别、远程视频柜员、3D 数字人、智能投顾等功能，支持数字人民币与现金的自由兑换，可为银行客户提供更多个性化的服务；同时，产品重点提升网点服务效率，优化空置窗口资源配置，将柜员从重复性事务中释放出来，转向客户服务、业务营销等高价值工作，进一步提升网点整体运营效能。,,,,,,,,,0.2599512292496968,0.4368118830447122,0.3208073468658775,0.37880961495529486,0.6,0.37637146138390615
CAND-00379,300663.SZ,科蓝软件,业务概要,11,PRODUCT_INVEST,0.5,0.027585,rerank_score_v1,0.5,0.27,1,ANCHOR_OK,1,投资|资产配置,SCORE_LED,COMPANY,SECTION_INHERIT:业务概要,APPLIED,ANCHOR_INFER,ACCEPT,PASS_ALL,LOW,0,支持3D 可视化资产全景展示、沉浸式财富规划与投资分析，可实现语音交互式业务咨询、定制化资产配置方案解读，7×24 小时在线响应私行客户需求。,,,,,,,,,0.5437163762116864,0.46994059574442804,0.6596740570625619,0.564807326403495,0.25,0.18472109896052424
CAND-00380,300663.SZ,科蓝软件,业务概要,11,AI_GENERAL,0.730469,0.952574,score_mean,0.8415215,0.5,1,GENERIC_AI_OK,0,,SCORE_LED,COMPANY,EXPLICIT,APPLIED,ORIGINAL,ACCEPT,PASS_ALL,LOW,0,整体来看，魔聚平台已形成具备规模化推广能力的基础智能体平台架构，为公司AI 能力的产品化输出及行业解决方案复制奠定了坚实基础，有助于进一步巩固公司在金融智能化领域的技术领先优势。,,,,,,,,,,0.83199396068126,0.29267191119686864,0.5623329359390643,0.25,0.18434994039085967
CAND-00380,300663.SZ,科蓝软件,业务概要,11,TECH_LLM,0.621094,0.320821,rerank_score_v1,0.621094,0.57,1,ANCHOR_OK,0,智能体,SCORE_LED,COMPANY,EXPLICIT,APPLIED,ORIGINAL,ACCEPT,PASS_ALL,LOW,0,整体来看，魔聚平台已形成具备规模化推广能力的基础智能体平台架构，为公司AI 能力的产品化输出及行业解决方案复制奠定了坚实基础，有助于进一步巩固公司在金融智能化领域的技术领先优势。,,,,,,,,,0.11788796075174507,0.5983146224855285,0.15115820936225868,0.37473641592389356,0.25,0.15621046238858405
CAND-00381,300663.SZ,科蓝软件,业务概要,12,AI_GENERAL,0.941406,0.233706,score_mean,0.587556,0.5,1,GENERIC_AI_OK,0,,SCORE_LED,COMPANY,EXPLICIT,R_AND_D,ORIGINAL,ACCEPT,PASS_ALL,LOW,0,C. 数字银行产品全面AI 升级公司作为国内主要数字银行解决方案供应商，在以AI 驱动的移动银行与数字银行普及和发展进程中始终处于领军地位。,,,,,,,,,,0.5627603579567902,0.29267191119686864,0.42771613457682944,0.25,0.1641574201865244
CAND-00382,300663.SZ,科蓝软件,业务概要,12,TECH_LLM,0.59375,0.056652,rerank_score_v1,0.59375,0.57,1,ANCHOR_OK,1,大模型,SCORE_LED,COMPANY,EXPLICIT,APPLIED,ANCHOR_INFER,ACCEPT,PASS_ALL,LOW,0,结合当前人工智能与大模型的发展趋势，公司正积极推进并完善相关产品与解决方案的数智化服务能力。,,,,,,,,,0.1382700986211925,0.5693267338435756,0.1754981541389161,0.37241244399124585,0.25,0.1558618665986869
CAND-00383,300663.SZ,科蓝软件,业务概要,13,AI_GENERAL,0.851562,0.880797,score_mean,0.8661795000000001,0.5,1,GENERIC_AI_OK,0,,SCORE_LED,COMPANY,EXPLICIT,R_AND_D,ORIGINAL,ACCEPT,PASS_ALL,LOW,0,a.AI 原生手机银行产品公司AI 原生手机银行，以大模型驱动的智能体（Agent）为核心，重构移动金融交互范式，是极具前瞻性与前沿性的下一代对话式金融操作系统，并非对现有App 的简单叠加，而是以专业科学的架构设计，实现移动金融服务的全方位升级。,,,,,,,,,,0.8581343702092471,0.29267191119686864,0.5754031407030579,0.25,0.18631047110545867
CAND-00383,300663.SZ,科蓝软件,业务概要,13,TECH_LLM,0.777344,0.100879,rerank_score_v1,0.777344,0.57,1,ANCHOR_OK,1,大模型|智能体|Agent,SCORE_LED,COMPANY,EXPLICIT,R_AND_D,ORIGINAL,ACCEPT,PASS_ALL,MEDIUM,1,a.AI 原生手机银行产品公司AI 原生手机银行，以大模型驱动的智能体（Agent）为核心，重构移动金融交互范式，是极具前瞻性与前沿性的下一代对话式金融操作系统，并非对现有App 的简单叠加，而是以专业科学的架构设计，实现移动金融服务的全方位升级。,,,,,,,,,0.2849861495413052,0.7639581859841076,0.35070355212603194,0.5573308690550698,0.6,0.44063911285982515
CAND-00388,300663.SZ,科蓝软件,业务概要,13,TECH_LLM,0.945312,0.164516,rerank_score_v1,0.945312,0.57,1,ANCHOR_OK,1,DeepSeek|大模型,SCORE_LED,COMPANY,SECTION_INHERIT:业务概要,APPLIED,ORIGINAL,ACCEPT,PASS_ALL,MEDIUM,1,升级后的AI 数字银行产品系列，包括AI 银行APP 应用、AI 营销等AI 系统化能力，提供模型管理平台，支持DeepSeek、千问、智谱等主流开源大模型的管理及路由等。,,,,,,,,,0.4405110489215482,0.9420242216559754,0.5364283022262011,0.7392262619410883,0.6,0.5061214542987917
CAND-00388,300663.SZ,科蓝软件,业务概要,13,AI_ENGINEERING,0.992188,0.798187,rerank_score_v2,0.798187,0.17,1,ANCHOR_OK,0,模型管理,SCORE_LED,COMPANY,SECTION_INHERIT:业务概要,APPLIED,ORIGINAL,ACCEPT,PASS_ALL,LOW,0,升级后的AI 数字银行产品系列，包括AI 银行APP 应用、AI 营销等AI 系统化能力，提供模型管理平台，支持DeepSeek、千问、智谱等主流开源大模型的管理及路由等。,,,,,,,,,0.26423460699202184,0.7860542422657132,0.32592247160762666,0.5559883569366699,0.25,0.1833982535405005
CAND-00388,300663.SZ,科蓝软件,业务概要,13,AI_GENERAL,0.894531,0.191933,score_mean,0.5432319999999999,0.5,1,GENERIC_AI_OK,0,,SCORE_LED,COMPANY,SECTION_INHERIT:业务概要,APPLIED,ORIGINAL,ACCEPT,PASS_ALL,LOW,0,升级后的AI 数字银行产品系列，包括AI 银行APP 应用、AI 营销等AI 系统化能力，提供模型管理平台，支持DeepSeek、千问、智谱等主流开源大模型的管理及路由等。,,,,,,,,,,0.5157716519823197,0.29267191119686864,0.40422178158959415,0.25,0.16063326723843913
CAND-00392,300663.SZ,科蓝软件,业务概要,13,TECH_LLM,0.679688,0.874077,rerank_score_v1,0.679688,0.57,1,ANCHOR_OK,1,生成式,SCORE_LED,COMPANY,SECTION_INHERIT:业务概要,APPLIED,ORIGINAL,ACCEPT,PASS_ALL,MEDIUM,1,随着生成式AI 的发展，应用层面的开发包括智能AI 银行APP、智能问答、智能问数、智能运营、企业金融、智能尽职调查报告生成等多个应用场景。,,,,,,,,,0.27429661461594146,0.6604312238271972,0.33793832153844405,0.49918477268282063,0.6,0.41970651816581545
CAND-00392,300663.SZ,科蓝软件,业务概要,13,AI_GENERAL,0.59375,0.437823,score_mean,0.5157865,0.5,1,GENERIC_AI_OK,0,,SCORE_LED,COMPANY,SECTION_INHERIT:业务概要,APPLIED,ORIGINAL,ACCEPT,PASS_ALL,LOW,0,随着生成式AI 的发展，应用层面的开发包括智能AI 银行APP、智能问答、智能问数、智能运营、企业金融、智能尽职调查报告生成等多个应用场景。,,,,,,,,,,0.4866761612815181,0.29267191119686864,0.3896740362391934,0.25,0.158451105435879
CAND-00397,300663.SZ,科蓝软件,业务概要,15,PRODUCT_CREDIT,0.4375,0.887205,rerank_score_v1,0.4375,0.29,1,ANCHOR_OK,1,信贷,SCORE_LED,COMPANY,EXPLICIT,APPLIED,ORIGINAL,ACCEPT,PASS_ALL,HIGH,1,d.智能信贷尽调平台：公司所推出的智能信贷尽调平台，是专为银行等金融机构对公信贷业务打造的AI 智能解决方案，深度融合前沿大模型技术与金融信贷专业Know-How，精准破解传统对公尽调流程繁琐、效率低下、风险识别不足等痛点。,,,,,,,,,0.4526642254649186,0.4036831703449964,0.5509413846035908,0.4773122774742936,1.0,0.6863873664845761
CAND-00400,300663.SZ,科蓝软件,业务概要,15,PRODUCT_CUSTOMER,0.867188,0.562177,rerank_score_v2,0.562177,0.19,1,ANCHOR_OK,1,营销|客户服务,SCORE_LED,COMPANY,SECTION_INHERIT:业务概要,APPLIED,ORIGINAL,ACCEPT,PASS_ALL,MEDIUM,1,g.智能客户经理助手面对银行零售业务条线客户经理日常营销客户服务领域提供的智能体平台应用。,,,,,,,,,0.42620730826280695,0.5358556027693955,0.5193470588373382,0.5276013308033669,0.6,0.42993647908921206
CAND-00414,300663.SZ,科蓝软件,业务概要,18,AI_ENGINEERING,0.976562,0.173288,rerank_score_v2,0.173288,0.17,1,ANCHOR_OK,1,模型训练,SCORE_LED,COMPANY,SECTION_INHERIT:业务概要,R_AND_D,ORIGINAL,ACCEPT,PASS_ALL,MEDIUM,1,新版本通过引入JSON 数据类型、近似聚合函数、采样查询等特性，为AI 模型训练提供高效、高质量的数据准备能力；同时，集群并行处理、在线调整及监控诊断能力的优化，保障了AI 业务的高可用与敏捷运维。,,,,,,,,,0.21492421342367363,0.12358706027084226,0.26703697764931417,0.19531201896007822,0.6,0.31031232682562815
CAND-00423,300663.SZ,科蓝软件,业务概要,20,AI_ENGINEERING,0.867188,0.307358,rerank_score_v2,0.307358,0.17,1,ANCHOR_OK,1,模型训练|推理服务|算力,SCORE_LED,COMPANY,SECTION_INHERIT:业务概要,R_AND_D,ORIGINAL,ACCEPT,PASS_ALL,MEDIUM,1,产品围绕高性能计算资源整合与高效调度能力，构建集模型训练、推理服务与资源管理于一体的算力平台形态，满足企业在私有化部署场景下对算力性能、数据安全及稳定性的综合要求。,,,,,,,,,0.7246756375907175,0.26571718864367105,0.8757720177869215,0.5707446032152963,0.6,0.44546805715750665
CAND-00424,300663.SZ,科蓝软件,业务概要,20,TECH_LLM,0.796875,0.029312,rerank_score_v1,0.796875,0.57,1,ANCHOR_OK,1,Agent|大模型,SCORE_LED,COMPANY,EXPLICIT,APPLIED,ORIGINAL,ACCEPT,PASS_ALL,MEDIUM,1,公司在研发体系变革领域全面推广AI 辅助开发工具的应用，新一代Power Agent 智能编码助手依托大模型技术，支持多语言代码智能生成、实时补全与错误排查，可自动化处理编码重复性工作。,,,,,,,,,0.45234820880981846,0.7846633663917284,0.5505640037820642,0.6676136850868963,0.6,0.4803409266312827
CAND-00425,300663.SZ,科蓝软件,业务概要,20,AI_ENGINEERING,0.707031,0.835484,rerank_score_v2,0.835484,0.17,1,ANCHOR_OK,1,模型训练|一体机|算力,SCORE_LED,COMPANY,EXPLICIT,R_AND_D,ORIGINAL,ACCEPT,PASS_ALL,HIGH,1,公司面向大模型训练与推理一体化需求，推出训推一体机产品，重点强化算力底座与软硬协同能力建设。,,,,,,,,,0.7259287681103465,0.8255934933876748,0.8772684813983973,0.8514309873930361,1.0,0.9108585924358217
CAND-00428,300663.SZ,科蓝软件,业务概要,21,AI_GENERAL,0.652344,0.798187,score_mean,0.7252655,0.5,1,GENERIC_AI_OK,0,,SCORE_LED,COMPANY,EXPLICIT,R_AND_D,ORIGINAL,ACCEPT,PASS_ALL,LOW,0,公司已实现AI 技术全面渗透：财务方面，AI 智能体提升审核、报表、合规等流程效率；在人力资源管理方面，通过AI 简历筛选、岗位匹配、智能面试评估等技术手段，优化招聘流程、缩短人才到岗周期，并建立个性化培训路径，助力人才梯队建设。,,,,,,,,,,0.7087487887254788,0.29267191119686864,0.5007103499611737,0.25,0.17510655249417606
CAND-00430,300663.SZ,科蓝软件,核心竞争力,31,AI_ENGINEERING,0.621094,0.808067,rerank_score_v2,0.808067,0.17,1,ANCHOR_OK,1,模型训练,SCORE_LED,COMPANY,SECTION_INHERIT:核心竞争力,R_AND_D,ORIGINAL,ACCEPT,PASS_ALL,MEDIUM,1,“魔聚”作为AI 智能中枢，已基于MCP 协议研发了智能体通讯组件、多智能体协同服务组件，支持DeepSeek、Qwen、GLM、华为盘古等主流大模型的灵活接入与智能动态路由，并通过多模型聚合架构打通了数据治理（魔界）、模型训练（魔方）、性能监控（魔瞳）的全链路能力，实现了从“能力聚合平台”向“大模型应用操作系统”的战略升级。,,,,,,,,,0.46611705820444893,0.7965282160728554,0.5670064906325617,0.6817673533527085,0.6,0.4854362472069751
CAND-00430,300663.SZ,科蓝软件,核心竞争力,31,TECH_LLM,0.753906,0.407333,rerank_score_v1,0.753906,0.57,1,ANCHOR_OK,1,智能体|DeepSeek|Qwen|盘古|大模型,SCORE_LED,COMPANY,SECTION_INHERIT:核心竞争力,R_AND_D,ORIGINAL,ACCEPT,PASS_ALL,MEDIUM,1,“魔聚”作为AI 智能中枢，已基于MCP 协议研发了智能体通讯组件、多智能体协同服务组件，支持DeepSeek、Qwen、GLM、华为盘古等主流大模型的灵活接入与智能动态路由，并通过多模型聚合架构打通了数据治理（魔界）、模型训练（魔方）、性能监控（魔瞳）的全链路能力，实现了从“能力聚合平台”向“大模型应用操作系统”的战略升级。,,,,,,,,,0.5585422755956594,0.7391111213999175,0.6773788520444026,0.7082449867221601,0.6,0.49496819521997765
CAND-00432,300663.SZ,科蓝软件,核心竞争力,31,TECH_LLM,0.867188,0.071591,rerank_score_v1,0.867188,0.57,1,ANCHOR_OK,1,大模型,SCORE_LED,COMPANY,EXPLICIT,APPLIED,ORIGINAL,ACCEPT,PASS_ALL,MEDIUM,1,公司以自研“魔聚”大模型聚合平台为核心，构建起全栈式AI 应用服务体系。,,,,,,,,,0.3085255066526159,0.8592035000254922,0.3788137854998411,0.6190086427626666,0.6,0.46284311139456
CAND-00432,300663.SZ,科蓝软件,核心竞争力,31,AI_ENGINEERING,0.933594,0.531209,rerank_score_v2,0.531209,0.17,1,ANCHOR_OK,0,自研“魔聚”大模型|全栈,SCORE_LED,COMPANY,EXPLICIT,APPLIED,ORIGINAL,ACCEPT,PASS_ALL,LOW,0,公司以自研“魔聚”大模型聚合平台为核心，构建起全栈式AI 应用服务体系。,,,,,,,,,0.274301865696006,0.5030258435730819,0.3379445922741052,0.42048521792359356,0.25,0.16307278268853903
CAND-00433,300663.SZ,科蓝软件,核心竞争力,31,AI_GENERAL,0.202148,0.928409,score_mean,0.5652785,0.5,1,GENERIC_AI_OK,0,,SCORE_LED,COMPANY,EXPLICIT,APPLIED,ORIGINAL,ACCEPT,PASS_ALL,LOW,0,公司敏锐把握人工智能技术浪潮，率先完成从应用软件提供商向AI 硬科技领军企业的战略跃迁，在AI 机器人、智能体平台、智能数据库及算力基础设施四大核心领域形成闭环竞争力。,,,,,,,,,,0.5391435612474169,0.29267191119686864,0.4159077362221428,0.25,0.16238616043332144
CAND-00435,300663.SZ,科蓝软件,核心竞争力,31,TECH_LLM,0.621094,0.112795,rerank_score_v1,0.621094,0.57,1,ANCHOR_OK,0,Agent|智能体,SCORE_LED,COMPANY,SECTION_INHERIT:核心竞争力,APPLIED,ORIGINAL,ACCEPT,PASS_ALL,LOW,0,在AI Agent 智能体应用层面，魔聚平台已升级为企业级智能体开发与运行底座，打通模型接入、知识管理与任务编排全链路，驱动AI 原生手机银行、智能中台、智慧营销及智能尽调等全线产品实现智能化重构，自身研发运营体系亦全面应用AI 工具，验证的工程化能力成为对外输出的有力背书。,,,,,,,,,0.2851393620145305,0.5983146224855285,0.3508865154226834,0.47460056895410596,0.25,0.17119008534311592
CAND-00435,300663.SZ,科蓝软件,核心竞争力,31,AI_GENERAL,0.753906,0.320821,score_mean,0.5373635,0.5,1,GENERIC_AI_OK,0,,SCORE_LED,COMPANY,SECTION_INHERIT:核心竞争力,APPLIED,ORIGINAL,ACCEPT,PASS_ALL,LOW,0,在AI Agent 智能体应用层面，魔聚平台已升级为企业级智能体开发与运行底座，打通模型接入、知识管理与任务编排全链路，驱动AI 原生手机银行、智能中台、智慧营销及智能尽调等全线产品实现智能化重构，自身研发运营体系亦全面应用AI 工具，验证的工程化能力成为对外输出的有力背书。,,,,,,,,,,0.5095503447670147,0.29267191119686864,0.40111112798194165,0.25,0.16016666919729125
CAND-00438,300663.SZ,科蓝软件,核心竞争力,31,AI_ENGINEERING,0.796875,0.949669,rerank_score_v2,0.949669,0.17,1,ANCHOR_OK,1,算力|一体机|模型训练|推理服务,SCORE_LED,COMPANY,EXPLICIT,R_AND_D,ORIGINAL,ACCEPT,PASS_ALL,HIGH,1,在AI算力基础设施方面，公司推出训推一体机产品，完成与华为昇腾、中昊芯英TPU 等国产算力芯片的集成适配，并与魔聚平台深度协同，构建集模型训练、推理服务与资源管理于一体的私有化算力平台，为金融等行业大模型应用规模化落地提供自主可控的算力支撑。,,,,,,,,,0.7342262288698047,0.9466431592954205,0.8871771444623653,0.9169101518788929,1.0,0.9501460911273357
CAND-00440,300663.SZ,科蓝软件,核心竞争力,31,TECH_LLM,0.796875,0.245085,rerank_score_v1,0.796875,0.57,1,ANCHOR_OK,1,rAg|大模型,SCORE_LED,COMPANY,EXPLICIT,APPLIED,ORIGINAL,ACCEPT,PASS_ALL,MEDIUM,1,在此基础上，公司推出PowerAgent 企业级大模型应用平台，覆盖智能合规、普惠金融、智能营销、智能客服等核心场景，形成了“魔聚+PowerAgent”的AI 双引擎架构，已在国内多家银行机构落地应用。,,,,,,,,,0.4037327901630467,0.7846633663917284,0.4925084350907026,0.6385859007412155,0.6,0.4698909242668376
CAND-00440,300663.SZ,科蓝软件,核心竞争力,31,AI_GENERAL,0.707031,0.531209,score_mean,0.61912,0.5,1,GENERIC_AI_OK,0,,SCORE_LED,COMPANY,EXPLICIT,APPLIED,ORIGINAL,ACCEPT,PASS_ALL,LOW,0,在此基础上，公司推出PowerAgent 企业级大模型应用平台，覆盖智能合规、普惠金融、智能营销、智能客服等核心场景，形成了“魔聚+PowerAgent”的AI 双引擎架构，已在国内多家银行机构落地应用。,,,,,,,,,,0.5962219479617128,0.29267191119686864,0.4444469295792907,0.25,0.1666670394368936
CAND-00440,300663.SZ,科蓝软件,核心竞争力,31,PRODUCT_CUSTOMER,0.192383,0.2227,rerank_score_v2,0.2227,0.19,1,ANCHOR_OK,1,营销|客服,SCORE_LED,COMPANY,EXPLICIT,APPLIED,ORIGINAL,ACCEPT,PASS_ALL,HIGH,1,在此基础上，公司推出PowerAgent 企业级大模型应用平台，覆盖智能合规、普惠金融、智能营销、智能客服等核心场景，形成了“魔聚+PowerAgent”的AI 双引擎架构，已在国内多家银行机构落地应用。,,,,,,,,,0.36222995006703806,0.17596965073222975,0.44294656663108745,0.3094581086816586,1.0,0.5856748652089951
CAND-00441,300663.SZ,科蓝软件,核心竞争力,31,AI_GENERAL,0.90625,0.974043,score_mean,0.9401465,0.5,1,GENERIC_AI_OK,0,,SCORE_LED,COMPANY,EXPLICIT,APPLIED,ORIGINAL,ACCEPT,PASS_ALL,LOW,0,报告期内，公司立足近三十年金融科技领域深耕积累，全面推进“AI 原生驱动”战略落地，在持续巩固传统数字银行解决方案领先地位的同时，成功构建起覆盖“AI 机器人—AI Agent 智能体应用—AI 物联网—AI 数据库—AI 算力基础设施”的全栈AI 生态体系。,,,,,,,,,,0.9365481779615631,0.29267191119686864,0.6146100445792159,0.25,0.1921915066868824
CAND-00446,300663.SZ,科蓝软件,核心竞争力,32,AI_GENERAL,0.730469,0.932453,score_mean,0.831461,0.5,1,GENERIC_AI_OK,0,,SCORE_LED,COMPANY,EXPLICIT,APPLIED,ORIGINAL,ACCEPT,PASS_ALL,LOW,0,据国际数据公司（IDC）连续十年报告显示，公司在数字银行解决方案、移动银行等前沿市场领域持续蝉联市场第一；最新报告亦指出公司在“以软硬结合方式推进大模型及智能体应用落地”方面取得重大创新成果。,,,,,,,,,,0.8213286354295642,0.29267191119686864,0.5570002733132164,0.25,0.18355004099698247
CAND-00446,300663.SZ,科蓝软件,核心竞争力,32,TECH_LLM,0.707031,0.531209,rerank_score_v1,0.707031,0.57,1,ANCHOR_OK,1,大模型|智能体,SCORE_LED,COMPANY,EXPLICIT,APPLIED,ORIGINAL,ACCEPT,PASS_ALL,MEDIUM,1,据国际数据公司（IDC）连续十年报告显示，公司在数字银行解决方案、移动银行等前沿市场领域持续蝉联市场第一；最新报告亦指出公司在“以软硬结合方式推进大模型及智能体应用落地”方面取得重大创新成果。,,,,,,,,,0.08967389545327667,0.6894180523503438,0.11746553219127726,0.40344179227081056,0.6,0.3852390452174918
CAND-00452,300674.SZ,宇信科技,研发投入,20,PRODUCT_CREDIT,0.980469,0.437823,rerank_score_v1,0.980469,0.29,1,ANCHOR_OK,1,信贷,SCORE_LED,COMPANY,SECTION_INHERIT:研发投入,APPLIED,ORIGINAL,ACCEPT,PASS_ALL,MEDIUM,1,主要研发项目名称：信贷大模型应用产品。,,,,,,,,,0.18212893086740645,0.9792948185322605,0.22787350169466644,0.6035841601134635,0.6,0.45729029764084683
CAND-00452,300674.SZ,宇信科技,研发投入,20,TECH_LLM,0.957031,0.100879,rerank_score_v1,0.957031,0.57,1,ANCHOR_OK,1,大模型,SCORE_LED,COMPANY,SECTION_INHERIT:研发投入,APPLIED,ORIGINAL,ACCEPT,PASS_ALL,MEDIUM,1,主要研发项目名称：信贷大模型应用产品。,,,,,,,,,0.13596239262623472,0.9544477539480704,0.17274233741165165,0.563595045679861,0.6,0.4428942164447499
CAND-00453,300674.SZ,宇信科技,研发投入,20,TECH_LLM,0.835938,0.002183,rerank_score_v1,0.835938,0.57,1,ANCHOR_OK,1,智能体|大模型,SCORE_LED,COMPANY,SECTION_INHERIT:研发投入,R_AND_D,SECTION_INFER,ACCEPT,PASS_ALL,LOW,0,拟达到的目标：内置场景报告模板库；三、 多个专项分析智能体具有专业分析能力，如财务分析、交易流水分析、 信用分析等；四、生成内容全链路可溯源，包括原始数据、 分析过程、业务规则引用可细粒度溯源； 五、计算准确、稳定，不采用大模型进行数值计算，专项计算工具提供计算功能。,,,,,,,,,0.17111952666812258,0.8260747873257763,0.21472628956457135,0.5204005384451739,0.25,0.1780600807667761
CAND-00454,300674.SZ,宇信科技,研发投入,20,TECH_LLM,0.992188,0.2227,rerank_score_v1,0.992188,0.57,1,ANCHOR_OK,1,大模型,SCORE_LED,COMPANY,SECTION_INHERIT:研发投入,R_AND_D,ORIGINAL,ACCEPT,PASS_ALL,MEDIUM,1,项目目的：利用大模型技术，并结合宇信在信贷领域的多年沉淀，助力银行信贷业务智能化升级。,,,,,,,,,0.1707741931992881,0.9917183508243554,0.21431389918556393,0.6030161250049597,0.6,0.45708580500178553
CAND-00454,300674.SZ,宇信科技,研发投入,20,PRODUCT_CREDIT,0.925781,0.140336,rerank_score_v1,0.925781,0.29,1,ANCHOR_OK,1,信贷,SCORE_LED,COMPANY,SECTION_INHERIT:研发投入,R_AND_D,ORIGINAL,ACCEPT,PASS_ALL,MEDIUM,1,项目目的：利用大模型技术，并结合宇信在信贷领域的多年沉淀，助力银行信贷业务智能化升级。,,,,,,,,,0.359915177796406,0.9213190412483545,0.440182311497568,0.6807506763729613,0.6,0.485070243494266
CAND-00455,300674.SZ,宇信科技,研发投入,20,TECH_LLM,0.945312,0.233706,rerank_score_v1,0.945312,0.57,1,ANCHOR_OK,1,大模型,SCORE_LED,COMPANY,SECTION_INHERIT:研发投入,R_AND_D,SECTION_INFER,ACCEPT,PASS_ALL,LOW,0,项目目的：在尽调，信审， 放款，贷后管理等信贷全流程中基于大模型能力进行智能资料审查、材料分析、财务分析、报告撰写等工作。,,,,,,,,,0.18032730063904573,0.9420242216559754,0.22572203061017387,0.5838731261330746,0.25,0.18758096891996118
CAND-00455,300674.SZ,宇信科技,研发投入,20,PRODUCT_CREDIT,0.5625,0.071591,rerank_score_v1,0.5625,0.29,1,ANCHOR_OK,1,贷后|信贷,SCORE_LED,COMPANY,SECTION_INHERIT:研发投入,R_AND_D,SECTION_INFER,ACCEPT,PASS_ALL,LOW,0,项目目的：在尽调，信审， 放款，贷后管理等信贷全流程中基于大模型能力进行智能资料审查、材料分析、财务分析、报告撰写等工作。,,,,,,,,,0.44339159337664064,0.5361980211438597,0.5398681912806635,0.5380331062122616,0.25,0.18070496593183927
CAND-00456,300674.SZ,宇信科技,研发投入,20,PRODUCT_CREDIT,0.96875,0.022977,rerank_score_v1,0.96875,0.29,1,ANCHOR_OK,1,信贷,SCORE_LED,COMPANY,EXPLICIT,APPLIED,ORIGINAL,ACCEPT,PASS_ALL,MEDIUM,1,预计对公司未来发展的影响：打造信贷大模型应用领域领先产品，成为公司新的业绩增长点。,,,,,,,,,0.1182847617171909,0.9668712862401654,0.15163206120489356,0.5592516737225295,0.6,0.44133060254011064
CAND-00456,300674.SZ,宇信科技,研发投入,20,TECH_LLM,0.730469,0.00461,rerank_score_v1,0.730469,0.57,1,ANCHOR_OK,1,大模型,SCORE_LED,COMPANY,EXPLICIT,APPLIED,ORIGINAL,ACCEPT,PASS_ALL,MEDIUM,1,预计对公司未来发展的影响：打造信贷大模型应用领域领先产品，成为公司新的业绩增长点。,,,,,,,,,0.10428694632312777,0.7142651169345339,0.13491614769927177,0.4245906323169028,0.6,0.392852627634085
CAND-00458,300803.SZ,指南针,核心竞争力,4,PRODUCT_INVEST,0.5,0.164516,rerank_score_v1,0.5,0.27,1,ANCHOR_OK,1,量化,SCORE_LED,COMPANY,EXPLICIT,APPLIED,ANCHOR_INFER,ACCEPT,PASS_ALL,LOW,0,公司将利用多年来底蕴深厚的技术基因，为麦高证券提供深度金融科技服务手段，推动在量化交易、快速柜台、大宗经纪和机构服务等综合性发展。,,,,,,,,,0.16354579610485248,0.46994059574442804,0.20568189074615267,0.3378112432452903,0.25,0.15067168648679355
CAND-00459,300803.SZ,指南针,研发投入,8,PRODUCT_CUSTOMER,0.992188,0.377541,rerank_score_v2,0.377541,0.19,1,ANCHOR_OK,1,客服,SCORE_LED,COMPANY,SECTION_INHERIT:研发投入,R_AND_D,ORIGINAL,ACCEPT,PASS_ALL,MEDIUM,1,主要研发项目名称：智能客服系统。,,,,,,,,,0.22911600089000625,0.34011950683260406,0.28398452875632474,0.3120520177944644,0.6,0.35233872640600716
CAND-00460,300803.SZ,指南针,研发投入,8,PRODUCT_INVEST,0.992188,0.964855,rerank_score_v1,0.992188,0.27,1,ANCHOR_OK,1,投资|投研,SCORE_LED,COMPANY,SECTION_INHERIT:研发投入,R_AND_D,SECTION_INFER,ACCEPT,PASS_ALL,MEDIUM,1,拟达到的目标：为投资者提供全方位智能投研支持。,,,,,,,,,0.40682738361108917,0.9917183508243554,0.4962039372070172,0.7439611440156864,0.6,0.507826011845647
CAND-00461,300803.SZ,指南针,研发投入,8,PRODUCT_INVEST,0.992188,0.7773,rerank_score_v1,0.992188,0.27,1,ANCHOR_OK,0,选股,SCORE_LED,COMPANY,SECTION_INHERIT:研发投入,R_AND_D,SECTION_INFER,ACCEPT,PASS_ALL,LOW,0,项目目的：集成专业金融数据源，实现诊股、选股、预测、推荐等核心功能，通过AI 进行解析。,,,,,,,,,0.14154536696611816,0.9917183508243554,0.17940941463351437,0.5855638827289349,0.25,0.18783458240934026
CAND-00462,300941.SZ,创识科技,业务概要,1,PRODUCT_PAYMENT,0.652344,0.075858,rerank_score_v1,0.652344,0.33,1,ANCHOR_OK,1,支付|商户,SCORE_LED,COMPANY,EXPLICIT,APPLIED,ORIGINAL,ACCEPT,PASS_ALL,MEDIUM,1,公司以软件及云平台为驱动，以终端设备为载体，聚合各种支付渠道，为用户提供统一支付和统一对账解决方案；并以支付为联结，结合行业特色应用、场景建设以及个性化营销，为商户、银行等用户提供“电子支付+ 行业特色应用+ 数字化营销”的一体化产品与服务，构建起“支付为联结、场景为基础、营销为延伸”的数字化服务生态，为金融机构、医疗机构、养老机构、政企等提供数字化行业整体解决方案及运营服务。,,,,,,,,,0.47552490839012795,0.6314433351852443,0.5782411587254384,0.6048422469553414,0.6,0.4577432089039229
CAND-00468,300996.SZ,普联软件,业务概要,3,TECH_LLM,0.894531,0.095349,rerank_score_v1,0.894531,0.57,1,ANCHOR_OK,1,大模型,SCORE_LED,COMPANY,SECTION_INHERIT:业务概要,APPLIED,ORIGINAL,ACCEPT,PASS_ALL,MEDIUM,1,依托大模型技术持续打造设备智慧运维大模型等应用场景，提供智能助手及多个机理模型和算法模型，覆盖故障诊断、性能预测、资源优化等多个关键领域。,,,,,,,,,0.29537734531080184,0.8881903285486387,0.3631125120110551,0.6256514202798469,0.6,0.4652345113007449
CAND-00472,300996.SZ,普联软件,研发投入,19,TECH_LLM,0.679688,0.003594,rerank_score_v1,0.679688,0.57,1,ANCHOR_OK,1,大模型|智能体,SCORE_LED,COMPANY,SECTION_INHERIT:研发投入,APPLIED,ORIGINAL,ACCEPT,PASS_ALL,MEDIUM,1,优化提升基于大模型的智能体开发平台、 新增面向优势业务领域的预测优化大模型、提升应用开发平台业务组装和信创化能力，支持混合开发模式，新增基于信创技术的企业级融合集成平台、优化提升基于信创技术的企业级流程引擎智能化产品化能力、优化提升 RPA 机器人运营管理平台智能化信创化能力、新增财务数字要素模型驱动引擎。,,,,,,,,,0.14507976521574584,0.6604312238271972,0.18363012292062716,0.4220306733739122,0.6,0.3919310424146084
CAND-00473,300996.SZ,普联软件,研发投入,19,TECH_ML,0.233398,0.071591,rerank_score_v1,0.233398,0.05,1,ANCHOR_OK,1,机器学习,ANCHOR_LED,COMPANY,SECTION_INHERIT:研发投入,R_AND_D,ORIGINAL,ACCEPT,PASS_ALL,MEDIUM,1,通过深度融合人工智能、机器学习、大数据分析等新一代信息技术，构建智能化填单模式、全流程智能化审批体系、自动化业财核算规则、一体化财务数据智能分析平台，实现从流程自动化向决策智能化转型，全面提升财务共享服务产品的数智化能力。,,,,,,,,,0.36371125511758695,0.18731080172299963,0.4447155117416879,0.31601315673234376,0.6,0.35376473642364376
CAND-00474,300996.SZ,普联软件,研发投入,19,TECH_LLM,0.835938,0.125923,rerank_score_v1,0.835938,0.57,1,ANCHOR_OK,1,大模型,SCORE_LED,COMPANY,SECTION_INHERIT:研发投入,R_AND_D,SECTION_INFER,ACCEPT,PASS_ALL,LOW,0,项目目的：借助AI 大模型，在现有产品基础上新增智能采集、 智能问答、智能分析、模型预测等方面功能。,,,,,,,,,0.2749016371273598,0.8260747873257763,0.33866082742133435,0.5823678073735553,0.25,0.18735517110603328
CAND-00477,300996.SZ,普联软件,研发投入,19,AI_GENERAL,0.96875,0.592667,score_mean,0.7807085,0.5,1,GENERIC_AI_OK,0,,SCORE_LED,COMPANY,SECTION_INHERIT:研发投入,R_AND_D,ORIGINAL,ACCEPT,PASS_ALL,LOW,0,项目目的：通过引入人工智能、 大数据、机器学习等前沿技术，研发“业财资税档一体化”模式下财务共享服务数智化产品及解决方案。,,,,,,,,,,0.7675249557082098,0.29267191119686864,0.5300984334525392,0.25,0.17951476501788088
CAND-00477,300996.SZ,普联软件,研发投入,19,TECH_ML,0.202148,0.035145,rerank_score_v1,0.202148,0.05,1,ANCHOR_OK,1,机器学习,ANCHOR_LED,COMPANY,SECTION_INHERIT:研发投入,R_AND_D,ORIGINAL,ACCEPT,PASS_ALL,MEDIUM,1,项目目的：通过引入人工智能、 大数据、机器学习等前沿技术，研发“业财资税档一体化”模式下财务共享服务数智化产品及解决方案。,,,,,,,,,0.40484052242765545,0.1541820890232838,0.49383126698991736,0.3240066780066006,0.6,0.35664240408237624
CAND-00478,300996.SZ,普联软件,研发投入,19,PRODUCT_FINANCE,0.941406,0.362969,score_mean,0.6521874999999999,0.05,1,ANCHOR_OK,1,报销|预算,ANCHOR_LED,COMPANY,SECTION_INHERIT:研发投入,R_AND_D,ORIGINAL,ACCEPT,PASS_ALL,MEDIUM,1,项目进展：完成市场研究、业务研究、技术研究工作，整体进入开发阶段，完成费用报销智能填单、总账报账核算规则智能化，基于规则引擎与机器学习，搭建智能稽核中心，实现预算管控、 合同管控、大额支付等核心场景的自动审核与风险智能预警。,,,,,,,,,0.14289157921912993,0.631277426592044,0.18101703460477767,0.40614723059841085,0.6,0.3862130030154279
CAND-00478,300996.SZ,普联软件,研发投入,19,TECH_ML,0.46875,0.012432,rerank_score_v1,0.46875,0.05,1,ANCHOR_OK,1,机器学习,ANCHOR_LED,COMPANY,SECTION_INHERIT:研发投入,R_AND_D,ORIGINAL,ACCEPT,PASS_ALL,MEDIUM,1,项目进展：完成市场研究、业务研究、技术研究工作，整体进入开发阶段，完成费用报销智能填单、总账报账核算规则智能化，基于规则引擎与机器学习，搭建智能稽核中心，实现预算管控、 合同管控、大额支付等核心场景的自动审核与风险智能预警。,,,,,,,,,0.2393018384759616,0.4368118830447122,0.2961482539717148,0.36648006850821346,0.6,0.37193282466295685
CAND-00478,300996.SZ,普联软件,研发投入,19,TECH_DECISION,0.980469,0.268941,rerank_score_v2,0.268941,0.17,1,ANCHOR_OK,1,规则引擎|智能预警,SCORE_LED,COMPANY,SECTION_INHERIT:研发投入,R_AND_D,ORIGINAL,ACCEPT,PASS_ALL,MEDIUM,1,项目进展：完成市场研究、业务研究、技术研究工作，整体进入开发阶段，完成费用报销智能填单、总账报账核算规则智能化，基于规则引擎与机器学习，搭建智能稽核中心，实现预算管控、 合同管控、大额支付等核心场景的自动审核与风险智能预警。,,,,,,,,,0.31788604166122664,0.22499060445855162,0.38999195074672993,0.3074912776026408,0.6,0.3506968599369507
CAND-00483,600446.SH,金证股份,业务概要,2,AI_GENERAL,0.980469,0.996406,score_mean,0.9884375,0.5,1,GENERIC_AI_OK,0,,SCORE_LED,COMPANY,EXPLICIT,APPLIED,ORIGINAL,ACCEPT,PASS_ALL,LOW,0,公司在AI 领域深入推进人工智能平台KOCA AI 的研发与应用，重点面向金融行业为投顾、营销、客服、风控等业务场景提供创新的智能产品及解决方案。,,,,,,,,,,0.9877423752409863,0.29267191119686864,0.6402071432189275,0.25,0.1960310714828391
CAND-00485,600446.SH,金证股份,业务概要,2,AI_GENERAL,0.851562,0.851953,score_mean,0.8517575,0.5,1,GENERIC_AI_OK,0,,SCORE_LED,COMPANY,SECTION_INHERIT:业务概要,APPLIED,ORIGINAL,ACCEPT,PASS_ALL,LOW,0,在机构运营领域，产品线深度融合金证AI 生态，依托大模型应用平台KOCA AI 中枢构建智能体矩阵，通过任务规划引擎、多模态识别等技术，大幅提升开户、审核、数据分析等业务的效率。,,,,,,,,,,0.8428453367834773,0.29267191119686864,0.567758623990173,0.25,0.18516379359852594
CAND-00485,600446.SH,金证股份,业务概要,2,TECH_LLM,0.621094,0.173288,rerank_score_v1,0.621094,0.57,1,ANCHOR_OK,1,大模型|智能体|多模态,SCORE_LED,COMPANY,SECTION_INHERIT:业务概要,APPLIED,ORIGINAL,ACCEPT,PASS_ALL,MEDIUM,1,在机构运营领域，产品线深度融合金证AI 生态，依托大模型应用平台KOCA AI 中枢构建智能体矩阵，通过任务规划引擎、多模态识别等技术，大幅提升开户、审核、数据分析等业务的效率。,,,,,,,,,0.3378603296106906,0.5983146224855285,0.4138448492383928,0.5060797358619606,0.6,0.42218870491030586
CAND-00487,600446.SH,金证股份,业务概要,2,PRODUCT_INVEST,0.320312,0.106691,rerank_score_v1,0.320312,0.27,1,ANCHOR_OK,0,投资,SCORE_LED,COMPANY,SECTION_INHERIT:业务概要,APPLIED,ORIGINAL,ACCEPT,PASS_ALL,LOW,0,在资产管理领域，金证基于A8 新一代投资交易系统，构建了智能交易、智能风控等多个应用场景。,,,,,,,,,0.2363907678729451,0.27944996766165886,0.29267191119686864,0.28606093942926375,0.25,0.14290914091438955
CAND-00489,600446.SH,金证股份,业务概要,2,TECH_LLM,0.707031,0.024423,rerank_score_v1,0.707031,0.57,1,ANCHOR_OK,1,大模型,SCORE_LED,COMPANY,SECTION_INHERIT:业务概要,R_AND_D,ORIGINAL,ACCEPT,PASS_ALL,MEDIUM,1,金证通过自主研发与生态合作，开发了代码大模型K-CODE，根据内部试用反馈，该模型能有效提升全场景下的开发效率。,,,,,,,,,0.25226711303231053,0.6894180523503438,0.31163112768874407,0.500524590019544,0.6,0.4201888524070358
CAND-00490,600446.SH,金证股份,核心竞争力,5,TECH_LLM,0.867188,0.909907,rerank_score_v1,0.867188,0.57,1,ANCHOR_OK,1,大语言模型|GPT|大模型,SCORE_LED,COMPANY,EXPLICIT,R_AND_D,ORIGINAL,ACCEPT,PASS_ALL,HIGH,1,在人工智能领域，公司自主研发金融领域特定场景大语言模型K-GPT、代码大模型K-CODE 及开发应用平台，推动技术创新和业务创新的双向赋能。,,,,,,,,,0.3262583141089726,0.8592035000254922,0.39998995244500773,0.62959672623525,1.0,0.77775803574115
CAND-00490,600446.SH,金证股份,核心竞争力,5,AI_GENERAL,0.835938,0.893309,score_mean,0.8646235,0.5,1,GENERIC_AI_OK,0,,SCORE_LED,COMPANY,EXPLICIT,R_AND_D,ORIGINAL,ACCEPT,PASS_ALL,LOW,0,在人工智能领域，公司自主研发金融领域特定场景大语言模型K-GPT、代码大模型K-CODE 及开发应用平台，推动技术创新和业务创新的双向赋能。,,,,,,,,,,0.8564848253465027,0.29267191119686864,0.5745783682716856,0.25,0.18618675524075284
CAND-00491,600570.SH,恒生电子,业务概要,1,TECH_LLM,0.816406,0.140336,rerank_score_v1,0.816406,0.57,1,ANCHOR_OK,1,大模型,SCORE_LED,COMPANY,SECTION_INHERIT:业务概要,COMMERCIAL,ORIGINAL,ACCEPT,PASS_ALL,MEDIUM,1,客服大模型实现客户服务全生命周期服务链路赋能，形成“接入-服务-受理-检查-分析-改进”的完整解决方案，完成11家新客户签约。,,,,,,,,,0.14130510555475914,0.8053685467993491,0.1791224992215052,0.4922455230104271,0.6,0.41720838828375373
CAND-00491,600570.SH,恒生电子,业务概要,1,PRODUCT_CUSTOMER,0.621094,0.718594,rerank_score_v2,0.718594,0.19,1,ANCHOR_OK,1,客服|客户服务,SCORE_LED,COMPANY,SECTION_INHERIT:业务概要,COMMERCIAL,ORIGINAL,ACCEPT,PASS_ALL,MEDIUM,1,客服大模型实现客户服务全生命周期服务链路赋能，形成“接入-服务-受理-检查-分析-改进”的完整解决方案，完成11家新客户签约。,,,,,,,,,0.23808932938293964,0.7016762061086418,0.29470029966219224,0.498188252885417,0.6,0.41934777103875015
CAND-00493,600570.SH,恒生电子,业务概要,1,PRODUCT_INVEST,0.996094,0.48438,rerank_score_v1,0.996094,0.27,1,ANCHOR_OK,1,资产配置|财富管理|投研|投顾,SCORE_LED,COMPANY,SECTION_INHERIT:业务概要,COMMERCIAL,ORIGINAL,ACCEPT,PASS_ALL,MEDIUM,1,资产配置平台深度融合AI 大模型场景，推动财富管理向AI 智能驱动跨越，提供投研支持、智能配置、投后陪伴的全旅程财富规划服务，构建买方投顾整体解决方案，2025年资产配置平台完成20家新客户签约。,,,,,,,,,0.6284348754905825,0.9958591748821184,0.7608432085626408,0.8783511917223796,0.6,0.5562064290200567
CAND-00493,600570.SH,恒生电子,业务概要,1,TECH_LLM,0.707031,0.037327,rerank_score_v1,0.707031,0.57,1,ANCHOR_OK,1,大模型,SCORE_LED,COMPANY,SECTION_INHERIT:业务概要,COMMERCIAL,ORIGINAL,ACCEPT,PASS_ALL,MEDIUM,1,资产配置平台深度融合AI 大模型场景，推动财富管理向AI 智能驱动跨越，提供投研支持、智能配置、投后陪伴的全旅程财富规划服务，构建买方投顾整体解决方案，2025年资产配置平台完成20家新客户签约。,,,,,,,,,0.1645208195919592,0.6894180523503438,0.20684624445547065,0.4481321484029072,0.6,0.4013275734250466
CAND-00495,600570.SH,恒生电子,业务概要,2,PRODUCT_INSURANCE,0.071777,0.014957,rerank_score_v1,0.071777,0.07,1,ANCHOR_OK,1,保险,SCORE_LED,COMPANY,EXPLICIT,COMMERCIAL,ORIGINAL,ACCEPT,PASS_ALL,MEDIUM,1,其中PB2.0 自主可控在多家头部券商完成竣工，产品竞争力进一步提升；程序化交易新规下，LDP 极速风控系统在多家券商上线，实现了合规性展业；量化算法服务客群进一步延伸至高净值用户，OPLUS 产品中标多家保险私募子公司。,,,,,,,,,0.15522030955883026,0.01597334011529497,0.1957397598437441,0.10585654997951953,0.6,0.278108357992627
CAND-00497,600570.SH,恒生电子,业务概要,2,PRODUCT_INVEST,0.980469,0.939913,rerank_score_v1,0.980469,0.27,1,ANCHOR_OK,1,投研,SCORE_LED,COMPANY,SECTION_INHERIT:业务概要,APPLIED,ANCHOR_INFER,ACCEPT,PASS_ALL,MEDIUM,1,各类基础数据产品、智能投研产品。,,,,,,,,,0.4888255605428546,0.9792948185322605,0.5941245337160557,0.7867096761241581,0.6,0.5232154834046969
CAND-00498,600570.SH,恒生电子,业务概要,2,PRODUCT_INVEST,0.707031,0.622459,rerank_score_v1,0.707031,0.27,1,ANCHOR_OK,1,理财|投研|行情,SCORE_LED,COMPANY,SECTION_INHERIT:业务概要,APPLIED,ORIGINAL,ACCEPT,PASS_ALL,MEDIUM,1,基础数据产品涵盖金融数据(含权益数据、固收数据、大理财数据等）、投研数据、产业数据、行情数据、大模型数据服务、应用数据、数据运营服务。,,,,,,,,,0.28310132242523434,0.6894180523503438,0.3484527289683945,0.5189353906593692,0.6,0.4268167406373729
CAND-00499,600570.SH,恒生电子,业务概要,2,PRODUCT_INVEST,0.992188,0.904651,rerank_score_v1,0.992188,0.27,1,ANCHOR_OK,1,投研,SCORE_LED,COMPANY,SECTION_INHERIT:业务概要,APPLIED,ANCHOR_INFER,ACCEPT,PASS_ALL,MEDIUM,1,智能投研产品主要包括WarrenQ 智能投研平台、洞见一体化投研解决方案、智眸风险预警系统及小梵智能财富组件服务。,,,,,,,,,0.6811159553189094,0.9917183508243554,0.8237539091971529,0.9077361300107541,0.6,0.5667850068038714
CAND-00501,600570.SH,恒生电子,核心竞争力,5,TECH_LLM,0.707031,0.001501,rerank_score_v1,0.707031,0.57,1,ANCHOR_OK,1,大模型,SCORE_LED,COMPANY,EXPLICIT,APPLIED,ORIGINAL,ACCEPT,PASS_ALL,MEDIUM,1,公司持续优化客户服务体系，面向客户同时提供产品化和个性化服务，并依托专业的服务团队和完善的支持体系，通过专家1 对1 的服务和统一知识服务平台，沉淀经验，结合大模型技术应用，提升主动服务能力，确保客户在使用公司产品和服务时获得最佳体验。,,,,,,,,,0.12595554423718155,0.6894180523503438,0.1607923575450627,0.42510520494770326,0.6,0.3930378737811731
CAND-00501,600570.SH,恒生电子,核心竞争力,5,PRODUCT_CUSTOMER,0.679688,0.679179,rerank_score_v2,0.679179,0.19,1,ANCHOR_OK,1,客户服务,SCORE_LED,COMPANY,EXPLICIT,APPLIED,ORIGINAL,ACCEPT,PASS_ALL,HIGH,1,公司持续优化客户服务体系，面向客户同时提供产品化和个性化服务，并依托专业的服务团队和完善的支持体系，通过专家1 对1 的服务和统一知识服务平台，沉淀经验，结合大模型技术应用，提升主动服务能力，确保客户在使用公司产品和服务时获得最佳体验。,,,,,,,,,0.3549355067639401,0.6598916233547443,0.4342356871192771,0.5470636552370107,1.0,0.7282381931422064
CAND-00505,600906.SH,财达证券,核心竞争力,15,TECH_LLM,0.851562,0.281406,rerank_score_v1,0.851562,0.57,1,ANCHOR_OK,1,大模型,SCORE_LED,COMPANY,SECTION_INHERIT:核心竞争力,R_AND_D,ORIGINAL,ACCEPT,PASS_ALL,MEDIUM,1,一是不断创新并优化迭代股市通APP、理财师等产品，逐步将大模型能力融入业务场景，使投资者能够更便捷、高效地开展投资活动，构建全场景数字化服务矩阵以及数智化对客服务平台。,,,,,,,,,0.09635471786380571,0.8426380835568279,0.1254436378039708,0.48404086068039937,0.6,0.4142547098449438
CAND-00505,600906.SH,财达证券,核心竞争力,15,PRODUCT_INVEST,0.835938,0.531209,rerank_score_v1,0.835938,0.27,1,ANCHOR_OK,0,理财|投资,SCORE_LED,COMPANY,SECTION_INHERIT:核心竞争力,R_AND_D,ORIGINAL,ACCEPT,PASS_ALL,LOW,0,一是不断创新并优化迭代股市通APP、理财师等产品，逐步将大模型能力融入业务场景，使投资者能够更便捷、高效地开展投资活动，构建全场景数字化服务矩阵以及数智化对客服务平台。,,,,,,,,,0.15833928705447614,0.8260747873257763,0.1994643809060643,0.5127695841159203,0.25,0.17691543761738804
CAND-00505,600906.SH,财达证券,核心竞争力,15,PRODUCT_CUSTOMER,0.192383,0.651355,rerank_score_v2,0.651355,0.19,1,ANCHOR_OK,1,客服,SCORE_LED,COMPANY,SECTION_INHERIT:核心竞争力,R_AND_D,ORIGINAL,ACCEPT,PASS_ALL,MEDIUM,1,一是不断创新并优化迭代股市通APP、理财师等产品，逐步将大模型能力融入业务场景，使投资者能够更便捷、高效地开展投资活动，构建全场景数字化服务矩阵以及数智化对客服务平台。,,,,,,,,,0.1485245607893687,0.6303948776857237,0.1877438294692684,0.409069353577496,0.6,0.38726496728789855
CAND-00506,600906.SH,财达证券,核心竞争力,15,TECH_DECISION,0.875,0.307358,rerank_score_v2,0.307358,0.17,1,ANCHOR_OK,1,智能风控,SCORE_LED,COMPANY,SECTION_INHERIT:核心竞争力,APPLIED,ANCHOR_INFER,ACCEPT,PASS_ALL,MEDIUM,1,二是持续打造“看、管、办”一体化的智能风控平台，实现纵向穿透、横向互联的风控体系，有效提升风险管控能力。,,,,,,,,,0.3816045372804733,0.26571718864367105,0.4660833143984761,0.3659002515210736,0.6,0.3717240905475865
CAND-00510,600928.SH,西安银行,业务概要,24,PRODUCT_CREDIT,0.765625,0.377541,rerank_score_v1,0.765625,0.29,1,ANCHOR_OK,1,贷后,SCORE_LED,COMPANY,SECTION_INHERIT:业务概要,R_AND_D,ORIGINAL,ACCEPT,PASS_ALL,MEDIUM,1,二是强化贷后管理，迭代升级智能风控预警体系，实现对风险信号的早识别、早预警、早干预，全面提升风险管控精度与处置效率。,,,,,,,,,0.3292214669787206,0.7515346536920126,0.40352849082976533,0.5775315722608889,0.6,0.44791136601392
CAND-00510,600928.SH,西安银行,业务概要,24,TECH_DECISION,0.453125,0.281406,rerank_score_v2,0.281406,0.17,1,ANCHOR_OK,1,智能风控,SCORE_LED,COMPANY,SECTION_INHERIT:业务概要,R_AND_D,ORIGINAL,ACCEPT,PASS_ALL,MEDIUM,1,二是强化贷后管理，迭代升级智能风控预警体系，实现对风险信号的早识别、早预警、早干预，全面提升风险管控精度与处置效率。,,,,,,,,,0.37849900210649323,0.23820498538021426,0.46237474589006916,0.3502898656351417,0.6,0.366104351628651
CAND-00512,600928.SH,西安银行,核心竞争力,28,PRODUCT_CUSTOMER,0.753906,0.437823,rerank_score_v2,0.437823,0.19,1,ANCHOR_OK,0,营销,SCORE_LED,COMPANY,SECTION_INHERIT:核心竞争力,APPLIED,ORIGINAL,ACCEPT,PASS_ALL,LOW,0,通过产品、营销、风控、合规线上化，提升业务运转效率；依托手机银行平台，聚焦客户高频需求，探索“千人千面”精准服务与智能AI 应用，打造“金融+生活”一体化的高粘性综合服务平台，实现业务增长与客户体验的双重提升。,,,,,,,,,0.3702616243287554,0.40402558871946065,0.4525378327311632,0.42828171072531196,0.25,0.1642422566087968
CAND-00513,601059.SH,信达证券,核心竞争力,6,PRODUCT_FRAUD,0.867188,0.063715,score_mean,0.4654514999999999,0.05,1,ANCHOR_OK,1,合规监测|反洗钱,ANCHOR_LED,COMPANY,EXPLICIT,R_AND_D,ORIGINAL,ACCEPT,PASS_ALL,MEDIUM,1,公司持续强化合规检查、合规监测等管理手段，推进反洗钱、员工投资行为管理等系统的升级改造；推进风险管理系统建设，健全优化内部评级管理体系，持续推进业务覆盖范围，持续完善同一客户同一业务数据质量，风险管理水平不断提高。,,,,,,,,,0.41973949338815286,0.4333150811618317,0.5116233225991144,0.47246920188047303,0.6,0.4100889126769703
CAND-00515,601166.SH,兴业银行,核心竞争力,20,AI_GENERAL,0.96875,0.182426,score_mean,0.575588,0.5,1,GENERIC_AI_OK,0,,SCORE_LED,COMPANY,EXPLICIT,R_AND_D,ORIGINAL,ACCEPT,PASS_ALL,LOW,0,域，开展“人工智能+”行动，开启从“数字兴业”到“智慧兴坚定将绿色金融作为集团战略核心业务，并前瞻性升级为ESG理念，率先将可持续发展提升到企业战略和公司治业”的新征程。,,,,,,,,,,0.5500728560819039,0.29267191119686864,0.4213723836393863,0.25,0.16320585754590794
CAND-00523,601456.SH,国联民生,业务概要,10,AI_GENERAL,0.894531,0.156105,score_mean,0.525318,0.5,1,GENERIC_AI_OK,0,,SCORE_LED,COMPANY,EXPLICIT,COMMERCIAL,ORIGINAL,ACCEPT,PASS_ALL,LOW,0,固定收益业务方面，公司将继续强化以做市交易为核心的优势，完善多品种做市模型；积极推动策略多元化，布局宏观对冲策略；全力拓展场外衍生品业务，构建FICC 综合服务能力；依托新获资质拓展承销业务，推动销售团队为客户提供一站式综合服务；推动固收业务系统升级，深化AI（人工智能）技术应用，加强金融科技对固收业务的赋能，持续提升做市交易和客户服务能力。,,,,,,,,,,0.4967806836846329,0.29267191119686864,0.3947262974407508,0.25,0.15920894461611262
CAND-00524,601788.SH,光大证券,核心竞争力,10,TECH_LLM,0.835938,0.100879,rerank_score_v1,0.835938,0.57,1,ANCHOR_OK,1,大模型,SCORE_LED,COMPANY,SECTION_INHERIT:核心竞争力,APPLIED,ORIGINAL,ACCEPT,PASS_ALL,MEDIUM,1,致力于构建以用户和场景为中心的一体化数字金融服务体系，深化大数据、人工智能等技术与业务融合，积极探索AI 与大模型在客户服务、运营优化等领域的应用，持续加强网络与信息安全体系建设，夯实数字化发展的稳固基石。,,,,,,,,,0.14013321694819336,0.8260747873257763,0.1777230530912265,0.5018989202085014,0.6,0.4206836112750605
CAND-00524,601788.SH,光大证券,核心竞争力,10,AI_GENERAL,0.933594,0.268941,score_mean,0.6012675000000001,0.5,1,GENERIC_AI_OK,0,,SCORE_LED,COMPANY,SECTION_INHERIT:核心竞争力,APPLIED,ORIGINAL,ACCEPT,PASS_ALL,LOW,0,致力于构建以用户和场景为中心的一体化数字金融服务体系，深化大数据、人工智能等技术与业务融合，积极探索AI 与大模型在客户服务、运营优化等领域的应用，持续加强网络与信息安全体系建设，夯实数字化发展的稳固基石。,,,,,,,,,,0.5772961769706193,0.29267191119686864,0.43498404408374397,0.25,0.1652476066125616
CAND-00524,601788.SH,光大证券,核心竞争力,10,PRODUCT_CUSTOMER,0.96875,0.468791,rerank_score_v2,0.468791,0.19,1,ANCHOR_OK,1,客户服务,SCORE_LED,COMPANY,SECTION_INHERIT:核心竞争力,APPLIED,ORIGINAL,ACCEPT,PASS_ALL,MEDIUM,1,致力于构建以用户和场景为中心的一体化数字金融服务体系，深化大数据、人工智能等技术与业务融合，积极探索AI 与大模型在客户服务、运营优化等领域的应用，持续加强网络与信息安全体系建设，夯实数字化发展的稳固基石。,,,,,,,,,0.1531972797309737,0.43685534791577424,0.19332389774885705,0.3150896228323157,0.6,0.35343226421963364
CAND-00527,603093.SH,南华期货,核心竞争力,7,TECH_LLM,0.679688,0.031144,rerank_score_v1,0.679688,0.57,1,ANCHOR_OK,1,大模型,SCORE_LED,COMPANY,EXPLICIT,APPLIED,ORIGINAL,ACCEPT,PASS_ALL,MEDIUM,1,公司推出南华投研通、南华研究小程序等服务载体，上线NHTD5 系统，有效支撑相关业务高效开展；同时，打造新一代智能化数据底座与AI 大模型底座，实现数据治理、开发与应用的良性循环，推动大模型在多个业务场景落地应用。,,,,,,,,,0.16822092731859214,0.6604312238271972,0.21126483971327864,0.4358480317702379,0.6,0.39690529143728565
CAND-00527,603093.SH,南华期货,核心竞争力,7,PRODUCT_INVEST,0.5625,0.256832,rerank_score_v1,0.5625,0.27,1,ANCHOR_OK,1,投研,SCORE_LED,COMPANY,EXPLICIT,APPLIED,ORIGINAL,ACCEPT,PASS_ALL,MEDIUM,1,公司推出南华投研通、南华研究小程序等服务载体，上线NHTD5 系统，有效支撑相关业务高效开展；同时，打造新一代智能化数据底座与AI 大模型底座，实现数据治理、开发与应用的良性循环，推动大模型在多个业务场景落地应用。,,,,,,,,,0.14555253594323242,0.5361980211438597,0.18419469634627808,0.3601963587450689,0.6,0.3696706891482248
CAND-00527,603093.SH,南华期货,核心竞争力,7,AI_GENERAL,0.753906,0.294215,score_mean,0.5240605,0.5,1,GENERIC_AI_OK,0,,SCORE_LED,COMPANY,EXPLICIT,APPLIED,ORIGINAL,ACCEPT,PASS_ALL,LOW,0,公司推出南华投研通、南华研究小程序等服务载体，上线NHTD5 系统，有效支撑相关业务高效开展；同时，打造新一代智能化数据底座与AI 大模型底座，实现数据治理、开发与应用的良性循环，推动大模型在多个业务场景落地应用。,,,,,,,,,,0.4954475842855965,0.29267191119686864,0.39405974774123254,0.25,0.1591089621611849
CAND-00529,603123.SH,翠微股份,核心竞争力,5,AI_GENERAL,0.96875,0.904651,score_mean,0.9367005,0.5,1,GENERIC_AI_OK,0,,SCORE_LED,COMPANY,EXPLICIT,R_AND_D,ORIGINAL,ACCEPT,PASS_ALL,LOW,0,基于较强的大数据治理能力，海科融通前瞻性布局AI 技术研发，通过“智能支付+”创新服务体系构建行业生态：以人工智能为核心驱动力，深度整合AI 大模型技术能力，全面赋能公司业务向数字支付领域转型。,,,,,,,,,,0.9328950085547401,0.29267191119686864,0.6127834598758044,0.25,0.19191751898137066
CAND-00529,603123.SH,翠微股份,核心竞争力,5,PRODUCT_PAYMENT,0.851562,0.060087,rerank_score_v1,0.851562,0.33,1,ANCHOR_OK,1,支付,SCORE_LED,COMPANY,EXPLICIT,R_AND_D,ORIGINAL,ACCEPT,PASS_ALL,MEDIUM,1,基于较强的大数据治理能力，海科融通前瞻性布局AI 技术研发，通过“智能支付+”创新服务体系构建行业生态：以人工智能为核心驱动力，深度整合AI 大模型技术能力，全面赋能公司业务向数字支付领域转型。,,,,,,,,,0.29755061528107796,0.8426380835568279,0.36570778790409975,0.6041729357304638,0.6,0.45750225686296697
CAND-00536,603171.SH,税友股份,业务概要,1,AI_GENERAL,0.408203,0.622459,score_mean,0.515331,0.5,1,GENERIC_AI_OK,0,,SCORE_LED,COMPANY,EXPLICIT,APPLIED,ORIGINAL,ACCEPT,PASS_ALL,LOW,0,报告期内，公司紧扣“开创数智化高价值财税服务新时代”发展愿景，以“人工智能+场景落地+生态协同”为发展路径，坚定推进AIBM （数智化商业管理）战略落地实施。,,,,,,,,,,0.486193277165207,0.29267191119686864,0.3894325941810378,0.25,0.15841488912715568
CAND-00539,603171.SH,税友股份,业务概要,4,TECH_LLM,0.816406,0.125923,rerank_score_v1,0.816406,0.57,1,ANCHOR_OK,1,大模型,SCORE_LED,COMPANY,EXPLICIT,R_AND_D,ORIGINAL,ACCEPT,PASS_ALL,MEDIUM,1,公司依托“犀友”人工智能平台，构建垂域大模型、垂域知识中心、垂域AI 产品生态，更好地为客户提供数据价值服务，提升政府治理效率。,,,,,,,,,0.1252804179447616,0.8053685467993491,0.15998613511736517,0.4826773409583571,0.6,0.4137638427450086
CAND-00543,603171.SH,税友股份,业务概要,5,TECH_LLM,0.652344,0.033086,rerank_score_v1,0.652344,0.57,1,ANCHOR_OK,1,智能体|大模型,SCORE_LED,COMPANY,EXPLICIT,APPLIED,ORIGINAL,ACCEPT,PASS_ALL,MEDIUM,1,公司通过打造“犀友”人工智能平台，围绕垂域模型建设和智能体应用两方面持续进行升级开发，通过“大模型矩阵+智能体矩阵”的深度积累与政策理解能力，构建垂直场景人工智能应用的护城河。,,,,,,,,,0.18843875724071424,0.6314433351852443,0.23540857119818617,0.43342595319171523,0.6,0.3960333431490175
CAND-00543,603171.SH,税友股份,业务概要,5,AI_GENERAL,0.408203,0.705785,score_mean,0.556994,0.5,1,GENERIC_AI_OK,0,,SCORE_LED,COMPANY,EXPLICIT,APPLIED,ORIGINAL,ACCEPT,PASS_ALL,LOW,0,公司通过打造“犀友”人工智能平台，围绕垂域模型建设和智能体应用两方面持续进行升级开发，通过“大模型矩阵+智能体矩阵”的深度积累与政策理解能力，构建垂直场景人工智能应用的护城河。,,,,,,,,,,0.5303610069958714,0.29267191119686864,0.41151645909637,0.25,0.1617274688644555
CAND-00544,603171.SH,税友股份,业务概要,5,TECH_LLM,0.621094,0.007121,rerank_score_v1,0.621094,0.57,1,ANCHOR_OK,1,大模型,SCORE_LED,COMPANY,SECTION_INHERIT:业务概要,R_AND_D,ORIGINAL,ACCEPT,PASS_ALL,MEDIUM,1,其核心是在通用大模型的基础上，解决以下三大难题：一是通用大模型缺乏高质量的财税实务及行业认知知识，容易导致答非所问；二是通用大模型存在幻觉、推理能力不足等问题，与依法治税对确定性推理的刚性要求存在重大矛盾，导致回答不可用；三是通用大模型迭代更新速度快，财税大模型需具备快速适配的能力。,,,,,,,,,0.17714683144649604,0.5983146224855285,0.22192397738306074,0.41011929993429463,0.6,0.387642947976346
CAND-00547,603171.SH,税友股份,业务概要,5,TECH_LLM,0.679688,0.148047,rerank_score_v1,0.679688,0.57,1,ANCHOR_OK,1,大模型,SCORE_LED,COMPANY,EXPLICIT,APPLIED,ANCHOR_INFER,ACCEPT,PASS_ALL,LOW,0,目前，公司财税垂域大模型已积累大量高精度的财税专业知识图谱，有力支撑数智财税专家咨询业务，显著提升了专家的工作质效。,,,,,,,,,0.10953084741478417,0.6604312238271972,0.1411783103734089,0.40080476710030305,0.25,0.16012071506504547
CAND-00547,603171.SH,税友股份,业务概要,5,TECH_KG,0.255859,0.281406,rerank_score_v2,0.281406,0.15,1,ANCHOR_OK,1,知识图谱,SCORE_LED,COMPANY,EXPLICIT,APPLIED,ANCHOR_INFER,ACCEPT,PASS_ALL,HIGH,1,目前，公司财税垂域大模型已积累大量高精度的财税专业知识图谱，有力支撑数智财税专家咨询业务，显著提升了专家的工作质效。,,,,,,,,,0.3800175001707853,0.23820498538021426,0.4641881061599814,0.35119654577009785,1.0,0.6107179274620587
CAND-00549,603171.SH,税友股份,业务概要,6,TECH_LLM,0.59375,0.021615,rerank_score_v1,0.59375,0.57,1,ANCHOR_OK,1,智能体|大模型|多模态,SCORE_LED,COMPANY,SECTION_INHERIT:业务概要,R_AND_D,ORIGINAL,ACCEPT,PASS_ALL,MEDIUM,1,另一方面，“犀友”智能体中心以大模型为主干、小模型为辅助，构建基础算法能力；同时，融合多模态AI 与传统小模型技术，打造出垂直领域能力更强、场景适应性更优的智能体。,,,,,,,,,0.16530623862016344,0.5693267338435756,0.20778417628065388,0.38855545506211475,0.6,0.3798799638223613
CAND-00552,603171.SH,税友股份,核心竞争力,10,TECH_LLM,0.707031,0.063715,rerank_score_v1,0.707031,0.57,1,ANCHOR_OK,1,大模型|智能体,SCORE_LED,COMPANY,EXPLICIT,APPLIED,ORIGINAL,ACCEPT,PASS_ALL,MEDIUM,1,依托垂直领域Harness 约束反馈系统与深度强化学习、逻辑验证机制，公司持续迭代财税垂域大模型，有效解决通用大模型知识缺失、AI 幻觉、推理不确定等核心问题，实现财税服务判断精准推演、全流程可追溯与结论零风险，保障在财税严肃场景下的稳定可靠应用，全面支撑数智工场智能体产品高效落地，显著提升服务质效与客户体验，构筑财税AI 应用领域独有的技术护城河。,,,,,,,,,0.15015093578894073,0.6894180523503438,0.18968601423562,0.4395520332929819,0.6,0.3982387319854735
CAND-00552,603171.SH,税友股份,核心竞争力,10,TECH_RL,0.859375,0.027585,score_mean,0.44348,0.05,1,ANCHOR_OK,1,强化学习,ANCHOR_LED,COMPANY,EXPLICIT,APPLIED,ORIGINAL,ACCEPT,PASS_ALL,MEDIUM,1,依托垂直领域Harness 约束反馈系统与深度强化学习、逻辑验证机制，公司持续迭代财税垂域大模型，有效解决通用大模型知识缺失、AI 幻觉、推理不确定等核心问题，实现财税服务判断精准推演、全流程可追溯与结论零风险，保障在财税严肃场景下的稳定可靠应用，全面支撑数智工场智能体产品高效落地，显著提升服务质效与客户体验，构筑财税AI 应用领域独有的技术护城河。,,,,,,,,,0.35861403738890696,0.410022680807214,0.4386285154302439,0.42432559811872894,0.6,0.39275721532274244
CAND-00556,603927.SH,中科软,业务概要,1,TECH_LLM,0.679688,0.037327,rerank_score_v1,0.679688,0.57,1,ANCHOR_OK,0,提示词,SCORE_LED,COMPANY,EXPLICIT,R_AND_D,ORIGINAL,ACCEPT,PASS_ALL,LOW,0,在AI 应用落地端，公司帮助行业客户跨越垂直领域AI 与业务场景相结合的“最后一公里”，在高质量数据集建设、认知管理模型/本体、领域知识库建设、提示词工程、上下文工程、垂域模型训练等多项环节发力，实现AI 技术与业务流的融合，积极推进AI 在保险、医疗卫生、政务等重点行业的应用落地。,,,,,,,,,0.10747743935999039,0.6604312238271972,0.13872617120244668,0.39957869751482195,0.25,0.1599368046272233
CAND-00556,603927.SH,中科软,业务概要,1,AI_GENERAL,0.53125,0.468791,score_mean,0.5000205,0.5,1,GENERIC_AI_OK,0,,SCORE_LED,COMPANY,EXPLICIT,R_AND_D,ORIGINAL,ACCEPT,PASS_ALL,LOW,0,在AI 应用落地端，公司帮助行业客户跨越垂直领域AI 与业务场景相结合的“最后一公里”，在高质量数据集建设、认知管理模型/本体、领域知识库建设、提示词工程、上下文工程、垂域模型训练等多项环节发力，实现AI 技术与业务流的融合，积极推进AI 在保险、医疗卫生、政务等重点行业的应用落地。,,,,,,,,,,0.46996232817995903,0.29267191119686864,0.38131711968841386,0.25,0.1571975679532621
CAND-00557,603927.SH,中科软,业务概要,1,AI_GENERAL,0.245117,0.932453,score_mean,0.588785,0.5,1,GENERIC_AI_OK,0,,SCORE_LED,COMPANY,EXPLICIT,APPLIED,ORIGINAL,ACCEPT,PASS_ALL,LOW,0,在当前AI 加大应用的趋势下，公司持续展开围绕AIGC 相关技术的研发创新，全面展开以AI 为核心引擎的前中后端全栈式智能化升级。,,,,,,,,,,0.5640632439698446,0.29267191119686864,0.42836757758335664,0.25,0.16425513663750352
CAND-00557,603927.SH,中科软,业务概要,1,AI_ENGINEERING,0.90625,0.173288,rerank_score_v2,0.173288,0.17,1,ANCHOR_OK,0,全栈,SCORE_LED,COMPANY,EXPLICIT,APPLIED,ORIGINAL,ACCEPT,PASS_ALL,LOW,0,在当前AI 加大应用的趋势下，公司持续展开围绕AIGC 相关技术的研发创新，全面展开以AI 为核心引擎的前中后端全栈式智能化升级。,,,,,,,,,0.030742477009332324,0.12358706027084226,0.04709080115357657,0.08533893071220941,0.25,0.11280083960683142
CAND-00562,603927.SH,中科软,核心竞争力,17,AI_ENGINEERING,0.941406,0.952574,rerank_score_v2,0.952574,0.17,1,ANCHOR_OK,1,MaaS|算力|模型训练,SCORE_LED,COMPANY,EXPLICIT,R_AND_D,ORIGINAL,ACCEPT,PASS_ALL,HIGH,1,在技术落地层面，公司以MaaS 平台为智能中枢，贯通算力调度、模型训练与推理。,,,,,,,,,0.690796722814772,0.9497228044279862,0.8353144897287055,0.8925186470783458,1.0,0.9355111882470075
CAND-00565,603927.SH,中科软,核心竞争力,17,TECH_KG,0.349609,0.307358,rerank_score_v2,0.307358,0.15,1,ANCHOR_OK,1,知识图谱,SCORE_LED,COMPANY,EXPLICIT,R_AND_D,ORIGINAL,ACCEPT,PASS_ALL,HIGH,1,通过将海量项目实践中的样本程序、技术文档及业务逻辑转化为结构化的知识图谱与经验模型，公司不仅实现了软件开发的提质增效与快速迭代，更形成了一套完整的行业专识体系。,,,,,,,,,0.2871875122432712,0.26571718864367105,0.3533323758020588,0.30952478222286495,1.0,0.585714869333719
CAND-00568,603927.SH,中科软,研发投入,14,AI_GENERAL,0.349609,0.992879,score_mean,0.671244,0.5,1,GENERIC_AI_OK,0,,SCORE_LED,COMPANY,EXPLICIT,R_AND_D,ORIGINAL,ACCEPT,PASS_ALL,LOW,0,报告期内，公司持续围绕AIGC 及人工智能技术的系统性研发投入，重点聚焦以AI为核心引擎的全栈式智能化升级。,,,,,,,,,,0.6514795806260324,0.29267191119686864,0.4720757459114505,0.25,0.17081136188671758
CAND-00568,603927.SH,中科软,研发投入,14,AI_ENGINEERING,0.851562,0.307358,rerank_score_v2,0.307358,0.17,1,ANCHOR_OK,0,全栈,SCORE_LED,COMPANY,EXPLICIT,R_AND_D,ORIGINAL,ACCEPT,PASS_ALL,LOW,0,报告期内，公司持续围绕AIGC 及人工智能技术的系统性研发投入，重点聚焦以AI为核心引擎的全栈式智能化升级。,,,,,,,,,0.03962874267331551,0.26571718864367105,0.057702603355948866,0.16170989599980995,0.25,0.1242564843999715
CAND-00571,603927.SH,中科软,研发投入,15,PRODUCT_INSURANCE,0.119141,0.011687,rerank_score_v1,0.119141,0.07,1,ANCHOR_OK,1,保险,SCORE_LED,COMPANY,EXPLICIT,APPLIED,ORIGINAL,ACCEPT,PASS_ALL,MEDIUM,1,"除人工智能应用外，公司紧密结合技术发展趋势与行业数字化转型需求，持续深化行业参考模型平台、""保险+""生态平台以及数据治理与分析应用等方向的研发创新，构建支撑长期发展的多层次技术产品矩阵。",,,,,,,,,0.04192332316221897,0.06618480726119386,0.060442745864219515,0.06331377656270669,0.6,0.2627929595625744
CAND-00573,603927.SH,中科软,研发投入,15,PRODUCT_INSURANCE,0.245117,0.060087,rerank_score_v1,0.245117,0.07,1,ANCHOR_OK,1,保险|寿险|车险|理赔,SCORE_LED,COMPANY,SECTION_INHERIT:研发投入,R_AND_D,ORIGINAL,ACCEPT,PASS_ALL,MEDIUM,1,研发项目：多场景融合的跨域精准保险核心系统关键技术攻关、商业养老金清算平台、寿险核心一体化开发管理平台、智慧人力资源系统、产品管理平台辅助策略引擎、 平台经济综合监管系统、多平台软硬件全栈切换平台、存储系统测试平台研发、 基于地产行业的经营分析管理平台、车险理赔数智人伤管理平台、院内传染病医防融合大数据协同平台、智慧工会职工服务平台、智慧煤炭综合一体化平台、 基于Aviator 表达式引擎的高效规则引擎系统、医院智能公卫系统、省域旅游综合监管平台、城市智慧环境平台、媒体和文化阵地监管平台、智慧托育平台、 财产保险理赔全流程协同作业平台、企业应用协同平台、三级网信调度体系应急值守与应急研判指挥调度系统、中科软保险PaaS 云平台、保险中介业务一体化管理平台、产品全生命周期管理平台、门户信息管理平台、保险IFRS17 平台 V2.0、多元生物安全监测信息融合与早期预警平台、IFRS17 会计引擎、基于低代码平台的灵创办公系统、预算编报平台。,,,,,,,,,0.5666527219795701,0.1997343340150947,0.6870641862504056,0.4433992601327501,0.6,0.3996237336477901
CAND-00574,603927.SH,中科软,研发投入,15,TECH_KG,0.996094,0.5,rerank_score_v2,0.5,0.15,1,ANCHOR_OK,1,图数据库|图谱,SCORE_LED,COMPANY,SECTION_INHERIT:研发投入,COMMERCIAL,ORIGINAL,ACCEPT,PASS_ALL,MEDIUM,1,研发项目：智能销售门户系统、健康保障委托管理业务平台、一站式个代营销服务平台、 智慧社群领航系统、数字化客户服务与教育平台、基于图数据库的家族图谱与家庭保障分析系统、金融智能营销CRM 系统、财产保险风险减量服务平台、基。,,,,,,,,,0.09197476009913434,0.46994059574442804,0.12021317911514028,0.29507688742978416,0.6,0.34622767947472227
CAND-00575,603927.SH,中科软,研发投入,15,APP_INTERNAL,0.753906,0.106691,score_max,0.753906,0.63,1,ANCHOR_OK,1,AIOps|智能运维|员工,SCORE_LED,COMPANY,EXPLICIT,APPLIED,ORIGINAL,ACCEPT,PASS_ALL,MEDIUM,1,研发项目：行业应用软件可观测AIOps 平台、智慧执法办案平台、企业级人工智能MES 系统、保险监管数据AIGC 知识辅助系统、智慧工坊、基于人工智能的自动化测试平台、智能化数字人寿险建议书系统、基于语义理解的团险特约理算助手、基于大模型的智能健康险理赔系统、基于垂域业务模型的保险公司投资项目管理系统、基于人工智能技术的证券公司代销保险业务智能双录系统、企业智能科技资源管理系统、基于AIGC 的业财数据分析平台、基于大数据应用及人工智能技术的金融审计智能平台研发、AI 寿险数字助理系统、保险AIOps 智能运维平台、证照智能化管理系统、Clog 决策引擎平台、基于AI 的能力模型测评系统、 产品条款智能管理系统、智能保单服务系统、大模型智能检索数据库管理系统、 基于AI 技术的规则解析平台、财险数智化运维平台、古籍数字化资源智能处理平台、基于多智能体的医疗辅助诊断系统、智能web 应用构建引擎平台、基于大模型的代理人智能展业助手项目、基于智能AI 精算管理平台、养殖保险智能识别平台、数字员工催收业务管理系统、基于知识图谱和多源数据融合的关联交易管理系统、行业应用软件AI 智能助手、基于AI 生成+决策的代码质量智能保证平台、MaaS 应用服务平台、基于deepseek 的物流智能控制塔平台、基于多维度特征提取的图像篡改识别系统、保险智慧经营决策管理平台V2.0、基于大模型的会议内容萃取系统、基于大模型的学生资助风险分析平台、融合AI 技术的交通政务管理平台、AIGC 垂直领域行业知识平台、知途平台（赋能保险数智营销）V1.0、医疗健康AI-MAAS 平台、低代码平台AI 助手、基于向量数据库的AIGC 模型即服务平台研究、基于AI 的智慧教育一体化服务平台。,,,,,,,,,0.3635837371492614,0.7391111213999175,0.4445632323131532,0.5918371768565354,0.6,0.45306138366835275
CAND-00576,603927.SH,中科软,研发投入,16,PRODUCT_INSURANCE,0.349609,0.119203,rerank_score_v1,0.349609,0.07,1,ANCHOR_OK,1,保险,SCORE_LED,COMPANY,SECTION_INHERIT:研发投入,APPLIED,ORIGINAL,ACCEPT,PASS_ALL,MEDIUM,1,于大数据和智能匹配的汽车后市场维修资源智能推送系统、意健险快速出单系统、保险中介风控出单平台：数据治理与分析应用。,,,,,,,,,0.5486142814872902,0.31050826833249323,0.6655230383957809,0.48801565336413705,0.6,0.4156856352110893
CAND-00584,688318.SH,财富趋势,业务概要,3,AI_GENERAL,0.816406,0.5,score_mean,0.658203,0.5,1,GENERIC_AI_OK,0,,SCORE_LED,COMPANY,SECTION_INHERIT:业务概要,APPLIED,ORIGINAL,ACCEPT,PASS_ALL,LOW,0,智能体（AI Agent）技术的应用进一步催化了服务范式的转型，通过对金融数据和信息的自动化处理、智能分析，大幅提高了投研、风控和客户服务的质量与效率，能够帮助金融机构应对市场变化，优化和提升服务的广度、深度与温度。,,,,,,,,,,0.6376545712718886,0.29267191119686864,0.46516324123437863,0.25,0.16977448618515678
CAND-00584,688318.SH,财富趋势,业务概要,3,PRODUCT_INVEST,0.4375,0.256832,rerank_score_v1,0.4375,0.27,1,ANCHOR_OK,1,投研,SCORE_LED,COMPANY,SECTION_INHERIT:业务概要,APPLIED,ORIGINAL,ACCEPT,PASS_ALL,MEDIUM,1,智能体（AI Agent）技术的应用进一步催化了服务范式的转型，通过对金融数据和信息的自动化处理、智能分析，大幅提高了投研、风控和客户服务的质量与效率，能够帮助金融机构应对市场变化，优化和提升服务的广度、深度与温度。,,,,,,,,,0.19076615340500672,0.4036831703449964,0.23818790153512787,0.32093553594006213,0.6,0.3555367929384224
CAND-00585,688318.SH,财富趋势,业务概要,3,TECH_ML,0.15625,0.010328,rerank_score_v1,0.15625,0.05,1,ANCHOR_OK,1,深度学习,ANCHOR_LED,COMPANY,SECTION_INHERIT:业务概要,APPLIED,ANCHOR_INFER,ACCEPT,PASS_ALL,LOW,0,深度学习带来的科技革命将产生巨大的经济价值，技术革新为互联网金融信息服务企业通过掌握前沿科技获得持续竞争优势提供了重要支持。,,,,,,,,,0.3625798175705212,0.10552475604755401,0.44336437146434254,0.2744445637559483,0.25,0.14116668456339224
CAND-00591,688318.SH,财富趋势,业务概要,5,AI_GENERAL,0.933594,0.651355,score_mean,0.7924745,0.5,1,GENERIC_AI_OK,0,,SCORE_LED,COMPANY,SECTION_INHERIT:业务概要,APPLIED,ORIGINAL,ACCEPT,PASS_ALL,LOW,0,持续推进“人工智能+”行动，将数字技术与制造优势、市场优势更好结合起来，支持大模型广泛应用；地方政府通过研发创新扶持、实验平台建设和融资支持等措施，推动地方金融科技企业的发展。,,,,,,,,,,0.7799983135842051,0.29267191119686864,0.5363351123905369,0.25,0.18045026685858054
CAND-00591,688318.SH,财富趋势,业务概要,5,TECH_LLM,0.59375,0.148047,rerank_score_v1,0.59375,0.57,1,ANCHOR_OK,1,大模型,SCORE_LED,COMPANY,SECTION_INHERIT:业务概要,APPLIED,ORIGINAL,ACCEPT,PASS_ALL,MEDIUM,1,持续推进“人工智能+”行动，将数字技术与制造优势、市场优势更好结合起来，支持大模型广泛应用；地方政府通过研发创新扶持、实验平台建设和融资支持等措施，推动地方金融科技企业的发展。,,,,,,,,,0.08044639837734494,0.5693267338435756,0.106446238204869,0.3378864860242223,0.6,0.3616391349687201
CAND-00595,688318.SH,财富趋势,核心竞争力,6,PRODUCT_CUSTOMER,0.925781,0.245085,rerank_score_v2,0.245085,0.19,1,ANCHOR_OK,1,客服,SCORE_LED,COMPANY,EXPLICIT,APPLIED,ANCHOR_INFER,ACCEPT,PASS_ALL,HIGH,1,公司提供产品和服务内容主要包括：为证券公司等经营机构提供证券行情交易系列软件、金融数据、智能客服等产品及服务；为互联网用户提供证券信息服务、云同步服务、云计算服务、分析工具、深度数据挖掘、投资交流服务等。,,,,,,,,,0.3667066963499236,0.19970041021329016,0.4482926082486292,0.3239965092309597,1.0,0.5943979055385759
CAND-00596,688318.SH,财富趋势,核心竞争力,6,AI_GENERAL,0.945312,0.132964,score_mean,0.539138,0.5,1,GENERIC_AI_OK,0,,SCORE_LED,COMPANY,EXPLICIT,APPLIED,ORIGINAL,ACCEPT,PASS_ALL,LOW,0,同时，公司在证券信息服务中结合云计算、大数据、人工智能等研发成果并应用，积极与知名院校开展合作，通过建立金融科技实验室实现产学合作。,,,,,,,,,,0.5114315255889553,0.29267191119686864,0.402051718392912,0.25,0.1603077577589368
CAND-00599,688318.SH,财富趋势,核心竞争力,8,TECH_NLP,0.945312,0.020332,rerank_score_v1,0.945312,0.86,1,ANCHOR_OK,1,自然语言处理,SCORE_LED,COMPANY,EXPLICIT,APPLIED,ORIGINAL,ACCEPT,PASS_ALL,MEDIUM,1,8人工智能公司人工智能技术研发主要集中在资讯数据清洗和提取技术、智能写手、智能金融问答、自然语言处理、智能体、MCP 服务等方面，并将其应用于公技术司证券行情交易系统软件产品中。,,,,,,,,,0.2370807509168009,0.9420242216559754,0.29349587526245635,0.6177600484592158,0.6,0.4623936174453177
CAND-00599,688318.SH,财富趋势,核心竞争力,8,AI_GENERAL,0.679688,0.348645,score_mean,0.5141665,0.5,1,GENERIC_AI_OK,0,,SCORE_LED,COMPANY,EXPLICIT,APPLIED,ORIGINAL,ACCEPT,PASS_ALL,LOW,0,8人工智能公司人工智能技术研发主要集中在资讯数据清洗和提取技术、智能写手、智能金融问答、自然语言处理、智能体、MCP 服务等方面，并将其应用于公技术司证券行情交易系统软件产品中。,,,,,,,,,,0.48495876881516475,0.29267191119686864,0.3888153400060167,0.25,0.1583223010009025
CAND-00602,688318.SH,财富趋势,核心竞争力,8,PRODUCT_FRAUD,1.0,0.997199,score_mean,0.9985995,0.05,1,ANCHOR_OK,1,反欺诈,ANCHOR_LED,COMPANY,EXPLICIT,APPLIED,ANCHOR_INFER,ACCEPT,PASS_ALL,MEDIUM,1,基于大数据和AI 平台的智能风控技术，公司产品实现了证券业务实时反欺诈功能。,,,,,,,,,0.4357503143646276,0.9985153025515308,0.5307431274445376,0.7646292149980342,0.6,0.5152665173992922
CAND-00603,688318.SH,财富趋势,核心竞争力,8,TECH_LLM,0.933594,0.966914,rerank_score_v1,0.933594,0.57,1,ANCHOR_OK,1,大模型|智能体,SCORE_LED,COMPANY,EXPLICIT,APPLIED,ANCHOR_INFER,ACCEPT,PASS_ALL,HIGH,1,针对证券市场的行情大数据现状，公司基于云平台的基础设施，整合大数据计算、统计分析等组件技术，使用大模型基座，强化学习技术，通过自主完成任务的智能体，高效地完成了信息生成、市场研究、风险监控等任务。,,,,,,,,,0.1332796836720788,0.9296017494826867,0.16953869958846338,0.549570224535575,1.0,0.7297421347213451
CAND-00603,688318.SH,财富趋势,核心竞争力,8,TECH_RL,0.992188,0.622459,score_mean,0.8073235,0.05,1,ANCHOR_OK,1,强化学习,ANCHOR_LED,COMPANY,EXPLICIT,APPLIED,ANCHOR_INFER,ACCEPT,PASS_ALL,MEDIUM,1,针对证券市场的行情大数据现状，公司基于云平台的基础设施，整合大数据计算、统计分析等组件技术，使用大模型基座，强化学习技术，通过自主完成任务的智能体，高效地完成了信息生成、市场研究、风险监控等任务。,,,,,,,,,0.43853273751414645,0.7957400177403038,0.5340658419820591,0.6649029298611815,0.6,0.4793650547500253
CAND-00604,688318.SH,财富趋势,核心竞争力,9,AI_GENERAL,0.957031,0.991423,score_mean,0.974227,0.5,1,GENERIC_AI_OK,0,,SCORE_LED,COMPANY,EXPLICIT,APPLIED,ORIGINAL,ACCEPT,PASS_ALL,LOW,0,公司持续推进人工智能技术与金融信息服务全流程融合，推进各MCP 服务接口的上线，强化自主智能体的协同能力，构建智能化产品新体系。,,,,,,,,,,0.9726775569427684,0.29267191119686864,0.6326747340698184,0.25,0.1949012101104728
CAND-00604,688318.SH,财富趋势,核心竞争力,9,TECH_LLM,0.652344,0.2227,rerank_score_v1,0.652344,0.57,1,ANCHOR_OK,0,智能体,SCORE_LED,COMPANY,EXPLICIT,APPLIED,ORIGINAL,ACCEPT,PASS_ALL,LOW,0,公司持续推进人工智能技术与金融信息服务全流程融合，推进各MCP 服务接口的上线，强化自主智能体的协同能力，构建智能化产品新体系。,,,,,,,,,0.009573759454193666,0.6314433351852443,0.021811538517585872,0.3266274368514151,0.25,0.14899411552771227
CAND-00605,688318.SH,财富趋势,核心竞争力,9,TECH_LLM,0.960938,0.979668,rerank_score_v1,0.960938,0.57,1,ANCHOR_OK,1,智能体|RAG|提示词,SCORE_LED,COMPANY,EXPLICIT,R_AND_D,ORIGINAL,ACCEPT,PASS_ALL,HIGH,1,"报告期内，公司在人工智能项目产品功能拓展、平台生态构建和核心技术升级方面取得了重大突破，成功推动了""问小达""从智能问答助手向证券智能体的进化，通过RAG 持续迭代，优化提示词工程及构建知识库，显著提升了数据信息生成的准确性与专业性。",,,,,,,,,0.2776768608463504,0.9585896381246396,0.34197494454171534,0.6502822913331775,1.0,0.7901693747999066
CAND-00605,688318.SH,财富趋势,核心竞争力,9,AI_GENERAL,0.621094,0.955319,score_mean,0.7882065,0.5,1,GENERIC_AI_OK,0,,SCORE_LED,COMPANY,EXPLICIT,R_AND_D,ORIGINAL,ACCEPT,PASS_ALL,LOW,0,"报告期内，公司在人工智能项目产品功能拓展、平台生态构建和核心技术升级方面取得了重大突破，成功推动了""问小达""从智能问答助手向证券智能体的进化，通过RAG 持续迭代，优化提示词工程及构建知识库，显著提升了数据信息生成的准确性与专业性。",,,,,,,,,,0.7754737265185289,0.29267191119686864,0.5340728188576988,0.25,0.18011092282865482
CAND-00609,688318.SH,财富趋势,核心竞争力,12,AI_GENERAL,0.753906,0.320821,score_mean,0.5373635,0.5,1,GENERIC_AI_OK,0,,SCORE_LED,COMPANY,EXPLICIT,APPLIED,ORIGINAL,ACCEPT,PASS_ALL,LOW,0,应用智能体（Agent）编（PaaS）：通过MCP排平台，以平台化能力服务，将通达信的核赋能多条业务线快速、心实时数据能力、AI低成本地开发和上线AI模型能力封装成标准功能，加速了AI 技术在API，向金融机构、科公司产品矩阵中的落技公司及个人开发者地。,,,,,,,,,,0.5095503447670147,0.29267191119686864,0.40111112798194165,0.25,0.16016666919729125
CAND-00613,688318.SH,财富趋势,核心竞争力,13,PRODUCT_INVEST,0.349609,0.053403,rerank_score_v1,0.349609,0.27,1,ANCHOR_OK,0,行情|投资,SCORE_LED,COMPANY,SECTION_INHERIT:核心竞争力,APPLIED,ORIGINAL,ACCEPT,PASS_ALL,LOW,0,同时支持多终指标运算，为行情分析端适配，满足投资者与策略研究提供支撑；随时随地盯盘、交易、运用人工智能与大数据研究、决策的全场景技术，实现资讯信息的需求，适用于日常投智能聚合、筛选、分析，资、短线交易、中长整体技术方案具备高性期配置等期货应用场能、高可用、高扩展特景。,,,,,,,,,0.2536823646998548,0.31050826833249323,0.3133211931594882,0.31191473074599074,0.25,0.14678720961189862
CAND-00615,688318.SH,财富趋势,核心竞争力,14,PRODUCT_INVEST,0.376953,0.063715,rerank_score_v1,0.376953,0.27,1,ANCHOR_OK,0,行情,SCORE_LED,COMPANY,SECTION_INHERIT:核心竞争力,APPLIED,ORIGINAL,ACCEPT,PASS_ALL,LOW,0,功能决策；金融机构情分港股美股、期货期权及防控，打造创新引领性在架构、AI 应用、计算能借此优化业务、防析系可转债等品种，新增多证券行情分析软件，提能力等方面表现突出。,,,,,,,,,0.10621267253128204,0.33949615697444613,0.13721581174146716,0.23835598435795663,0.25,0.13575339765369349
CAND-00619,688590.SH,新致软件,业务概要,1,TECH_LLM,0.796875,0.002801,rerank_score_v1,0.796875,0.57,1,ANCHOR_OK,1,大模型,SCORE_LED,COMPANY,EXPLICIT,APPLIED,ORIGINAL,ACCEPT,PASS_ALL,MEDIUM,1,公司坚定信心，对现有市场深耕细作，充分发挥核心竞争力，依托丰富的产品经验，持续完善业务平台的生态布局，加大对人工智能大模型技术的投入和研发，并逐步落地应用成果。,,,,,,,,,0.12842499348365394,0.7846633663917284,0.163741324855209,0.4742023456234687,0.6,0.4107128444244488
CAND-00619,688590.SH,新致软件,业务概要,1,AI_GENERAL,0.46875,0.622459,score_mean,0.5456045,0.5,1,GENERIC_AI_OK,0,,SCORE_LED,COMPANY,EXPLICIT,APPLIED,ORIGINAL,ACCEPT,PASS_ALL,LOW,0,公司坚定信心，对现有市场深耕细作，充分发挥核心竞争力，依托丰富的产品经验，持续完善业务平台的生态布局，加大对人工智能大模型技术的投入和研发，并逐步落地应用成果。,,,,,,,,,,0.5182867838504821,0.29267191119686864,0.40547934752367537,0.25,0.1608219021285513
CAND-00620,688590.SH,新致软件,业务概要,3,TECH_LLM,0.851562,0.024423,rerank_score_v1,0.851562,0.57,1,ANCHOR_OK,1,生成式|大模型,SCORE_LED,COMPANY,SECTION_INHERIT:业务概要,APPLIED,ORIGINAL,ACCEPT,PASS_ALL,MEDIUM,1,2025年，软件行业延续高景气增长态势，增长核心驱动力源于企业数字化转型向深水区迈进、《数字中国建设2025年行动方案》落地实施、“东数西算”工程全面深化、信创产业从“安全可控”向“价值创造”战略跃迁，以及以生成式人工智能大模型为代表的新兴技术实现从技术突破到规模化商业落地的跨越式发展。,,,,,,,,,0.17213379495971146,0.8426380835568279,0.2159375086410056,0.5292877960989167,0.6,0.43054360659561003
CAND-00622,688590.SH,新致软件,业务概要,3,TECH_PRIVACY,0.988281,0.468791,rerank_score_v1,0.988281,0.05,1,ANCHOR_OK,1,隐私计算,ANCHOR_LED,COMPANY,SECTION_INHERIT:业务概要,APPLIED,ANCHOR_INFER,ACCEPT,PASS_ALL,MEDIUM,1,具备完善的数据治理体系和隐私计算技术的企业将占据优势。,,,,,,,,,0.44452010699078615,0.9875764666477862,0.54121583985531,0.7643961532515481,0.6,0.5151826151705573
CAND-00627,688590.SH,新致软件,业务概要,4,AI_GENERAL,0.46875,0.679179,score_mean,0.5739645,0.5,1,GENERIC_AI_OK,0,,SCORE_LED,COMPANY,SECTION_INHERIT:业务概要,APPLIED,ORIGINAL,ACCEPT,PASS_ALL,LOW,0,2025年以生成式人工智能（AIGC）为代表的新技术在金融、制造等核心领域的规模化落地标志着行业正式迈入“智能化重构”的新阶段。,,,,,,,,,,0.5483517531997283,0.29267191119686864,0.42051183219829846,0.25,0.16307677482974475
CAND-00629,688590.SH,新致软件,业务概要,4,TECH_LLM,0.679688,0.060087,rerank_score_v1,0.679688,0.57,1,ANCHOR_OK,1,大模型,SCORE_LED,COMPANY,SECTION_INHERIT:业务概要,R_AND_D,ORIGINAL,ACCEPT,PASS_ALL,MEDIUM,1,Token 调用量从年初到年末的几何级增长，不仅验证了推理成本快速下降带来的经济可行性，更标志着大模型已从“实验室玩具”真正进入企业核心生产流程。,,,,,,,,,0.16636140884062367,0.6604312238271972,0.20904423962928198,0.4347377317282396,0.6,0.39650558342216624
CAND-00646,688590.SH,新致软件,业务概要,5,AI_GENERAL,0.408203,0.651355,score_mean,0.529779,0.5,1,GENERIC_AI_OK,0,,SCORE_LED,COMPANY,SECTION_INHERIT:业务概要,R_AND_D,ORIGINAL,ACCEPT,PASS_ALL,LOW,0,随着“人工智能+”行动在政务、医疗、交通、能源等重点领域深入推进，智能体正从技术验证迈向规模化价值兑现阶段。,,,,,,,,,,0.5015098736799428,0.29267191119686864,0.39709089243840573,0.25,0.15956363386576086
CAND-00654,688590.SH,新致软件,核心竞争力,12,PRODUCT_INSURANCE,0.269531,0.013223,rerank_score_v1,0.269531,0.07,1,ANCHOR_OK,1,保险,SCORE_LED,COMPANY,EXPLICIT,APPLIED,ORIGINAL,ACCEPT,PASS_ALL,MEDIUM,1,公司的专有技术主要包括“保险行业数据模型”、“异构大数据一站式处理技术”、“金融知识语料库技术”和“新致新知人工智能平台”，公司将专有技术应用于各个细分行业，为主要客户提供多项解决方案。,,,,,,,,,0.2966613535204918,0.22561607455432228,0.36464584914756204,0.2951309618509422,0.6,0.3462471462663392
CAND-00656,688590.SH,新致软件,核心竞争力,12,TECH_LLM,0.796875,0.731059,rerank_score_v1,0.796875,0.57,1,ANCHOR_OK,1,大模型|智能体|Agent,SCORE_LED,COMPANY,EXPLICIT,APPLIED,ORIGINAL,ACCEPT,PASS_ALL,HIGH,1,报告期内，公司发布最新AI 产品技术体系，依托“知识库”、“大模型”和“智能体（Agent）”技术，将“新致新知人工智能平台”赋能各行业营销和知识流程两大领域。,,,,,,,,,0.3276424317366134,0.7846633663917284,0.4016428382628235,0.5931531023272759,1.0,0.7558918613963655
CAND-00656,688590.SH,新致软件,核心竞争力,12,AI_GENERAL,0.349609,0.983085,score_mean,0.666347,0.5,1,GENERIC_AI_OK,0,,SCORE_LED,COMPANY,EXPLICIT,APPLIED,ORIGINAL,ACCEPT,PASS_ALL,LOW,0,报告期内，公司发布最新AI 产品技术体系，依托“知识库”、“大模型”和“智能体（Agent）”技术，将“新致新知人工智能平台”赋能各行业营销和知识流程两大领域。,,,,,,,,,,0.6462881788311362,0.29267191119686864,0.4694800450140024,0.25,0.17042200675210037
CAND-00658,688590.SH,新致软件,核心竞争力,13,TECH_LLM,0.878906,0.00141,rerank_score_v1,0.878906,0.57,1,ANCHOR_OK,1,大模型,SCORE_LED,COMPANY,SECTION_INHERIT:核心竞争力,APPLIED,ANCHOR_INFER,ACCEPT,PASS_ALL,LOW,0,新知大模型采用MoE（专家混合架构，MixtureofExperts）技术，参数规模达98B 级别，融合万亿级Token 的大规模行业数据。,,,,,,,,,0.13114541071622726,0.8716259721987808,0.16698999315656307,0.519307982677672,0.25,0.1778961974016508
CAND-00660,688590.SH,新致软件,核心竞争力,13,PRODUCT_INSURANCE,0.976562,0.651355,rerank_score_v1,0.976562,0.07,1,ANCHOR_OK,1,车险|保险|理赔,SCORE_LED,COMPANY,SECTION_INHERIT:核心竞争力,R_AND_D,ORIGINAL,ACCEPT,PASS_ALL,MEDIUM,1,未来基于汽车险知识库，并通过大模型训练出的保险人工智能产品将应用于保险反欺诈、保险理赔定价、二手车交易、保费定价等领域，带来保险行业效率提升并产生新的商业模式。,,,,,,,,,0.5848727032302641,0.9751529343556912,0.7088221264779804,0.8419875304168358,0.6,0.5431155109500608
CAND-00661,688590.SH,新致软件,核心竞争力,13,TECH_RL,0.222656,0.029312,score_mean,0.1259839999999999,0.05,1,ANCHOR_OK,1,强化学习,ANCHOR_LED,COMPANY,SECTION_INHERIT:核心竞争力,R_AND_D,ORIGINAL,ACCEPT,PASS_ALL,MEDIUM,1,模型运用前沿强化学习算法优化，显著提升推理准确性和响应速度。,,,,,,,,,0.8009542250731165,0.07343920025332674,0.9668623940200285,0.5201507971366777,0.6,0.4272542869692039
CAND-00662,688590.SH,新致软件,核心竞争力,14,TECH_LLM,0.816406,0.007577,rerank_score_v1,0.816406,0.57,1,ANCHOR_OK,1,大语言模型|LLM|多模态,SCORE_LED,COMPANY,SECTION_INHERIT:核心竞争力,R_AND_D,ORIGINAL,ACCEPT,PASS_ALL,MEDIUM,1,AI 技术领域，针对大语言模型（LLM）、多模态模型、OCR 识别优化、文本转语音（TTS）以及语音识别（ASR）等技术深度优化，建立起业内领先的技术优势。,,,,,,,,,0.32933708836356973,0.8053685467993491,0.40366656359427383,0.6045175551968115,0.6,0.4576263198708521
CAND-00662,688590.SH,新致软件,核心竞争力,14,TECH_CV,0.5,0.010987,rerank_score_v1,0.5,0.3,1,ANCHOR_OK,1,OCR,SCORE_LED,COMPANY,SECTION_INHERIT:核心竞争力,R_AND_D,ORIGINAL,ACCEPT,PASS_ALL,MEDIUM,1,AI 技术领域，针对大语言模型（LLM）、多模态模型、OCR 识别优化、文本转语音（TTS）以及语音识别（ASR）等技术深度优化，建立起业内领先的技术优势。,,,,,,,,,0.33704207249142454,0.46994059574442804,0.4128677028161867,0.44140414928030736,0.6,0.3989054937409106
CAND-00662,688590.SH,新致软件,核心竞争力,14,TECH_SPEECH,0.707031,0.090093,score_mean,0.3985619999999999,0.05,1,ANCHOR_OK,1,TTS|语音识别|ASR,ANCHOR_LED,COMPANY,SECTION_INHERIT:核心竞争力,R_AND_D,ORIGINAL,ACCEPT,PASS_ALL,MEDIUM,1,AI 技术领域，针对大语言模型（LLM）、多模态模型、OCR 识别优化、文本转语音（TTS）以及语音识别（ASR）等技术深度优化，建立起业内领先的技术优势。,,,,,,,,,0.8287034757638987,0.36240426426174716,0.9999999988058199,0.6812021315337835,0.6,0.48523276735216203
CAND-00664,688590.SH,新致软件,核心竞争力,14,TECH_LLM,0.777344,0.003377,rerank_score_v1,0.777344,0.57,1,ANCHOR_OK,1,智能体|Agent|大模型,SCORE_LED,COMPANY,EXPLICIT,APPLIED,ORIGINAL,ACCEPT,PASS_ALL,MEDIUM,1,在工程化落地方面，公司积累了丰富的可信技能（Skills）治理、自主规划能力（ReAct）、智能体编排调度（AgentOrchestration）等先进实践经验，进一步沉淀出行业领域关键应用、数字员工、AI 编程等产品化能力，凭借这些核心优势，新知大模型成功赋能金融、汽车、电商（零售）、司法等多个行业场景。,,,,,,,,,0.3179771333697072,0.7639581859841076,0.39010073065824996,0.5770294583211788,0.6,0.4477306049956244
CAND-00665,688590.SH,新致软件,核心竞争力,14,TECH_LLM,0.796875,0.233706,rerank_score_v1,0.796875,0.57,1,ANCHOR_OK,1,大模型,SCORE_LED,COMPANY,SECTION_INHERIT:核心竞争力,APPLIED,ANCHOR_INFER,ACCEPT,PASS_ALL,LOW,0,针对企业端，新知大模型提供精准的文档自动生成、智能客服互动、合规风控审查等服务，助力企业提升运营效率与智能决策能力。,,,,,,,,,0.054086728892210945,0.7846633663917284,0.0749680437333831,0.42981570506255573,0.25,0.16447235575938335
CAND-00665,688590.SH,新致软件,核心竞争力,14,PRODUCT_CUSTOMER,0.075684,0.362969,rerank_score_v2,0.362969,0.19,1,ANCHOR_OK,1,客服,SCORE_LED,COMPANY,SECTION_INHERIT:核心竞争力,APPLIED,ANCHOR_INFER,ACCEPT,PASS_ALL,LOW,0,针对企业端，新知大模型提供精准的文档自动生成、智能客服互动、合规风控审查等服务，助力企业提升运营效率与智能决策能力。,,,,,,,,,0.18013421883412414,0.32467145558587573,0.22549145614839414,0.27508145586713495,0.25,0.14126221838007025
CAND-00665,688590.SH,新致软件,核心竞争力,14,TECH_DECISION,0.392578,0.233706,rerank_score_v2,0.233706,0.17,1,ANCHOR_OK,1,智能决策,SCORE_LED,COMPANY,SECTION_INHERIT:核心竞争力,APPLIED,ANCHOR_INFER,ACCEPT,PASS_ALL,MEDIUM,1,针对企业端，新知大模型提供精准的文档自动生成、智能客服互动、合规风控审查等服务，助力企业提升运营效率与智能决策能力。,,,,,,,,,0.2775102544245029,0.18763731831536803,0.34177598645727986,0.26470665238632396,0.6,0.33529439485907664
CAND-00666,688590.SH,新致软件,核心竞争力,15,TECH_CV,0.984375,0.281406,rerank_score_v1,0.984375,0.3,1,ANCHOR_OK,1,人脸识别,SCORE_LED,COMPANY,SECTION_INHERIT:核心竞争力,APPLIED,ANCHOR_INFER,ACCEPT,PASS_ALL,LOW,0,同时，该解决方案运用大数据技术分析客户的交易行为，为精准营销提供数据依据；前台的客户端则采用了人工智能的人脸识别技术，与金融机构已有的内部身份认证系统对接，能提高客户登录时的安全性。,,,,,,,,,0.3193481358615317,0.9834356425900234,0.3917379546410045,0.687586798615514,0.25,0.2031380197923271
CAND-00669,688590.SH,新致软件,核心竞争力,16,TECH_LLM,0.878906,0.307358,rerank_score_v1,0.878906,0.57,1,ANCHOR_OK,1,检索增强|RAG|Agent|大模型,SCORE_LED,COMPANY,EXPLICIT,APPLIED,ORIGINAL,ACCEPT,PASS_ALL,MEDIUM,1,在工程化落地方面，公司积累了丰富的检索增强生成（RAG）、智能代理（Agent）、智能工作流（Workflow）等先进实践经验，凭借这些核心优势，新知大模型成功赋能金融、汽车、司法等多个行业场景。,,,,,,,,,0.31873193878602313,0.8716259721987808,0.3910021043153182,0.6313140382570495,0.6,0.4672730537725378
CAND-00674,688590.SH,新致软件,核心竞争力,17,TECH_LLM,0.816406,0.407333,rerank_score_v1,0.816406,0.57,1,ANCHOR_OK,0,智能体,SCORE_LED,COMPANY,SECTION_INHERIT:核心竞争力,APPLIED,ORIGINAL,ACCEPT,PASS_ALL,LOW,0,完成AI 文档创作、为文本创作、数据分析国内服务于金融、科技、新致提供全链路AI 赋能（如文本润色扩写、表行业教育等行业的企业AIOffic格图片渲染、自定文本润色、扩写、表格与领先级市场，满足远程e义智能体接入、业图片处理），并支持企业水平办公和在线协同需求，预期提升40%务系统快速集成等自定义智能体及业务系功能开发，完成内统权限的无缝接入。,,,,,,,,,0.16166535041971392,0.8053685467993491,0.20343629980643163,0.5044024233028903,0.25,0.17566036349543357
CAND-00674,688590.SH,新致软件,核心竞争力,17,AI_GENERAL,0.851562,0.5,score_mean,0.675781,0.5,1,GENERIC_AI_OK,0,,SCORE_LED,COMPANY,SECTION_INHERIT:核心竞争力,APPLIED,ORIGINAL,ACCEPT,PASS_ALL,LOW,0,完成AI 文档创作、为文本创作、数据分析国内服务于金融、科技、新致提供全链路AI 赋能（如文本润色扩写、表行业教育等行业的企业AIOffic格图片渲染、自定文本润色、扩写、表格与领先级市场，满足远程e义智能体接入、业图片处理），并支持企业水平办公和在线协同需求，预期提升40%务系统快速集成等自定义智能体及业务系功能开发，完成内统权限的无缝接入。,,,,,,,,,,0.656289339650628,0.29267191119686864,0.4744806254237483,0.25,0.17117209381356224
CAND-00678,688590.SH,新致软件,核心竞争力,18,PRODUCT_FRAUD,0.925781,0.705785,score_mean,0.8157829999999999,0.05,1,ANCHOR_OK,1,反洗钱,ANCHOR_LED,COMPANY,SECTION_INHERIT:核心竞争力,R_AND_D,ORIGINAL,ACCEPT,PASS_ALL,MEDIUM,1,"帮助金融机构应对日益严格的监管走完成反洗钱数据规通过自动化规则筛查主反洗钱国内访，提升反洗钱数则检查、问题数据动发现并定位客户、账数字化行业据质量自查能力；10 1,500.00 1,104.17 1,104.17发现、整改追踪、户及交易数据中的反洗检查软领先自动化筛查模式较数据质量评估等功钱合规问题，形成闭环件水平传统人工抽查可减能开发整改机制。",,,,,,,,,0.4200765196101717,0.8047080927829675,0.5120257926287436,0.6583669427058556,0.6,0.47701209937410805
